addr,bank,kind,canonical_addr,canonical_bank,covering_addr,covering_bank,evidence_count,source_flags_hex,source_flags
FF96,7,standalone,FF96,7,FCFD,7,169,0x23,control|ptr_scan|xbank
DC80,7,standalone,DC80,7,CD7D,7,2,0x03,control|ptr_scan
E603,7,standalone,E603,7,E603,7,1,0x01,control
D269,7,standalone,D269,7,C3ED,7,38,0x23,control|ptr_scan|xbank
DE39,7,standalone,DE39,7,D0F5,7,46,0x03,control|ptr_scan
9E39,0,standalone,9E39,0,9E39,0,4,0x20,xbank
BE39,0,standalone,BE39,0,BE39,0,4,0x20,xbank
9E39,1,standalone,9E39,1,9E39,1,4,0x20,xbank
BE39,1,standalone,BE39,1,BE39,1,4,0x20,xbank
9E39,2,standalone,9E39,2,9E39,2,4,0x20,xbank
BE39,2,standalone,BE39,2,BE39,2,4,0x20,xbank
9E39,3,standalone,9E39,3,9E39,3,4,0x20,xbank
BE39,3,standalone,BE39,3,BE39,3,4,0x20,xbank
9E39,4,standalone,9E39,4,9E39,4,4,0x20,xbank
BE39,4,secondary,B0C6,4,B0C6,4,4,0x20,xbank
9E39,5,standalone,9E39,5,9483,5,8,0x25,control|table_run|xbank
BE39,5,secondary,BCC4,5,BCC4,5,4,0x20,xbank
9E39,6,standalone,9E39,6,9E39,6,4,0x20,xbank
BE39,6,standalone,BE39,6,BE39,6,4,0x20,xbank
E12F,7,standalone,E12F,7,E12F,7,46,0x03,control|ptr_scan
DCCE,7,standalone,DCCE,7,CD7D,7,46,0x03,control|ptr_scan
9CCE,0,standalone,9CCE,0,9CCE,0,4,0x20,xbank
BCCE,0,standalone,BCCE,0,BCCE,0,4,0x20,xbank
9CCE,1,standalone,9CCE,1,9CCE,1,4,0x20,xbank
BCCE,1,standalone,BCCE,1,BCCE,1,4,0x20,xbank
9CCE,2,standalone,9CCE,2,9CCE,2,4,0x20,xbank
BCCE,2,standalone,BCCE,2,BCCE,2,4,0x20,xbank
9CCE,3,standalone,9CCE,3,9CCE,3,4,0x20,xbank
BCCE,3,standalone,BCCE,3,BCCE,3,4,0x20,xbank
9CCE,4,standalone,9CCE,4,9CCE,4,4,0x20,xbank
BCCE,4,standalone,BCCE,4,BCCE,4,4,0x20,xbank
9CCE,5,secondary,9483,5,9483,5,4,0x20,xbank
BCCE,5,standalone,BCCE,5,BCCE,5,4,0x20,xbank
9CCE,6,standalone,9CCE,6,9CCE,6,4,0x20,xbank
BCCE,6,standalone,BCCE,6,BCCE,6,4,0x20,xbank
CB25,7,standalone,CB25,7,C004,7,48,0x03,control|ptr_scan
8B25,0,standalone,8B25,0,8B25,0,6,0x20,xbank
AB25,0,standalone,AB25,0,AB25,0,6,0x20,xbank
8B25,1,standalone,8B25,1,8B25,1,6,0x20,xbank
AB25,1,standalone,AB25,1,AB25,1,6,0x20,xbank
8B25,2,standalone,8B25,2,8B25,2,6,0x20,xbank
AB25,2,standalone,AB25,2,AB25,2,6,0x20,xbank
8B25,3,standalone,8B25,3,8B25,3,6,0x20,xbank
AB25,3,standalone,AB25,3,AB25,3,6,0x20,xbank
8B25,4,standalone,8B25,4,8B25,4,6,0x20,xbank
AB25,4,standalone,AB25,4,AB25,4,6,0x20,xbank
8B25,5,standalone,8B25,5,8B25,5,6,0x20,xbank
AB25,5,standalone,AB25,5,AB25,5,6,0x20,xbank
8B25,6,standalone,8B25,6,8B25,6,6,0x20,xbank
AB25,6,standalone,AB25,6,AB25,6,6,0x20,xbank
EE11,7,standalone,EE11,7,EE11,7,56,0x03,control|ptr_scan
D2F6,7,standalone,D2F6,7,C3ED,7,197,0x23,control|ptr_scan|xbank
E1B9,7,standalone,E1B9,7,D191,7,251,0x23,control|ptr_scan|xbank
E5D1,7,standalone,E5D1,7,E5D1,7,1207,0x23,control|ptr_scan|xbank
CFBF,7,standalone,CFBF,7,C004,7,204,0x23,control|ptr_scan|xbank
D406,7,standalone,D406,7,C496,7,204,0x23,control|ptr_scan|xbank
BE0B,0,standalone,BE0B,0,BE0B,0,2,0x20,xbank
BEAF,4,standalone,BEAF,4,BEAF,4,104,0x25,control|table_run|xbank
BE6B,4,standalone,BE6B,4,BE6B,4,105,0x25,control|table_run|xbank
BE83,4,standalone,BE83,4,BE83,4,206,0x25,control|table_run|xbank
BEE6,4,standalone,BEE6,4,BEE6,4,108,0x25,control|table_run|xbank
BEBE,4,standalone,BEBE,4,BEBE,4,111,0x25,control|table_run|xbank
BEDD,4,standalone,BEDD,4,BEDD,4,113,0x25,control|table_run|xbank
BEF6,4,standalone,BEF6,4,BEF6,4,115,0x25,control|table_run|xbank
BEFC,4,standalone,BEFC,4,BEFC,4,115,0x25,control|table_run|xbank
BF20,4,standalone,BF20,4,BF20,4,117,0x25,control|table_run|xbank
BF75,4,standalone,BF75,4,BF75,4,115,0x25,control|table_run|xbank
BF24,4,standalone,BF24,4,BF24,4,115,0x25,control|table_run|xbank
BF3D,4,standalone,BF3D,4,BF3D,4,114,0x25,control|table_run|xbank
BF4A,4,standalone,BF4A,4,BF4A,4,113,0x25,control|table_run|xbank
BF5E,4,standalone,BF5E,4,BF5E,4,110,0x25,control|table_run|xbank
C004,7,standalone,C004,7,C004,7,110,0x25,control|table_run|xbank
BF92,4,standalone,BF92,4,BF92,4,110,0x25,control|table_run|xbank
BFA2,4,standalone,BFA2,4,BFA2,4,111,0x25,control|table_run|xbank
BFC7,4,standalone,BFC7,4,BFC7,4,110,0x25,control|table_run|xbank
BFD2,4,standalone,BFD2,4,BFD2,4,109,0x25,control|table_run|xbank
BFE0,4,standalone,BFE0,4,BFE0,4,109,0x25,control|table_run|xbank
BFFE,4,standalone,BFFE,4,BFFE,4,107,0x25,control|table_run|xbank
C008,7,standalone,C008,7,C008,7,112,0x27,control|ptr_scan|table_run|xbank
C020,7,standalone,C020,7,C020,7,170,0x27,control|ptr_scan|table_run|xbank
C1B3,7,standalone,C1B3,7,C1B3,7,159,0x27,control|ptr_scan|table_run|xbank
C1DD,7,standalone,C1DD,7,C1DD,7,152,0x27,control|ptr_scan|table_run|xbank
C1DF,7,standalone,C1DF,7,C1DF,7,151,0x27,control|ptr_scan|table_run|xbank
C293,7,standalone,C293,7,C293,7,141,0x27,control|ptr_scan|table_run|xbank
C313,7,standalone,C313,7,C313,7,131,0x27,control|ptr_scan|table_run|xbank
C3ED,7,standalone,C3ED,7,C3ED,7,125,0x27,control|ptr_scan|table_run|xbank
C400,7,standalone,C400,7,C400,7,124,0x27,control|ptr_scan|table_run|xbank
C496,7,standalone,C496,7,C496,7,127,0x27,control|ptr_scan|table_run|xbank
C47B,7,standalone,C47B,7,C47B,7,130,0x27,control|ptr_scan|table_run|xbank
C555,7,standalone,C555,7,C555,7,131,0x27,control|ptr_scan|table_run|xbank
C56C,7,standalone,C56C,7,C56C,7,133,0x27,control|ptr_scan|table_run|xbank
C5F4,7,standalone,C5F4,7,C5F4,7,134,0x27,control|ptr_scan|table_run|xbank
C647,7,standalone,C647,7,C647,7,135,0x27,control|ptr_scan|table_run|xbank
C693,7,standalone,C693,7,C693,7,136,0x27,control|ptr_scan|table_run|xbank
C697,7,standalone,C697,7,C697,7,134,0x27,control|ptr_scan|table_run|xbank
C73B,7,standalone,C73B,7,C73B,7,129,0x27,control|ptr_scan|table_run|xbank
C744,7,standalone,C744,7,C744,7,129,0x27,control|ptr_scan|table_run|xbank
C746,7,standalone,C746,7,C744,7,130,0x27,control|ptr_scan|table_run|xbank
C756,7,standalone,C756,7,C756,7,132,0x27,control|ptr_scan|table_run|xbank
C75C,7,standalone,C75C,7,C75C,7,134,0x27,control|ptr_scan|table_run|xbank
C7D4,7,standalone,C7D4,7,C7D4,7,134,0x27,control|ptr_scan|table_run|xbank
C836,7,standalone,C836,7,C836,7,140,0x27,control|ptr_scan|table_run|xbank
C852,7,standalone,C852,7,C852,7,156,0x27,control|ptr_scan|table_run|xbank
C915,7,standalone,C915,7,C915,7,345,0x27,control|ptr_scan|table_run|xbank
C920,7,standalone,C920,7,C920,7,187,0x27,control|ptr_scan|table_run|xbank
CA16,7,standalone,CA16,7,CA16,7,187,0x27,control|ptr_scan|table_run|xbank
CA32,7,standalone,CA32,7,CA32,7,203,0x27,control|ptr_scan|table_run|xbank
CAF5,7,standalone,CAF5,7,CAF5,7,209,0x27,control|ptr_scan|table_run|xbank
D394,7,standalone,D394,7,C3ED,7,657,0x27,control|ptr_scan|table_run|xbank
9394,0,standalone,9394,0,9394,0,210,0x20,xbank
B394,0,standalone,B394,0,B394,0,210,0x20,xbank
9394,1,standalone,9394,1,9394,1,210,0x20,xbank
B394,1,standalone,B394,1,B394,1,210,0x20,xbank
9394,2,standalone,9394,2,9394,2,210,0x20,xbank
B394,2,standalone,B394,2,B394,2,210,0x20,xbank
9394,3,standalone,9394,3,9394,3,210,0x20,xbank
B394,3,standalone,B394,3,B394,3,210,0x20,xbank
9394,4,standalone,9394,4,9394,4,210,0x20,xbank
B394,4,standalone,B394,4,B394,4,210,0x20,xbank
9394,5,secondary,9366,5,9366,5,210,0x20,xbank
B394,5,standalone,B394,5,B394,5,210,0x20,xbank
9394,6,standalone,9394,6,9394,6,210,0x20,xbank
B394,6,standalone,B394,6,B394,6,210,0x20,xbank
D3D0,7,standalone,D3D0,7,C3ED,7,1001,0x27,control|ptr_scan|table_run|xbank
93D0,0,standalone,93D0,0,93D0,0,313,0x20,xbank
B3D0,0,standalone,B3D0,0,B3D0,0,313,0x20,xbank
93D0,1,standalone,93D0,1,93D0,1,313,0x20,xbank
B3D0,1,standalone,B3D0,1,B3D0,1,313,0x20,xbank
93D0,2,standalone,93D0,2,93D0,2,313,0x20,xbank
B3D0,2,standalone,B3D0,2,B3D0,2,313,0x20,xbank
93D0,3,standalone,93D0,3,93D0,3,313,0x20,xbank
B3D0,3,standalone,B3D0,3,B3D0,3,313,0x20,xbank
93D0,4,standalone,93D0,4,93D0,4,313,0x20,xbank
B3D0,4,secondary,B0C6,4,B0C6,4,313,0x20,xbank
93D0,5,standalone,93D0,5,93D0,5,313,0x20,xbank
B3D0,5,standalone,B3D0,5,B366,5,313,0x20,xbank
93D0,6,standalone,93D0,6,93D0,6,313,0x20,xbank
B3D0,6,standalone,B3D0,6,B3D0,6,313,0x20,xbank
D341,7,standalone,D341,7,D341,7,986,0x27,control|ptr_scan|table_run|xbank
9341,0,standalone,9341,0,9341,0,266,0x20,xbank
B341,0,standalone,B341,0,B341,0,266,0x20,xbank
9341,1,standalone,9341,1,9341,1,266,0x20,xbank
B341,1,standalone,B341,1,B341,1,266,0x20,xbank
9341,2,standalone,9341,2,9341,2,266,0x20,xbank
B341,2,standalone,B341,2,B341,2,266,0x20,xbank
9341,3,standalone,9341,3,9341,3,266,0x20,xbank
B341,3,standalone,B341,3,B341,3,266,0x20,xbank
9341,4,standalone,9341,4,9341,4,266,0x20,xbank
B341,4,standalone,B341,4,B341,4,266,0x20,xbank
9341,5,secondary,92FB,5,92FB,5,266,0x20,xbank
B341,5,secondary,B212,5,B212,5,266,0x20,xbank
9341,6,standalone,9341,6,9341,6,266,0x20,xbank
B341,6,standalone,B341,6,B341,6,266,0x20,xbank
D377,7,standalone,D377,7,C3ED,7,512,0x27,control|ptr_scan|table_run|xbank
9377,0,standalone,9377,0,9377,0,257,0x20,xbank
B377,0,standalone,B377,0,B377,0,257,0x20,xbank
9377,1,standalone,9377,1,9377,1,257,0x20,xbank
B377,1,standalone,B377,1,B377,1,257,0x20,xbank
9377,2,standalone,9377,2,9377,2,257,0x20,xbank
B377,2,standalone,B377,2,B377,2,257,0x20,xbank
9377,3,standalone,9377,3,9377,3,257,0x20,xbank
B377,3,standalone,B377,3,B377,3,257,0x20,xbank
9377,4,standalone,9377,4,9377,4,257,0x20,xbank
B377,4,standalone,B377,4,B377,4,257,0x20,xbank
9377,5,secondary,9366,5,9366,5,257,0x20,xbank
B377,5,standalone,B377,5,B377,5,257,0x20,xbank
9377,6,standalone,9377,6,9377,6,257,0x20,xbank
B377,6,standalone,B377,6,B377,6,257,0x20,xbank
D36F,7,standalone,D36F,7,C3ED,7,372,0x27,control|ptr_scan|table_run|xbank
936F,0,standalone,936F,0,936F,0,201,0x20,xbank
B36F,0,standalone,B36F,0,B36F,0,201,0x20,xbank
936F,1,standalone,936F,1,936F,1,201,0x20,xbank
B36F,1,standalone,B36F,1,B36F,1,201,0x20,xbank
936F,2,standalone,936F,2,936F,2,201,0x20,xbank
B36F,2,standalone,B36F,2,B36F,2,201,0x20,xbank
936F,3,standalone,936F,3,936F,3,201,0x20,xbank
B36F,3,standalone,B36F,3,B36F,3,201,0x20,xbank
936F,4,standalone,936F,4,936F,4,201,0x20,xbank
B36F,4,secondary,B0C6,4,B0C6,4,201,0x20,xbank
936F,5,secondary,9366,5,9366,5,201,0x20,xbank
B36F,5,standalone,B36F,5,B36F,5,201,0x20,xbank
936F,6,standalone,936F,6,936F,6,201,0x20,xbank
B36F,6,standalone,B36F,6,B36F,6,201,0x20,xbank
D5E5,7,standalone,D5E5,7,C697,7,364,0x27,control|ptr_scan|table_run|xbank
95E5,0,standalone,95E5,0,95E5,0,203,0x20,xbank
B5E5,0,standalone,B5E5,0,B5E5,0,203,0x20,xbank
95E5,1,standalone,95E5,1,95E5,1,203,0x20,xbank
B5E5,1,standalone,B5E5,1,B5E5,1,203,0x20,xbank
95E5,2,standalone,95E5,2,95E5,2,203,0x20,xbank
B5E5,2,standalone,B5E5,2,B5E5,2,203,0x20,xbank
95E5,3,standalone,95E5,3,95E5,3,203,0x20,xbank
B5E5,3,standalone,B5E5,3,B5E5,3,203,0x20,xbank
95E5,4,standalone,95E5,4,95E5,4,203,0x20,xbank
B5E5,4,standalone,B5E5,4,B5E5,4,203,0x20,xbank
95E5,5,secondary,8594,5,8594,5,203,0x20,xbank
B5E5,5,standalone,B5E5,5,B5E5,5,203,0x20,xbank
95E5,6,standalone,95E5,6,95E5,6,203,0x20,xbank
B5E5,6,standalone,B5E5,6,B5E5,6,203,0x20,xbank
D77C,7,standalone,D77C,7,C7D4,7,198,0x27,control|ptr_scan|table_run|xbank
977C,0,standalone,977C,0,977C,0,198,0x20,xbank
B77C,0,standalone,B77C,0,B77C,0,198,0x20,xbank
977C,1,standalone,977C,1,977C,1,204,0x20,xbank
B77C,1,standalone,B77C,1,B77C,1,198,0x20,xbank
977C,2,standalone,977C,2,977C,2,198,0x20,xbank
B77C,2,standalone,B77C,2,B77C,2,198,0x20,xbank
977C,3,standalone,977C,3,977C,3,198,0x20,xbank
B77C,3,standalone,B77C,3,B77C,3,198,0x20,xbank
977C,4,standalone,977C,4,977C,4,198,0x20,xbank
B77C,4,secondary,B0C6,4,B0C6,4,198,0x20,xbank
977C,5,standalone,977C,5,977C,5,198,0x20,xbank
B77C,5,standalone,B77C,5,B77C,5,198,0x20,xbank
977C,6,standalone,977C,6,977C,6,198,0x20,xbank
B77C,6,standalone,B77C,6,B77C,6,198,0x20,xbank
CF72,7,standalone,CF72,7,C004,7,400,0x27,control|ptr_scan|table_run|xbank
8F72,0,standalone,8F72,0,8F72,0,400,0x20,xbank
AF72,0,standalone,AF72,0,AF72,0,400,0x20,xbank
8F72,1,standalone,8F72,1,8F72,1,400,0x20,xbank
AF72,1,standalone,AF72,1,AF72,1,400,0x20,xbank
8F72,2,standalone,8F72,2,8F72,2,400,0x20,xbank
AF72,2,standalone,AF72,2,AF72,2,400,0x20,xbank
8F72,3,standalone,8F72,3,8F72,3,400,0x20,xbank
AF72,3,standalone,AF72,3,AF72,3,400,0x20,xbank
8F72,4,standalone,8F72,4,8F72,4,400,0x20,xbank
AF72,4,standalone,AF72,4,AF72,4,400,0x20,xbank
8F72,5,standalone,8F72,5,8F72,5,400,0x20,xbank
AF72,5,standalone,AF72,5,AF72,5,400,0x20,xbank
8F72,6,standalone,8F72,6,8F72,6,400,0x20,xbank
AF72,6,standalone,AF72,6,AF72,6,400,0x20,xbank
CFF3,7,standalone,CFF3,7,C004,7,363,0x27,control|ptr_scan|table_run|xbank
8FF3,0,standalone,8FF3,0,8FF3,0,363,0x20,xbank
AFF3,0,standalone,AFF3,0,AFF3,0,363,0x20,xbank
8FF3,1,standalone,8FF3,1,8FF3,1,363,0x20,xbank
AFF3,1,standalone,AFF3,1,AFF3,1,363,0x20,xbank
8FF3,2,standalone,8FF3,2,8FF3,2,363,0x20,xbank
AFF3,2,standalone,AFF3,2,AFF3,2,363,0x20,xbank
8FF3,3,standalone,8FF3,3,8FF3,3,363,0x20,xbank
AFF3,3,standalone,AFF3,3,AFF3,3,363,0x20,xbank
8FF3,4,standalone,8FF3,4,8FF3,4,363,0x20,xbank
AFF3,4,standalone,AFF3,4,AFF3,4,363,0x20,xbank
8FF3,5,standalone,8FF3,5,8FF3,5,363,0x20,xbank
AFF3,5,secondary,AFF1,5,AFF1,5,363,0x20,xbank
8FF3,6,standalone,8FF3,6,8FF3,6,363,0x20,xbank
AFF3,6,standalone,AFF3,6,AFF3,6,363,0x20,xbank
CFE4,7,standalone,CFE4,7,C004,7,201,0x27,control|ptr_scan|table_run|xbank
8FE4,0,standalone,8FE4,0,8FE4,0,201,0x20,xbank
AFE4,0,standalone,AFE4,0,AFE4,0,201,0x20,xbank
8FE4,1,standalone,8FE4,1,8FE4,1,201,0x20,xbank
AFE4,1,standalone,AFE4,1,AFE4,1,201,0x20,xbank
8FE4,2,standalone,8FE4,2,8FE4,2,201,0x20,xbank
AFE4,2,standalone,AFE4,2,AFE4,2,201,0x20,xbank
8FE4,3,standalone,8FE4,3,8FE4,3,201,0x20,xbank
AFE4,3,standalone,AFE4,3,AFE4,3,201,0x20,xbank
8FE4,4,standalone,8FE4,4,8FE4,4,201,0x20,xbank
AFE4,4,standalone,AFE4,4,AFE4,4,201,0x20,xbank
8FE4,5,secondary,8FC2,5,8FC2,5,201,0x20,xbank
AFE4,5,standalone,AFE4,5,AFE4,5,201,0x20,xbank
8FE4,6,standalone,8FE4,6,8FE4,6,201,0x20,xbank
AFE4,6,standalone,AFE4,6,AFE4,6,201,0x20,xbank
CD30,7,standalone,CD30,7,C004,7,402,0x27,control|ptr_scan|table_run|xbank
8D30,0,standalone,8D30,0,8D30,0,402,0x20,xbank
AD30,0,standalone,AD30,0,AD30,0,402,0x20,xbank
8D30,1,standalone,8D30,1,8D30,1,402,0x20,xbank
AD30,1,standalone,AD30,1,AD30,1,402,0x20,xbank
8D30,2,standalone,8D30,2,8D30,2,402,0x20,xbank
AD30,2,standalone,AD30,2,AD30,2,402,0x20,xbank
8D30,3,standalone,8D30,3,8D30,3,402,0x20,xbank
AD30,3,standalone,AD30,3,AD30,3,402,0x20,xbank
8D30,4,standalone,8D30,4,8D30,4,402,0x20,xbank
AD30,4,standalone,AD30,4,AD30,4,402,0x20,xbank
8D30,5,secondary,8594,5,8594,5,402,0x20,xbank
AD30,5,standalone,AD30,5,AD30,5,402,0x20,xbank
8D30,6,secondary,8CFA,6,8CFA,6,402,0x20,xbank
AD30,6,standalone,AD30,6,AD30,6,402,0x20,xbank
CC71,7,standalone,CC71,7,C004,7,442,0x27,control|ptr_scan|table_run|xbank
8C71,0,standalone,8C71,0,8C71,0,442,0x20,xbank
AC71,0,standalone,AC71,0,AC71,0,442,0x20,xbank
8C71,1,standalone,8C71,1,8C71,1,442,0x20,xbank
AC71,1,standalone,AC71,1,AC71,1,442,0x20,xbank
8C71,2,standalone,8C71,2,8C71,2,442,0x20,xbank
AC71,2,standalone,AC71,2,AC71,2,442,0x20,xbank
8C71,3,standalone,8C71,3,8C71,3,442,0x20,xbank
AC71,3,standalone,AC71,3,AC71,3,442,0x20,xbank
8C71,4,standalone,8C71,4,8C71,4,442,0x20,xbank
AC71,4,standalone,AC71,4,AC71,4,442,0x20,xbank
8C71,5,standalone,8C71,5,8C71,5,442,0x20,xbank
AC71,5,standalone,AC71,5,AC71,5,442,0x20,xbank
8C71,6,standalone,8C71,6,8C71,6,442,0x20,xbank
AC71,6,standalone,AC71,6,AC71,6,442,0x20,xbank
CCDA,7,standalone,CCDA,7,C004,7,220,0x27,control|ptr_scan|table_run|xbank
8CDA,0,standalone,8CDA,0,8CDA,0,220,0x20,xbank
ACDA,0,standalone,ACDA,0,ACDA,0,220,0x20,xbank
8CDA,1,standalone,8CDA,1,8CDA,1,220,0x20,xbank
ACDA,1,standalone,ACDA,1,ACDA,1,220,0x20,xbank
8CDA,2,standalone,8CDA,2,8CDA,2,220,0x20,xbank
ACDA,2,standalone,ACDA,2,ACDA,2,220,0x20,xbank
8CDA,3,standalone,8CDA,3,8CDA,3,220,0x20,xbank
ACDA,3,standalone,ACDA,3,ACDA,3,220,0x20,xbank
8CDA,4,standalone,8CDA,4,8CDA,4,220,0x20,xbank
ACDA,4,standalone,ACDA,4,ACDA,4,220,0x20,xbank
8CDA,5,standalone,8CDA,5,8CDA,5,220,0x20,xbank
ACDA,5,secondary,ACD1,5,ACD1,5,220,0x20,xbank
8CDA,6,standalone,8CDA,6,8CDA,6,220,0x20,xbank
ACDA,6,standalone,ACDA,6,ACDA,6,220,0x20,xbank
CD7D,7,standalone,CD7D,7,CD7D,7,182,0x23,control|ptr_scan|xbank
8D7D,0,standalone,8D7D,0,8D7D,0,182,0x20,xbank
AD7D,0,standalone,AD7D,0,AD7D,0,182,0x20,xbank
8D7D,1,standalone,8D7D,1,8D7D,1,182,0x20,xbank
AD7D,1,standalone,AD7D,1,AD7D,1,182,0x20,xbank
8D7D,2,standalone,8D7D,2,8D7D,2,182,0x20,xbank
AD7D,2,standalone,AD7D,2,AD7D,2,182,0x20,xbank
8D7D,3,standalone,8D7D,3,8D7D,3,182,0x20,xbank
AD7D,3,standalone,AD7D,3,AD7D,3,182,0x20,xbank
8D7D,4,standalone,8D7D,4,8D7D,4,182,0x20,xbank
AD7D,4,standalone,AD7D,4,AD7D,4,182,0x20,xbank
8D7D,5,secondary,8594,5,8594,5,182,0x20,xbank
AD7D,5,secondary,AD69,5,AD69,5,182,0x20,xbank
8D7D,6,standalone,8D7D,6,8D7D,6,182,0x20,xbank
AD7D,6,standalone,AD7D,6,AD7D,6,182,0x20,xbank
CDE7,7,standalone,CDE7,7,CDE7,7,180,0x23,control|ptr_scan|xbank
CD5F,7,standalone,CD5F,7,C004,7,180,0x23,control|ptr_scan|xbank
8D5F,0,standalone,8D5F,0,8D5F,0,180,0x20,xbank
AD5F,0,standalone,AD5F,0,AD5F,0,180,0x20,xbank
8D5F,1,standalone,8D5F,1,8D5F,1,180,0x20,xbank
AD5F,1,standalone,AD5F,1,AD5F,1,180,0x20,xbank
8D5F,2,standalone,8D5F,2,8D5F,2,180,0x20,xbank
AD5F,2,standalone,AD5F,2,AD5F,2,180,0x20,xbank
8D5F,3,standalone,8D5F,3,8D5F,3,180,0x20,xbank
AD5F,3,standalone,AD5F,3,AD5F,3,180,0x20,xbank
8D5F,4,standalone,8D5F,4,8D5F,4,180,0x20,xbank
AD5F,4,standalone,AD5F,4,AD5F,4,180,0x20,xbank
8D5F,5,secondary,8594,5,8594,5,180,0x20,xbank
AD5F,5,standalone,AD5F,5,AD5F,5,180,0x20,xbank
8D5F,6,standalone,8D5F,6,8D5F,6,180,0x20,xbank
AD5F,6,standalone,AD5F,6,AD5F,6,180,0x20,xbank
E11E,7,standalone,E11E,7,D0F5,7,5,0x03,control|ptr_scan
9C75,3,standalone,9C75,3,9C75,3,2,0x20,xbank
F524,7,standalone,F524,7,F524,7,14,0x20,xbank
9CB6,3,standalone,9CB6,3,9CB6,3,1,0x20,xbank
BCE1,4,standalone,BCE1,4,BCE1,4,108,0x21,control|xbank
BD1D,4,standalone,BD1D,4,BD1D,4,108,0x25,control|table_run|xbank
BD26,4,standalone,BD26,4,BD26,4,109,0x25,control|table_run|xbank
BD7F,4,standalone,BD7F,4,BD7F,4,102,0x25,control|table_run|xbank
BDD0,4,standalone,BDD0,4,BDD0,4,98,0x25,control|table_run|xbank
BDD6,4,standalone,BDD6,4,BDD6,4,98,0x25,control|table_run|xbank
BE28,4,standalone,BE28,4,BE28,4,98,0x25,control|table_run|xbank
BDC9,4,standalone,BDC9,4,BDC9,4,98,0x25,control|table_run|xbank
BDDC,4,standalone,BDDC,4,BDDC,4,99,0x25,control|table_run|xbank
BE42,4,standalone,BE42,4,BE42,4,100,0x25,control|table_run|xbank
BDE7,4,standalone,BDE7,4,BDE7,4,201,0x25,control|table_run|xbank
BDF4,4,standalone,BDF4,4,BDF4,4,201,0x25,control|table_run|xbank
BE01,4,standalone,BE01,4,BE01,4,101,0x25,control|table_run|xbank
BE07,4,standalone,BE07,4,BE07,4,101,0x25,control|table_run|xbank
BE0E,4,standalone,BE0E,4,BE0E,4,101,0x25,control|table_run|xbank
BE9A,4,standalone,BE9A,4,BE9A,4,102,0x25,control|table_run|xbank
BC9D,5,standalone,BC9D,5,B212,5,1,0x20,xbank
BCE1,5,standalone,BCE1,5,BCC4,5,7,0x25,control|table_run|xbank
9AD3,5,standalone,9AD3,5,9483,5,86,0x25,control|table_run|xbank
BAD3,5,standalone,BAD3,5,B212,5,86,0x25,control|table_run|xbank
BCE3,5,standalone,BCE3,5,BCC4,5,8,0x25,control|table_run|xbank
9B59,5,standalone,9B59,5,9483,5,32,0x25,control|table_run|xbank
BB59,5,standalone,BB59,5,BB59,5,32,0x25,control|table_run|xbank
98CE,5,standalone,98CE,5,9483,5,68,0x25,control|table_run|xbank
B8CE,5,standalone,B8CE,5,B8A0,5,58,0x25,control|table_run|xbank
B9B7,5,standalone,B9B7,5,B212,5,33,0x25,control|table_run|xbank
9224,5,standalone,9224,5,8594,5,37,0x25,control|table_run|xbank
B224,5,standalone,B224,5,B224,5,37,0x25,control|table_run|xbank
BDDE,5,standalone,BDDE,5,BCC4,5,11,0x25,control|table_run|xbank
E9EA,7,standalone,E9EA,7,E9EA,7,384,0x27,control|ptr_scan|table_run|xbank
AC4D,5,standalone,AC4D,5,AC4B,5,9,0x25,control|table_run|xbank
BF91,5,standalone,BF91,5,BCC4,5,8,0x25,control|table_run|xbank
E4E3,7,standalone,E4E3,7,E4E3,7,468,0x27,control|ptr_scan|table_run|xbank
BF12,5,standalone,BF12,5,BCC4,5,8,0x25,control|table_run|xbank
BF51,5,standalone,BF51,5,BCC4,5,8,0x25,control|table_run|xbank
EA13,7,standalone,EA13,7,EA13,7,143,0x27,control|ptr_scan|table_run|xbank
C015,7,standalone,C015,7,C015,7,55,0x27,control|ptr_scan|table_run|xbank
AB21,3,standalone,AB21,3,AB21,3,1,0x20,xbank
9790,4,standalone,9790,4,9790,4,14,0x24,table_run|xbank
9522,4,standalone,9522,4,9522,4,31,0x24,table_run|xbank
8050,4,standalone,8050,4,8050,4,86,0x25,control|table_run|xbank
E7D0,7,standalone,E7D0,7,E7D0,7,2,0x24,table_run|xbank
AB7B,5,standalone,AB7B,5,AB7B,5,13,0x25,control|table_run|xbank
ACE9,6,standalone,ACE9,6,ACE9,6,14,0x24,table_run|xbank
AE27,6,standalone,AE27,6,AE27,6,20,0x24,table_run|xbank
AE32,6,standalone,AE32,6,AE32,6,20,0x24,table_run|xbank
AE37,6,standalone,AE37,6,AE37,6,21,0x24,table_run|xbank
AE92,6,standalone,AE92,6,AE92,6,24,0x24,table_run|xbank
AED2,6,standalone,AED2,6,AED2,6,24,0x24,table_run|xbank
B42B,6,standalone,B42B,6,B42B,6,40,0x24,table_run|xbank
B43B,6,standalone,B43B,6,B43B,6,41,0x24,table_run|xbank
B453,6,standalone,B453,6,B453,6,43,0x24,table_run|xbank
B45E,6,standalone,B45E,6,B45E,6,43,0x24,table_run|xbank
B4C3,6,standalone,B4C3,6,B4C3,6,46,0x24,table_run|xbank
B51F,6,standalone,B51F,6,B51F,6,46,0x24,table_run|xbank
E5F2,7,standalone,E5F2,7,E5F2,7,1749,0x27,control|ptr_scan|table_run|xbank
8009,0,standalone,8009,0,8009,0,19,0x20,xbank
8009,1,standalone,8009,1,8009,1,19,0x20,xbank
8009,2,standalone,8009,2,8006,2,991,0x23,control|ptr_scan|xbank
8009,3,standalone,8009,3,8009,3,19,0x20,xbank
8009,4,standalone,8009,4,8009,4,19,0x20,xbank
8009,5,standalone,8009,5,8009,5,19,0x20,xbank
8009,6,standalone,8009,6,8009,6,19,0x20,xbank
D46D,7,standalone,D46D,7,C496,7,167,0x23,control|ptr_scan|xbank
946D,0,standalone,946D,0,946D,0,2,0x20,xbank
B46D,0,standalone,B46D,0,B46D,0,2,0x20,xbank
946D,1,standalone,946D,1,946D,1,2,0x20,xbank
B46D,1,standalone,B46D,1,B46D,1,2,0x20,xbank
946D,2,standalone,946D,2,946D,2,2,0x20,xbank
B46D,2,standalone,B46D,2,B46D,2,2,0x20,xbank
946D,3,standalone,946D,3,946D,3,2,0x20,xbank
B46D,3,standalone,B46D,3,B46D,3,2,0x20,xbank
946D,4,standalone,946D,4,946D,4,2,0x20,xbank
B46D,4,secondary,B0C6,4,B0C6,4,2,0x20,xbank
946D,5,standalone,946D,5,946D,5,2,0x20,xbank
B46D,5,standalone,B46D,5,B459,5,2,0x20,xbank
946D,6,standalone,946D,6,946D,6,2,0x20,xbank
B46D,6,standalone,B46D,6,B46D,6,2,0x20,xbank
800C,0,standalone,800C,0,800C,0,14,0x20,xbank
800C,1,standalone,800C,1,800C,1,14,0x20,xbank
800C,2,standalone,800C,2,800C,2,320,0x23,control|ptr_scan|xbank
800C,3,standalone,800C,3,800C,3,14,0x20,xbank
800C,4,standalone,800C,4,800C,4,14,0x20,xbank
800C,5,standalone,800C,5,800C,5,14,0x20,xbank
800C,6,standalone,800C,6,800C,6,14,0x20,xbank
DA23,7,standalone,DA23,7,CA16,7,168,0x23,control|ptr_scan|xbank
9A23,0,standalone,9A23,0,9A23,0,5,0x20,xbank
BA23,0,standalone,BA23,0,BA23,0,5,0x20,xbank
9A23,1,standalone,9A23,1,9A23,1,5,0x20,xbank
BA23,1,standalone,BA23,1,BA23,1,5,0x20,xbank
9A23,2,standalone,9A23,2,9A23,2,5,0x20,xbank
BA23,2,standalone,BA23,2,BA23,2,5,0x20,xbank
9A23,3,standalone,9A23,3,9A23,3,5,0x20,xbank
BA23,3,standalone,BA23,3,BA23,3,5,0x20,xbank
9A23,4,standalone,9A23,4,9A23,4,5,0x20,xbank
BA23,4,standalone,BA23,4,BA23,4,5,0x20,xbank
9A23,5,standalone,9A23,5,9A23,5,5,0x20,xbank
BA23,5,standalone,BA23,5,BA23,5,5,0x20,xbank
9A23,6,standalone,9A23,6,9A23,6,5,0x20,xbank
BA23,6,standalone,BA23,6,BA23,6,5,0x20,xbank
D444,7,standalone,D444,7,C496,7,168,0x23,control|ptr_scan|xbank
9444,0,standalone,9444,0,9444,0,5,0x20,xbank
B444,0,standalone,B444,0,B444,0,5,0x20,xbank
9444,1,standalone,9444,1,9444,1,5,0x20,xbank
B444,1,standalone,B444,1,B444,1,5,0x20,xbank
9444,2,standalone,9444,2,9444,2,5,0x20,xbank
B444,2,standalone,B444,2,B444,2,5,0x20,xbank
9444,3,standalone,9444,3,9444,3,5,0x20,xbank
B444,3,standalone,B444,3,B444,3,5,0x20,xbank
9444,4,standalone,9444,4,9444,4,5,0x20,xbank
B444,4,secondary,B0C6,4,B0C6,4,5,0x20,xbank
9444,5,secondary,943A,5,943A,5,5,0x20,xbank
B444,5,secondary,B212,5,B212,5,5,0x20,xbank
9444,6,standalone,9444,6,9444,6,5,0x20,xbank
B444,6,standalone,B444,6,B444,6,5,0x20,xbank
CD93,7,standalone,CD93,7,C004,7,2314,0x23,control|ptr_scan|xbank
8D93,0,standalone,8D93,0,8D93,0,2314,0x20,xbank
AD93,0,standalone,AD93,0,AD93,0,2314,0x20,xbank
8D93,1,standalone,8D93,1,8D93,1,2314,0x20,xbank
AD93,1,standalone,AD93,1,AD93,1,2314,0x20,xbank
8D93,2,standalone,8D93,2,8D93,2,2314,0x20,xbank
AD93,2,standalone,AD93,2,AD93,2,2314,0x20,xbank
8D93,3,standalone,8D93,3,8D93,3,2314,0x20,xbank
AD93,3,standalone,AD93,3,AD93,3,2314,0x20,xbank
8D93,4,standalone,8D93,4,8D93,4,2314,0x20,xbank
AD93,4,standalone,AD93,4,AD93,4,2314,0x20,xbank
8D93,5,secondary,8594,5,8594,5,2314,0x20,xbank
AD93,5,secondary,AD85,5,AD85,5,2314,0x20,xbank
8D93,6,standalone,8D93,6,8D93,6,2314,0x20,xbank
AD93,6,standalone,AD93,6,AD93,6,2314,0x20,xbank
BF2A,4,standalone,BF2A,4,BF2A,4,1,0x20,xbank
BFFE,7,standalone,BFFE,7,BFFE,7,5,0x22,ptr_scan|xbank
C039,7,standalone,C039,7,C039,7,1,0x20,xbank
C053,7,standalone,C053,7,C053,7,1,0x20,xbank
C192,7,secondary,C004,7,C004,7,4,0x22,ptr_scan|xbank
D130,7,standalone,D130,7,D130,7,152,0x23,control|ptr_scan|xbank
D195,7,standalone,D195,7,D195,7,171,0x23,control|ptr_scan|xbank
D191,7,standalone,D191,7,D191,7,172,0x23,control|ptr_scan|xbank
C3AD,7,secondary,C004,7,C004,7,3,0x22,ptr_scan|xbank
D201,7,standalone,D201,7,D201,7,174,0x23,control|ptr_scan|xbank
D278,7,standalone,D278,7,D278,7,173,0x23,control|ptr_scan|xbank
D280,7,standalone,D280,7,D280,7,173,0x23,control|ptr_scan|xbank
E510,7,standalone,E510,7,E510,7,2233,0x27,control|ptr_scan|table_run|xbank
E4D8,7,standalone,E4D8,7,E4D8,7,1142,0x23,control|ptr_scan|xbank
C452,7,standalone,C452,7,C452,7,1,0x20,xbank
C487,7,secondary,C004,7,C004,7,3,0x22,ptr_scan|xbank
8012,2,standalone,8012,2,8012,2,259,0x23,control|ptr_scan|xbank
D5F5,7,standalone,D5F5,7,C697,7,162,0x23,control|ptr_scan|xbank
8000,2,standalone,8000,2,8000,2,1019,0x23,control|ptr_scan|xbank
8003,2,standalone,8003,2,8003,2,1019,0x23,control|ptr_scan|xbank
D796,7,standalone,D796,7,C7D4,7,694,0x23,control|ptr_scan|xbank
D576,7,standalone,D576,7,C5F4,7,554,0x23,control|ptr_scan|xbank
D59B,7,standalone,D59B,7,C5F4,7,194,0x23,control|ptr_scan|xbank
C5E6,7,standalone,C5E6,7,C5E6,7,1,0x20,xbank
C5AF,7,secondary,C004,7,C004,7,4,0x22,ptr_scan|xbank
EEB4,7,standalone,EEB4,7,EEB4,7,257,0x27,control|ptr_scan|table_run|xbank
D60D,7,standalone,D60D,7,C697,7,316,0x23,control|ptr_scan|xbank
D662,7,standalone,D662,7,C697,7,149,0x23,control|ptr_scan|xbank
800F,2,standalone,800F,2,800F,2,240,0x23,control|ptr_scan|xbank
D6B8,7,standalone,D6B8,7,C73B,7,148,0x23,control|ptr_scan|xbank
D7E8,7,standalone,D7E8,7,C836,7,291,0x23,control|ptr_scan|xbank
D6F4,7,standalone,D6F4,7,C73B,7,147,0x23,control|ptr_scan|xbank
D756,7,standalone,D756,7,C7D4,7,765,0x23,control|ptr_scan|xbank
C74C,7,standalone,C74C,7,C74C,7,1,0x20,xbank
C74E,7,standalone,C74E,7,C74E,7,1,0x20,xbank
8006,2,standalone,8006,2,8006,2,949,0x23,control|ptr_scan|xbank
C736,7,standalone,C736,7,C736,7,1,0x20,xbank
C743,7,standalone,C743,7,C743,7,4,0x20,xbank
EDF6,7,standalone,EDF6,7,EDC0,7,200,0x27,control|ptr_scan|table_run|xbank
C831,7,standalone,C831,7,C831,7,9,0x22,ptr_scan|xbank
C833,7,secondary,C004,7,C004,7,8,0x22,ptr_scan|xbank
D950,7,standalone,D950,7,D950,7,126,0x23,control|ptr_scan|xbank
D920,7,standalone,D920,7,C915,7,125,0x23,control|ptr_scan|xbank
C84B,7,standalone,C84B,7,C84B,7,5,0x22,ptr_scan|xbank
D842,7,standalone,D842,7,C852,7,125,0x23,control|ptr_scan|xbank
E417,7,standalone,E417,7,E417,7,459,0x23,control|ptr_scan|xbank
CA11,7,standalone,CA11,7,CA11,7,12,0x22,ptr_scan|xbank
CA13,7,secondary,C004,7,C004,7,10,0x22,ptr_scan|xbank
D963,7,standalone,D963,7,D963,7,82,0x23,control|ptr_scan|xbank
E49D,7,standalone,E49D,7,E49D,7,97,0x23,control|ptr_scan|xbank
CA2B,7,standalone,CA2B,7,CA2B,7,6,0x22,ptr_scan|xbank
E436,7,standalone,E436,7,E436,7,282,0x23,control|ptr_scan|xbank
9388,5,standalone,9388,5,9366,5,3,0x21,control|xbank
BB90,6,standalone,BB90,6,BB90,6,35,0x24,table_run|xbank
BBCA,6,standalone,BBCA,6,BBCA,6,33,0x24,table_run|xbank
BCC0,6,standalone,BCC0,6,BCC0,6,26,0x24,table_run|xbank
9352,4,standalone,9352,4,9352,4,1,0x20,xbank
B3DA,4,standalone,B3DA,4,B3DA,4,91,0x21,control|xbank
B3F7,4,standalone,B3F7,4,B3F7,4,90,0x21,control|xbank
B409,4,standalone,B409,4,B409,4,88,0x21,control|xbank
B412,4,standalone,B412,4,B412,4,90,0x21,control|xbank
B424,4,standalone,B424,4,B424,4,91,0x21,control|xbank
B436,4,standalone,B436,4,B436,4,92,0x21,control|xbank
B467,4,standalone,B467,4,B467,4,92,0x21,control|xbank
B488,4,standalone,B488,4,B488,4,92,0x21,control|xbank
B50C,4,standalone,B50C,4,B50C,4,95,0x21,control|xbank
B505,4,standalone,B505,4,B505,4,95,0x21,control|xbank
B523,4,standalone,B523,4,B523,4,94,0x21,control|xbank
B4F0,4,standalone,B4F0,4,B4F0,4,94,0x21,control|xbank
B537,4,standalone,B537,4,B537,4,94,0x21,control|xbank
B4DA,4,standalone,B4DA,4,B4DA,4,94,0x21,control|xbank
B568,4,standalone,B568,4,B568,4,97,0x21,control|xbank
B595,4,standalone,B595,4,B595,4,97,0x21,control|xbank
B59D,4,standalone,B59D,4,B595,4,97,0x21,control|xbank
B5D5,4,standalone,B5D5,4,B5D5,4,100,0x21,control|xbank
B61B,4,standalone,B61B,4,B61B,4,97,0x21,control|xbank
B624,4,standalone,B624,4,B624,4,97,0x21,control|xbank
B62D,4,standalone,B62D,4,B62D,4,97,0x21,control|xbank
B648,4,standalone,B648,4,B648,4,98,0x21,control|xbank
B6B8,4,standalone,B6B8,4,B6B8,4,99,0x21,control|xbank
B664,4,standalone,B664,4,B664,4,98,0x21,control|xbank
B686,4,standalone,B686,4,B686,4,95,0x21,control|xbank
B6A1,4,standalone,B6A1,4,B6A1,4,95,0x21,control|xbank
B6D4,4,standalone,B6D4,4,B6D4,4,90,0x21,control|xbank
B711,4,standalone,B711,4,B711,4,180,0x21,control|xbank
B705,4,standalone,B705,4,B705,4,90,0x21,control|xbank
B723,4,standalone,B723,4,B723,4,90,0x21,control|xbank
B7AA,4,standalone,B7AA,4,B7AA,4,89,0x21,control|xbank
B7B5,4,standalone,B7B5,4,B7B5,4,89,0x21,control|xbank
B7BE,4,standalone,B7BE,4,B7BE,4,89,0x21,control|xbank
B75C,4,standalone,B75C,4,B75C,4,89,0x21,control|xbank
B767,4,standalone,B767,4,B767,4,90,0x21,control|xbank
B772,4,standalone,B772,4,B772,4,91,0x21,control|xbank
B77D,4,standalone,B77D,4,B77D,4,92,0x21,control|xbank
B802,4,standalone,B802,4,B802,4,96,0x21,control|xbank
B7D5,4,standalone,B7D5,4,B7D5,4,96,0x21,control|xbank
B7DE,4,standalone,B7DE,4,B7DE,4,96,0x21,control|xbank
B868,4,standalone,B868,4,B868,4,97,0x21,control|xbank
B85B,4,standalone,B85B,4,B85B,4,97,0x21,control|xbank
B8FA,4,standalone,B8FA,4,B8FA,4,97,0x21,control|xbank
B920,4,standalone,B920,4,B920,4,101,0x21,control|xbank
B953,4,standalone,B953,4,B953,4,96,0x21,control|xbank
B95F,4,standalone,B95F,4,B95F,4,96,0x21,control|xbank
BA01,4,standalone,BA01,4,BA01,4,97,0x21,control|xbank
BA06,4,standalone,BA06,4,BA06,4,97,0x21,control|xbank
BA58,4,standalone,BA58,4,BA58,4,98,0x21,control|xbank
E035,7,standalone,E035,7,E035,7,95,0x21,control|xbank
BB12,4,standalone,BB12,4,BB12,4,95,0x21,control|xbank
BABD,4,standalone,BABD,4,BABD,4,94,0x21,control|xbank
BAD0,4,standalone,BAD0,4,BAD0,4,95,0x21,control|xbank
BAE9,4,standalone,BAE9,4,BAE9,4,96,0x21,control|xbank
BAFC,4,standalone,BAFC,4,BAFC,4,97,0x21,control|xbank
BB5A,4,standalone,BB5A,4,BB5A,4,98,0x21,control|xbank
BB73,4,standalone,BB73,4,BB73,4,99,0x21,control|xbank
BB9F,4,standalone,BB9F,4,BB9F,4,101,0x21,control|xbank
BBCB,4,standalone,BBCB,4,BBCB,4,105,0x21,control|xbank
BBF7,4,standalone,BBF7,4,BBF7,4,107,0x21,control|xbank
BC23,4,standalone,BC23,4,BC23,4,108,0x21,control|xbank
BC3A,4,standalone,BC3A,4,BC3A,4,110,0x21,control|xbank
BC5B,4,standalone,BC5B,4,BC5B,4,109,0x21,control|xbank
94B6,5,standalone,94B6,5,8594,5,66,0x25,control|table_run|xbank
97C0,5,standalone,97C0,5,9483,5,145,0x25,control|table_run|xbank
B7C0,5,standalone,B7C0,5,B791,5,96,0x25,control|table_run|xbank
B3C8,5,secondary,B366,5,B366,5,1,0x20,xbank
932F,4,standalone,932F,4,932F,4,1,0x20,xbank
B34B,4,standalone,B34B,4,B34B,4,1,0x20,xbank
803C,4,standalone,803C,4,803C,4,96,0x21,control|xbank
A03C,4,standalone,A03C,4,A03C,4,96,0x21,control|xbank
B365,4,standalone,B365,4,B365,4,96,0x21,control|xbank
B3B3,4,standalone,B3B3,4,B3B3,4,94,0x21,control|xbank
B3FE,4,standalone,B3FE,4,B3FE,4,91,0x21,control|xbank
ED21,7,standalone,ED21,7,ED21,7,80,0x27,control|ptr_scan|table_run|xbank
932E,5,secondary,92FB,5,92FB,5,1,0x20,xbank
EC77,7,standalone,EC77,7,EC36,7,68,0x25,control|table_run|xbank
9324,6,standalone,9324,6,9324,6,1,0x20,xbank
B2F2,6,standalone,B2F2,6,B2F2,6,5,0x24,table_run|xbank
B2F8,6,standalone,B2F8,6,B2F8,6,2,0x24,table_run|xbank
B3CA,0,standalone,B3CA,0,B3CA,0,4,0x20,xbank
B4CA,0,standalone,B4CA,0,B4CA,0,4,0x20,xbank
B74B,0,standalone,B74B,0,B74B,0,3,0x20,xbank
BC95,0,standalone,BC95,0,BC95,0,2,0x20,xbank
BCBA,0,standalone,BCBA,0,BCBA,0,2,0x20,xbank
BDF7,0,standalone,BDF7,0,BDF7,0,2,0x20,xbank
BF8B,0,standalone,BF8B,0,BF8B,0,2,0x20,xbank
BFBD,0,standalone,BFBD,0,BFBD,0,3,0x20,xbank
98C0,5,standalone,98C0,5,9483,5,34,0x25,control|table_run|xbank
B8C0,5,standalone,B8C0,5,B8A0,5,34,0x25,control|table_run|xbank
92F3,0,standalone,92F3,0,92F3,0,1,0x20,xbank
B459,5,standalone,B459,5,B212,5,7,0x25,control|table_run|xbank
960D,0,standalone,960D,0,960D,0,21,0x20,xbank
B60D,0,standalone,B60D,0,B60D,0,21,0x20,xbank
960D,1,standalone,960D,1,960D,1,21,0x20,xbank
B60D,1,standalone,B60D,1,B60D,1,21,0x20,xbank
960D,2,standalone,960D,2,960D,2,21,0x20,xbank
B60D,2,standalone,B60D,2,B60D,2,21,0x20,xbank
960D,3,standalone,960D,3,960D,3,21,0x20,xbank
B60D,3,standalone,B60D,3,B60D,3,21,0x20,xbank
960D,4,standalone,960D,4,960D,4,21,0x20,xbank
B60D,4,standalone,B60D,4,B60D,4,21,0x20,xbank
960D,5,secondary,8594,5,8594,5,21,0x20,xbank
B60D,5,standalone,B60D,5,B60D,5,21,0x20,xbank
960D,6,standalone,960D,6,960D,6,21,0x20,xbank
B60D,6,standalone,B60D,6,B60D,6,21,0x20,xbank
9662,0,standalone,9662,0,9662,0,1,0x20,xbank
B662,0,standalone,B662,0,B662,0,1,0x20,xbank
9662,1,standalone,9662,1,9662,1,1,0x20,xbank
B662,1,standalone,B662,1,B662,1,1,0x20,xbank
9662,2,standalone,9662,2,9662,2,1,0x20,xbank
B662,2,standalone,B662,2,B662,2,1,0x20,xbank
9662,3,standalone,9662,3,9662,3,1,0x20,xbank
B662,3,standalone,B662,3,B662,3,1,0x20,xbank
9662,4,standalone,9662,4,9662,4,1,0x20,xbank
B662,4,standalone,B662,4,B662,4,1,0x20,xbank
9662,5,standalone,9662,5,9662,5,1,0x20,xbank
B662,5,standalone,B662,5,B662,5,1,0x20,xbank
9662,6,standalone,9662,6,9662,6,1,0x20,xbank
B662,6,standalone,B662,6,B662,6,1,0x20,xbank
800F,0,standalone,800F,0,800F,0,12,0x20,xbank
800F,1,standalone,800F,1,800F,1,12,0x20,xbank
800F,3,standalone,800F,3,800F,3,12,0x20,xbank
800F,4,standalone,800F,4,800F,4,14,0x20,xbank
800F,5,standalone,800F,5,800F,5,12,0x20,xbank
800F,6,standalone,800F,6,800F,6,12,0x20,xbank
9586,4,standalone,9586,4,9586,4,4,0x21,control|xbank
95A3,4,standalone,95A3,4,95A3,4,4,0x21,control|xbank
9615,5,standalone,9615,5,8594,5,27,0x25,control|table_run|xbank
E9F9,7,standalone,E9F9,7,E9F9,7,13,0x25,control|table_run|xbank
8006,0,standalone,8006,0,8006,0,68,0x20,xbank
8006,1,standalone,8006,1,8006,1,68,0x20,xbank
8006,3,standalone,8006,3,8006,3,68,0x20,xbank
8006,4,standalone,8006,4,8006,4,68,0x20,xbank
8006,5,secondary,8004,5,8004,5,68,0x20,xbank
8006,6,standalone,8006,6,8006,6,68,0x20,xbank
975A,2,standalone,975A,2,975A,2,2,0x20,xbank
EF9B,7,standalone,EF9B,7,EF9B,7,159,0x27,control|ptr_scan|table_run|xbank
ECF7,7,standalone,ECF7,7,ECF7,7,37,0x25,control|table_run|xbank
AF84,4,standalone,AF84,4,AF84,4,73,0x20,xbank
AF9F,4,standalone,AF9F,4,AF9F,4,74,0x20,xbank
AFBF,4,standalone,AFBF,4,AFBF,4,90,0x20,xbank
B06A,4,standalone,B06A,4,B06A,4,74,0x20,xbank
B071,4,standalone,B071,4,B071,4,74,0x20,xbank
B072,4,standalone,B072,4,B072,4,74,0x20,xbank
B09A,4,standalone,B09A,4,B09A,4,76,0x20,xbank
B0A8,4,standalone,B0A8,4,B0A8,4,77,0x20,xbank
B0AF,4,standalone,B0AF,4,B0AF,4,77,0x20,xbank
B0D0,4,standalone,B0D0,4,B0D0,4,77,0x21,control|xbank
B13E,4,standalone,B13E,4,B13E,4,156,0x21,control|xbank
B0F2,4,standalone,B0F2,4,B0F2,4,79,0x21,control|xbank
B131,4,standalone,B131,4,B131,4,79,0x21,control|xbank
B144,4,standalone,B144,4,B144,4,78,0x21,control|xbank
B152,4,standalone,B152,4,B152,4,79,0x21,control|xbank
B154,4,standalone,B154,4,B152,4,80,0x21,control|xbank
B16F,4,standalone,B16F,4,B16F,4,83,0x21,control|xbank
B173,4,standalone,B173,4,B16F,4,83,0x21,control|xbank
B1AE,4,standalone,B1AE,4,B1AE,4,84,0x21,control|xbank
B1B7,4,standalone,B1B7,4,B1B7,4,84,0x21,control|xbank
B1C0,4,standalone,B1C0,4,B1C0,4,85,0x21,control|xbank
B1C9,4,standalone,B1C9,4,B1C9,4,86,0x21,control|xbank
B1D2,4,standalone,B1D2,4,B1D2,4,88,0x21,control|xbank
B1DB,4,standalone,B1DB,4,B1DB,4,89,0x21,control|xbank
B1F1,4,standalone,B1F1,4,B1F1,4,90,0x21,control|xbank
B250,4,standalone,B250,4,B250,4,90,0x21,control|xbank
B2BE,4,standalone,B2BE,4,B2BE,4,90,0x21,control|xbank
B266,4,standalone,B266,4,B266,4,90,0x21,control|xbank
B27D,4,standalone,B27D,4,B27D,4,91,0x21,control|xbank
B28B,4,standalone,B28B,4,B28B,4,91,0x21,control|xbank
B2AC,4,standalone,B2AC,4,B2AC,4,182,0x21,control|xbank
B2D8,4,standalone,B2D8,4,B2D8,4,92,0x21,control|xbank
B2E8,4,standalone,B2E8,4,B2E8,4,92,0x21,control|xbank
8F9B,5,standalone,8F9B,5,8594,5,22,0x25,control|table_run|xbank
8F65,5,secondary,8594,5,8594,5,1,0x20,xbank
AF8E,5,secondary,AF74,5,AF74,5,5,0x24,table_run|xbank
C825,7,secondary,C004,7,C004,7,4,0x20,xbank
8825,0,standalone,8825,0,8825,0,4,0x20,xbank
A825,0,standalone,A825,0,A825,0,4,0x20,xbank
8825,1,standalone,8825,1,8825,1,4,0x20,xbank
A825,1,standalone,A825,1,A825,1,4,0x20,xbank
8825,2,standalone,8825,2,8825,2,4,0x20,xbank
A825,2,standalone,A825,2,A825,2,4,0x20,xbank
8825,3,standalone,8825,3,8825,3,4,0x20,xbank
A825,3,standalone,A825,3,A825,3,4,0x20,xbank
8825,4,standalone,8825,4,8825,4,4,0x20,xbank
A825,4,standalone,A825,4,A825,4,4,0x20,xbank
8825,5,secondary,8594,5,8594,5,4,0x20,xbank
A825,5,standalone,A825,5,A825,5,4,0x20,xbank
8825,6,secondary,8801,6,8801,6,4,0x20,xbank
A825,6,standalone,A825,6,A825,6,4,0x20,xbank
8F89,6,standalone,8F89,6,8F89,6,1,0x20,xbank
8F0A,6,standalone,8F0A,6,8F0A,6,1,0x20,xbank
8F12,6,standalone,8F12,6,8F12,6,1,0x20,xbank
8FB5,6,standalone,8FB5,6,8FB5,6,2,0x20,xbank
D009,7,secondary,C004,7,C004,7,2,0x20,xbank
9009,0,standalone,9009,0,9009,0,2,0x20,xbank
B009,0,standalone,B009,0,B009,0,2,0x20,xbank
9009,1,standalone,9009,1,9009,1,2,0x20,xbank
B009,1,standalone,B009,1,B009,1,2,0x20,xbank
9009,2,standalone,9009,2,9009,2,2,0x20,xbank
B009,2,standalone,B009,2,B009,2,2,0x20,xbank
9009,3,standalone,9009,3,9009,3,6,0x20,xbank
B009,3,standalone,B009,3,B009,3,2,0x20,xbank
9009,4,standalone,9009,4,9009,4,2,0x20,xbank
B009,4,standalone,B009,4,B009,4,2,0x20,xbank
9009,5,standalone,9009,5,9009,5,2,0x20,xbank
B009,5,standalone,B009,5,B009,5,2,0x20,xbank
9009,6,standalone,9009,6,9009,6,2,0x20,xbank
B009,6,standalone,B009,6,B009,6,2,0x20,xbank
9067,6,standalone,9067,6,9067,6,2,0x20,xbank
9054,6,standalone,9054,6,9054,6,2,0x20,xbank
9048,6,standalone,9048,6,9048,6,2,0x20,xbank
90EC,6,standalone,90EC,6,90EC,6,2,0x20,xbank
91FE,6,standalone,91FE,6,91FE,6,2,0x20,xbank
9247,6,standalone,9247,6,9247,6,2,0x20,xbank
9249,6,standalone,9249,6,9249,6,2,0x20,xbank
926A,6,standalone,926A,6,926A,6,4,0x20,xbank
929C,6,standalone,929C,6,929C,6,3,0x20,xbank
92D4,6,standalone,92D4,6,92D4,6,3,0x20,xbank
92EE,6,standalone,92EE,6,92EE,6,7,0x20,xbank
931C,6,standalone,931C,6,931C,6,11,0x20,xbank
93FD,6,standalone,93FD,6,93FD,6,10,0x20,xbank
9418,6,standalone,9418,6,9418,6,12,0x20,xbank
9456,6,standalone,9456,6,9456,6,13,0x20,xbank
9507,6,standalone,9507,6,9507,6,13,0x20,xbank
94F9,6,standalone,94F9,6,94F9,6,13,0x20,xbank
94D9,6,standalone,94D9,6,94D9,6,13,0x20,xbank
9521,6,standalone,9521,6,9521,6,13,0x20,xbank
9549,6,standalone,9549,6,9549,6,13,0x20,xbank
9612,6,standalone,9612,6,9612,6,13,0x20,xbank
9646,6,standalone,9646,6,9646,6,13,0x20,xbank
9666,6,standalone,9666,6,9666,6,13,0x20,xbank
C50F,7,secondary,C004,7,C004,7,13,0x20,xbank
850F,0,standalone,850F,0,850F,0,13,0x20,xbank
A50F,0,standalone,A50F,0,A50F,0,13,0x20,xbank
850F,1,standalone,850F,1,850F,1,13,0x20,xbank
A50F,1,standalone,A50F,1,A50F,1,13,0x20,xbank
850F,2,standalone,850F,2,850F,2,13,0x20,xbank
A50F,2,standalone,A50F,2,A50F,2,13,0x20,xbank
850F,3,standalone,850F,3,850F,3,13,0x20,xbank
A50F,3,standalone,A50F,3,A50F,3,13,0x20,xbank
850F,4,standalone,850F,4,850F,4,13,0x20,xbank
A50F,4,standalone,A50F,4,A50F,4,13,0x20,xbank
850F,5,standalone,850F,5,850F,5,13,0x20,xbank
A50F,5,standalone,A50F,5,A50F,5,13,0x20,xbank
850F,6,secondary,84EA,6,84EA,6,13,0x20,xbank
A50F,6,standalone,A50F,6,A500,6,13,0x20,xbank
96C3,6,standalone,96C3,6,96C3,6,13,0x20,xbank
96EE,6,standalone,96EE,6,96EE,6,13,0x20,xbank
972C,6,standalone,972C,6,972C,6,15,0x20,xbank
97BC,6,standalone,97BC,6,97BC,6,15,0x20,xbank
980F,6,standalone,980F,6,980F,6,15,0x20,xbank
97F6,6,standalone,97F6,6,97F6,6,15,0x20,xbank
982A,6,standalone,982A,6,982A,6,15,0x20,xbank
98AC,6,standalone,98AC,6,98AC,6,15,0x20,xbank
98FD,6,standalone,98FD,6,98FD,6,16,0x20,xbank
990D,6,standalone,990D,6,990D,6,16,0x20,xbank
FB10,7,standalone,FB10,7,FB10,7,17,0x20,xbank
9949,6,standalone,9949,6,9949,6,16,0x20,xbank
9937,6,standalone,9937,6,9937,6,17,0x20,xbank
9958,6,standalone,9958,6,9958,6,17,0x20,xbank
9981,6,standalone,9981,6,9981,6,18,0x20,xbank
9A47,6,standalone,9A47,6,9A47,6,19,0x20,xbank
9A4B,6,standalone,9A4B,6,9A4B,6,19,0x20,xbank
FB00,7,standalone,FB00,7,FB00,7,20,0x20,xbank
9AC6,6,standalone,9AC6,6,9AC6,6,20,0x20,xbank
9AEB,6,standalone,9AEB,6,9AEB,6,20,0x20,xbank
9B12,6,standalone,9B12,6,9B12,6,20,0x20,xbank
9B6A,6,standalone,9B6A,6,9B6A,6,20,0x20,xbank
F000,7,secondary,EF9B,7,EF9B,7,20,0x20,xbank
9B9C,6,standalone,9B9C,6,9B9C,6,20,0x20,xbank
9BA3,6,standalone,9BA3,6,9BA3,6,21,0x20,xbank
9C63,6,standalone,9C63,6,9C63,6,21,0x20,xbank
9CDB,6,standalone,9CDB,6,9CDB,6,21,0x20,xbank
AF07,6,standalone,AF07,6,AF07,6,1,0x20,xbank
B02D,2,standalone,B02D,2,B02D,2,5,0x20,xbank
B774,2,standalone,B774,2,B774,2,5,0x20,xbank
B9AF,2,standalone,B9AF,2,B9AF,2,4,0x20,xbank
B9E2,2,standalone,B9E2,2,B9E2,2,4,0x20,xbank
BA49,2,standalone,BA49,2,BA49,2,5,0x20,xbank
BA85,2,standalone,BA85,2,BA85,2,5,0x20,xbank
9087,3,standalone,9087,3,9087,3,4,0x20,xbank
912C,3,standalone,912C,3,912C,3,7,0x20,xbank
9163,3,standalone,9163,3,9163,3,8,0x20,xbank
9174,3,standalone,9174,3,9174,3,8,0x20,xbank
9264,3,standalone,9264,3,9264,3,8,0x20,xbank
9436,3,standalone,9436,3,9436,3,8,0x20,xbank
950F,3,standalone,950F,3,950F,3,8,0x20,xbank
9528,3,standalone,9528,3,9528,3,9,0x20,xbank
97A6,3,standalone,97A6,3,97A6,3,9,0x20,xbank
FE20,7,secondary,FCFD,7,FCFD,7,14,0x20,xbank
FC11,7,secondary,F72F,7,F72F,7,20,0x22,ptr_scan|xbank
8FE0,4,standalone,8FE0,4,8FE0,4,3,0x20,xbank
AFC4,6,standalone,AFC4,6,AFC4,6,5,0x20,xbank
AFDD,6,standalone,AFDD,6,AFDD,6,3,0x20,xbank
9002,5,standalone,9002,5,8FC2,5,22,0x25,control|table_run|xbank
94EA,5,standalone,94EA,5,8594,5,354,0x25,control|table_run|xbank
B4EA,5,standalone,B4EA,5,B4EA,5,158,0x25,control|table_run|xbank
9AC2,5,standalone,9AC2,5,9483,5,39,0x25,control|table_run|xbank
BAC2,5,standalone,BAC2,5,BA97,5,39,0x25,control|table_run|xbank
CC61,7,standalone,CC61,7,C004,7,1,0x01,control
CC66,7,standalone,CC66,7,C004,7,2,0x03,control|ptr_scan
AC8E,0,standalone,AC8E,0,AC8E,0,3,0x20,xbank
AD0E,0,standalone,AD0E,0,AD0E,0,3,0x20,xbank
AE0E,0,standalone,AE0E,0,AE0E,0,4,0x20,xbank
AD27,3,standalone,AD27,3,AD27,3,11,0x20,xbank
F526,7,standalone,F526,7,F526,7,11,0x20,xbank
B264,3,standalone,B264,3,B264,3,13,0x20,xbank
B33C,3,standalone,B33C,3,B33C,3,14,0x20,xbank
B359,3,standalone,B359,3,B359,3,14,0x20,xbank
F9B5,7,secondary,F9A8,7,F9A8,7,15,0x20,xbank
B66E,3,standalone,B66E,3,B66E,3,14,0x20,xbank
B656,3,standalone,B656,3,B656,3,14,0x20,xbank
B3C4,3,standalone,B3C4,3,B3C4,3,15,0x20,xbank
CDA4,7,standalone,CDA4,7,CDA4,7,15,0x20,xbank
8DA4,0,standalone,8DA4,0,8DA4,0,15,0x20,xbank
ADA4,0,standalone,ADA4,0,ADA4,0,15,0x20,xbank
8DA4,1,standalone,8DA4,1,8DA4,1,15,0x20,xbank
ADA4,1,standalone,ADA4,1,ADA4,1,15,0x20,xbank
8DA4,2,standalone,8DA4,2,8DA4,2,15,0x20,xbank
ADA4,2,standalone,ADA4,2,ADA4,2,15,0x20,xbank
8DA4,3,standalone,8DA4,3,8DA4,3,15,0x20,xbank
ADA4,3,standalone,ADA4,3,ADA4,3,15,0x20,xbank
8DA4,4,standalone,8DA4,4,8DA4,4,15,0x20,xbank
ADA4,4,standalone,ADA4,4,ADA4,4,15,0x20,xbank
8DA4,5,standalone,8DA4,5,8DA4,5,15,0x20,xbank
ADA4,5,standalone,ADA4,5,ADA4,5,15,0x20,xbank
8DA4,6,standalone,8DA4,6,8DA4,6,15,0x20,xbank
ADA4,6,standalone,ADA4,6,ADA4,6,15,0x20,xbank
8097,3,standalone,8097,3,8097,3,15,0x20,xbank
A097,3,standalone,A097,3,A097,3,15,0x20,xbank
B76B,3,standalone,B76B,3,B76B,3,13,0x20,xbank
8107,3,standalone,8107,3,8107,3,11,0x20,xbank
A107,3,standalone,A107,3,A107,3,11,0x20,xbank
8804,3,standalone,8804,3,8804,3,11,0x20,xbank
A804,3,standalone,A804,3,A804,3,11,0x20,xbank
B827,3,standalone,B827,3,B827,3,11,0x20,xbank
B80A,3,standalone,B80A,3,B80A,3,11,0x20,xbank
99BD,3,standalone,99BD,3,99BD,3,13,0x20,xbank
B9BD,3,standalone,B9BD,3,B9BD,3,13,0x20,xbank
B838,3,standalone,B838,3,B838,3,13,0x20,xbank
B839,3,standalone,B839,3,B839,3,14,0x20,xbank
C32C,7,secondary,C004,7,C004,7,13,0x20,xbank
832C,0,standalone,832C,0,832C,0,13,0x20,xbank
A32C,0,standalone,A32C,0,A32C,0,13,0x20,xbank
832C,1,standalone,832C,1,832C,1,13,0x20,xbank
A32C,1,standalone,A32C,1,A32C,1,13,0x20,xbank
832C,2,standalone,832C,2,832C,2,13,0x20,xbank
A32C,2,standalone,A32C,2,A32C,2,13,0x20,xbank
832C,3,standalone,832C,3,832C,3,13,0x20,xbank
A32C,3,standalone,A32C,3,A32C,3,13,0x20,xbank
832C,4,standalone,832C,4,832C,4,13,0x20,xbank
A32C,4,standalone,A32C,4,A32C,4,13,0x20,xbank
832C,5,secondary,82B0,5,82B0,5,13,0x20,xbank
A32C,5,standalone,A32C,5,A32C,5,13,0x20,xbank
832C,6,standalone,832C,6,832C,6,13,0x20,xbank
A32C,6,standalone,A32C,6,A32C,6,13,0x20,xbank
B8FA,3,standalone,B8FA,3,B8FA,3,13,0x20,xbank
E905,7,standalone,E905,7,E905,7,13,0x20,xbank
C628,7,standalone,C628,7,C628,7,13,0x20,xbank
8628,0,standalone,8628,0,8628,0,13,0x20,xbank
A628,0,standalone,A628,0,A628,0,13,0x20,xbank
8628,1,standalone,8628,1,8628,1,13,0x20,xbank
A628,1,standalone,A628,1,A628,1,13,0x20,xbank
8628,2,standalone,8628,2,8628,2,13,0x20,xbank
A628,2,standalone,A628,2,A628,2,13,0x20,xbank
8628,3,standalone,8628,3,8628,3,13,0x20,xbank
A628,3,standalone,A628,3,A628,3,13,0x20,xbank
8628,4,standalone,8628,4,8628,4,13,0x20,xbank
A628,4,standalone,A628,4,A628,4,13,0x20,xbank
8628,5,standalone,8628,5,8628,5,13,0x20,xbank
A628,5,standalone,A628,5,A628,5,13,0x20,xbank
8628,6,standalone,8628,6,8628,6,13,0x20,xbank
A628,6,standalone,A628,6,A628,6,13,0x20,xbank
B92B,3,standalone,B92B,3,B92B,3,13,0x20,xbank
924A,3,standalone,924A,3,924A,3,13,0x20,xbank
B24A,3,standalone,B24A,3,B24A,3,13,0x20,xbank
C788,7,standalone,C788,7,C788,7,13,0x20,xbank
8788,0,standalone,8788,0,8788,0,13,0x20,xbank
A788,0,standalone,A788,0,A788,0,13,0x20,xbank
8788,1,standalone,8788,1,8788,1,13,0x20,xbank
A788,1,standalone,A788,1,A788,1,13,0x20,xbank
8788,2,standalone,8788,2,8788,2,13,0x20,xbank
A788,2,standalone,A788,2,A788,2,13,0x20,xbank
8788,3,standalone,8788,3,8788,3,13,0x20,xbank
A788,3,standalone,A788,3,A788,3,13,0x20,xbank
8788,4,standalone,8788,4,8788,4,13,0x20,xbank
A788,4,standalone,A788,4,A788,4,13,0x20,xbank
8788,5,secondary,86B3,5,86B3,5,13,0x20,xbank
A788,5,standalone,A788,5,A788,5,13,0x20,xbank
8788,6,standalone,8788,6,8788,6,13,0x20,xbank
A788,6,standalone,A788,6,A788,6,13,0x20,xbank
8D40,3,standalone,8D40,3,8D40,3,13,0x20,xbank
AD40,3,standalone,AD40,3,AD40,3,13,0x20,xbank
9001,3,standalone,9001,3,9001,3,13,0x20,xbank
B001,3,standalone,B001,3,B001,3,13,0x20,xbank
8358,3,standalone,8358,3,8358,3,13,0x20,xbank
A358,3,standalone,A358,3,A358,3,13,0x20,xbank
8C04,3,standalone,8C04,3,8C04,3,13,0x20,xbank
AC04,3,standalone,AC04,3,AC04,3,13,0x20,xbank
C711,7,standalone,C711,7,C711,7,13,0x20,xbank
8711,0,standalone,8711,0,8711,0,13,0x20,xbank
A711,0,standalone,A711,0,A711,0,13,0x20,xbank
8711,1,standalone,8711,1,8711,1,13,0x20,xbank
A711,1,standalone,A711,1,A711,1,13,0x20,xbank
8711,2,standalone,8711,2,8711,2,13,0x20,xbank
A711,2,standalone,A711,2,A711,2,13,0x20,xbank
8711,3,standalone,8711,3,8711,3,13,0x20,xbank
A711,3,standalone,A711,3,A711,3,13,0x20,xbank
8711,4,standalone,8711,4,8711,4,13,0x20,xbank
A711,4,standalone,A711,4,A711,4,13,0x20,xbank
8711,5,secondary,86B3,5,86B3,5,13,0x20,xbank
A711,5,standalone,A711,5,A711,5,13,0x20,xbank
8711,6,standalone,8711,6,8711,6,13,0x20,xbank
A711,6,standalone,A711,6,A711,6,13,0x20,xbank
9004,3,standalone,9004,3,9004,3,13,0x20,xbank
B004,3,standalone,B004,3,B004,3,13,0x20,xbank
BADB,3,standalone,BADB,3,BADB,3,13,0x20,xbank
BAF8,3,standalone,BAF8,3,BAF8,3,14,0x20,xbank
BB7F,3,standalone,BB7F,3,BB7F,3,15,0x20,xbank
BB5A,3,standalone,BB5A,3,BB5A,3,15,0x20,xbank
BB7C,3,standalone,BB7C,3,BB7C,3,19,0x20,xbank
BBBF,3,standalone,BBBF,3,BBBF,3,15,0x20,xbank
BB8C,3,standalone,BB8C,3,BB8C,3,16,0x20,xbank
BBD7,3,standalone,BBD7,3,BBD7,3,16,0x20,xbank
BC05,3,standalone,BC05,3,BC05,3,17,0x20,xbank
BBED,3,standalone,BBED,3,BBED,3,18,0x20,xbank
BC5E,3,standalone,BC5E,3,BC5E,3,19,0x20,xbank
979E,4,standalone,979E,4,979E,4,14,0x24,table_run|xbank
8C6F,4,standalone,8C6F,4,8C6F,4,1,0x20,xbank
8D01,6,standalone,8D01,6,8D01,6,1,0x20,xbank
AC3E,6,standalone,AC3E,6,AC3E,6,1,0x20,xbank
AD43,4,standalone,AD43,4,AD43,4,53,0x20,xbank
AD7C,4,standalone,AD7C,4,AD7C,4,51,0x20,xbank
8001,4,standalone,8001,4,8001,4,214,0x24,table_run|xbank
A001,4,standalone,A001,4,A001,4,190,0x24,table_run|xbank
AE33,4,standalone,AE33,4,AE33,4,53,0x20,xbank
AE2B,4,standalone,AE2B,4,AE2B,4,53,0x20,xbank
AE46,4,standalone,AE46,4,AE46,4,53,0x20,xbank
AE76,4,standalone,AE76,4,AE76,4,53,0x20,xbank
AE21,4,standalone,AE21,4,AE21,4,53,0x20,xbank
AE6F,4,standalone,AE6F,4,AE6F,4,57,0x20,xbank
AE81,4,standalone,AE81,4,AE81,4,57,0x20,xbank
AE94,4,standalone,AE94,4,AE94,4,58,0x20,xbank
AE97,4,standalone,AE97,4,AE97,4,58,0x20,xbank
AEA1,4,standalone,AEA1,4,AEA1,4,118,0x20,xbank
AEBF,4,standalone,AEBF,4,AEBF,4,61,0x20,xbank
AEE7,4,standalone,AEE7,4,AEE7,4,62,0x20,xbank
AEDD,4,standalone,AEDD,4,AEDD,4,62,0x20,xbank
AEE0,4,standalone,AEE0,4,AEE0,4,63,0x20,xbank
AF05,4,standalone,AF05,4,AF05,4,66,0x20,xbank
AF18,4,standalone,AF18,4,AF18,4,68,0x20,xbank
AF1E,4,standalone,AF1E,4,AF1E,4,68,0x20,xbank
AF27,4,standalone,AF27,4,AF27,4,70,0x20,xbank
AF57,4,standalone,AF57,4,AF57,4,70,0x20,xbank
AF66,4,standalone,AF66,4,AF66,4,70,0x20,xbank
AF75,4,standalone,AF75,4,AF75,4,71,0x20,xbank
ACD9,6,standalone,ACD9,6,ACD9,6,1,0x20,xbank
CD50,7,standalone,CD50,7,C004,7,2,0x03,control|ptr_scan
DB92,7,standalone,DB92,7,CD7D,7,251,0x03,control|ptr_scan
DC27,7,standalone,DC27,7,DC27,7,56,0x03,control|ptr_scan
DBAF,7,standalone,DBAF,7,DBAF,7,386,0x03,control|ptr_scan
DB65,7,standalone,DB65,7,CD7D,7,63,0x03,control|ptr_scan
801E,2,standalone,801E,2,801E,2,56,0x23,control|ptr_scan|xbank
AFB3,1,standalone,AFB3,1,AFB3,1,7,0x20,xbank
8FB3,1,standalone,8FB3,1,8FB3,1,7,0x20,xbank
8DB7,3,standalone,8DB7,3,8DB7,3,2,0x20,xbank
8DB8,3,standalone,8DB8,3,8DB8,3,2,0x20,xbank
A739,3,standalone,A739,3,A739,3,2,0x20,xbank
8739,3,standalone,8739,3,8739,3,2,0x20,xbank
94C7,4,standalone,94C7,4,94C7,4,53,0x24,table_run|xbank
F04D,7,standalone,F04D,7,F047,7,156,0x25,control|table_run|xbank
98A0,5,standalone,98A0,5,9483,5,160,0x25,control|table_run|xbank
B8A0,5,standalone,B8A0,5,B8A0,5,99,0x25,control|table_run|xbank
9C33,3,standalone,9C33,3,9C33,3,1,0x20,xbank
BD21,4,standalone,BD21,4,BD21,4,2,0x20,xbank
BD49,4,secondary,B0C6,4,B0C6,4,1,0x20,xbank
BCA3,5,standalone,BCA3,5,B212,5,8,0x25,control|table_run|xbank
BCE6,5,standalone,BCE6,5,BCC4,5,5,0x25,control|table_run|xbank
EA8C,7,standalone,EA8C,7,EA89,7,49,0x27,control|ptr_scan|table_run|xbank
BB56,5,secondary,BB28,5,BB28,5,2,0x20,xbank
BB4C,5,secondary,BB28,5,BB28,5,3,0x20,xbank
EF6C,7,standalone,EF6C,7,EF6C,7,28,0x25,control|table_run|xbank
BA06,5,standalone,BA06,5,B212,5,18,0x25,control|table_run|xbank
BA35,5,standalone,BA35,5,B212,5,12,0x25,control|table_run|xbank
9366,5,standalone,9366,5,9366,5,33,0x25,control|table_run|xbank
B366,5,standalone,B366,5,B366,5,33,0x25,control|table_run|xbank
EA22,7,standalone,EA22,7,EA22,7,103,0x25,control|table_run|xbank
9518,5,standalone,9518,5,8594,5,36,0x25,control|table_run|xbank
B518,5,standalone,B518,5,B4EA,5,28,0x25,control|table_run|xbank
E613,7,standalone,E613,7,E613,7,63,0x23,control|ptr_scan|xbank
B42A,6,standalone,B42A,6,B42A,6,1,0x20,xbank
B419,6,standalone,B419,6,B419,6,7,0x20,xbank
998B,6,standalone,998B,6,998B,6,1,0x20,xbank
B98B,6,standalone,B98B,6,B98B,6,1,0x20,xbank
848F,4,standalone,848F,4,848F,4,1,0x20,xbank
90D6,5,secondary,8594,5,8594,5,1,0x20,xbank
816C,6,standalone,816C,6,816C,6,1,0x20,xbank
8000,0,standalone,8000,0,8000,0,20,0x20,xbank
8000,1,standalone,8000,1,8000,1,26,0x24,table_run|xbank
8000,3,standalone,8000,3,8000,3,20,0x20,xbank
8000,4,standalone,8000,4,8000,4,20,0x20,xbank
8000,5,standalone,8000,5,8000,5,20,0x20,xbank
8000,6,standalone,8000,6,8000,6,20,0x20,xbank
8003,0,standalone,8003,0,8003,0,57,0x20,xbank
8003,1,standalone,8003,1,8003,1,57,0x20,xbank
8003,3,standalone,8003,3,8003,3,57,0x20,xbank
8003,4,standalone,8003,4,8003,4,57,0x20,xbank
8003,5,standalone,8003,5,8003,5,57,0x20,xbank
8003,6,standalone,8003,6,8003,6,57,0x20,xbank
9796,0,standalone,9796,0,9796,0,92,0x20,xbank
B796,0,standalone,B796,0,B796,0,92,0x20,xbank
9796,1,standalone,9796,1,9796,1,92,0x20,xbank
B796,1,standalone,B796,1,B796,1,92,0x20,xbank
9796,2,standalone,9796,2,9796,2,92,0x20,xbank
B796,2,standalone,B796,2,B796,2,92,0x20,xbank
9796,3,standalone,9796,3,9796,3,92,0x20,xbank
B796,3,standalone,B796,3,B796,3,92,0x20,xbank
9796,4,standalone,9796,4,9796,4,92,0x20,xbank
B796,4,standalone,B796,4,B796,4,92,0x20,xbank
9796,5,secondary,9790,5,9790,5,92,0x20,xbank
B796,5,standalone,B796,5,B796,5,92,0x20,xbank
9796,6,standalone,9796,6,9796,6,92,0x20,xbank
B796,6,standalone,B796,6,B796,6,92,0x20,xbank
B440,4,standalone,B440,4,B440,4,3,0x20,xbank
B470,5,standalone,B470,5,B459,5,16,0x25,control|table_run|xbank
8478,4,standalone,8478,4,8478,4,1,0x20,xbank
8005,5,standalone,8005,5,8005,5,9,0x20,xbank
8BBE,6,standalone,8BBE,6,8BBE,6,2,0x20,xbank
9B92,0,standalone,9B92,0,9B92,0,83,0x20,xbank
BB92,0,standalone,BB92,0,BB92,0,83,0x20,xbank
9B92,1,standalone,9B92,1,9B92,1,83,0x20,xbank
BB92,1,standalone,BB92,1,BB92,1,83,0x20,xbank
9B92,2,standalone,9B92,2,9B92,2,83,0x20,xbank
BB92,2,standalone,BB92,2,BB92,2,83,0x20,xbank
9B92,3,standalone,9B92,3,9B92,3,83,0x20,xbank
BB92,3,standalone,BB92,3,BB92,3,83,0x20,xbank
9B92,4,standalone,9B92,4,9B92,4,83,0x20,xbank
BB92,4,secondary,B0C6,4,B0C6,4,83,0x20,xbank
9B92,5,secondary,9B6E,5,9B6E,5,83,0x20,xbank
BB92,5,standalone,BB92,5,BB92,5,83,0x20,xbank
9B92,6,standalone,9B92,6,9B92,6,83,0x20,xbank
BB92,6,standalone,BB92,6,BB92,6,83,0x20,xbank
9C27,0,standalone,9C27,0,9C27,0,14,0x20,xbank
BC27,0,standalone,BC27,0,BC27,0,14,0x20,xbank
9C27,1,standalone,9C27,1,9C27,1,14,0x20,xbank
BC27,1,standalone,BC27,1,BC27,1,14,0x20,xbank
9C27,2,standalone,9C27,2,9C27,2,14,0x20,xbank
BC27,2,standalone,BC27,2,BC27,2,14,0x20,xbank
9C27,3,standalone,9C27,3,9C27,3,14,0x20,xbank
BC27,3,standalone,BC27,3,BC27,3,14,0x20,xbank
9C27,4,standalone,9C27,4,9C27,4,38,0x24,table_run|xbank
BC27,4,standalone,BC27,4,BC27,4,14,0x20,xbank
9C27,5,secondary,9B6E,5,9B6E,5,14,0x20,xbank
BC27,5,secondary,B212,5,B212,5,14,0x20,xbank
9C27,6,standalone,9C27,6,9C27,6,14,0x20,xbank
BC27,6,standalone,BC27,6,BC27,6,14,0x20,xbank
9BAF,0,standalone,9BAF,0,9BAF,0,134,0x20,xbank
BBAF,0,standalone,BBAF,0,BBAF,0,134,0x20,xbank
9BAF,1,standalone,9BAF,1,9BAF,1,134,0x20,xbank
BBAF,1,standalone,BBAF,1,BBAF,1,134,0x20,xbank
9BAF,2,standalone,9BAF,2,9BAF,2,134,0x20,xbank
BBAF,2,standalone,BBAF,2,BBAF,2,134,0x20,xbank
9BAF,3,standalone,9BAF,3,9BAF,3,134,0x20,xbank
BBAF,3,standalone,BBAF,3,BBAF,3,134,0x20,xbank
9BAF,4,standalone,9BAF,4,9BAF,4,134,0x20,xbank
BBAF,4,standalone,BBAF,4,BBAF,4,134,0x20,xbank
9BAF,5,standalone,9BAF,5,9BAF,5,134,0x20,xbank
BBAF,5,secondary,B212,5,B212,5,134,0x20,xbank
9BAF,6,standalone,9BAF,6,9BAF,6,134,0x20,xbank
BBAF,6,standalone,BBAF,6,BBAF,6,134,0x20,xbank
9B65,0,standalone,9B65,0,9B65,0,21,0x20,xbank
BB65,0,standalone,BB65,0,BB65,0,21,0x20,xbank
9B65,1,standalone,9B65,1,9B65,1,21,0x20,xbank
BB65,1,standalone,BB65,1,BB65,1,21,0x20,xbank
9B65,2,standalone,9B65,2,9B65,2,21,0x20,xbank
BB65,2,standalone,BB65,2,BB65,2,21,0x20,xbank
9B65,3,standalone,9B65,3,9B65,3,21,0x20,xbank
BB65,3,standalone,BB65,3,BB65,3,21,0x20,xbank
9B65,4,standalone,9B65,4,9B65,4,21,0x20,xbank
BB65,4,standalone,BB65,4,BB65,4,21,0x20,xbank
9B65,5,secondary,9B59,5,9B59,5,21,0x20,xbank
BB65,5,secondary,BB28,5,BB28,5,21,0x20,xbank
9B65,6,standalone,9B65,6,9B65,6,21,0x20,xbank
BB65,6,standalone,BB65,6,BB65,6,21,0x20,xbank
9A21,3,standalone,9A21,3,9A21,3,1,0x20,xbank
9AF7,4,standalone,9AF7,4,9AF7,4,23,0x24,table_run|xbank
9AE4,4,standalone,9AE4,4,9AE4,4,23,0x24,table_run|xbank
9B23,4,standalone,9B23,4,9B23,4,24,0x24,table_run|xbank
9BD1,4,standalone,9BD1,4,9BD1,4,24,0x24,table_run|xbank
9BD8,4,standalone,9BD8,4,9BD8,4,24,0x24,table_run|xbank
9CBB,4,standalone,9CBB,4,9CBB,4,24,0x24,table_run|xbank
9C8D,4,standalone,9C8D,4,9C8D,4,24,0x24,table_run|xbank
9D0F,4,standalone,9D0F,4,9D0F,4,25,0x24,table_run|xbank
9D2A,4,standalone,9D2A,4,9D2A,4,25,0x24,table_run|xbank
9D5C,4,standalone,9D5C,4,9D5C,4,25,0x24,table_run|xbank
9DD4,4,standalone,9DD4,4,9DD4,4,25,0x24,table_run|xbank
9DC9,4,standalone,9DC9,4,9DC9,4,25,0x24,table_run|xbank
9DED,4,standalone,9DED,4,9DED,4,26,0x24,table_run|xbank
9ECE,4,standalone,9ECE,4,9ECE,4,27,0x24,table_run|xbank
9EE5,4,standalone,9EE5,4,9EE5,4,28,0x24,table_run|xbank
9F13,4,standalone,9F13,4,9F13,4,28,0x24,table_run|xbank
9F2C,4,standalone,9F2C,4,9F2C,4,28,0x24,table_run|xbank
A070,4,standalone,A070,4,A070,4,29,0x24,table_run|xbank
A0C3,4,standalone,A0C3,4,A0C3,4,29,0x24,table_run|xbank
A0F4,4,standalone,A0F4,4,A0F4,4,29,0x24,table_run|xbank
A176,4,standalone,A176,4,A176,4,29,0x24,table_run|xbank
A14E,4,standalone,A14E,4,A14E,4,29,0x24,table_run|xbank
A22E,4,standalone,A22E,4,A22E,4,29,0x24,table_run|xbank
A1E5,4,standalone,A1E5,4,A1E5,4,29,0x24,table_run|xbank
A1E7,4,standalone,A1E7,4,A1E7,4,29,0x24,table_run|xbank
A231,4,standalone,A231,4,A231,4,29,0x24,table_run|xbank
A24A,4,standalone,A24A,4,A24A,4,31,0x24,table_run|xbank
A257,4,standalone,A257,4,A257,4,33,0x24,table_run|xbank
A279,4,standalone,A279,4,A279,4,33,0x24,table_run|xbank
A2AB,4,standalone,A2AB,4,A2AB,4,33,0x24,table_run|xbank
A2C4,4,standalone,A2C4,4,A2C4,4,34,0x24,table_run|xbank
A316,4,standalone,A316,4,A316,4,35,0x24,table_run|xbank
A33E,4,standalone,A33E,4,A33E,4,33,0x24,table_run|xbank
A3CC,4,standalone,A3CC,4,A3CC,4,33,0x24,table_run|xbank
A3E1,4,standalone,A3E1,4,A3E1,4,33,0x24,table_run|xbank
A3BA,4,standalone,A3BA,4,A3BA,4,33,0x24,table_run|xbank
A456,4,standalone,A456,4,A456,4,33,0x24,table_run|xbank
A407,4,standalone,A407,4,A407,4,33,0x24,table_run|xbank
A43B,4,standalone,A43B,4,A43B,4,33,0x24,table_run|xbank
A46E,4,standalone,A46E,4,A46E,4,33,0x24,table_run|xbank
A505,4,standalone,A505,4,A505,4,33,0x24,table_run|xbank
A4A8,4,standalone,A4A8,4,A4A8,4,33,0x24,table_run|xbank
A4B6,4,standalone,A4B6,4,A4B6,4,34,0x24,table_run|xbank
A4EE,4,standalone,A4EE,4,A4EE,4,40,0x24,table_run|xbank
A510,4,standalone,A510,4,A510,4,43,0x24,table_run|xbank
A589,4,standalone,A589,4,A589,4,44,0x24,table_run|xbank
A51E,4,standalone,A51E,4,A51E,4,44,0x24,table_run|xbank
A534,4,standalone,A534,4,A534,4,46,0x24,table_run|xbank
A548,4,standalone,A548,4,A548,4,48,0x24,table_run|xbank
A591,4,standalone,A591,4,A591,4,49,0x24,table_run|xbank
A5A6,4,standalone,A5A6,4,A5A6,4,49,0x24,table_run|xbank
A5C2,4,standalone,A5C2,4,A5C2,4,49,0x24,table_run|xbank
A5E3,4,standalone,A5E3,4,A5E3,4,50,0x24,table_run|xbank
A60D,4,standalone,A60D,4,A60D,4,50,0x24,table_run|xbank
A6DD,4,standalone,A6DD,4,A6DD,4,43,0x20,xbank
A71C,4,standalone,A71C,4,A71C,4,44,0x20,xbank
A737,4,standalone,A737,4,A737,4,44,0x20,xbank
A753,4,standalone,A753,4,A753,4,46,0x20,xbank
A7A9,4,standalone,A7A9,4,A7A9,4,43,0x20,xbank
A7E9,4,standalone,A7E9,4,A7E9,4,43,0x20,xbank
A80D,4,standalone,A80D,4,A80D,4,47,0x20,xbank
A829,4,standalone,A829,4,A829,4,50,0x20,xbank
A83D,4,standalone,A83D,4,A83D,4,52,0x20,xbank
A8B6,4,standalone,A8B6,4,A8B6,4,53,0x20,xbank
A859,4,standalone,A859,4,A859,4,53,0x20,xbank
A867,4,standalone,A867,4,A867,4,54,0x20,xbank
A89C,4,standalone,A89C,4,A89C,4,54,0x20,xbank
A8FB,4,standalone,A8FB,4,A8FB,4,51,0x20,xbank
BA08,5,secondary,BA06,5,BA06,5,1,0x20,xbank
B9F4,6,standalone,B9F4,6,B9F4,6,1,0x20,xbank
8012,0,standalone,8012,0,8012,0,18,0x20,xbank
8012,1,standalone,8012,1,8012,1,18,0x20,xbank
8012,3,standalone,8012,3,8012,3,18,0x20,xbank
8012,4,standalone,8012,4,8012,4,18,0x20,xbank
8012,5,standalone,8012,5,8012,5,18,0x20,xbank
8012,6,standalone,8012,6,8012,6,18,0x20,xbank
95F5,0,standalone,95F5,0,95F5,0,1,0x20,xbank
B5F5,0,standalone,B5F5,0,B5F5,0,1,0x20,xbank
95F5,1,standalone,95F5,1,95F5,1,1,0x20,xbank
B5F5,1,standalone,B5F5,1,B5F5,1,1,0x20,xbank
95F5,2,standalone,95F5,2,95F5,2,1,0x20,xbank
B5F5,2,standalone,B5F5,2,B5F5,2,1,0x20,xbank
95F5,3,standalone,95F5,3,95F5,3,1,0x20,xbank
B5F5,3,standalone,B5F5,3,B5F5,3,1,0x20,xbank
95F5,4,standalone,95F5,4,95F5,4,1,0x20,xbank
B5F5,4,standalone,B5F5,4,B5F5,4,1,0x20,xbank
95F5,5,standalone,95F5,5,95F5,5,1,0x20,xbank
B5F5,5,secondary,B212,5,B212,5,1,0x20,xbank
95F5,6,standalone,95F5,6,95F5,6,1,0x20,xbank
B5F5,6,standalone,B5F5,6,B5F5,6,1,0x20,xbank
9408,3,standalone,9408,3,9408,3,2,0x20,xbank
9447,4,standalone,9447,4,9447,4,1,0x20,xbank
94B4,4,standalone,94B4,4,94B4,4,2,0x20,xbank
95F1,4,standalone,95F1,4,95F1,4,12,0x24,table_run|xbank
965D,4,standalone,965D,4,965D,4,21,0x24,table_run|xbank
95FE,4,standalone,95FE,4,95FE,4,9,0x24,table_run|xbank
9615,4,standalone,9615,4,9615,4,10,0x24,table_run|xbank
966F,4,standalone,966F,4,966F,4,3,0x20,xbank
96C5,4,standalone,96C5,4,96C5,4,4,0x20,xbank
9893,4,standalone,9893,4,9893,4,9,0x24,table_run|xbank
98B0,4,standalone,98B0,4,98B0,4,9,0x24,table_run|xbank
992F,4,standalone,992F,4,992F,4,9,0x24,table_run|xbank
98CE,4,standalone,98CE,4,98CE,4,9,0x24,table_run|xbank
98D0,4,standalone,98D0,4,98D0,4,9,0x24,table_run|xbank
98DE,4,standalone,98DE,4,98DE,4,11,0x24,table_run|xbank
98F2,4,standalone,98F2,4,98F2,4,13,0x24,table_run|xbank
996C,4,standalone,996C,4,996C,4,13,0x24,table_run|xbank
99FD,4,standalone,99FD,4,99FD,4,14,0x24,table_run|xbank
99A7,4,standalone,99A7,4,99A7,4,14,0x24,table_run|xbank
9A45,4,standalone,9A45,4,9A45,4,14,0x24,table_run|xbank
99F2,4,standalone,99F2,4,99F2,4,14,0x24,table_run|xbank
9A05,4,standalone,9A05,4,9A05,4,16,0x24,table_run|xbank
943C,6,standalone,943C,6,943C,6,1,0x20,xbank
9D07,6,standalone,9D07,6,9D07,6,20,0x20,xbank
9E17,6,standalone,9E17,6,9E17,6,19,0x20,xbank
8795,6,secondary,873A,6,873A,6,29,0x24,table_run|xbank
A795,6,standalone,A795,6,A795,6,29,0x24,table_run|xbank
8015,6,standalone,8015,6,8015,6,13,0x20,xbank
A015,6,standalone,A015,6,A015,6,11,0x20,xbank
8050,6,standalone,8050,6,8050,6,12,0x24,table_run|xbank
A050,6,standalone,A050,6,A050,6,12,0x24,table_run|xbank
80F1,6,secondary,80C3,6,80C3,6,12,0x24,table_run|xbank
A0F1,6,standalone,A0F1,6,A0F1,6,12,0x24,table_run|xbank
8467,6,secondary,8445,6,8445,6,11,0x20,xbank
A467,6,standalone,A467,6,A467,6,11,0x20,xbank
8676,6,standalone,8676,6,8676,6,68,0x24,table_run|xbank
A676,6,standalone,A676,6,A676,6,68,0x24,table_run|xbank
CB10,7,standalone,CB10,7,C004,7,65,0x21,control|xbank
8B10,0,standalone,8B10,0,8B10,0,65,0x20,xbank
AB10,0,standalone,AB10,0,AB10,0,65,0x20,xbank
8B10,1,standalone,8B10,1,8B10,1,65,0x20,xbank
AB10,1,standalone,AB10,1,AB10,1,65,0x20,xbank
8B10,2,standalone,8B10,2,8B10,2,65,0x20,xbank
AB10,2,standalone,AB10,2,AB10,2,65,0x20,xbank
8B10,3,standalone,8B10,3,8B10,3,65,0x20,xbank
AB10,3,standalone,AB10,3,AB10,3,65,0x20,xbank
8B10,4,standalone,8B10,4,8B10,4,65,0x20,xbank
AB10,4,standalone,AB10,4,AB10,4,65,0x20,xbank
8B10,5,secondary,8594,5,8594,5,65,0x20,xbank
AB10,5,standalone,AB10,5,AB10,5,65,0x20,xbank
8B10,6,standalone,8B10,6,8B10,6,65,0x20,xbank
AB10,6,standalone,AB10,6,AB10,6,65,0x20,xbank
CB13,7,standalone,CB13,7,C004,7,69,0x25,control|table_run|xbank
8B13,0,standalone,8B13,0,8B13,0,69,0x20,xbank
AB13,0,standalone,AB13,0,AB13,0,69,0x20,xbank
8B13,1,standalone,8B13,1,8B13,1,69,0x20,xbank
AB13,1,standalone,AB13,1,AB13,1,69,0x20,xbank
8B13,2,standalone,8B13,2,8B13,2,69,0x20,xbank
AB13,2,standalone,AB13,2,AB13,2,69,0x20,xbank
8B13,3,standalone,8B13,3,8B13,3,69,0x20,xbank
AB13,3,standalone,AB13,3,AB13,3,69,0x20,xbank
8B13,4,standalone,8B13,4,8B13,4,69,0x20,xbank
AB13,4,standalone,AB13,4,AB13,4,69,0x20,xbank
8B13,5,standalone,8B13,5,8B13,5,69,0x20,xbank
AB13,5,standalone,AB13,5,AB13,5,69,0x20,xbank
8B13,6,standalone,8B13,6,8B13,6,69,0x20,xbank
AB13,6,standalone,AB13,6,AB13,6,69,0x20,xbank
80C3,6,standalone,80C3,6,80C3,6,26,0x21,control|xbank
A0C3,6,standalone,A0C3,6,A0C3,6,26,0x21,control|xbank
8082,6,standalone,8082,6,8082,6,13,0x21,control|xbank
A082,6,standalone,A082,6,A082,6,13,0x21,control|xbank
D0F5,7,standalone,D0F5,7,D0F5,7,10,0x03,control|ptr_scan
D197,7,standalone,D197,7,D197,7,2,0x03,control|ptr_scan
DEA8,7,standalone,DEA8,7,D0F5,7,83,0x03,control|ptr_scan
C354,7,standalone,C354,7,C354,7,2,0x20,xbank
C361,7,secondary,C004,7,C004,7,4,0x22,ptr_scan|xbank
9ACA,0,standalone,9ACA,0,9ACA,0,1,0x20,xbank
9ACA,1,standalone,9ACA,1,9ACA,1,1,0x20,xbank
9ACA,2,standalone,9ACA,2,9ACA,2,1,0x20,xbank
9ACA,3,standalone,9ACA,3,9ACA,3,1,0x20,xbank
9ACA,4,standalone,9ACA,4,9ACA,4,1,0x20,xbank
9ACA,5,secondary,9AC2,5,9AC2,5,1,0x20,xbank
9ACA,6,standalone,9ACA,6,9ACA,6,1,0x20,xbank
E544,7,standalone,E544,7,E544,7,10,0x03,control|ptr_scan
D9F0,7,standalone,D9F0,7,CA16,7,12,0x03,control|ptr_scan
99F0,0,standalone,99F0,0,99F0,0,10,0x20,xbank
B9F0,0,standalone,B9F0,0,B9F0,0,10,0x20,xbank
99F0,1,standalone,99F0,1,99F0,1,10,0x20,xbank
B9F0,1,standalone,B9F0,1,B9F0,1,10,0x20,xbank
99F0,2,standalone,99F0,2,99F0,2,10,0x20,xbank
B9F0,2,standalone,B9F0,2,B9F0,2,10,0x20,xbank
99F0,3,standalone,99F0,3,99F0,3,10,0x20,xbank
B9F0,3,standalone,B9F0,3,B9F0,3,10,0x20,xbank
99F0,4,standalone,99F0,4,99F0,4,10,0x20,xbank
B9F0,4,secondary,B0C6,4,B0C6,4,10,0x20,xbank
99F0,5,standalone,99F0,5,99F0,5,10,0x20,xbank
B9F0,5,standalone,B9F0,5,B9F0,5,10,0x20,xbank
99F0,6,standalone,99F0,6,99F0,6,10,0x20,xbank
B9F0,6,standalone,B9F0,6,B9F0,6,10,0x20,xbank
C444,7,standalone,C444,7,C444,7,2,0x20,xbank
96B8,0,standalone,96B8,0,96B8,0,1,0x20,xbank
B6B8,0,standalone,B6B8,0,B6B8,0,1,0x20,xbank
96B8,1,standalone,96B8,1,96B8,1,1,0x20,xbank
B6B8,1,standalone,B6B8,1,B6B8,1,1,0x20,xbank
96B8,2,standalone,96B8,2,96B8,2,1,0x20,xbank
B6B8,2,standalone,B6B8,2,B6B8,2,1,0x20,xbank
96B8,3,standalone,96B8,3,96B8,3,1,0x20,xbank
B6B8,3,standalone,B6B8,3,B6B8,3,1,0x20,xbank
96B8,4,standalone,96B8,4,96B8,4,1,0x20,xbank
96B8,5,secondary,8629,5,8629,5,1,0x20,xbank
B6B8,5,secondary,B212,5,B212,5,1,0x20,xbank
96B8,6,standalone,96B8,6,96B8,6,1,0x20,xbank
B6B8,6,standalone,B6B8,6,B6B8,6,1,0x20,xbank
97E8,0,standalone,97E8,0,97E8,0,3,0x20,xbank
B7E8,0,standalone,B7E8,0,B7E8,0,3,0x20,xbank
97E8,1,standalone,97E8,1,97E8,1,3,0x20,xbank
B7E8,1,standalone,B7E8,1,B7E8,1,3,0x20,xbank
97E8,2,standalone,97E8,2,97E8,2,3,0x20,xbank
B7E8,2,standalone,B7E8,2,B7E8,2,3,0x20,xbank
97E8,3,standalone,97E8,3,97E8,3,3,0x20,xbank
B7E8,3,standalone,B7E8,3,B7E8,3,3,0x20,xbank
97E8,4,standalone,97E8,4,97E8,4,3,0x20,xbank
B7E8,4,secondary,B0C6,4,B0C6,4,3,0x20,xbank
97E8,5,secondary,97E1,5,97E1,5,3,0x20,xbank
B7E8,5,secondary,B212,5,B212,5,3,0x20,xbank
97E8,6,standalone,97E8,6,97E8,6,3,0x20,xbank
B7E8,6,standalone,B7E8,6,B7E8,6,3,0x20,xbank
96F4,0,standalone,96F4,0,96F4,0,3,0x20,xbank
B6F4,0,standalone,B6F4,0,B6F4,0,3,0x20,xbank
96F4,1,standalone,96F4,1,96F4,1,3,0x20,xbank
B6F4,1,standalone,B6F4,1,B6F4,1,3,0x20,xbank
96F4,2,standalone,96F4,2,96F4,2,3,0x20,xbank
B6F4,2,standalone,B6F4,2,B6F4,2,3,0x20,xbank
96F4,3,standalone,96F4,3,96F4,3,3,0x20,xbank
B6F4,3,standalone,B6F4,3,B6F4,3,3,0x20,xbank
96F4,4,standalone,96F4,4,96F4,4,3,0x20,xbank
B6F4,4,secondary,B0C6,4,B0C6,4,3,0x20,xbank
96F4,5,secondary,8629,5,8629,5,3,0x20,xbank
B6F4,5,standalone,B6F4,5,B6F4,5,3,0x20,xbank
96F4,6,standalone,96F4,6,96F4,6,3,0x20,xbank
B6F4,6,standalone,B6F4,6,B6F4,6,3,0x20,xbank
9756,0,standalone,9756,0,9756,0,49,0x20,xbank
B756,0,standalone,B756,0,B756,0,49,0x20,xbank
9756,1,standalone,9756,1,9756,1,49,0x20,xbank
B756,1,standalone,B756,1,B756,1,49,0x20,xbank
9756,2,standalone,9756,2,9756,2,49,0x20,xbank
B756,2,standalone,B756,2,B756,2,49,0x20,xbank
9756,3,standalone,9756,3,9756,3,49,0x20,xbank
B756,3,standalone,B756,3,B756,3,49,0x20,xbank
9756,4,standalone,9756,4,9756,4,49,0x20,xbank
B756,4,secondary,B0C6,4,B0C6,4,49,0x20,xbank
9756,5,secondary,974C,5,974C,5,49,0x20,xbank
B756,5,secondary,B212,5,B212,5,49,0x20,xbank
9756,6,standalone,9756,6,9756,6,49,0x20,xbank
B756,6,standalone,B756,6,B756,6,49,0x20,xbank
9950,0,standalone,9950,0,9950,0,3,0x20,xbank
B950,0,standalone,B950,0,B950,0,3,0x20,xbank
9950,1,standalone,9950,1,9950,1,3,0x20,xbank
B950,1,standalone,B950,1,B950,1,3,0x20,xbank
9950,2,standalone,9950,2,9950,2,3,0x20,xbank
B950,2,standalone,B950,2,B950,2,3,0x20,xbank
9950,3,standalone,9950,3,9950,3,3,0x20,xbank
B950,3,standalone,B950,3,B950,3,3,0x20,xbank
9950,4,standalone,9950,4,9950,4,3,0x20,xbank
B950,4,secondary,B0C6,4,B0C6,4,3,0x20,xbank
9950,5,secondary,993A,5,993A,5,3,0x20,xbank
B950,5,secondary,B212,5,B212,5,3,0x20,xbank
9950,6,standalone,9950,6,9950,6,3,0x20,xbank
B950,6,standalone,B950,6,B950,6,3,0x20,xbank
9920,0,standalone,9920,0,9920,0,4,0x20,xbank
B920,0,standalone,B920,0,B920,0,4,0x20,xbank
9920,1,standalone,9920,1,9920,1,4,0x20,xbank
B920,1,standalone,B920,1,B920,1,4,0x20,xbank
9920,2,standalone,9920,2,9920,2,4,0x20,xbank
B920,2,standalone,B920,2,B920,2,4,0x20,xbank
9920,3,standalone,9920,3,9920,3,4,0x20,xbank
B920,3,standalone,B920,3,B920,3,4,0x20,xbank
9920,4,standalone,9920,4,9920,4,4,0x20,xbank
9920,5,standalone,9920,5,9920,5,4,0x20,xbank
B920,5,secondary,B8A0,5,B8A0,5,4,0x20,xbank
9920,6,standalone,9920,6,9920,6,4,0x20,xbank
B920,6,standalone,B920,6,B920,6,4,0x20,xbank
9842,0,standalone,9842,0,9842,0,13,0x20,xbank
B842,0,standalone,B842,0,B842,0,13,0x20,xbank
9842,1,standalone,9842,1,9842,1,13,0x20,xbank
B842,1,standalone,B842,1,B842,1,13,0x20,xbank
9842,2,standalone,9842,2,9842,2,13,0x20,xbank
B842,2,standalone,B842,2,B842,2,13,0x20,xbank
9842,3,standalone,9842,3,9842,3,13,0x20,xbank
B842,3,standalone,B842,3,B842,3,13,0x20,xbank
9842,4,standalone,9842,4,9842,4,13,0x20,xbank
B842,4,secondary,B0C6,4,B0C6,4,13,0x20,xbank
9842,5,secondary,9802,5,9802,5,13,0x20,xbank
B842,5,standalone,B842,5,B842,5,13,0x20,xbank
9842,6,standalone,9842,6,9842,6,13,0x20,xbank
B842,6,standalone,B842,6,B842,6,13,0x20,xbank
C735,7,secondary,C004,7,C004,7,1,0x20,xbank
E4B5,7,standalone,E4B5,7,E4B5,7,2,0x03,control|ptr_scan
881F,4,standalone,881F,4,881F,4,1,0x20,xbank
A81F,4,standalone,A81F,4,A81F,4,1,0x20,xbank
B5AB,4,standalone,B5AB,4,B5AB,4,1,0x20,xbank
B875,4,standalone,B875,4,B875,4,1,0x20,xbank
B851,4,standalone,B851,4,B851,4,1,0x20,xbank
B9A0,4,standalone,B9A0,4,B9A0,4,2,0x20,xbank
BB67,4,standalone,BB67,4,BB67,4,1,0x20,xbank
BBA7,4,standalone,BBA7,4,BBA7,4,1,0x20,xbank
BBD5,4,standalone,BBD5,4,BBD5,4,1,0x20,xbank
9802,5,standalone,9802,5,9483,5,12,0x25,control|table_run|xbank
B791,5,standalone,B791,5,B212,5,4,0x25,control|table_run|xbank
ED45,7,standalone,ED45,7,ED45,7,92,0x27,control|ptr_scan|table_run|xbank
9304,6,standalone,9304,6,9304,6,2,0x20,xbank
930C,6,standalone,930C,6,930C,6,2,0x20,xbank
B2A2,6,standalone,B2A2,6,B2A2,6,7,0x24,table_run|xbank
B2A8,6,standalone,B2A8,6,B2A8,6,6,0x24,table_run|xbank
B29E,6,standalone,B29E,6,B29E,6,8,0x24,table_run|xbank
B2B6,6,standalone,B2B6,6,B2B6,6,7,0x24,table_run|xbank
B2BC,6,standalone,B2BC,6,B2BC,6,6,0x24,table_run|xbank
B2F5,6,standalone,B2F5,6,B2F5,6,2,0x20,xbank
BFAD,0,standalone,BFAD,0,BFAD,0,1,0x20,xbank
BF2E,0,standalone,BF2E,0,BF2E,0,1,0x20,xbank
9649,1,standalone,9649,1,9649,1,5,0x20,xbank
963B,1,standalone,963B,1,963B,1,5,0x20,xbank
9672,1,standalone,9672,1,9672,1,5,0x20,xbank
B420,1,standalone,B420,1,B420,1,5,0x20,xbank
9420,1,standalone,9420,1,9420,1,5,0x20,xbank
9717,1,standalone,9717,1,9717,1,5,0x20,xbank
9727,1,standalone,9727,1,9727,1,5,0x20,xbank
979E,1,standalone,979E,1,979E,1,5,0x20,xbank
97D7,1,standalone,97D7,1,97D7,1,5,0x20,xbank
8602,1,standalone,8602,1,8602,1,4,0x20,xbank
988E,1,standalone,988E,1,988E,1,5,0x20,xbank
993A,1,standalone,993A,1,993A,1,5,0x20,xbank
9942,1,standalone,9942,1,9942,1,5,0x20,xbank
99EA,1,standalone,99EA,1,99EA,1,5,0x20,xbank
9A13,1,standalone,9A13,1,9A13,1,5,0x20,xbank
9A05,1,standalone,9A05,1,9A05,1,5,0x20,xbank
9A78,1,standalone,9A78,1,9A78,1,5,0x20,xbank
9A8E,1,standalone,9A8E,1,9A8E,1,5,0x20,xbank
9A9D,1,standalone,9A9D,1,9A9D,1,5,0x20,xbank
9AB0,1,standalone,9AB0,1,9AB0,1,5,0x20,xbank
A622,1,standalone,A622,1,A622,1,6,0x20,xbank
8622,1,standalone,8622,1,8622,1,6,0x20,xbank
9B30,1,standalone,9B30,1,9B30,1,5,0x20,xbank
E900,7,standalone,E900,7,E900,7,6,0x20,xbank
9BB4,1,standalone,9BB4,1,9BB4,1,6,0x20,xbank
8030,1,standalone,8030,1,8030,1,7,0x20,xbank
9C25,1,standalone,9C25,1,9C25,1,6,0x20,xbank
9C62,1,standalone,9C62,1,9C62,1,6,0x20,xbank
9C71,1,standalone,9C71,1,9C71,1,6,0x20,xbank
9300,1,standalone,9300,1,9300,1,5,0x24,table_run|xbank
9E7F,1,standalone,9E7F,1,9E7F,1,5,0x24,table_run|xbank
E868,7,standalone,E868,7,E868,7,5,0x24,table_run|xbank
BCD9,3,standalone,BCD9,3,BCD9,3,20,0x20,xbank
BCCC,3,standalone,BCCC,3,BCCC,3,20,0x20,xbank
BDF9,3,standalone,BDF9,3,BDF9,3,20,0x20,xbank
960A,4,standalone,960A,4,960A,4,1,0x20,xbank
ED0C,7,standalone,ED0C,7,ED0C,7,27,0x25,control|table_run|xbank
961C,2,standalone,961C,2,961C,2,1,0x20,xbank
963A,2,standalone,963A,2,963A,2,3,0x20,xbank
9658,2,standalone,9658,2,9658,2,3,0x24,table_run|xbank
B63A,3,standalone,B63A,3,B63A,3,1,0x20,xbank
8BCA,6,standalone,8BCA,6,8BCA,6,1,0x20,xbank
8437,4,standalone,8437,4,8437,4,1,0x20,xbank
9015,5,standalone,9015,5,8594,5,2,0x21,control|xbank
8A5B,6,standalone,8A5B,6,8A5B,6,14,0x25,control|table_run|xbank
B082,4,standalone,B082,4,B082,4,1,0x20,xbank
B0D6,4,secondary,B0D0,4,B0D0,4,1,0x20,xbank
B158,4,standalone,B158,4,B158,4,1,0x20,xbank
B179,4,standalone,B179,4,B179,4,1,0x20,xbank
8F86,5,secondary,8594,5,8594,5,1,0x20,xbank
9B6E,5,standalone,9B6E,5,9483,5,89,0x25,control|table_run|xbank
8F8B,5,standalone,8F8B,5,8594,5,22,0x25,control|table_run|xbank
8FC2,5,standalone,8FC2,5,8594,5,21,0x25,control|table_run|xbank
FC13,7,secondary,F72F,7,F72F,7,5,0x26,ptr_scan|table_run|xbank
A835,3,standalone,A835,3,A835,3,6,0x20,xbank
FC08,7,secondary,F72F,7,F72F,7,11,0x24,table_run|xbank
AB75,3,standalone,AB75,3,AB75,3,6,0x20,xbank
ABAB,3,standalone,ABAB,3,ABAB,3,6,0x20,xbank
8895,6,standalone,8895,6,8895,6,15,0x25,control|table_run|xbank
A822,6,standalone,A822,6,A822,6,1,0x20,xbank
A803,6,standalone,A803,6,A803,6,2,0x20,xbank
AFBF,5,standalone,AFBF,5,AFBF,5,19,0x25,control|table_run|xbank
AFC1,5,standalone,AFC1,5,AFBF,5,3,0x25,control|table_run|xbank
92B8,6,standalone,92B8,6,92B8,6,2,0x20,xbank
92D0,6,standalone,92D0,6,92D0,6,10,0x20,xbank
92D8,6,standalone,92D8,6,92D8,6,4,0x20,xbank
92E0,6,standalone,92E0,6,92E0,6,4,0x20,xbank
9402,6,standalone,9402,6,9402,6,2,0x20,xbank
940A,6,standalone,940A,6,940A,6,2,0x20,xbank
9412,6,standalone,9412,6,9412,6,1,0x20,xbank
84F2,5,standalone,84F2,5,84F2,5,19,0x25,control|table_run|xbank
84EC,6,secondary,84EA,6,84EA,6,23,0x24,table_run|xbank
85E1,6,standalone,85E1,6,8567,6,31,0x25,control|table_run|xbank
E457,7,standalone,E457,7,E457,7,262,0x24,table_run|xbank
8390,6,standalone,8390,6,8390,6,36,0x24,table_run|xbank
A390,6,standalone,A390,6,A390,6,36,0x24,table_run|xbank
837D,6,standalone,837D,6,837D,6,40,0x24,table_run|xbank
A37D,6,standalone,A37D,6,A37D,6,40,0x24,table_run|xbank
8361,6,standalone,8361,6,8361,6,9,0x24,table_run|xbank
A361,6,standalone,A361,6,A361,6,9,0x24,table_run|xbank
83A8,6,standalone,83A8,6,83A8,6,22,0x24,table_run|xbank
A3A8,6,standalone,A3A8,6,A3A8,6,22,0x24,table_run|xbank
828F,6,standalone,828F,6,828F,6,12,0x24,table_run|xbank
A28F,6,standalone,A28F,6,A28F,6,12,0x24,table_run|xbank
83E0,6,secondary,83AE,6,83AE,6,20,0x20,xbank
A3E0,6,standalone,A3E0,6,A3E0,6,20,0x20,xbank
832F,6,standalone,832F,6,832F,6,11,0x24,table_run|xbank
A32F,6,standalone,A32F,6,A32F,6,11,0x24,table_run|xbank
83CA,6,secondary,83AE,6,83AE,6,54,0x20,xbank
A3CA,6,standalone,A3CA,6,A3CA,6,54,0x20,xbank
83D9,6,standalone,83D9,6,83D9,6,18,0x20,xbank
A3D9,6,standalone,A3D9,6,A3D9,6,18,0x20,xbank
EEF1,7,standalone,EEF1,7,EEF1,7,14,0x24,table_run|xbank
85BE,6,standalone,85BE,6,85BE,6,16,0x25,control|table_run|xbank
A5BE,6,standalone,A5BE,6,A5BE,6,16,0x25,control|table_run|xbank
8513,6,secondary,84EA,6,84EA,6,8,0x24,table_run|xbank
A513,6,standalone,A513,6,A513,6,8,0x24,table_run|xbank
A58E,6,standalone,A58E,6,A58E,6,7,0x24,table_run|xbank
A596,6,standalone,A596,6,A596,6,7,0x24,table_run|xbank
A5AB,6,standalone,A5AB,6,A5AB,6,8,0x24,table_run|xbank
CB16,7,secondary,C004,7,C004,7,31,0x24,table_run|xbank
8B16,0,standalone,8B16,0,8B16,0,31,0x20,xbank
AB16,0,standalone,AB16,0,AB16,0,31,0x20,xbank
8B16,1,standalone,8B16,1,8B16,1,31,0x20,xbank
AB16,1,standalone,AB16,1,AB16,1,31,0x20,xbank
8B16,2,standalone,8B16,2,8B16,2,31,0x20,xbank
AB16,2,standalone,AB16,2,AB16,2,31,0x20,xbank
8B16,3,standalone,8B16,3,8B16,3,31,0x20,xbank
AB16,3,standalone,AB16,3,AB16,3,31,0x20,xbank
8B16,4,standalone,8B16,4,8B16,4,31,0x20,xbank
AB16,4,standalone,AB16,4,AB16,4,31,0x20,xbank
8B16,5,secondary,8594,5,8594,5,31,0x20,xbank
AB16,5,standalone,AB16,5,AB16,5,31,0x20,xbank
8B16,6,standalone,8B16,6,8B16,6,31,0x20,xbank
AB16,6,standalone,AB16,6,AB16,6,31,0x20,xbank
8607,6,standalone,8607,6,8567,6,32,0x25,control|table_run|xbank
A607,6,standalone,A607,6,A607,6,32,0x25,control|table_run|xbank
CB19,7,standalone,CB19,7,C004,7,11,0x25,control|table_run|xbank
8B19,0,standalone,8B19,0,8B19,0,11,0x20,xbank
AB19,0,standalone,AB19,0,AB19,0,11,0x20,xbank
8B19,1,standalone,8B19,1,8B19,1,11,0x20,xbank
AB19,1,standalone,AB19,1,AB19,1,11,0x20,xbank
8B19,2,standalone,8B19,2,8B19,2,11,0x20,xbank
AB19,2,standalone,AB19,2,AB19,2,11,0x20,xbank
8B19,3,standalone,8B19,3,8B19,3,11,0x20,xbank
AB19,3,standalone,AB19,3,AB19,3,11,0x20,xbank
8B19,4,standalone,8B19,4,8B19,4,11,0x20,xbank
AB19,4,standalone,AB19,4,AB19,4,11,0x20,xbank
8B19,5,secondary,8594,5,8594,5,11,0x20,xbank
AB19,5,standalone,AB19,5,AB19,5,11,0x20,xbank
8B19,6,standalone,8B19,6,8B19,6,11,0x20,xbank
AB19,6,standalone,AB19,6,AB19,6,11,0x20,xbank
8609,6,standalone,8609,6,8609,6,10,0x24,table_run|xbank
A609,6,secondary,A607,6,A607,6,10,0x24,table_run|xbank
8619,6,standalone,8619,6,8619,6,10,0x24,table_run|xbank
A619,6,secondary,A607,6,A607,6,10,0x24,table_run|xbank
A635,6,standalone,A635,6,A635,6,8,0x24,table_run|xbank
FF5C,7,secondary,FCFD,7,FCFD,7,8,0x24,table_run|xbank
A6A3,6,standalone,A6A3,6,A6A3,6,8,0x24,table_run|xbank
A687,6,standalone,A687,6,A687,6,8,0x24,table_run|xbank
A6C9,6,standalone,A6C9,6,A6C9,6,8,0x24,table_run|xbank
8694,6,standalone,8694,6,8694,6,10,0x24,table_run|xbank
A694,6,standalone,A694,6,A694,6,10,0x24,table_run|xbank
9A5D,6,standalone,9A5D,6,9A5D,6,1,0x20,xbank
CB1C,7,standalone,CB1C,7,C004,7,10,0x25,control|table_run|xbank
8B1C,0,standalone,8B1C,0,8B1C,0,10,0x20,xbank
AB1C,0,standalone,AB1C,0,AB1C,0,10,0x20,xbank
8B1C,1,standalone,8B1C,1,8B1C,1,10,0x20,xbank
AB1C,1,standalone,AB1C,1,AB1C,1,10,0x20,xbank
8B1C,2,standalone,8B1C,2,8B1C,2,10,0x20,xbank
AB1C,2,standalone,AB1C,2,AB1C,2,10,0x20,xbank
8B1C,3,standalone,8B1C,3,8B1C,3,10,0x20,xbank
AB1C,3,standalone,AB1C,3,AB1C,3,10,0x20,xbank
8B1C,4,standalone,8B1C,4,8B1C,4,10,0x20,xbank
AB1C,4,standalone,AB1C,4,AB1C,4,10,0x20,xbank
8B1C,5,secondary,8594,5,8594,5,10,0x20,xbank
AB1C,5,standalone,AB1C,5,AB1C,5,10,0x20,xbank
8B1C,6,standalone,8B1C,6,8B1C,6,10,0x20,xbank
AB1C,6,standalone,AB1C,6,AB1C,6,10,0x20,xbank
884E,6,standalone,884E,6,884E,6,7,0x24,table_run|xbank
A84E,6,standalone,A84E,6,A84E,6,7,0x24,table_run|xbank
9B8E,6,standalone,9B8E,6,9B8E,6,1,0x20,xbank
BA04,2,standalone,BA04,2,BA04,2,1,0x20,xbank
FCA5,7,standalone,FCA5,7,FCA5,7,1,0x20,xbank
FBD9,7,standalone,FBD9,7,FBD9,7,34,0x22,ptr_scan|xbank
FC0A,7,standalone,FC0A,7,FC0A,7,16,0x22,ptr_scan|xbank
BB2C,5,standalone,BB2C,5,BB28,5,8,0x25,control|table_run|xbank
F9F2,7,standalone,F9F2,7,F72F,7,67,0x23,control|ptr_scan|xbank
B757,3,standalone,B757,3,B757,3,1,0x20,xbank
A0BC,3,standalone,A0BC,3,A0BC,3,3,0x20,xbank
A0EF,3,standalone,A0EF,3,A0EF,3,2,0x20,xbank
A102,3,standalone,A102,3,A102,3,1,0x20,xbank
B869,3,standalone,B869,3,B869,3,1,0x20,xbank
B81B,3,standalone,B81B,3,B81B,3,1,0x20,xbank
B7DD,3,standalone,B7DD,3,B7DD,3,1,0x20,xbank
99BB,3,standalone,99BB,3,99BB,3,1,0x20,xbank
C2CC,7,standalone,C2CC,7,C2CC,7,3,0x20,xbank
82E4,5,standalone,82E4,5,82E4,5,6,0x21,control|xbank
8302,5,standalone,8302,5,82B0,5,3,0x21,control|xbank
EC72,7,standalone,EC72,7,EC36,7,70,0x25,control|table_run|xbank
A37D,5,standalone,A37D,5,9483,5,8,0x25,control|table_run|xbank
9A97,5,standalone,9A97,5,9483,5,67,0x25,control|table_run|xbank
BA97,5,standalone,BA97,5,BA97,5,15,0x25,control|table_run|xbank
9AA4,5,standalone,9AA4,5,9483,5,65,0x25,control|table_run|xbank
BAA4,5,standalone,BAA4,5,BAA4,5,15,0x25,control|table_run|xbank
EB97,7,standalone,EB97,7,EB97,7,9,0x24,table_run|xbank
85E5,3,standalone,85E5,3,85E5,3,1,0x20,xbank
A5D8,3,standalone,A5D8,3,A5D8,3,4,0x20,xbank
A60E,3,standalone,A60E,3,A60E,3,1,0x20,xbank
85CE,4,secondary,856F,4,856F,4,3,0x20,xbank
85D1,4,standalone,85D1,4,85D1,4,3,0x20,xbank
85D9,4,secondary,856F,4,856F,4,3,0x20,xbank
86B3,5,standalone,86B3,5,86B3,5,17,0x25,control|table_run|xbank
86C1,5,standalone,86C1,5,86C1,5,17,0x25,control|table_run|xbank
870D,5,standalone,870D,5,86B3,5,20,0x25,control|table_run|xbank
8A27,5,standalone,8A27,5,8A27,5,20,0x25,control|table_run|xbank
8C6D,5,standalone,8C6D,5,8C6D,5,20,0x25,control|table_run|xbank
8F19,5,standalone,8F19,5,8594,5,24,0x25,control|table_run|xbank
8F29,5,standalone,8F29,5,8594,5,24,0x25,control|table_run|xbank
904E,5,standalone,904E,5,8594,5,21,0x25,control|table_run|xbank
9083,5,standalone,9083,5,8594,5,21,0x25,control|table_run|xbank
9060,5,standalone,9060,5,8594,5,22,0x25,control|table_run|xbank
90C3,5,standalone,90C3,5,9083,5,25,0x25,control|table_run|xbank
910A,5,standalone,910A,5,8594,5,21,0x25,control|table_run|xbank
913C,5,standalone,913C,5,8594,5,21,0x25,control|table_run|xbank
911A,5,standalone,911A,5,8594,5,22,0x25,control|table_run|xbank
917D,5,standalone,917D,5,913C,5,25,0x25,control|table_run|xbank
EC91,7,standalone,EC91,7,EC91,7,51,0x27,control|ptr_scan|table_run|xbank
9213,5,standalone,9213,5,8594,5,48,0x25,control|table_run|xbank
EC36,7,standalone,EC36,7,EC36,7,28,0x25,control|table_run|xbank
943A,5,standalone,943A,5,8594,5,20,0x25,control|table_run|xbank
9568,5,standalone,9568,5,8594,5,24,0x25,control|table_run|xbank
9594,5,standalone,9594,5,9594,5,23,0x25,control|table_run|xbank
97E1,5,standalone,97E1,5,9483,5,26,0x25,control|table_run|xbank
EC48,7,standalone,EC48,7,EC36,7,18,0x25,control|table_run|xbank
96A0,5,standalone,96A0,5,85C7,5,14,0x25,control|table_run|xbank
9912,5,standalone,9912,5,9483,5,43,0x25,control|table_run|xbank
993A,5,standalone,993A,5,9483,5,31,0x25,control|table_run|xbank
A65A,5,standalone,A65A,5,99A0,5,8,0x25,control|table_run|xbank
A67F,5,standalone,A67F,5,99A0,5,8,0x25,control|table_run|xbank
87F1,1,standalone,87F1,1,87F1,1,1,0x20,xbank
8811,1,standalone,8811,1,8811,1,1,0x20,xbank
8841,1,standalone,8841,1,8841,1,1,0x20,xbank
891F,1,standalone,891F,1,891F,1,1,0x20,xbank
8ADF,1,standalone,8ADF,1,8ADF,1,2,0x20,xbank
8AF1,1,standalone,8AF1,1,8AF1,1,2,0x20,xbank
8B11,1,standalone,8B11,1,8B11,1,2,0x20,xbank
8B3E,1,standalone,8B3E,1,8B3E,1,2,0x20,xbank
8B57,1,standalone,8B57,1,8B57,1,3,0x20,xbank
8BF2,1,standalone,8BF2,1,8BF2,1,3,0x20,xbank
CFC9,7,secondary,C004,7,C004,7,4,0x20,xbank
8FC9,0,standalone,8FC9,0,8FC9,0,4,0x20,xbank
AFC9,0,standalone,AFC9,0,AFC9,0,4,0x20,xbank
8FC9,1,standalone,8FC9,1,8FC9,1,4,0x20,xbank
AFC9,1,standalone,AFC9,1,AFC9,1,4,0x20,xbank
8FC9,2,standalone,8FC9,2,8FC9,2,4,0x20,xbank
AFC9,2,standalone,AFC9,2,AFC9,2,4,0x20,xbank
8FC9,3,standalone,8FC9,3,8FC9,3,4,0x20,xbank
AFC9,3,standalone,AFC9,3,AFC9,3,4,0x20,xbank
8FC9,4,standalone,8FC9,4,8FC9,4,4,0x20,xbank
AFC9,4,standalone,AFC9,4,AFC9,4,4,0x20,xbank
8FC9,5,secondary,8FC2,5,8FC2,5,4,0x20,xbank
AFC9,5,standalone,AFC9,5,AFC9,5,4,0x20,xbank
8FC9,6,standalone,8FC9,6,8FC9,6,4,0x20,xbank
AFC9,6,standalone,AFC9,6,AFC9,6,4,0x20,xbank
8FDF,1,standalone,8FDF,1,8FDF,1,3,0x20,xbank
907B,1,standalone,907B,1,907B,1,3,0x20,xbank
9150,1,standalone,9150,1,9150,1,3,0x20,xbank
91BE,1,standalone,91BE,1,91BE,1,3,0x20,xbank
91A2,1,standalone,91A2,1,91A2,1,3,0x20,xbank
888E,1,standalone,888E,1,888E,1,5,0x20,xbank
F19F,7,standalone,F19F,7,F19F,7,5,0x20,xbank
9223,1,standalone,9223,1,9223,1,5,0x20,xbank
CDF2,7,secondary,C004,7,C004,7,5,0x20,xbank
8DF2,0,standalone,8DF2,0,8DF2,0,5,0x20,xbank
ADF2,0,standalone,ADF2,0,ADF2,0,5,0x20,xbank
8DF2,1,standalone,8DF2,1,8DF2,1,5,0x20,xbank
ADF2,1,standalone,ADF2,1,ADF2,1,5,0x20,xbank
8DF2,2,standalone,8DF2,2,8DF2,2,5,0x20,xbank
ADF2,2,standalone,ADF2,2,ADF2,2,5,0x20,xbank
8DF2,3,standalone,8DF2,3,8DF2,3,5,0x20,xbank
ADF2,3,standalone,ADF2,3,ADF2,3,5,0x20,xbank
8DF2,4,standalone,8DF2,4,8DF2,4,5,0x20,xbank
ADF2,4,standalone,ADF2,4,ADF2,4,5,0x20,xbank
8DF2,5,secondary,8594,5,8594,5,5,0x20,xbank
ADF2,5,secondary,ADEE,5,ADEE,5,5,0x20,xbank
8DF2,6,standalone,8DF2,6,8DF2,6,5,0x20,xbank
ADF2,6,standalone,ADF2,6,ADF2,6,5,0x20,xbank
93ED,1,standalone,93ED,1,93ED,1,5,0x20,xbank
94D2,1,standalone,94D2,1,94D2,1,5,0x20,xbank
A73F,3,standalone,A73F,3,A73F,3,2,0x20,xbank
876D,5,standalone,876D,5,876D,5,9,0x24,table_run|xbank
876F,5,standalone,876F,5,876F,5,8,0x24,table_run|xbank
8771,5,standalone,8771,5,8771,5,7,0x24,table_run|xbank
8775,5,standalone,8775,5,8775,5,4,0x24,table_run|xbank
8772,5,standalone,8772,5,8772,5,6,0x24,table_run|xbank
8774,5,secondary,86B3,5,86B3,5,5,0x24,table_run|xbank
8B66,6,standalone,8B66,6,8B66,6,13,0x25,control|table_run|xbank
8703,3,standalone,8703,3,8703,3,1,0x20,xbank
A78A,3,standalone,A78A,3,A78A,3,5,0x20,xbank
A7FC,3,standalone,A7FC,3,A7FC,3,5,0x20,xbank
A82C,3,standalone,A82C,3,A82C,3,5,0x20,xbank
A8F1,4,standalone,A8F1,4,A8F1,4,48,0x20,xbank
A9B5,4,standalone,A9B5,4,A9B5,4,46,0x20,xbank
A95C,4,standalone,A95C,4,A95C,4,46,0x20,xbank
A971,4,standalone,A971,4,A971,4,46,0x20,xbank
A9F9,4,standalone,A9F9,4,A9F9,4,47,0x20,xbank
AA05,4,standalone,AA05,4,AA05,4,47,0x20,xbank
AA64,4,standalone,AA64,4,AA64,4,47,0x20,xbank
AA5C,4,standalone,AA5C,4,AA5C,4,47,0x20,xbank
AAE4,4,standalone,AAE4,4,AAE4,4,49,0x20,xbank
AB76,4,standalone,AB76,4,AB76,4,49,0x20,xbank
AB37,4,standalone,AB37,4,AB37,4,49,0x20,xbank
AB65,4,standalone,AB65,4,AB65,4,49,0x20,xbank
AB9F,4,standalone,AB9F,4,AB9F,4,52,0x20,xbank
ABAD,4,standalone,ABAD,4,ABAD,4,52,0x20,xbank
AC46,4,standalone,AC46,4,AC46,4,52,0x20,xbank
ABFC,4,standalone,ABFC,4,ABFC,4,52,0x20,xbank
AC37,4,standalone,AC37,4,AC37,4,53,0x20,xbank
AC47,4,standalone,AC47,4,AC47,4,53,0x20,xbank
BC31,3,standalone,BC31,3,BC31,3,1,0x20,xbank
BC03,3,standalone,BC03,3,BC03,3,1,0x20,xbank
BBAE,3,standalone,BBAE,3,BBAE,3,1,0x20,xbank
BB62,3,standalone,BB62,3,BB62,3,1,0x20,xbank
8CFA,6,standalone,8CFA,6,8CFA,6,4,0x25,control|table_run|xbank
AEB3,4,standalone,AEB3,4,AEB3,4,1,0x20,xbank
AED1,4,standalone,AED1,4,AED1,4,1,0x20,xbank
AF0B,4,standalone,AF0B,4,AF0B,4,1,0x20,xbank
8021,0,standalone,8021,0,8021,0,2,0x20,xbank
8021,1,standalone,8021,1,8021,1,2,0x20,xbank
8021,2,standalone,8021,2,8021,2,2,0x20,xbank
8021,3,standalone,8021,3,8021,3,2,0x20,xbank
8021,4,standalone,8021,4,8021,4,2,0x20,xbank
8021,5,standalone,8021,5,8021,5,2,0x20,xbank
8021,6,standalone,8021,6,8021,6,2,0x20,xbank
801E,0,standalone,801E,0,801E,0,14,0x20,xbank
801E,1,standalone,801E,1,801E,1,14,0x20,xbank
801E,3,standalone,801E,3,801E,3,14,0x20,xbank
801E,4,standalone,801E,4,801E,4,14,0x20,xbank
801E,5,standalone,801E,5,801E,5,14,0x20,xbank
801E,6,standalone,801E,6,801E,6,14,0x20,xbank
B514,5,standalone,B514,5,B4EA,5,4,0x25,control|table_run|xbank
9986,6,secondary,9985,6,9985,6,1,0x20,xbank
8707,6,standalone,8707,6,8707,6,1,0x20,xbank
81B5,6,standalone,81B5,6,81B5,6,1,0x20,xbank
84CE,6,standalone,84CE,6,84CE,6,2,0x24,table_run|xbank
8561,6,standalone,8561,6,8561,6,2,0x24,table_run|xbank
86B9,6,standalone,86B9,6,86B9,6,2,0x24,table_run|xbank
86E3,6,standalone,86E3,6,86E3,6,2,0x24,table_run|xbank
8023,4,standalone,8023,4,8023,4,1,0x20,xbank
8EFF,5,secondary,8EFD,5,8EFD,5,1,0x20,xbank
871D,6,standalone,871D,6,871D,6,1,0x20,xbank
8F55,5,secondary,8594,5,8594,5,1,0x20,xbank
9778,2,standalone,9778,2,9778,2,1,0x20,xbank
9794,4,standalone,9794,4,9794,4,1,0x20,xbank
9EFC,0,standalone,9EFC,0,9EFC,0,1,0x20,xbank
BC34,1,standalone,BC34,1,BC34,1,3,0x20,xbank
BC38,1,standalone,BC38,1,BC38,1,1,0x20,xbank
BC46,1,standalone,BC46,1,BC46,1,1,0x20,xbank
BC5A,1,standalone,BC5A,1,BC5A,1,1,0x20,xbank
BC76,1,standalone,BC76,1,BC76,1,2,0x20,xbank
BC41,1,standalone,BC41,1,BC41,1,3,0x20,xbank
BC97,1,standalone,BC97,1,BC97,1,3,0x20,xbank
BD54,1,standalone,BD54,1,BD54,1,3,0x20,xbank
BD66,1,standalone,BD66,1,BD66,1,3,0x20,xbank
BD77,1,standalone,BD77,1,BD77,1,3,0x20,xbank
BD97,1,standalone,BD97,1,BD97,1,3,0x20,xbank
BDF0,1,standalone,BDF0,1,BDF0,1,3,0x20,xbank
9C22,0,standalone,9C22,0,9C22,0,1,0x20,xbank
9C5B,0,standalone,9C5B,0,9C5B,0,2,0x20,xbank
9CB7,0,standalone,9CB7,0,9CB7,0,2,0x20,xbank
9D35,0,standalone,9D35,0,9D35,0,2,0x20,xbank
9D52,0,standalone,9D52,0,9D52,0,2,0x20,xbank
9DD4,0,standalone,9DD4,0,9DD4,0,2,0x20,xbank
9E46,0,standalone,9E46,0,9E46,0,2,0x20,xbank
9E5C,0,standalone,9E5C,0,9E5C,0,2,0x20,xbank
9EE4,0,standalone,9EE4,0,9EE4,0,2,0x20,xbank
9F52,0,standalone,9F52,0,9F52,0,2,0x20,xbank
9F2B,0,standalone,9F2B,0,9F2B,0,2,0x20,xbank
8288,0,standalone,8288,0,8288,0,2,0x20,xbank
9F5D,0,standalone,9F5D,0,9F5D,0,2,0x20,xbank
8500,0,standalone,8500,0,8500,0,2,0x20,xbank
9FB1,0,standalone,9FB1,0,9FB1,0,2,0x20,xbank
A002,0,standalone,A002,0,A002,0,2,0x20,xbank
A18E,0,standalone,A18E,0,A18E,0,2,0x20,xbank
A20E,0,standalone,A20E,0,A20E,0,2,0x20,xbank
A28E,0,standalone,A28E,0,A28E,0,2,0x20,xbank
A38E,0,standalone,A38E,0,A38E,0,2,0x20,xbank
A3C9,0,standalone,A3C9,0,A3C9,0,3,0x20,xbank
A419,0,standalone,A419,0,A419,0,3,0x20,xbank
A40E,0,standalone,A40E,0,A40E,0,3,0x20,xbank
A469,0,standalone,A469,0,A469,0,3,0x20,xbank
A48E,0,standalone,A48E,0,A48E,0,3,0x20,xbank
A51A,0,standalone,A51A,0,A51A,0,3,0x20,xbank
A56A,0,standalone,A56A,0,A56A,0,3,0x20,xbank
A58E,0,standalone,A58E,0,A58E,0,3,0x20,xbank
A68E,0,standalone,A68E,0,A68E,0,3,0x20,xbank
A78E,0,standalone,A78E,0,A78E,0,3,0x20,xbank
A88E,0,standalone,A88E,0,A88E,0,4,0x20,xbank
A919,0,standalone,A919,0,A919,0,4,0x20,xbank
A90E,0,standalone,A90E,0,A90E,0,4,0x20,xbank
A96A,0,standalone,A96A,0,A96A,0,4,0x20,xbank
A98E,0,standalone,A98E,0,A98E,0,4,0x20,xbank
9C11,5,secondary,9B6E,5,9B6E,5,1,0x20,xbank
9C1B,5,standalone,9C1B,5,9C1B,5,1,0x20,xbank
9C1D,5,standalone,9C1D,5,9C1D,5,1,0x20,xbank
9C01,5,secondary,9B6E,5,9B6E,5,1,0x20,xbank
98AF,5,standalone,98AF,5,9483,5,26,0x25,control|table_run|xbank
B8AF,5,standalone,B8AF,5,B8A0,5,26,0x25,control|table_run|xbank
A3E1,1,standalone,A3E1,1,A3E1,1,3,0x24,table_run|xbank
A5E1,1,standalone,A5E1,1,A5E1,1,2,0x24,table_run|xbank
BB0F,3,standalone,BB0F,3,BB0F,3,2,0x20,xbank
A23D,4,standalone,A23D,4,A23D,4,2,0x20,xbank
A4BC,4,standalone,A4BC,4,A4BC,4,1,0x20,xbank
A4F4,4,standalone,A4F4,4,A4F4,4,1,0x20,xbank
A526,4,standalone,A526,4,A526,4,1,0x20,xbank
A53A,4,standalone,A53A,4,A53A,4,1,0x20,xbank
A741,4,standalone,A741,4,A741,4,1,0x20,xbank
A7F1,4,standalone,A7F1,4,A7F1,4,1,0x20,xbank
A813,4,standalone,A813,4,A813,4,1,0x20,xbank
A82F,4,standalone,A82F,4,A82F,4,1,0x20,xbank
A8A6,4,standalone,A8A6,4,A8A6,4,1,0x20,xbank
A93A,4,standalone,A93A,4,A93A,4,1,0x20,xbank
B9D5,6,standalone,B9D5,6,B9D5,6,2,0x20,xbank
8049,5,standalone,8049,5,8049,5,1,0x20,xbank
8C29,6,standalone,8C29,6,8C29,6,1,0x20,xbank
98DC,4,standalone,98DC,4,98DC,4,2,0x20,xbank
9A4F,4,standalone,9A4F,4,9A4F,4,1,0x20,xbank
8227,6,standalone,8227,6,8227,6,1,0x20,xbank
8450,6,secondary,8445,6,8445,6,2,0x24,table_run|xbank
EB08,7,standalone,EB08,7,EB08,7,4,0x25,control|table_run|xbank
EDB2,7,standalone,EDB2,7,EDB2,7,12,0x24,table_run|xbank
95B3,1,standalone,95B3,1,95B3,1,4,0x20,xbank
964D,1,standalone,964D,1,964D,1,4,0x20,xbank
AB36,5,standalone,AB36,5,99A0,5,11,0x25,control|table_run|xbank
AB11,5,standalone,AB11,5,99A0,5,7,0x25,control|table_run|xbank
9EA8,0,standalone,9EA8,0,9EA8,0,37,0x20,xbank
BEA8,0,standalone,BEA8,0,BEA8,0,37,0x20,xbank
9EA8,1,standalone,9EA8,1,9EA8,1,37,0x20,xbank
BEA8,1,standalone,BEA8,1,BEA8,1,37,0x20,xbank
9EA8,2,standalone,9EA8,2,9EA8,2,37,0x20,xbank
BEA8,2,standalone,BEA8,2,BEA8,2,37,0x20,xbank
9EA8,3,standalone,9EA8,3,9EA8,3,37,0x20,xbank
BEA8,3,standalone,BEA8,3,BEA8,3,37,0x20,xbank
9EA8,4,standalone,9EA8,4,9EA8,4,37,0x20,xbank
BEA8,4,standalone,BEA8,4,BEA8,4,37,0x20,xbank
9EA8,5,standalone,9EA8,5,9EA8,5,37,0x20,xbank
BEA8,5,secondary,BCC4,5,BCC4,5,37,0x20,xbank
9EA8,6,standalone,9EA8,6,9EA8,6,37,0x20,xbank
BEA8,6,standalone,BEA8,6,BEA8,6,37,0x20,xbank
C314,7,secondary,C004,7,C004,7,2,0x20,xbank
C32A,7,standalone,C32A,7,C32A,7,2,0x20,xbank
E57D,7,standalone,E57D,7,E57D,7,6,0x03,control|ptr_scan
9A4C,5,standalone,9A4C,5,9483,5,11,0x25,control|table_run|xbank
9A69,5,standalone,9A69,5,9A4C,5,11,0x25,control|table_run|xbank
B9CE,5,standalone,B9CE,5,B9B7,5,3,0x21,control|xbank
9676,2,standalone,9676,2,9676,2,2,0x24,table_run|xbank
B6AC,5,secondary,B212,5,B212,5,1,0x20,xbank
97D8,4,standalone,97D8,4,97D8,4,5,0x24,table_run|xbank
97E5,6,standalone,97E5,6,97E5,6,1,0x20,xbank
B7E0,6,standalone,B7E0,6,B7E0,6,1,0x20,xbank
9686,1,standalone,9686,1,9686,1,1,0x20,xbank
96F1,2,standalone,96F1,2,96F1,2,1,0x20,xbank
A9E4,1,standalone,A9E4,1,A9E4,1,1,0x20,xbank
98FE,2,standalone,98FE,2,98FE,2,1,0x20,xbank
B8B3,3,standalone,B8B3,3,B8B3,3,1,0x20,xbank
C72C,7,secondary,C004,7,C004,7,1,0x20,xbank
E4BF,7,standalone,E4BF,7,E4B5,7,4,0x03,control|ptr_scan
B94C,4,standalone,B94C,4,B94C,4,1,0x20,xbank
9851,5,standalone,9851,5,9483,5,23,0x25,control|table_run|xbank
973A,1,standalone,973A,1,973A,1,1,0x20,xbank
96ED,1,standalone,96ED,1,96ED,1,1,0x20,xbank
8AAA,6,standalone,8AAA,6,8AAA,6,1,0x20,xbank
EF3D,7,standalone,EF3D,7,EF3D,7,9,0x25,control|table_run|xbank
83CC,6,secondary,83AE,6,83AE,6,2,0x20,xbank
EA89,7,standalone,EA89,7,EA89,7,19,0x27,control|ptr_scan|table_run|xbank
EEF3,7,standalone,EEF3,7,EEF3,7,10,0x22,ptr_scan|xbank
EDC0,7,standalone,EDC0,7,EDBD,7,49,0x27,control|ptr_scan|table_run|xbank
858A,6,standalone,858A,6,8567,6,11,0x25,control|table_run|xbank
8567,6,standalone,8567,6,8567,6,17,0x25,control|table_run|xbank
8944,6,secondary,8931,6,8931,6,3,0x24,table_run|xbank
A944,6,standalone,A944,6,A944,6,3,0x24,table_run|xbank
8302,6,standalone,8302,6,8302,6,1,0x20,xbank
8873,6,standalone,8873,6,8873,6,3,0x21,control|xbank
BD7F,2,standalone,BD7F,2,BD7F,2,1,0x20,xbank
BD8B,2,standalone,BD8B,2,BD8B,2,1,0x20,xbank
BD8E,2,standalone,BD8E,2,BD8E,2,1,0x20,xbank
BD94,2,standalone,BD94,2,BD94,2,1,0x20,xbank
C300,7,standalone,C300,7,C300,7,2,0x20,xbank
8300,0,standalone,8300,0,8300,0,2,0x20,xbank
A300,0,standalone,A300,0,A300,0,2,0x20,xbank
8300,1,standalone,8300,1,8300,1,2,0x20,xbank
A300,1,standalone,A300,1,A300,1,2,0x20,xbank
8300,2,standalone,8300,2,8300,2,2,0x20,xbank
A300,2,standalone,A300,2,A300,2,2,0x20,xbank
8300,3,standalone,8300,3,8300,3,2,0x20,xbank
A300,3,standalone,A300,3,A300,3,2,0x20,xbank
8300,4,standalone,8300,4,8300,4,2,0x20,xbank
A300,4,standalone,A300,4,A300,4,2,0x20,xbank
8300,5,secondary,82B0,5,82B0,5,2,0x20,xbank
A300,5,standalone,A300,5,A300,5,2,0x20,xbank
8300,6,standalone,8300,6,8300,6,2,0x20,xbank
A300,6,standalone,A300,6,A300,6,2,0x20,xbank
FB9A,7,secondary,F72F,7,F72F,7,10,0x22,ptr_scan|xbank
FBCC,7,secondary,F72F,7,F72F,7,1,0x20,xbank
EF26,7,standalone,EF26,7,EF26,7,19,0x27,control|ptr_scan|table_run|xbank
FAC8,7,standalone,FAC8,7,F72F,7,65,0x27,control|ptr_scan|table_run|xbank
A0AB,3,standalone,A0AB,3,A0AB,3,2,0x20,xbank
827E,5,standalone,827E,5,81A4,5,5,0x21,control|xbank
829C,5,standalone,829C,5,81A4,5,7,0x21,control|xbank
82B0,5,standalone,82B0,5,82B0,5,7,0x21,control|xbank
9AB5,5,standalone,9AB5,5,9483,5,43,0x25,control|table_run|xbank
BAB5,5,standalone,BAB5,5,BA97,5,27,0x25,control|table_run|xbank
A5FB,3,standalone,A5FB,3,A5FB,3,2,0x20,xbank
A5FE,3,standalone,A5FE,3,A5FE,3,2,0x20,xbank
A5D0,3,standalone,A5D0,3,A5D0,3,4,0x20,xbank
863D,5,secondary,8594,5,8594,5,1,0x20,xbank
ED68,7,standalone,ED68,7,ED68,7,10,0x25,control|table_run|xbank
9734,5,standalone,9734,5,9483,5,22,0x25,control|table_run|xbank
974C,5,standalone,974C,5,9483,5,22,0x25,control|table_run|xbank
8691,5,secondary,8594,5,8594,5,1,0x20,xbank
9790,5,standalone,9790,5,9483,5,14,0x25,control|table_run|xbank
97A8,5,standalone,97A8,5,9483,5,13,0x25,control|table_run|xbank
8F18,5,standalone,8F18,5,8F01,5,2,0x21,control|xbank
ED36,7,standalone,ED36,7,ED36,7,7,0x23,control|ptr_scan|xbank
93EC,5,secondary,8594,5,8594,5,5,0x24,table_run|xbank
8F88,1,standalone,8F88,1,8F88,1,1,0x20,xbank
9171,1,standalone,9171,1,9171,1,1,0x20,xbank
AE2D,2,standalone,AE2D,2,AE2D,2,1,0x20,xbank
AF27,2,standalone,AF27,2,AF27,2,1,0x20,xbank
AB3F,4,standalone,AB3F,4,AB3F,4,1,0x20,xbank
AB6D,4,standalone,AB6D,4,AB6D,4,1,0x20,xbank
BC45,3,standalone,BC45,3,BC45,3,1,0x20,xbank
AEC5,4,standalone,AEC5,4,AEC5,4,1,0x20,xbank
AEE3,4,standalone,AEE3,4,AEE3,4,1,0x20,xbank
801D,3,standalone,801D,3,801D,3,2,0x20,xbank
89BF,6,standalone,89BF,6,89BF,6,1,0x20,xbank
89A4,6,standalone,89A4,6,89A4,6,2,0x24,table_run|xbank
824E,6,standalone,824E,6,824E,6,2,0x20,xbank
821F,6,standalone,821F,6,821F,6,2,0x20,xbank
8261,6,standalone,8261,6,8261,6,2,0x20,xbank
874A,6,secondary,873A,6,873A,6,1,0x20,xbank
BC20,1,standalone,BC20,1,BC20,1,1,0x20,xbank
82BC,0,standalone,82BC,0,82BC,0,1,0x20,xbank
89B6,0,standalone,89B6,0,89B6,0,1,0x20,xbank
89F6,0,standalone,89F6,0,89F6,0,1,0x20,xbank
8A36,0,standalone,8A36,0,8A36,0,1,0x20,xbank
8A76,0,standalone,8A76,0,8A76,0,1,0x20,xbank
8C9B,0,standalone,8C9B,0,8C9B,0,1,0x20,xbank
AA19,0,standalone,AA19,0,AA19,0,2,0x20,xbank
AA0E,0,standalone,AA0E,0,AA0E,0,2,0x20,xbank
AA8E,0,standalone,AA8E,0,AA8E,0,2,0x20,xbank
AB0E,0,standalone,AB0E,0,AB0E,0,2,0x20,xbank
AB8E,0,standalone,AB8E,0,AB8E,0,2,0x20,xbank
AC19,0,standalone,AC19,0,AC19,0,2,0x20,xbank
AC0E,0,standalone,AC0E,0,AC0E,0,2,0x20,xbank
A7C8,0,standalone,A7C8,0,A7C8,0,1,0x20,xbank
9BB9,5,secondary,9B6E,5,9B6E,5,3,0x20,xbank
9BCF,5,secondary,9B6E,5,9B6E,5,1,0x20,xbank
A4C4,4,standalone,A4C4,4,A4C4,4,1,0x20,xbank
A4FC,4,standalone,A4FC,4,A4FC,4,1,0x20,xbank
A7F7,4,standalone,A7F7,4,A7F7,4,1,0x20,xbank
A81B,4,standalone,A81B,4,A81B,4,1,0x20,xbank
B9B6,6,standalone,B9B6,6,B9B6,6,1,0x20,xbank
9A5B,4,standalone,9A5B,4,9A5B,4,1,0x20,xbank
8292,6,standalone,8292,6,8292,6,3,0x20,xbank
EBE0,7,standalone,EBE0,7,EBAE,7,17,0x22,ptr_scan|xbank
BE60,6,standalone,BE60,6,BE60,6,1,0x20,xbank
96D3,2,standalone,96D3,2,96D3,2,1,0x20,xbank
EB4A,7,standalone,EB4A,7,EB08,7,13,0x23,control|ptr_scan|xbank
BD2E,2,standalone,BD2E,2,BD2E,2,1,0x20,xbank
8038,4,standalone,8038,4,8038,4,9,0x24,table_run|xbank
825E,5,standalone,825E,5,825E,5,1,0x20,xbank
8264,5,standalone,8264,5,81A4,5,2,0x21,control|xbank
ED51,7,standalone,ED51,7,ED45,7,13,0x27,control|ptr_scan|table_run|xbank
AED7,4,standalone,AED7,4,AED7,4,1,0x20,xbank
AED9,4,standalone,AED9,4,AED9,4,1,0x20,xbank
8289,6,standalone,8289,6,8289,6,1,0x20,xbank
81B7,6,standalone,81B7,6,81B7,6,1,0x20,xbank
879E,6,standalone,879E,6,873A,6,5,0x25,control|table_run|xbank
A4CA,4,standalone,A4CA,4,A4CA,4,1,0x20,xbank
A7FF,4,standalone,A7FF,4,A7FF,4,1,0x20,xbank
9A61,4,standalone,9A61,4,9A61,4,1,0x20,xbank
81F6,5,standalone,81F6,5,81A4,5,6,0x25,control|table_run|xbank
AEE9,4,standalone,AEE9,4,AEE9,4,1,0x20,xbank
A4D2,4,standalone,A4D2,4,A4D2,4,1,0x20,xbank
9A86,4,standalone,9A86,4,9A86,4,1,0x20,xbank
8180,5,standalone,8180,5,8180,5,7,0x25,control|table_run|xbank
81A4,5,standalone,81A4,5,81A4,5,8,0x25,control|table_run|xbank
81BC,5,standalone,81BC,5,81A4,5,6,0x25,control|table_run|xbank
A4D8,4,standalone,A4D8,4,A4D8,4,1,0x20,xbank
8146,5,standalone,8146,5,8146,5,4,0x25,control|table_run|xbank
8174,5,standalone,8174,5,8174,5,5,0x25,control|table_run|xbank
F0FF,7,standalone,F0FF,7,F0FF,7,1,0x02,ptr_scan
F100,7,standalone,F100,7,F100,7,1,0x02,ptr_scan
F001,7,standalone,F001,7,F001,7,1,0x02,ptr_scan
F05F,7,secondary,F04D,7,F04D,7,1,0x02,ptr_scan
F060,7,standalone,F060,7,F060,7,1,0x02,ptr_scan
F0F0,7,standalone,F0F0,7,F0F0,7,1,0x02,ptr_scan
F0F1,7,standalone,F0F1,7,F0F1,7,1,0x02,ptr_scan
F57F,7,secondary,F53E,7,F53E,7,1,0x02,ptr_scan
F00F,7,standalone,F00F,7,F00F,7,1,0x02,ptr_scan
F010,7,secondary,EF9B,7,EF9B,7,1,0x02,ptr_scan
F5FF,7,standalone,F5FF,7,F5FF,7,1,0x02,ptr_scan
F7FF,7,standalone,F7FF,7,F7FF,7,1,0x02,ptr_scan
F800,7,secondary,F7DC,7,F7DC,7,1,0x02,ptr_scan
F74F,7,secondary,F742,7,F742,7,1,0x02,ptr_scan
F750,7,standalone,F750,7,F750,7,1,0x02,ptr_scan
F0F7,7,standalone,F0F7,7,F0F7,7,1,0x02,ptr_scan
F0F8,7,standalone,F0F8,7,F0F8,7,1,0x02,ptr_scan
F5AB,7,standalone,F5AB,7,F5AB,7,1,0x02,ptr_scan
F5AC,7,standalone,F5AC,7,F5AC,7,1,0x02,ptr_scan
F7AB,7,secondary,F72F,7,F72F,7,1,0x02,ptr_scan
FFF5,7,standalone,FFF5,7,FFF5,7,1,0x02,ptr_scan
FFF6,7,secondary,FCFD,7,FCFD,7,1,0x02,ptr_scan
FBFF,7,secondary,F72F,7,F72F,7,1,0x02,ptr_scan
F778,7,secondary,F772,7,F772,7,1,0x02,ptr_scan
F760,7,secondary,F742,7,F742,7,1,0x02,ptr_scan
FA7F,7,standalone,FA7F,7,FA7F,7,1,0x02,ptr_scan
FA80,7,standalone,FA80,7,F72F,7,1,0x02,ptr_scan
F757,7,secondary,F742,7,F742,7,1,0x02,ptr_scan
F758,7,standalone,F758,7,F758,7,1,0x02,ptr_scan
FA5B,7,standalone,FA5B,7,FA5B,7,1,0x02,ptr_scan
FA5C,7,standalone,FA5C,7,FA5C,7,1,0x02,ptr_scan
F07A,7,secondary,F068,7,F068,7,1,0x02,ptr_scan
F076,7,secondary,F068,7,F068,7,1,0x02,ptr_scan
F45F,7,secondary,F459,7,F459,7,1,0x02,ptr_scan
F460,7,standalone,F460,7,F460,7,1,0x02,ptr_scan
F4F4,7,standalone,F4F4,7,F4F4,7,1,0x02,ptr_scan
F4F5,7,standalone,F4F5,7,F4F5,7,1,0x02,ptr_scan
F575,7,standalone,F575,7,F575,7,1,0x02,ptr_scan
F576,7,secondary,F53E,7,F53E,7,1,0x02,ptr_scan
F005,7,secondary,EF9B,7,EF9B,7,1,0x02,ptr_scan
F006,7,secondary,EF9B,7,EF9B,7,1,0x02,ptr_scan
FFF0,7,secondary,FCFD,7,FCFD,7,1,0x02,ptr_scan
F781,7,secondary,F772,7,F772,7,1,0x02,ptr_scan
FFF7,7,standalone,FFF7,7,FFF7,7,1,0x02,ptr_scan
FFF8,7,secondary,FCFD,7,FCFD,7,1,0x02,ptr_scan
F500,7,standalone,F500,7,F500,7,1,0x02,ptr_scan
F501,7,standalone,F501,7,F501,7,1,0x02,ptr_scan
F8FF,7,secondary,F72F,7,F72F,7,1,0x02,ptr_scan
F900,7,standalone,F900,7,F900,7,1,0x02,ptr_scan
FFF9,7,standalone,FFF9,7,FFF9,7,1,0x02,ptr_scan
F008,7,secondary,EF9B,7,EF9B,7,1,0x02,ptr_scan
F009,7,secondary,EF9B,7,EF9B,7,1,0x02,ptr_scan
FA00,7,secondary,F9F2,7,F9F2,7,1,0x02,ptr_scan
FFFA,7,secondary,FCFD,7,FCFD,7,1,0x02,ptr_scan
FFFB,7,standalone,FFFB,7,FFFB,7,1,0x02,ptr_scan
F7A1,7,secondary,F72F,7,F72F,7,1,0x02,ptr_scan
F074,7,secondary,F068,7,F068,7,1,0x02,ptr_scan
F85F,7,secondary,F72F,7,F72F,7,1,0x02,ptr_scan
F0AF,7,standalone,F0AF,7,F0AF,7,1,0x02,ptr_scan
F0B0,7,standalone,F0B0,7,F0B0,7,1,0x02,ptr_scan
F0BB,7,standalone,F0BB,7,F0BB,7,1,0x02,ptr_scan
F0BC,7,standalone,F0BC,7,F0BC,7,1,0x02,ptr_scan
F04F,7,standalone,F04F,7,F04F,7,1,0x02,ptr_scan
F050,7,standalone,F050,7,F04D,7,1,0x02,ptr_scan
F08F,7,secondary,F068,7,F068,7,1,0x02,ptr_scan
F090,7,secondary,F068,7,F068,7,1,0x02,ptr_scan
F751,7,secondary,F742,7,F742,7,1,0x02,ptr_scan
F400,7,standalone,F400,7,F400,7,1,0x02,ptr_scan
F401,7,standalone,F401,7,F401,7,1,0x02,ptr_scan
F440,7,standalone,F440,7,F440,7,1,0x02,ptr_scan
FB05,7,secondary,F72F,7,F72F,7,1,0x02,ptr_scan
F4FF,7,standalone,F4FF,7,F4FF,7,1,0x02,ptr_scan
F00A,7,standalone,F00A,7,F00A,7,1,0x02,ptr_scan
F00B,7,secondary,EF9B,7,EF9B,7,1,0x02,ptr_scan
F4F0,7,standalone,F4F0,7,F4F0,7,1,0x02,ptr_scan
F58F,7,standalone,F58F,7,F58F,7,1,0x02,ptr_scan
F590,7,secondary,F58A,7,F58A,7,1,0x02,ptr_scan
F007,7,standalone,F007,7,F007,7,1,0x02,ptr_scan
F7F0,7,secondary,F7DC,7,F7DC,7,1,0x02,ptr_scan
F7F1,7,secondary,F7DC,7,F7DC,7,1,0x02,ptr_scan
F0A4,7,standalone,F0A4,7,F0A4,7,1,0x02,ptr_scan
F0A5,7,standalone,F0A5,7,F0A5,7,1,0x02,ptr_scan
F700,7,secondary,F6C9,7,F6C9,7,1,0x02,ptr_scan
F701,7,secondary,F6C9,7,F6C9,7,1,0x02,ptr_scan
F0BF,7,standalone,F0BF,7,F0BF,7,1,0x02,ptr_scan
F0C0,7,standalone,F0C0,7,F0C0,7,1,0x02,ptr_scan
F508,7,standalone,F508,7,F508,7,1,0x02,ptr_scan
F509,7,standalone,F509,7,F509,7,1,0x02,ptr_scan
F5F5,7,secondary,F5BD,7,F5BD,7,1,0x02,ptr_scan
F5F6,7,standalone,F5F6,7,F5F6,7,1,0x02,ptr_scan
F50A,7,standalone,F50A,7,F50A,7,1,0x02,ptr_scan
F50B,7,standalone,F50B,7,F50B,7,1,0x02,ptr_scan
F510,7,standalone,F510,7,F510,7,1,0x02,ptr_scan
FAAF,7,standalone,FAAF,7,FAAF,7,1,0x02,ptr_scan
FAB0,7,secondary,F72F,7,F72F,7,1,0x02,ptr_scan
F70A,7,standalone,F70A,7,F70A,7,1,0x02,ptr_scan
F70B,7,secondary,F6C9,7,F6C9,7,1,0x02,ptr_scan
F581,7,secondary,F53E,7,F53E,7,1,0x02,ptr_scan
F40F,7,standalone,F40F,7,F40F,7,1,0x02,ptr_scan
F410,7,standalone,F410,7,F410,7,1,0x02,ptr_scan
FBB0,7,secondary,F72F,7,F72F,7,1,0x02,ptr_scan
F85A,7,standalone,F85A,7,F85A,7,1,0x02,ptr_scan
F85B,7,secondary,F72F,7,F72F,7,1,0x02,ptr_scan
FA81,7,standalone,FA81,7,FA81,7,1,0x02,ptr_scan
F80B,7,standalone,F80B,7,F80B,7,1,0x02,ptr_scan
F80C,7,secondary,F7DC,7,F7DC,7,1,0x02,ptr_scan
F545,7,secondary,F53E,7,F53E,7,1,0x02,ptr_scan
F546,7,standalone,F546,7,F546,7,1,0x02,ptr_scan
F570,7,standalone,F570,7,F570,7,1,0x02,ptr_scan
F571,7,secondary,F53E,7,F53E,7,1,0x02,ptr_scan
F84F,7,standalone,F84F,7,F84F,7,1,0x02,ptr_scan
F850,7,secondary,F72F,7,F72F,7,1,0x02,ptr_scan
F0F9,7,standalone,F0F9,7,F0F9,7,1,0x02,ptr_scan
F78B,7,secondary,F772,7,F772,7,1,0x02,ptr_scan
F555,7,secondary,F53E,7,F53E,7,1,0x02,ptr_scan
F556,7,standalone,F556,7,F556,7,1,0x02,ptr_scan
F080,7,secondary,F068,7,F068,7,1,0x02,ptr_scan
FA0F,7,standalone,FA0F,7,FA0F,7,1,0x02,ptr_scan
FA10,7,secondary,F9F2,7,F9F2,7,1,0x02,ptr_scan
FBB5,7,secondary,F72F,7,F72F,7,1,0x02,ptr_scan
FBB6,7,standalone,FBB6,7,FBB6,7,1,0x02,ptr_scan
F480,7,standalone,F480,7,F480,7,1,0x02,ptr_scan
F481,7,secondary,F459,7,F459,7,1,0x02,ptr_scan
FBF0,7,standalone,FBF0,7,FBF0,7,1,0x02,ptr_scan
FBF1,7,standalone,FBF1,7,FBF1,7,1,0x02,ptr_scan
FB70,7,secondary,F72F,7,F72F,7,1,0x02,ptr_scan
FB71,7,standalone,FB71,7,FB71,7,1,0x02,ptr_scan
F7F4,7,standalone,F7F4,7,F7F4,7,1,0x02,ptr_scan
F7F5,7,secondary,F7DC,7,F7DC,7,1,0x02,ptr_scan
FA0C,7,secondary,F9F2,7,F9F2,7,1,0x02,ptr_scan
F40A,7,standalone,F40A,7,F40A,7,1,0x02,ptr_scan
F40B,7,standalone,F40B,7,F40B,7,1,0x02,ptr_scan
F05A,7,secondary,F04D,7,F04D,7,1,0x02,ptr_scan
F05B,7,standalone,F05B,7,F05B,7,1,0x02,ptr_scan
F44F,7,standalone,F44F,7,F44F,7,1,0x02,ptr_scan
F450,7,standalone,F450,7,F450,7,1,0x02,ptr_scan
F504,7,standalone,F504,7,F504,7,1,0x02,ptr_scan
F505,7,standalone,F505,7,F505,7,1,0x02,ptr_scan
F0F5,7,standalone,F0F5,7,F0F5,7,1,0x02,ptr_scan
F0F6,7,standalone,F0F6,7,F0F6,7,1,0x02,ptr_scan
FB01,7,secondary,F72F,7,F72F,7,1,0x02,ptr_scan
FB8B,7,secondary,F72F,7,F72F,7,1,0x02,ptr_scan
FB8C,7,standalone,FB8C,7,FB8C,7,1,0x02,ptr_scan
F88F,7,standalone,F88F,7,F88F,7,1,0x02,ptr_scan
F890,7,secondary,F873,7,F873,7,1,0x02,ptr_scan
F87B,7,secondary,F873,7,F873,7,1,0x02,ptr_scan
F740,7,standalone,F740,7,F740,7,1,0x02,ptr_scan
F741,7,secondary,F72F,7,F72F,7,1,0x02,ptr_scan
F0A6,7,standalone,F0A6,7,F0A6,7,1,0x02,ptr_scan
F408,7,standalone,F408,7,F408,7,1,0x02,ptr_scan
F409,7,standalone,F409,7,F409,7,1,0x02,ptr_scan
F47A,7,standalone,F47A,7,F47A,7,1,0x02,ptr_scan
F47B,7,standalone,F47B,7,F47B,7,1,0x02,ptr_scan
F477,7,secondary,F459,7,F459,7,1,0x02,ptr_scan
F478,7,standalone,F478,7,F478,7,1,0x02,ptr_scan
FA7B,7,secondary,F72F,7,F72F,7,1,0x02,ptr_scan
FA7C,7,standalone,FA7C,7,FA7C,7,1,0x02,ptr_scan
F55A,7,standalone,F55A,7,F55A,7,1,0x02,ptr_scan
F55B,7,secondary,F53E,7,F53E,7,1,0x02,ptr_scan
F5F0,7,standalone,F5F0,7,F5F0,7,1,0x02,ptr_scan
F5F1,7,secondary,F5BD,7,F5BD,7,1,0x02,ptr_scan
FA85,7,secondary,F72F,7,F72F,7,1,0x02,ptr_scan
FA86,7,secondary,F72F,7,F72F,7,1,0x02,ptr_scan
F7AA,7,standalone,F7AA,7,F7AA,7,1,0x02,ptr_scan
F5A7,7,secondary,F598,7,F598,7,1,0x02,ptr_scan
F5A8,7,standalone,F5A8,7,F5A8,7,1,0x02,ptr_scan
F7BC,7,secondary,F72F,7,F72F,7,1,0x02,ptr_scan
F44B,7,standalone,F44B,7,F44B,7,1,0x02,ptr_scan
F44C,7,standalone,F44C,7,F44C,7,1,0x02,ptr_scan
F709,7,secondary,F6C9,7,F6C9,7,1,0x02,ptr_scan
F48B,7,secondary,F459,7,F459,7,1,0x02,ptr_scan
F48C,7,standalone,F48C,7,F48C,7,1,0x02,ptr_scan
F0AA,7,standalone,F0AA,7,F0AA,7,1,0x02,ptr_scan
F0AB,7,standalone,F0AB,7,F0AB,7,1,0x02,ptr_scan
FB0F,7,secondary,F72F,7,F72F,7,1,0x02,ptr_scan
FFFC,7,secondary,FCFD,7,FCFD,7,1,0x02,ptr_scan
F0B1,7,standalone,F0B1,7,F0B1,7,1,0x02,ptr_scan
F4A0,7,secondary,F459,7,F459,7,1,0x02,ptr_scan
F4A1,7,standalone,F4A1,7,F4A1,7,1,0x02,ptr_scan
F8F1,7,secondary,F72F,7,F72F,7,1,0x02,ptr_scan
F004,7,standalone,F004,7,F004,7,1,0x02,ptr_scan
FAFF,7,secondary,F72F,7,F72F,7,1,0x02,ptr_scan
F801,7,standalone,F801,7,F801,7,1,0x02,ptr_scan
F7F8,7,standalone,F7F8,7,F7F8,7,1,0x02,ptr_scan
F7F9,7,secondary,F7DC,7,F7DC,7,1,0x02,ptr_scan
F4B0,7,standalone,F4B0,7,F4B0,7,1,0x02,ptr_scan
F4B1,7,secondary,F459,7,F459,7,1,0x02,ptr_scan
F0A0,7,secondary,F068,7,F068,7,1,0x02,ptr_scan
F0A1,7,standalone,F0A1,7,F0A1,7,1,0x02,ptr_scan
F055,7,secondary,F04D,7,F04D,7,1,0x02,ptr_scan
F056,7,standalone,F056,7,F056,7,1,0x02,ptr_scan
F0F4,7,standalone,F0F4,7,F0F4,7,1,0x02,ptr_scan
FA48,7,secondary,F72F,7,F72F,7,1,0x02,ptr_scan
F470,7,secondary,F459,7,F459,7,1,0x02,ptr_scan
F471,7,standalone,F471,7,F471,7,1,0x02,ptr_scan
F80F,7,secondary,F7DC,7,F7DC,7,1,0x02,ptr_scan
F810,7,secondary,F7DC,7,F7DC,7,1,0x02,ptr_scan
F040,7,secondary,EF9B,7,EF9B,7,1,0x02,ptr_scan
F041,7,standalone,F041,7,F041,7,1,0x02,ptr_scan
F851,7,secondary,F72F,7,F72F,7,1,0x02,ptr_scan
DDAF,7,standalone,DDAF,7,DDAF,7,1,0x02,ptr_scan
DDB0,7,secondary,CD7D,7,CD7D,7,1,0x02,ptr_scan
FB09,7,secondary,F72F,7,F72F,7,1,0x02,ptr_scan
F7FB,7,standalone,F7FB,7,F7FB,7,1,0x02,ptr_scan
F7FC,7,secondary,F7DC,7,F7DC,7,1,0x02,ptr_scan
DD80,7,standalone,DD80,7,DD80,7,1,0x02,ptr_scan
F4DD,7,standalone,F4DD,7,F4DD,7,1,0x02,ptr_scan
F4DE,7,standalone,F4DE,7,F4DE,7,1,0x02,ptr_scan
F5BF,7,standalone,F5BF,7,F5BF,7,1,0x02,ptr_scan
F5C0,7,secondary,F5BD,7,F5BD,7,1,0x02,ptr_scan
DDF5,7,standalone,DDF5,7,DDF5,7,1,0x02,ptr_scan
DDF6,7,secondary,D0F5,7,D0F5,7,1,0x02,ptr_scan
F5FE,7,secondary,F5BD,7,F5BD,7,1,0x02,ptr_scan
FA7A,7,secondary,F72F,7,F72F,7,1,0x02,ptr_scan
F4FE,7,standalone,F4FE,7,F4FE,7,1,0x02,ptr_scan
F0FA,7,standalone,F0FA,7,F0FA,7,1,0x02,ptr_scan
F0FB,7,standalone,F0FB,7,F0FB,7,1,0x02,ptr_scan
F57B,7,secondary,F53E,7,F53E,7,1,0x02,ptr_scan
F57C,7,standalone,F57C,7,F57C,7,1,0x02,ptr_scan
FAF5,7,secondary,F72F,7,F72F,7,1,0x02,ptr_scan
FA8F,7,standalone,FA8F,7,FA8F,7,1,0x02,ptr_scan
FE4F,7,standalone,FE4F,7,FE4F,7,1,0x02,ptr_scan
FE50,7,secondary,FCFD,7,FCFD,7,1,0x02,ptr_scan
F550,7,secondary,F53E,7,F53E,7,1,0x02,ptr_scan
F551,7,standalone,F551,7,F551,7,1,0x02,ptr_scan
F8A8,7,standalone,F8A8,7,F8A8,7,1,0x02,ptr_scan
F8A9,7,secondary,F873,7,F873,7,1,0x02,ptr_scan
F0B7,7,standalone,F0B7,7,F0B7,7,1,0x02,ptr_scan
F0B8,7,standalone,F0B8,7,F0B8,7,1,0x02,ptr_scan
F855,7,secondary,F72F,7,F72F,7,1,0x02,ptr_scan
F856,7,standalone,F856,7,F856,7,1,0x02,ptr_scan
F4F8,7,standalone,F4F8,7,F4F8,7,1,0x02,ptr_scan
F4F9,7,standalone,F4F9,7,F4F9,7,1,0x02,ptr_scan
F457,7,standalone,F457,7,F457,7,1,0x02,ptr_scan
F458,7,standalone,F458,7,F458,7,1,0x02,ptr_scan
F0B5,7,standalone,F0B5,7,F0B5,7,1,0x02,ptr_scan
F0B6,7,standalone,F0B6,7,F0B6,7,1,0x02,ptr_scan
F54B,7,standalone,F54B,7,F54B,7,1,0x02,ptr_scan
F54C,7,secondary,F53E,7,F53E,7,16,0x02,ptr_scan
F0AC,7,standalone,F0AC,7,F0AC,7,1,0x02,ptr_scan
F0BA,7,standalone,F0BA,7,F0BA,7,1,0x02,ptr_scan
FA8C,7,secondary,F72F,7,F72F,7,1,0x02,ptr_scan
F4AA,7,standalone,F4AA,7,F4AA,7,1,0x02,ptr_scan
F4AB,7,secondary,F459,7,F459,7,1,0x02,ptr_scan
F474,7,standalone,F474,7,F474,7,1,0x02,ptr_scan
F475,7,secondary,F459,7,F459,7,1,0x02,ptr_scan
F574,7,standalone,F574,7,F574,7,1,0x02,ptr_scan
D04C,7,secondary,C1B3,7,C1B3,7,1,0x02,ptr_scan
D04D,7,standalone,D04D,7,D04D,7,1,0x02,ptr_scan
D3D1,7,standalone,D3D1,7,D3D1,7,1,0x02,ptr_scan
D342,7,secondary,C3ED,7,C3ED,7,1,0x02,ptr_scan
D378,7,standalone,D378,7,D378,7,1,0x02,ptr_scan
D370,7,standalone,D370,7,D370,7,1,0x02,ptr_scan
E54C,7,secondary,E544,7,E544,7,1,0x02,ptr_scan
D5E6,7,standalone,D5E6,7,D5E6,7,1,0x02,ptr_scan
D77D,7,standalone,D77D,7,D77D,7,1,0x02,ptr_scan
C900,7,secondary,C004,7,C004,7,1,0x02,ptr_scan
C901,7,standalone,C901,7,C901,7,2,0x02,ptr_scan
CF73,7,standalone,CF73,7,CF73,7,1,0x02,ptr_scan
F321,7,standalone,F321,7,F321,7,1,0x02,ptr_scan
CFF4,7,standalone,CFF4,7,CFF4,7,1,0x02,ptr_scan
C902,7,secondary,C004,7,C004,7,1,0x02,ptr_scan
C5C0,7,standalone,C5C0,7,C5C0,7,1,0x02,ptr_scan
E420,7,standalone,E420,7,E420,7,1,0x02,ptr_scan
E421,7,secondary,E417,7,E417,7,1,0x02,ptr_scan
CD31,7,standalone,CD31,7,CD31,7,1,0x02,ptr_scan
C00A,7,secondary,C008,7,C008,7,1,0x02,ptr_scan
D6B9,7,standalone,D6B9,7,D6B9,7,1,0x02,ptr_scan
D1D6,7,standalone,D1D6,7,D1D6,7,1,0x02,ptr_scan
D1D7,7,standalone,D1D7,7,D1D7,7,1,0x02,ptr_scan
D5B9,7,standalone,D5B9,7,D5B9,7,1,0x02,ptr_scan
D5BA,7,secondary,C5F4,7,C5F4,7,1,0x02,ptr_scan
D7B9,7,standalone,D7B9,7,D7B9,7,1,0x02,ptr_scan
D7BA,7,standalone,D7BA,7,D7BA,7,1,0x02,ptr_scan
D1D8,7,secondary,C3ED,7,C3ED,7,1,0x02,ptr_scan
D8B9,7,secondary,C915,7,C915,7,1,0x02,ptr_scan
D8BA,7,secondary,C915,7,C915,7,1,0x02,ptr_scan
CC72,7,standalone,CC72,7,CC72,7,1,0x02,ptr_scan
E00B,7,standalone,E00B,7,E00B,7,1,0x02,ptr_scan
E00C,7,secondary,D0F5,7,D0F5,7,1,0x02,ptr_scan
D0FF,7,secondary,D0F5,7,D0F5,7,1,0x02,ptr_scan
D100,7,secondary,C1B3,7,C1B3,7,1,0x02,ptr_scan
DA20,7,secondary,CA16,7,CA16,7,1,0x02,ptr_scan
C90D,7,standalone,C90D,7,C90D,7,1,0x02,ptr_scan
E00A,7,secondary,D0F5,7,D0F5,7,1,0x02,ptr_scan
D002,7,secondary,C004,7,C004,7,1,0x02,ptr_scan
D003,7,standalone,D003,7,D003,7,1,0x02,ptr_scan
D004,7,standalone,D004,7,D004,7,1,0x02,ptr_scan
C510,7,standalone,C510,7,C510,7,1,0x02,ptr_scan
F00D,7,secondary,EF9B,7,EF9B,7,1,0x02,ptr_scan
F00E,7,standalone,F00E,7,F00E,7,2,0x02,ptr_scan
E60B,7,standalone,E60B,7,E60B,7,1,0x02,ptr_scan
E60C,7,standalone,E60C,7,E60C,7,1,0x02,ptr_scan
C904,7,secondary,C004,7,C004,7,1,0x02,ptr_scan
C688,7,secondary,C004,7,C004,7,1,0x02,ptr_scan
C90A,7,standalone,C90A,7,C90A,7,1,0x02,ptr_scan
CA12,7,standalone,CA12,7,CA12,7,1,0x02,ptr_scan
E110,7,secondary,D0F5,7,D0F5,7,1,0x02,ptr_scan
E111,7,standalone,E111,7,E111,7,1,0x02,ptr_scan
EAF0,7,standalone,EAF0,7,EAF0,7,1,0x02,ptr_scan
EAF1,7,secondary,EAEC,7,EAEC,7,1,0x02,ptr_scan
E690,7,standalone,E690,7,E690,7,1,0x02,ptr_scan
E691,7,standalone,E691,7,E691,7,1,0x02,ptr_scan
CE3E,7,secondary,C004,7,C004,7,1,0x02,ptr_scan
CE3F,7,secondary,C004,7,C004,7,1,0x02,ptr_scan
CE42,7,secondary,C004,7,C004,7,1,0x02,ptr_scan
CE43,7,secondary,C004,7,C004,7,1,0x02,ptr_scan
D0AD,7,standalone,D0AD,7,D0AD,7,1,0x02,ptr_scan
D0AE,7,secondary,C1B3,7,C1B3,7,1,0x02,ptr_scan
D0AC,7,standalone,D0AC,7,D0AC,7,1,0x02,ptr_scan
D9D0,7,secondary,CA16,7,CA16,7,1,0x02,ptr_scan
D0AF,7,standalone,D0AF,7,D0AF,7,1,0x02,ptr_scan
E9D0,7,standalone,E9D0,7,E9D0,7,1,0x02,ptr_scan
E9D1,7,standalone,E9D1,7,E9D1,7,1,0x02,ptr_scan
D101,7,standalone,D101,7,D101,7,1,0x02,ptr_scan
CE6C,7,secondary,C004,7,C004,7,1,0x02,ptr_scan
CE6D,7,secondary,C004,7,C004,7,1,0x02,ptr_scan
CE6E,7,standalone,CE6E,7,CE6E,7,1,0x02,ptr_scan
CE6F,7,secondary,C004,7,C004,7,1,0x02,ptr_scan
D17D,7,secondary,C1B3,7,C1B3,7,1,0x02,ptr_scan
D17E,7,standalone,D17E,7,D17E,7,1,0x02,ptr_scan
D17C,7,standalone,D17C,7,D17C,7,1,0x02,ptr_scan
DDD1,7,standalone,DDD1,7,DDD1,7,1,0x02,ptr_scan
DDD2,7,standalone,DDD2,7,DDD2,7,1,0x02,ptr_scan
D17F,7,secondary,C1B3,7,C1B3,7,1,0x02,ptr_scan
E9D2,7,standalone,E9D2,7,E9D2,7,31,0x03,control|ptr_scan
D198,7,standalone,D198,7,D198,7,1,0x02,ptr_scan
CD73,7,secondary,C004,7,C004,7,1,0x02,ptr_scan
CD7E,7,secondary,C004,7,C004,7,1,0x02,ptr_scan
CACD,7,standalone,CACD,7,CACD,7,1,0x02,ptr_scan
CACE,7,secondary,C004,7,C004,7,1,0x02,ptr_scan
C6CA,7,secondary,C004,7,C004,7,1,0x02,ptr_scan
E90A,7,standalone,E90A,7,E90A,7,1,0x02,ptr_scan
E90B,7,standalone,E90B,7,E90B,7,1,0x02,ptr_scan
C603,7,standalone,C603,7,C603,7,1,0x02,ptr_scan
C80B,7,secondary,C004,7,C004,7,1,0x02,ptr_scan
E029,7,standalone,E029,7,E029,7,1,0x02,ptr_scan
E02A,7,secondary,D0F5,7,D0F5,7,1,0x02,ptr_scan
E000,7,secondary,D0F5,7,D0F5,7,1,0x02,ptr_scan
F903,7,secondary,F72F,7,F72F,7,1,0x02,ptr_scan
F904,7,standalone,F904,7,F904,7,1,0x02,ptr_scan
C9C8,7,standalone,C9C8,7,C9C8,7,1,0x02,ptr_scan
C9C9,7,secondary,C004,7,C004,7,1,0x02,ptr_scan
E0C9,7,secondary,D0F5,7,D0F5,7,1,0x02,ptr_scan
CD60,7,standalone,CD60,7,CD60,7,1,0x02,ptr_scan
C8CD,7,secondary,C004,7,C004,7,1,0x02,ptr_scan
C8CE,7,secondary,C004,7,C004,7,1,0x02,ptr_scan
D3BD,7,secondary,C3ED,7,C3ED,7,1,0x02,ptr_scan
D3BE,7,standalone,D3BE,7,D3BE,7,1,0x02,ptr_scan
CDD3,7,secondary,C004,7,C004,7,1,0x02,ptr_scan
CDD4,7,secondary,C004,7,C004,7,1,0x02,ptr_scan
DDBE,7,standalone,DDBE,7,DDBE,7,1,0x02,ptr_scan
CDDD,7,standalone,CDDD,7,CDDD,7,1,0x02,ptr_scan
CDDE,7,secondary,C004,7,C004,7,1,0x02,ptr_scan
CDFF,7,standalone,CDFF,7,CDFF,7,1,0x02,ptr_scan
CD94,7,standalone,CD94,7,CD94,7,1,0x02,ptr_scan
CE4C,7,standalone,CE4C,7,CE4C,7,1,0x02,ptr_scan
CE78,7,secondary,C004,7,C004,7,1,0x02,ptr_scan
CE79,7,standalone,CE79,7,CE79,7,1,0x02,ptr_scan
CE9C,7,secondary,C004,7,C004,7,1,0x02,ptr_scan
CE9D,7,standalone,CE9D,7,CE9D,7,1,0x02,ptr_scan
CEAC,7,secondary,C004,7,C004,7,1,0x02,ptr_scan
CEAD,7,standalone,CEAD,7,CEAD,7,1,0x02,ptr_scan
CF25,7,secondary,C004,7,C004,7,1,0x02,ptr_scan
CF26,7,standalone,CF26,7,CF26,7,1,0x02,ptr_scan
CEBE,7,secondary,C004,7,C004,7,1,0x02,ptr_scan
CEBF,7,standalone,CEBF,7,CEBF,7,1,0x02,ptr_scan
C6CE,7,standalone,C6CE,7,C6CE,7,1,0x02,ptr_scan
C6CF,7,secondary,C004,7,C004,7,1,0x02,ptr_scan
CEC6,7,secondary,C004,7,C004,7,1,0x02,ptr_scan
CEC7,7,standalone,CEC7,7,CEC7,7,1,0x02,ptr_scan
CECE,7,secondary,C004,7,C004,7,1,0x02,ptr_scan
CECF,7,standalone,CECF,7,CECF,7,1,0x02,ptr_scan
D7CE,7,standalone,D7CE,7,D7CE,7,1,0x02,ptr_scan
D7CF,7,standalone,D7CF,7,D7CF,7,1,0x02,ptr_scan
CED7,7,secondary,C004,7,C004,7,1,0x02,ptr_scan
CED8,7,standalone,CED8,7,CED8,7,1,0x02,ptr_scan
EACE,7,secondary,EAC3,7,EAC3,7,1,0x02,ptr_scan
EACF,7,standalone,EACF,7,EACF,7,1,0x02,ptr_scan
CEEA,7,secondary,C004,7,C004,7,1,0x02,ptr_scan
CEEB,7,standalone,CEEB,7,CEEB,7,1,0x02,ptr_scan
F0CD,7,standalone,F0CD,7,F0CD,7,1,0x02,ptr_scan
F0CE,7,standalone,F0CE,7,F0CE,7,1,0x02,ptr_scan
CEF0,7,secondary,C004,7,C004,7,1,0x02,ptr_scan
CEF1,7,standalone,CEF1,7,CEF1,7,1,0x02,ptr_scan
CF30,7,secondary,C004,7,C004,7,1,0x02,ptr_scan
CF31,7,standalone,CF31,7,CF31,7,1,0x02,ptr_scan
CF40,7,secondary,C004,7,C004,7,1,0x02,ptr_scan
CF41,7,standalone,CF41,7,CF41,7,1,0x02,ptr_scan
CF55,7,secondary,C004,7,C004,7,1,0x02,ptr_scan
CF56,7,standalone,CF56,7,CF56,7,1,0x02,ptr_scan
C081,7,standalone,C081,7,C081,7,1,0x02,ptr_scan
CE98,7,secondary,C004,7,C004,7,1,0x02,ptr_scan
CE99,7,secondary,C004,7,C004,7,1,0x02,ptr_scan
CA03,7,secondary,C004,7,C004,7,1,0x02,ptr_scan
CA04,7,secondary,C004,7,C004,7,1,0x02,ptr_scan
C803,7,secondary,C004,7,C004,7,1,0x02,ptr_scan
E0C8,7,standalone,E0C8,7,E0C8,7,1,0x02,ptr_scan
C8C9,7,secondary,C004,7,C004,7,1,0x02,ptr_scan
E8AA,7,standalone,E8AA,7,E8AA,7,1,0x02,ptr_scan
E8AB,7,standalone,E8AB,7,E8AB,7,1,0x02,ptr_scan
DEE8,7,standalone,DEE8,7,DEE8,7,1,0x02,ptr_scan
DEE9,7,secondary,D0F5,7,D0F5,7,1,0x02,ptr_scan
F003,7,standalone,F003,7,F003,7,1,0x02,ptr_scan
EDF0,7,standalone,EDF0,7,EDF0,7,1,0x02,ptr_scan
EDF1,7,standalone,EDF1,7,EDF1,7,1,0x02,ptr_scan
C816,7,secondary,C004,7,C004,7,1,0x02,ptr_scan
C80C,7,standalone,C80C,7,C80C,7,1,0x02,ptr_scan
E602,7,secondary,E5F2,7,E5F2,7,1,0x02,ptr_scan
DC10,7,standalone,DC10,7,DC10,7,1,0x02,ptr_scan
DC11,7,secondary,CD7D,7,CD7D,7,1,0x02,ptr_scan
E806,7,standalone,E806,7,E806,7,1,0x02,ptr_scan
E807,7,standalone,E807,7,E807,7,1,0x02,ptr_scan
E0E9,7,standalone,E0E9,7,E0E9,7,1,0x02,ptr_scan
F691,7,secondary,F661,7,F661,7,1,0x02,ptr_scan
F306,7,standalone,F306,7,F306,7,1,0x02,ptr_scan
F307,7,standalone,F307,7,F307,7,1,0x02,ptr_scan
CF03,7,secondary,C004,7,C004,7,1,0x02,ptr_scan
FC02,7,standalone,FC02,7,FC02,7,1,0x02,ptr_scan
FC03,7,secondary,F72F,7,F72F,7,1,0x02,ptr_scan
DF01,7,secondary,D0F5,7,D0F5,7,1,0x02,ptr_scan
DF02,7,secondary,D0F5,7,D0F5,7,1,0x02,ptr_scan
C501,7,secondary,C004,7,C004,7,1,0x02,ptr_scan
C502,7,standalone,C502,7,C502,7,1,0x02,ptr_scan
FE01,7,secondary,FCFD,7,FCFD,7,1,0x02,ptr_scan
FE02,7,standalone,FE02,7,FE02,7,1,0x02,ptr_scan
EF00,7,secondary,EEFC,7,EEFC,7,1,0x02,ptr_scan
EF01,7,standalone,EF01,7,EF01,7,1,0x02,ptr_scan
E200,7,secondary,D191,7,D191,7,1,0x02,ptr_scan
D500,7,secondary,C555,7,C555,7,1,0x02,ptr_scan
D501,7,standalone,D501,7,D501,7,1,0x02,ptr_scan
CB00,7,standalone,CB00,7,CB00,7,1,0x02,ptr_scan
EEFF,7,secondary,EEFC,7,EEFC,7,1,0x02,ptr_scan
DDEE,7,standalone,DDEE,7,DDEE,7,1,0x02,ptr_scan
DDEF,7,standalone,DDEF,7,DDEF,7,1,0x02,ptr_scan
CCDD,7,secondary,C004,7,C004,7,1,0x02,ptr_scan
CCDE,7,standalone,CCDE,7,CCDE,7,1,0x02,ptr_scan
CCBB,7,secondary,C004,7,C004,7,1,0x02,ptr_scan
CCBC,7,standalone,CCBC,7,CCBC,7,1,0x02,ptr_scan
DDCC,7,standalone,DDCC,7,DDCC,7,1,0x02,ptr_scan
DDCD,7,secondary,CD93,7,CD93,7,1,0x02,ptr_scan
EEDD,7,secondary,EEB4,7,EEB4,7,1,0x02,ptr_scan
EEDE,7,secondary,EEB4,7,EEB4,7,1,0x02,ptr_scan
FFEF,7,standalone,FFEF,7,FFEF,7,1,0x02,ptr_scan
E020,7,standalone,E020,7,E020,7,1,0x02,ptr_scan
E021,7,secondary,D0F5,7,D0F5,7,1,0x02,ptr_scan
D030,7,standalone,D030,7,D030,7,1,0x02,ptr_scan
D031,7,secondary,C015,7,C015,7,1,0x02,ptr_scan
D8E0,7,secondary,C915,7,C915,7,1,0x02,ptr_scan
D8E1,7,standalone,D8E1,7,D8E1,7,1,0x02,ptr_scan
CA20,7,standalone,CA20,7,CA20,7,1,0x02,ptr_scan
CA21,7,secondary,C004,7,C004,7,1,0x02,ptr_scan
FB11,7,secondary,F72F,7,F72F,7,1,0x02,ptr_scan
FB31,7,secondary,F72F,7,F72F,7,1,0x02,ptr_scan
CAFB,7,secondary,C004,7,C004,7,1,0x02,ptr_scan
CAFC,7,standalone,CAFC,7,CAFC,7,1,0x02,ptr_scan
D0CB,7,standalone,D0CB,7,D0CB,7,1,0x02,ptr_scan
F3D1,7,secondary,F3A9,7,F3A9,7,1,0x02,ptr_scan
E880,7,standalone,E880,7,E880,7,1,0x02,ptr_scan
E881,7,standalone,E881,7,E881,7,1,0x02,ptr_scan
C8E8,7,secondary,C004,7,C004,7,1,0x02,ptr_scan
C8E9,7,secondary,C004,7,C004,7,1,0x02,ptr_scan
E8A0,7,standalone,E8A0,7,E8A0,7,1,0x02,ptr_scan
E8A1,7,standalone,E8A1,7,E8A1,7,1,0x02,ptr_scan
F5D0,7,secondary,F5BD,7,F5BD,7,1,0x02,ptr_scan
F620,7,standalone,F620,7,F620,7,1,0x02,ptr_scan
F621,7,secondary,F617,7,F617,7,1,0x02,ptr_scan
D2F7,7,standalone,D2F7,7,D2F7,7,1,0x02,ptr_scan
FA11,7,standalone,FA11,7,FA11,7,1,0x02,ptr_scan
D120,7,standalone,D120,7,D120,7,1,0x02,ptr_scan
D121,7,secondary,C1B3,7,C1B3,7,1,0x02,ptr_scan
E5D2,7,standalone,E5D2,7,E5D2,7,1,0x02,ptr_scan
CFC0,7,standalone,CFC0,7,CFC0,7,1,0x02,ptr_scan
D407,7,secondary,D405,7,D405,7,1,0x02,ptr_scan
E803,7,standalone,E803,7,E803,7,1,0x02,ptr_scan
E804,7,standalone,E804,7,E804,7,1,0x02,ptr_scan
F0E0,7,standalone,F0E0,7,F0E0,7,1,0x02,ptr_scan
F0E1,7,standalone,F0E1,7,F0E1,7,1,0x02,ptr_scan
D0F0,7,standalone,D0F0,7,D0F0,7,1,0x02,ptr_scan
D0F1,7,secondary,C1B3,7,C1B3,7,1,0x02,ptr_scan
F6D0,7,standalone,F6D0,7,F6D0,7,1,0x02,ptr_scan
F6D1,7,secondary,F6C9,7,F6C9,7,1,0x02,ptr_scan
CD39,7,secondary,C004,7,C004,7,1,0x02,ptr_scan
CD8D,7,standalone,CD8D,7,CD8D,7,1,0x02,ptr_scan
D339,7,standalone,D339,7,D339,7,1,0x02,ptr_scan
D33A,7,standalone,D33A,7,C3ED,7,1,0x02,ptr_scan
EF95,7,secondary,EF6C,7,EF6C,7,1,0x02,ptr_scan
EF96,7,standalone,EF96,7,EF96,7,2,0x02,ptr_scan
F39D,7,secondary,F370,7,F370,7,1,0x02,ptr_scan
F39E,7,standalone,F39E,7,F39E,7,1,0x02,ptr_scan
D333,7,secondary,C3ED,7,C3ED,7,1,0x02,ptr_scan
D334,7,standalone,D334,7,C3ED,7,1,0x02,ptr_scan
F695,7,standalone,F695,7,F695,7,1,0x02,ptr_scan
F696,7,secondary,F661,7,F661,7,1,0x02,ptr_scan
CAF6,7,secondary,C004,7,C004,7,1,0x02,ptr_scan
CAF7,7,secondary,C004,7,C004,7,1,0x02,ptr_scan
F0D0,7,standalone,F0D0,7,F0D0,7,1,0x02,ptr_scan
F0D1,7,secondary,F0CF,7,F0CF,7,1,0x02,ptr_scan
FD86,7,secondary,FCFD,7,FCFD,7,1,0x02,ptr_scan
FD87,7,standalone,FD87,7,FD87,7,1,0x02,ptr_scan
FE86,7,secondary,FCFD,7,FCFD,7,1,0x02,ptr_scan
FE87,7,standalone,FE87,7,FE87,7,1,0x02,ptr_scan
FE8E,7,secondary,FCFD,7,FCFD,7,1,0x02,ptr_scan
FE8F,7,standalone,FE8F,7,FE8F,7,1,0x02,ptr_scan
FB8D,7,secondary,F72F,7,F72F,7,1,0x02,ptr_scan
FB8E,7,secondary,F72F,7,F72F,7,1,0x02,ptr_scan
FC8D,7,secondary,F72F,7,F72F,7,1,0x02,ptr_scan
FC8E,7,standalone,FC8E,7,FC8E,7,1,0x02,ptr_scan
C550,7,standalone,C550,7,C550,7,1,0x02,ptr_scan
C551,7,secondary,C004,7,C004,7,1,0x02,ptr_scan
E624,7,standalone,E624,7,E624,7,1,0x02,ptr_scan
E625,7,standalone,E625,7,E625,7,1,0x02,ptr_scan
EFA9,7,secondary,EF9B,7,EF9B,7,1,0x02,ptr_scan
EFAA,7,secondary,EF9B,7,EF9B,7,1,0x02,ptr_scan
E802,7,standalone,E802,7,E802,7,1,0x02,ptr_scan
E8E8,7,standalone,E8E8,7,E8E8,7,1,0x02,ptr_scan
E8E9,7,standalone,E8E9,7,E8E9,7,1,0x02,ptr_scan
E4E9,7,secondary,E4E3,7,E4E3,7,1,0x02,ptr_scan
D033,7,secondary,C015,7,C015,7,1,0x02,ptr_scan
E538,7,standalone,E538,7,E538,7,1,0x02,ptr_scan
E539,7,secondary,E510,7,E510,7,1,0x02,ptr_scan
F011,7,standalone,F011,7,F011,7,1,0x02,ptr_scan
D821,7,secondary,C836,7,C836,7,1,0x02,ptr_scan
E4D9,7,secondary,E4D8,7,E4D8,7,1,0x02,ptr_scan
E938,7,standalone,E938,7,E938,7,1,0x02,ptr_scan
E939,7,secondary,E928,7,E928,7,1,0x02,ptr_scan
C6E5,7,standalone,C6E5,7,C6E5,7,1,0x02,ptr_scan
E1D0,7,secondary,D191,7,D191,7,1,0x02,ptr_scan
FD8D,7,secondary,FCFD,7,FCFD,7,1,0x02,ptr_scan
FD8E,7,secondary,FCFD,7,FCFD,7,1,0x02,ptr_scan
F221,7,standalone,F221,7,F221,7,1,0x02,ptr_scan
D46E,7,standalone,D46E,7,D46E,7,1,0x02,ptr_scan
F020,7,secondary,EF9B,7,EF9B,7,1,0x02,ptr_scan
F021,7,standalone,F021,7,F021,7,1,0x02,ptr_scan
F8C9,7,standalone,F8C9,7,F8C9,7,1,0x02,ptr_scan
F8CA,7,standalone,F8CA,7,F8CA,7,1,0x02,ptr_scan
D0F8,7,secondary,C1B3,7,C1B3,7,1,0x02,ptr_scan
DA24,7,standalone,DA24,7,DA24,7,1,0x02,ptr_scan
D445,7,standalone,D445,7,D445,7,1,0x02,ptr_scan
FF97,7,secondary,FCFD,7,FCFD,7,1,0x02,ptr_scan
FDA5,7,secondary,FCFD,7,FCFD,7,1,0x02,ptr_scan
D0FD,7,secondary,C1B3,7,C1B3,7,1,0x02,ptr_scan
D0FE,7,standalone,D0FE,7,D0FE,7,1,0x02,ptr_scan
FD85,7,standalone,FD85,7,FD85,7,1,0x02,ptr_scan
F54D,7,standalone,F54D,7,F54D,7,1,0x02,ptr_scan
D5F6,7,standalone,D5F6,7,D5F6,7,1,0x02,ptr_scan
D797,7,standalone,D797,7,D797,7,1,0x02,ptr_scan
D02A,7,secondary,C008,7,C008,7,1,0x02,ptr_scan
D0D0,7,standalone,D0D0,7,D0D0,7,1,0x02,ptr_scan
D0D1,7,standalone,D0D1,7,D0D1,7,1,0x02,ptr_scan
CAAA,7,secondary,C004,7,C004,7,1,0x02,ptr_scan
EDD0,7,secondary,EDC0,7,EDC0,7,1,0x02,ptr_scan
EDD1,7,standalone,EDD1,7,EDD1,7,1,0x02,ptr_scan
E410,7,standalone,E410,7,E410,7,1,0x02,ptr_scan
E411,7,standalone,E411,7,E411,7,1,0x02,ptr_scan
CAB0,7,secondary,C004,7,C004,7,1,0x02,ptr_scan
CAB1,7,standalone,CAB1,7,CAB1,7,1,0x02,ptr_scan
D589,7,secondary,C5F4,7,C5F4,7,1,0x02,ptr_scan
D58A,7,secondary,C5F4,7,C5F4,7,1,0x02,ptr_scan
F210,7,standalone,F210,7,F210,7,1,0x02,ptr_scan
F211,7,standalone,F211,7,F211,7,1,0x02,ptr_scan
D0A9,7,standalone,D0A9,7,D0A9,7,1,0x02,ptr_scan
F0A2,7,standalone,F0A2,7,F0A2,7,1,0x02,ptr_scan
F0A3,7,standalone,F0A3,7,F0A3,7,1,0x02,ptr_scan
E0A9,7,standalone,E0A9,7,E0A9,7,1,0x02,ptr_scan
E0AA,7,secondary,D0F5,7,D0F5,7,1,0x02,ptr_scan
C6D7,7,standalone,C6D7,7,C6D7,7,1,0x02,ptr_scan
D03B,7,secondary,C1B3,7,C1B3,7,1,0x02,ptr_scan
EA20,7,standalone,EA20,7,EA20,7,1,0x02,ptr_scan
EA21,7,secondary,EA13,7,EA13,7,1,0x02,ptr_scan
E9EB,7,standalone,E9EB,7,E9EB,7,1,0x02,ptr_scan
D199,7,secondary,C1B3,7,C1B3,7,1,0x02,ptr_scan
D19A,7,secondary,C1B3,7,C1B3,7,1,0x02,ptr_scan
D024,7,secondary,C004,7,C004,7,1,0x02,ptr_scan
D026,7,secondary,C004,7,C004,7,1,0x02,ptr_scan
C600,7,secondary,C004,7,C004,7,1,0x02,ptr_scan
D60E,7,standalone,D60E,7,D60E,7,1,0x02,ptr_scan
D663,7,standalone,D663,7,D663,7,1,0x02,ptr_scan
D60A,7,secondary,C697,7,C697,7,1,0x02,ptr_scan
FE8D,7,standalone,FE8D,7,FE8D,7,1,0x02,ptr_scan
D64A,7,secondary,C697,7,C697,7,1,0x02,ptr_scan
D64E,7,standalone,D64E,7,D64E,7,1,0x02,ptr_scan
D652,7,standalone,D652,7,D652,7,2,0x02,ptr_scan
D653,7,secondary,C697,7,C697,7,1,0x02,ptr_scan
D656,7,secondary,C697,7,C697,7,1,0x02,ptr_scan
D657,7,standalone,D657,7,D657,7,1,0x02,ptr_scan
D65A,7,secondary,C697,7,C697,7,1,0x02,ptr_scan
D65B,7,secondary,C697,7,C697,7,1,0x02,ptr_scan
D65E,7,secondary,C697,7,C697,7,1,0x02,ptr_scan
CA01,7,standalone,CA01,7,CA01,7,1,0x02,ptr_scan
CA02,7,secondary,C004,7,C004,7,1,0x02,ptr_scan
DA10,7,secondary,CA16,7,CA16,7,1,0x02,ptr_scan
E820,7,secondary,E818,7,E818,7,1,0x02,ptr_scan
E821,7,secondary,E818,7,E818,7,1,0x02,ptr_scan
D7E9,7,standalone,D7E9,7,D7E9,7,1,0x02,ptr_scan
E6D3,7,standalone,E6D3,7,E6D3,7,1,0x02,ptr_scan
E6D4,7,standalone,E6D4,7,E6D4,7,1,0x02,ptr_scan
F420,7,standalone,F420,7,F420,7,1,0x02,ptr_scan
F421,7,standalone,F421,7,F421,7,1,0x02,ptr_scan
D085,7,secondary,C1B3,7,C1B3,7,1,0x02,ptr_scan
D086,7,secondary,C1B3,7,C1B3,7,1,0x02,ptr_scan
EA10,7,secondary,E9F9,7,E9F9,7,1,0x02,ptr_scan
EA11,7,standalone,EA11,7,EA11,7,1,0x02,ptr_scan
EEB9,7,standalone,EEB9,7,EEB9,7,1,0x02,ptr_scan
EEBA,7,secondary,EEB4,7,EEB4,7,1,0x02,ptr_scan
D6EE,7,secondary,C73B,7,C73B,7,2,0x02,ptr_scan
D6EF,7,standalone,D6EF,7,D6EF,7,1,0x02,ptr_scan
EFBA,7,secondary,EF9B,7,EF9B,7,1,0x02,ptr_scan
E67B,7,standalone,E67B,7,E67B,7,1,0x02,ptr_scan
C981,7,standalone,C981,7,C981,7,1,0x02,ptr_scan
F024,7,secondary,EF9B,7,EF9B,7,1,0x02,ptr_scan
F025,7,standalone,F025,7,F025,7,1,0x02,ptr_scan
F085,7,secondary,F068,7,F068,7,1,0x02,ptr_scan
F086,7,standalone,F086,7,F086,7,1,0x02,ptr_scan
ECF0,7,standalone,ECF0,7,ECF0,7,2,0x02,ptr_scan
ECF1,7,secondary,ECE2,7,ECE2,7,1,0x02,ptr_scan
FDD3,7,secondary,FCFD,7,FCFD,7,1,0x02,ptr_scan
D000,7,standalone,D000,7,D000,7,1,0x02,ptr_scan
D001,7,secondary,C004,7,C004,7,1,0x02,ptr_scan
D3A9,7,secondary,C3ED,7,C3ED,7,1,0x02,ptr_scan
D3AA,7,standalone,D3AA,7,D3AA,7,1,0x02,ptr_scan
CFA9,7,secondary,C004,7,C004,7,1,0x02,ptr_scan
D054,7,secondary,C1B3,7,C1B3,7,1,0x02,ptr_scan
D055,7,standalone,D055,7,D055,7,1,0x02,ptr_scan
F24C,7,standalone,F24C,7,F24C,7,1,0x02,ptr_scan
F24D,7,standalone,F24D,7,F24D,7,1,0x02,ptr_scan
D7B0,7,secondary,C7D4,7,C7D4,7,1,0x02,ptr_scan
D7B1,7,secondary,C836,7,C836,7,1,0x02,ptr_scan
C4B9,7,standalone,C4B9,7,C4B9,7,1,0x02,ptr_scan
D0C5,7,secondary,C1B3,7,C1B3,7,1,0x02,ptr_scan
DCD0,7,secondary,CD7D,7,CD7D,7,1,0x02,ptr_scan
DCD1,7,secondary,CD7D,7,CD7D,7,1,0x02,ptr_scan
D7DC,7,standalone,D7DC,7,C836,7,1,0x02,ptr_scan
D7DD,7,standalone,D7DD,7,D7DD,7,1,0x02,ptr_scan
D7D7,7,standalone,D7D7,7,D7D7,7,1,0x02,ptr_scan
D7D8,7,standalone,D7D8,7,D7D8,7,1,0x02,ptr_scan
F711,7,standalone,F711,7,F711,7,1,0x02,ptr_scan
D951,7,secondary,CA16,7,CA16,7,1,0x02,ptr_scan
D921,7,standalone,D921,7,D921,7,1,0x02,ptr_scan
F811,7,standalone,F811,7,F811,7,1,0x02,ptr_scan
CAA0,7,standalone,CAA0,7,CAA0,7,1,0x02,ptr_scan
CAA1,7,secondary,C004,7,C004,7,1,0x02,ptr_scan
CA8E,7,secondary,C004,7,C004,7,1,0x02,ptr_scan
CC8E,7,secondary,C004,7,C004,7,1,0x02,ptr_scan
CC8F,7,standalone,CC8F,7,CC8F,7,1,0x02,ptr_scan
E801,7,standalone,E801,7,E801,7,1,0x02,ptr_scan
D843,7,standalone,D843,7,D843,7,1,0x02,ptr_scan
F8AA,7,standalone,F8AA,7,F8AA,7,1,0x02,ptr_scan
E8E5,7,standalone,E8E5,7,E8E5,7,1,0x02,ptr_scan
E8E6,7,standalone,E8E6,7,E8E6,7,1,0x02,ptr_scan
E962,7,secondary,E928,7,E928,7,1,0x02,ptr_scan
E963,7,standalone,E963,7,E963,7,1,0x02,ptr_scan
E321,7,standalone,E321,7,E321,7,1,0x02,ptr_scan
E4E4,7,standalone,E4E4,7,E4E4,7,1,0x02,ptr_scan
E418,7,standalone,E418,7,E418,7,1,0x02,ptr_scan
C662,7,secondary,C004,7,C004,7,1,0x02,ptr_scan
D039,7,secondary,C1B3,7,C1B3,7,1,0x02,ptr_scan
D94E,7,standalone,D94E,7,D94E,7,1,0x02,ptr_scan
D948,7,secondary,CA16,7,CA16,7,1,0x02,ptr_scan
D949,7,standalone,D949,7,D949,7,1,0x02,ptr_scan
EC10,7,secondary,EBAE,7,EBAE,7,1,0x02,ptr_scan
EC11,7,standalone,EC11,7,EC11,7,1,0x02,ptr_scan
FDA4,7,standalone,FDA4,7,FDA4,7,1,0x02,ptr_scan
E8B9,7,standalone,E8B9,7,E8B9,7,1,0x02,ptr_scan
E8BA,7,standalone,E8BA,7,E8BA,7,1,0x02,ptr_scan
D9E8,7,secondary,CA16,7,CA16,7,1,0x02,ptr_scan
D9E9,7,standalone,D9E9,7,D9E9,7,1,0x02,ptr_scan
CA80,7,standalone,CA80,7,CA80,7,1,0x02,ptr_scan
CA78,7,standalone,CA78,7,CA78,7,1,0x02,ptr_scan
CA79,7,secondary,C004,7,C004,7,1,0x02,ptr_scan
E9AB,7,standalone,E9AB,7,E9AB,7,1,0x02,ptr_scan
C0A9,7,standalone,C0A9,7,C0A9,7,1,0x02,ptr_scan
C0AA,7,secondary,C004,7,C004,7,1,0x02,ptr_scan
E8A9,7,standalone,E8A9,7,E8A9,7,1,0x02,ptr_scan
E84F,7,standalone,E84F,7,E84F,7,1,0x02,ptr_scan
E850,7,standalone,E850,7,E850,7,1,0x02,ptr_scan
C6E6,7,standalone,C6E6,7,C6E6,7,1,0x02,ptr_scan
D07A,7,secondary,C1B3,7,C1B3,7,1,0x02,ptr_scan
D07B,7,standalone,D07B,7,D07B,7,1,0x02,ptr_scan
DB59,7,secondary,CD7D,7,CD7D,7,1,0x02,ptr_scan
DB5A,7,secondary,CD7D,7,CD7D,7,1,0x02,ptr_scan
EAA9,7,standalone,EAA9,7,EAA6,7,13,0x07,control|ptr_scan|table_run
EAAA,7,standalone,EAAA,7,EAAA,7,1,0x02,ptr_scan
DBA9,7,secondary,CD7D,7,CD7D,7,1,0x02,ptr_scan
E437,7,standalone,E437,7,E437,7,1,0x02,ptr_scan
F6A9,7,secondary,F661,7,F661,7,1,0x02,ptr_scan
F6AA,7,secondary,F661,7,F661,7,1,0x02,ptr_scan
CBA9,7,secondary,C004,7,C004,7,1,0x02,ptr_scan
CBAA,7,standalone,CBAA,7,CBAA,7,1,0x02,ptr_scan
DCA9,7,standalone,DCA9,7,DCA9,7,1,0x02,ptr_scan
DCAA,7,standalone,DCAA,7,DCAA,7,1,0x02,ptr_scan
C94B,7,standalone,C94B,7,C94B,7,1,0x02,ptr_scan
DBB0,7,secondary,CD7D,7,CD7D,7,1,0x02,ptr_scan
C619,7,secondary,C004,7,C004,7,1,0x02,ptr_scan
D032,7,standalone,D032,7,D032,7,1,0x02,ptr_scan
E5D0,7,secondary,E57D,7,E57D,7,1,0x02,ptr_scan
D5D0,7,standalone,D5D0,7,D5D0,7,1,0x02,ptr_scan
D5D1,7,secondary,C697,7,C697,7,1,0x02,ptr_scan
DBA8,7,secondary,CD7D,7,CD7D,7,1,0x02,ptr_scan
DBAC,7,secondary,CD7D,7,CD7D,7,1,0x02,ptr_scan
DBAD,7,standalone,DBAD,7,DBAD,7,1,0x02,ptr_scan
F0DB,7,standalone,F0DB,7,F0DB,7,1,0x02,ptr_scan
F0DC,7,standalone,F0DC,7,F0DC,7,1,0x02,ptr_scan
F310,7,standalone,F310,7,F310,7,1,0x02,ptr_scan
F311,7,standalone,F311,7,F311,7,1,0x02,ptr_scan
DE3A,7,standalone,DE3A,7,DE3A,7,1,0x02,ptr_scan
CE21,7,secondary,C004,7,C004,7,1,0x02,ptr_scan
DCCF,7,standalone,DCCF,7,DCCF,7,1,0x02,ptr_scan
E8DC,7,standalone,E8DC,7,E8DC,7,1,0x02,ptr_scan
CB26,7,standalone,CB26,7,CB26,7,1,0x02,ptr_scan
E6EE,7,standalone,E6EE,7,E6EE,7,1,0x02,ptr_scan
E6EF,7,standalone,E6EF,7,E6EF,7,1,0x02,ptr_scan
E64A,7,standalone,E64A,7,E64A,7,1,0x02,ptr_scan
E64B,7,standalone,E64B,7,E64B,7,1,0x02,ptr_scan
F04B,7,secondary,F047,7,F047,7,1,0x02,ptr_scan
F04C,7,secondary,EF9B,7,EF9B,7,1,0x02,ptr_scan
C000,7,standalone,C000,7,C000,7,1,0x02,ptr_scan
C001,7,standalone,C001,7,C001,7,1,0x02,ptr_scan
C002,7,standalone,C002,7,C002,7,1,0x02,ptr_scan
F4A9,7,secondary,F459,7,F459,7,2,0x02,ptr_scan
CEA9,7,secondary,C004,7,C004,7,1,0x02,ptr_scan
E002,7,standalone,E002,7,E002,7,1,0x02,ptr_scan
DE72,7,secondary,D0F5,7,D0F5,7,1,0x02,ptr_scan
DE73,7,standalone,DE73,7,DE73,7,1,0x02,ptr_scan
DE74,7,standalone,DE74,7,DE74,7,1,0x02,ptr_scan
E11F,7,secondary,D0F5,7,D0F5,7,1,0x02,ptr_scan
E2B7,7,standalone,E2B7,7,E2B7,7,1,0x02,ptr_scan
E2B8,7,standalone,E2B8,7,E2B8,7,1,0x02,ptr_scan
DE8A,7,standalone,DE8A,7,DE8A,7,1,0x02,ptr_scan
DE8B,7,secondary,D0F5,7,D0F5,7,1,0x02,ptr_scan
DF3E,7,secondary,D0F5,7,D0F5,7,1,0x02,ptr_scan
E088,7,secondary,D0F5,7,D0F5,7,1,0x02,ptr_scan
E29A,7,standalone,E29A,7,E29A,7,1,0x02,ptr_scan
E29B,7,standalone,E29B,7,E29B,7,1,0x02,ptr_scan
FCE2,7,standalone,FCE2,7,FCE2,7,1,0x02,ptr_scan
FCE3,7,secondary,F72F,7,F72F,7,1,0x02,ptr_scan
E3FC,7,standalone,E3FC,7,E3FC,7,1,0x02,ptr_scan
E3FD,7,standalone,E3FD,7,E3FD,7,1,0x02,ptr_scan
F4BD,7,standalone,F4BD,7,F4BD,7,1,0x02,ptr_scan
F4BE,7,secondary,F459,7,F459,7,1,0x02,ptr_scan
EABD,7,secondary,EAA9,7,EAA9,7,2,0x02,ptr_scan
C820,7,standalone,C820,7,C820,7,1,0x02,ptr_scan
C821,7,standalone,C821,7,C821,7,1,0x02,ptr_scan
E8C8,7,standalone,E8C8,7,E8C8,7,3,0x02,ptr_scan
E8C9,7,standalone,E8C9,7,E8C9,7,1,0x02,ptr_scan
DEA9,7,standalone,DEA9,7,DEA9,7,1,0x02,ptr_scan
D00E,7,standalone,D00E,7,D00E,7,1,0x02,ptr_scan
D00F,7,secondary,C004,7,C004,7,1,0x02,ptr_scan
E120,7,standalone,E120,7,E120,7,1,0x02,ptr_scan
E121,7,secondary,D0F5,7,D0F5,7,1,0x02,ptr_scan
F1BD,7,standalone,F1BD,7,F1BD,7,1,0x02,ptr_scan
F1BE,7,standalone,F1BE,7,F1BE,7,1,0x02,ptr_scan
D1BD,7,standalone,D1BD,7,D1BD,7,1,0x02,ptr_scan
D05A,7,standalone,D05A,7,D05A,7,1,0x02,ptr_scan
D05B,7,secondary,C1B3,7,C1B3,7,1,0x02,ptr_scan
C907,7,standalone,C907,7,C907,7,1,0x02,ptr_scan
F077,7,secondary,F068,7,F068,7,1,0x02,ptr_scan
EBF1,7,secondary,EBAE,7,EBAE,7,1,0x02,ptr_scan
C620,7,standalone,C620,7,C620,7,1,0x02,ptr_scan
D075,7,standalone,D075,7,D075,7,1,0x02,ptr_scan
D09A,7,secondary,C1B3,7,C1B3,7,1,0x02,ptr_scan
D09B,7,standalone,D09B,7,D09B,7,1,0x02,ptr_scan
F9D0,7,secondary,F9A8,7,F9A8,7,1,0x02,ptr_scan
D057,7,standalone,D057,7,D057,7,1,0x02,ptr_scan
D058,7,secondary,C1B3,7,C1B3,7,1,0x02,ptr_scan
D0C8,7,secondary,C1B3,7,C1B3,7,1,0x02,ptr_scan
F4D0,7,standalone,F4D0,7,F4D0,7,1,0x02,ptr_scan
F4D1,7,standalone,F4D1,7,F4D1,7,1,0x02,ptr_scan
C90C,7,secondary,C004,7,C004,7,1,0x02,ptr_scan
EED0,7,secondary,EEB4,7,EEB4,7,1,0x02,ptr_scan
EED1,7,standalone,EED1,7,EED1,7,1,0x02,ptr_scan
F8D0,7,standalone,F8D0,7,F8D0,7,1,0x02,ptr_scan
F8D1,7,secondary,F72F,7,F72F,7,1,0x02,ptr_scan
E4C0,7,standalone,E4C0,7,E4C0,7,1,0x02,ptr_scan
F1D0,7,standalone,F1D0,7,F1D0,7,1,0x02,ptr_scan
F1D1,7,standalone,F1D1,7,F1D1,7,1,0x02,ptr_scan
E904,7,standalone,E904,7,E904,7,1,0x02,ptr_scan
F2AD,7,standalone,F2AD,7,F2AD,7,1,0x02,ptr_scan
F2AE,7,standalone,F2AE,7,F2AE,7,1,0x02,ptr_scan
F34E,7,standalone,F34E,7,F34E,7,4,0x02,ptr_scan
F28D,7,standalone,F28D,7,F28D,7,1,0x02,ptr_scan
F28E,7,standalone,F28E,7,F28E,7,1,0x02,ptr_scan
F36D,7,standalone,F36D,7,F36D,7,1,0x02,ptr_scan
F36E,7,standalone,F36E,7,F36E,7,1,0x02,ptr_scan
F38E,7,secondary,F370,7,F370,7,1,0x02,ptr_scan
F04A,7,secondary,EF9B,7,EF9B,7,1,0x02,ptr_scan
E7F0,7,standalone,E7F0,7,E7F0,7,1,0x02,ptr_scan
E7F1,7,standalone,E7F1,7,E7F1,7,1,0x02,ptr_scan
E545,7,standalone,E545,7,E545,7,1,0x02,ptr_scan
D9F1,7,standalone,D9F1,7,D9F1,7,1,0x02,ptr_scan
E57E,7,standalone,E57E,7,E57E,7,1,0x02,ptr_scan
CA1F,7,secondary,C004,7,C004,7,1,0x02,ptr_scan
C801,7,secondary,C004,7,C004,7,1,0x02,ptr_scan
C802,7,standalone,C802,7,C802,7,1,0x02,ptr_scan
C0C9,7,standalone,C0C9,7,C0C9,7,1,0x02,ptr_scan
CA6A,7,secondary,C004,7,C004,7,1,0x02,ptr_scan
CA6B,7,standalone,CA6B,7,CA6B,7,1,0x02,ptr_scan
E848,7,standalone,E848,7,E848,7,1,0x02,ptr_scan
C480,7,secondary,C004,7,C004,7,1,0x02,ptr_scan
D060,7,secondary,C1B3,7,C1B3,7,1,0x02,ptr_scan
D061,7,standalone,D061,7,D061,7,1,0x02,ptr_scan
E600,7,secondary,E5F2,7,E5F2,7,1,0x02,ptr_scan
E601,7,standalone,E601,7,E601,7,1,0x02,ptr_scan
E661,7,standalone,E661,7,E661,7,1,0x02,ptr_scan
FDD0,7,standalone,FDD0,7,FDD0,7,1,0x02,ptr_scan
D028,7,standalone,D028,7,D028,7,1,0x02,ptr_scan
E63F,7,standalone,E63F,7,E63F,7,1,0x02,ptr_scan
E640,7,standalone,E640,7,E640,7,1,0x02,ptr_scan
E642,7,standalone,E642,7,E642,7,12,0x02,ptr_scan
E643,7,standalone,E643,7,E643,7,1,0x02,ptr_scan
E6A8,7,standalone,E6A8,7,E6A8,7,1,0x02,ptr_scan
E6A9,7,standalone,E6A9,7,E6A9,7,1,0x02,ptr_scan
E6B8,7,standalone,E6B8,7,E6B8,7,1,0x02,ptr_scan
FE00,7,standalone,FE00,7,FE00,7,1,0x02,ptr_scan
FDFE,7,standalone,FDFE,7,FDFE,7,1,0x02,ptr_scan
FCFD,7,standalone,FCFD,7,FCFD,7,18,0x03,control|ptr_scan
FCFE,7,secondary,F72F,7,F72F,7,1,0x02,ptr_scan
FCFC,7,standalone,FCFC,7,FCFC,7,1,0x02,ptr_scan
FDFC,7,secondary,FCFD,7,FCFD,7,1,0x02,ptr_scan
E788,7,standalone,E788,7,E788,7,1,0x02,ptr_scan
E799,7,standalone,E799,7,E799,7,1,0x02,ptr_scan
E79A,7,standalone,E79A,7,E79A,7,1,0x02,ptr_scan
E7A9,7,standalone,E7A9,7,E7A9,7,1,0x02,ptr_scan
E7AA,7,standalone,E7AA,7,E7AA,7,1,0x02,ptr_scan
D010,7,standalone,D010,7,D010,7,1,0x02,ptr_scan
E64E,7,standalone,E64E,7,E64E,7,1,0x02,ptr_scan
E64C,7,standalone,E64C,7,E64C,7,1,0x02,ptr_scan
E64D,7,standalone,E64D,7,E64D,7,1,0x02,ptr_scan
E797,7,standalone,E797,7,E797,7,1,0x02,ptr_scan
E798,7,standalone,E798,7,E798,7,1,0x02,ptr_scan
E75C,7,secondary,E73F,7,E73F,7,7,0x02,ptr_scan
E75D,7,standalone,E75D,7,E75D,7,1,0x02,ptr_scan
C0A0,7,secondary,C004,7,C004,7,1,0x02,ptr_scan
C0A1,7,secondary,C004,7,C004,7,1,0x02,ptr_scan
E0C0,7,secondary,D0F5,7,D0F5,7,1,0x02,ptr_scan
E0C1,7,secondary,D0F5,7,D0F5,7,1,0x02,ptr_scan
CA08,7,standalone,CA08,7,CA08,7,1,0x02,ptr_scan
CA09,7,secondary,C004,7,C004,7,1,0x02,ptr_scan
E614,7,standalone,E614,7,E614,7,1,0x02,ptr_scan
E828,7,standalone,E828,7,E828,7,1,0x02,ptr_scan
E826,7,standalone,E826,7,E826,7,1,0x02,ptr_scan
E620,7,standalone,E620,7,E620,7,1,0x02,ptr_scan
E621,7,standalone,E621,7,E621,7,1,0x02,ptr_scan
E022,7,secondary,D0F5,7,D0F5,7,1,0x02,ptr_scan
E023,7,standalone,E023,7,E023,7,1,0x02,ptr_scan
E8FD,7,standalone,E8FD,7,E8FD,7,1,0x02,ptr_scan
D050,7,standalone,D050,7,D050,7,1,0x02,ptr_scan
D051,7,secondary,C1B3,7,C1B3,7,1,0x02,ptr_scan
E854,7,standalone,E854,7,E854,7,6,0x02,ptr_scan
E855,7,standalone,E855,7,E855,7,1,0x02,ptr_scan
CA05,7,secondary,C004,7,C004,7,1,0x02,ptr_scan
DE4C,7,secondary,D0F5,7,D0F5,7,12,0x02,ptr_scan
DE4D,7,standalone,DE4D,7,DE4D,7,1,0x02,ptr_scan
E928,7,standalone,E928,7,E928,7,23,0x03,control|ptr_scan
E929,7,standalone,E929,7,E929,7,1,0x02,ptr_scan
DFBF,7,secondary,D0F5,7,D0F5,7,8,0x02,ptr_scan
DE5F,7,standalone,DE5F,7,D0F5,7,13,0x03,control|ptr_scan
F088,7,secondary,F068,7,F068,7,1,0x02,ptr_scan
F089,7,standalone,F089,7,F089,7,1,0x02,ptr_scan
F002,7,secondary,EF9B,7,EF9B,7,1,0x02,ptr_scan
C420,7,secondary,C004,7,C004,7,1,0x02,ptr_scan
C421,7,secondary,C004,7,C004,7,1,0x02,ptr_scan
DFB4,7,standalone,DFB4,7,DFB4,7,1,0x02,ptr_scan
DFB5,7,secondary,D0F5,7,D0F5,7,1,0x02,ptr_scan
F0DF,7,standalone,F0DF,7,F0DF,7,1,0x02,ptr_scan
CFB4,7,secondary,C004,7,C004,7,1,0x02,ptr_scan
CFB5,7,secondary,C004,7,C004,7,1,0x02,ptr_scan
F06D,7,standalone,F06D,7,F06D,7,1,0x02,ptr_scan
F06E,7,standalone,F06E,7,F06E,7,1,0x02,ptr_scan
C09E,7,standalone,C09E,7,C09E,7,1,0x02,ptr_scan
DF95,7,secondary,D0F5,7,D0F5,7,1,0x02,ptr_scan
DF96,7,standalone,DF96,7,DF96,7,1,0x02,ptr_scan
CADF,7,standalone,CADF,7,CADF,7,1,0x02,ptr_scan
CAE0,7,secondary,C004,7,C004,7,1,0x02,ptr_scan
DDD0,7,secondary,CD93,7,CD93,7,1,0x02,ptr_scan
C6A8,7,standalone,C6A8,7,C6A8,7,1,0x02,ptr_scan
C6A9,7,standalone,C6A9,7,C6A9,7,1,0x02,ptr_scan
F033,7,secondary,EF9B,7,EF9B,7,1,0x02,ptr_scan
F034,7,standalone,F034,7,F034,7,1,0x02,ptr_scan
ED11,7,secondary,ED0C,7,ED0C,7,1,0x02,ptr_scan
EA8A,7,standalone,EA8A,7,EA8A,7,1,0x02,ptr_scan
D011,7,secondary,C004,7,C004,7,1,0x02,ptr_scan
EA5C,7,standalone,EA5C,7,EA5C,7,8,0x03,control|ptr_scan
EA5D,7,standalone,EA5D,7,EA5D,7,1,0x02,ptr_scan
E8EA,7,standalone,E8EA,7,E8EA,7,1,0x02,ptr_scan
E8EB,7,standalone,E8EB,7,E8EB,7,1,0x02,ptr_scan
D089,7,standalone,D089,7,D089,7,1,0x02,ptr_scan
EA8D,7,standalone,EA8D,7,EA8D,7,1,0x02,ptr_scan
DF2A,7,standalone,DF2A,7,DF2A,7,1,0x02,ptr_scan
D29D,7,standalone,D29D,7,D29D,7,1,0x02,ptr_scan
D29E,7,standalone,D29E,7,D29E,7,1,0x02,ptr_scan
F29D,7,standalone,F29D,7,F29D,7,1,0x02,ptr_scan
F29E,7,standalone,F29E,7,F29E,7,1,0x02,ptr_scan
E8B1,7,standalone,E8B1,7,E8B1,7,1,0x02,ptr_scan
E8B2,7,standalone,E8B2,7,E8B2,7,1,0x02,ptr_scan
EB4B,7,standalone,EB4B,7,EB4B,7,1,0x02,ptr_scan
D19D,7,secondary,C1B3,7,C1B3,7,1,0x02,ptr_scan
D18F,7,standalone,D18F,7,D18F,7,1,0x02,ptr_scan
CCAD,7,secondary,C004,7,C004,7,1,0x02,ptr_scan
CCAE,7,standalone,CCAE,7,CCAE,7,1,0x02,ptr_scan
C908,7,standalone,C908,7,C908,7,2,0x02,ptr_scan
D007,7,secondary,C004,7,C004,7,1,0x02,ptr_scan
EE06,7,standalone,EE06,7,EE06,7,1,0x02,ptr_scan
EE07,7,secondary,EE00,7,EE00,7,1,0x02,ptr_scan
EE0E,7,secondary,EE00,7,EE00,7,1,0x02,ptr_scan
EE0F,7,standalone,EE0F,7,EE0F,7,1,0x02,ptr_scan
CBEE,7,secondary,C004,7,C004,7,1,0x02,ptr_scan
CBEF,7,standalone,CBEF,7,CBEF,7,1,0x02,ptr_scan
CBAD,7,standalone,CBAD,7,CBAD,7,1,0x02,ptr_scan
CBAE,7,secondary,C004,7,C004,7,1,0x02,ptr_scan
FDAC,7,secondary,FCFD,7,FCFD,7,1,0x02,ptr_scan
FDAD,7,standalone,FDAD,7,FDAD,7,1,0x02,ptr_scan
EB8F,7,standalone,EB8F,7,EB8F,7,1,0x02,ptr_scan
EB90,7,standalone,EB90,7,EB90,7,1,0x02,ptr_scan
F0EB,7,standalone,F0EB,7,F0EB,7,1,0x02,ptr_scan
F0EC,7,standalone,F0EC,7,F0EC,7,1,0x02,ptr_scan
CAAD,7,secondary,C004,7,C004,7,1,0x02,ptr_scan
CAAE,7,secondary,C004,7,C004,7,1,0x02,ptr_scan
EB7F,7,standalone,EB7F,7,EB7F,7,1,0x02,ptr_scan
EB80,7,standalone,EB80,7,EB80,7,1,0x02,ptr_scan
EB87,7,standalone,EB87,7,EB87,7,1,0x02,ptr_scan
EB88,7,standalone,EB88,7,EB88,7,1,0x02,ptr_scan
E04C,7,secondary,D0F5,7,D0F5,7,1,0x02,ptr_scan
E04D,7,secondary,D0F5,7,D0F5,7,1,0x02,ptr_scan
EBE1,7,standalone,EBE1,7,EBE1,7,1,0x02,ptr_scan
C797,7,standalone,C797,7,C797,7,1,0x02,ptr_scan
C798,7,standalone,C798,7,C798,7,1,0x02,ptr_scan
EB98,7,standalone,EB98,7,EB98,7,1,0x02,ptr_scan
EBEB,7,standalone,EBEB,7,EBEB,7,1,0x02,ptr_scan
EBEC,7,secondary,EBAE,7,EBAE,7,1,0x02,ptr_scan
CE4F,7,standalone,CE4F,7,CE4F,7,1,0x02,ptr_scan
CE50,7,standalone,CE50,7,CE50,7,1,0x02,ptr_scan
CACF,7,standalone,CACF,7,CACF,7,1,0x02,ptr_scan
F199,7,standalone,F199,7,F199,7,1,0x02,ptr_scan
D018,7,standalone,D018,7,D018,7,1,0x02,ptr_scan
C9FD,7,secondary,C004,7,C004,7,1,0x02,ptr_scan
C9FE,7,standalone,C9FE,7,C9FE,7,1,0x02,ptr_scan
D005,7,secondary,C004,7,C004,7,1,0x02,ptr_scan
EF9C,7,standalone,EF9C,7,EF9C,7,1,0x02,ptr_scan
EA14,7,standalone,EA14,7,EA14,7,1,0x02,ptr_scan
ED37,7,standalone,ED37,7,ED37,7,1,0x02,ptr_scan
D0EC,7,secondary,C1B3,7,C1B3,7,1,0x02,ptr_scan
D0ED,7,standalone,D0ED,7,D0ED,7,1,0x02,ptr_scan
ED46,7,standalone,ED46,7,ED46,7,1,0x02,ptr_scan
E901,7,standalone,E901,7,E901,7,1,0x02,ptr_scan
D1FE,7,standalone,D1FE,7,D1FE,7,1,0x02,ptr_scan
F026,7,standalone,F026,7,F026,7,1,0x02,ptr_scan
F027,7,secondary,EF9B,7,EF9B,7,1,0x02,ptr_scan
E6B0,7,standalone,E6B0,7,E6B0,7,1,0x02,ptr_scan
E6B1,7,standalone,E6B1,7,E6B1,7,1,0x02,ptr_scan
C626,7,standalone,C626,7,C626,7,1,0x02,ptr_scan
F19D,7,standalone,F19D,7,F19D,7,1,0x02,ptr_scan
ED52,7,standalone,ED52,7,ED52,7,1,0x02,ptr_scan
FE14,7,secondary,FCFD,7,FCFD,7,1,0x02,ptr_scan
EDA5,7,standalone,EDA5,7,EDA5,7,9,0x02,ptr_scan
EDA6,7,standalone,EDA6,7,EDA6,7,1,0x02,ptr_scan
C978,7,standalone,C978,7,C978,7,1,0x02,ptr_scan
E912,7,standalone,E912,7,E912,7,1,0x02,ptr_scan
E913,7,standalone,E913,7,E913,7,1,0x02,ptr_scan
ECD0,7,standalone,ECD0,7,ECD0,7,1,0x02,ptr_scan
ECD1,7,secondary,EC91,7,EC91,7,1,0x02,ptr_scan
CA77,7,secondary,C004,7,C004,7,1,0x02,ptr_scan
FBD0,7,standalone,FBD0,7,FBD0,7,1,0x02,ptr_scan
FBD1,7,secondary,F72F,7,F72F,7,1,0x02,ptr_scan
F9BE,7,standalone,F9BE,7,F9BE,7,1,0x02,ptr_scan
EDF9,7,standalone,EDF9,7,EDF9,7,1,0x02,ptr_scan
EDFA,7,standalone,EDFA,7,EDFA,7,1,0x02,ptr_scan
FABD,7,standalone,FABD,7,FABD,7,1,0x02,ptr_scan
FABE,7,secondary,F72F,7,F72F,7,1,0x02,ptr_scan
EDFB,7,standalone,EDFB,7,EDFB,7,1,0x02,ptr_scan
EE01,7,standalone,EE01,7,EE01,7,1,0x02,ptr_scan
EE02,7,secondary,EE00,7,EE00,7,1,0x02,ptr_scan
D022,7,standalone,D022,7,D022,7,1,0x02,ptr_scan
F606,7,secondary,F5BD,7,F5BD,7,1,0x02,ptr_scan
F607,7,standalone,F607,7,F607,7,1,0x02,ptr_scan
F67E,7,standalone,F67E,7,F67E,7,1,0x02,ptr_scan
F67F,7,secondary,F661,7,F661,7,1,0x02,ptr_scan
DD7E,7,secondary,CD7D,7,CD7D,7,1,0x02,ptr_scan
EE46,7,secondary,EE11,7,EE11,7,1,0x02,ptr_scan
EE47,7,standalone,EE47,7,EE47,7,1,0x02,ptr_scan
D0EE,7,secondary,C1B3,7,C1B3,7,1,0x02,ptr_scan
D0EF,7,secondary,C1B3,7,C1B3,7,1,0x02,ptr_scan
F2D1,7,standalone,F2D1,7,F2D1,7,1,0x02,ptr_scan
EE4D,7,standalone,EE4D,7,EE4D,7,1,0x02,ptr_scan
EE4E,7,standalone,EE4E,7,EE4E,7,1,0x02,ptr_scan
EE4F,7,standalone,EE4F,7,EE4F,7,1,0x02,ptr_scan
EE55,7,standalone,EE55,7,EE55,7,1,0x02,ptr_scan
EE56,7,standalone,EE56,7,EE56,7,1,0x02,ptr_scan
EE7E,7,standalone,EE7E,7,EE7E,7,1,0x02,ptr_scan
EE7F,7,standalone,EE7F,7,EE7F,7,1,0x02,ptr_scan
EE78,7,standalone,EE78,7,EE78,7,1,0x02,ptr_scan
EE79,7,standalone,EE79,7,EE79,7,1,0x02,ptr_scan
CA0B,7,secondary,C004,7,C004,7,1,0x02,ptr_scan
F610,7,standalone,F610,7,F610,7,1,0x02,ptr_scan
F611,7,standalone,F611,7,F611,7,1,0x02,ptr_scan
CC8D,7,secondary,C004,7,C004,7,1,0x02,ptr_scan
C980,7,secondary,C004,7,C004,7,1,0x02,ptr_scan
EC06,7,secondary,EBAE,7,EBAE,7,1,0x02,ptr_scan
EC07,7,standalone,EC07,7,EC07,7,1,0x02,ptr_scan
FBEC,7,standalone,FBEC,7,FBEC,7,1,0x02,ptr_scan
FBED,7,secondary,F72F,7,F72F,7,3,0x02,ptr_scan
ECCA,7,secondary,EC91,7,EC91,7,1,0x02,ptr_scan
ECCB,7,standalone,ECCB,7,ECCB,7,1,0x02,ptr_scan
CD78,7,standalone,CD78,7,CD78,7,1,0x02,ptr_scan
FCCD,7,standalone,FCCD,7,FCCD,7,1,0x02,ptr_scan
FCCE,7,secondary,F72F,7,F72F,7,1,0x02,ptr_scan
F3AD,7,secondary,F3A9,7,F3A9,7,1,0x02,ptr_scan
F3AE,7,standalone,F3AE,7,F3AE,7,1,0x02,ptr_scan
EE10,7,secondary,EE00,7,EE00,7,1,0x02,ptr_scan
E906,7,standalone,E906,7,E906,7,1,0x02,ptr_scan
E907,7,standalone,E907,7,E907,7,1,0x02,ptr_scan
F34C,7,standalone,F34C,7,F34C,7,1,0x02,ptr_scan
EEF4,7,standalone,EEF4,7,EEF4,7,1,0x02,ptr_scan
E1BD,7,standalone,E1BD,7,E1BD,7,1,0x02,ptr_scan
E1BE,7,secondary,D191,7,D191,7,1,0x02,ptr_scan
F0E2,7,standalone,F0E2,7,F0E2,7,1,0x02,ptr_scan
E2BD,7,standalone,E2BD,7,E2BD,7,1,0x02,ptr_scan
F0E3,7,standalone,F0E3,7,F0E3,7,1,0x02,ptr_scan
F1E1,7,standalone,F1E1,7,F1E1,7,1,0x02,ptr_scan
F1E2,7,standalone,F1E2,7,F1E2,7,1,0x02,ptr_scan
F1E3,7,standalone,F1E3,7,F1E3,7,1,0x02,ptr_scan
F222,7,standalone,F222,7,F222,7,1,0x02,ptr_scan
F223,7,standalone,F223,7,F223,7,1,0x02,ptr_scan
E810,7,standalone,E810,7,E810,7,1,0x02,ptr_scan
E811,7,standalone,E811,7,E811,7,1,0x02,ptr_scan
E2BA,7,standalone,E2BA,7,E2BA,7,1,0x02,ptr_scan
C060,7,standalone,C060,7,C060,7,1,0x02,ptr_scan
C061,7,secondary,C004,7,C004,7,1,0x02,ptr_scan
D710,7,standalone,D710,7,D710,7,1,0x02,ptr_scan
D711,7,secondary,C744,7,C744,7,1,0x02,ptr_scan
C401,7,secondary,C004,7,C004,7,1,0x02,ptr_scan
CC00,7,secondary,C004,7,C004,7,1,0x02,ptr_scan
CC01,7,standalone,CC01,7,CC01,7,1,0x02,ptr_scan
D400,7,standalone,D400,7,D400,7,1,0x02,ptr_scan
D401,7,secondary,C496,7,C496,7,1,0x02,ptr_scan
DA00,7,secondary,CA16,7,CA16,7,1,0x02,ptr_scan
EC00,7,standalone,EC00,7,EC00,7,1,0x02,ptr_scan
EC01,7,secondary,EBAE,7,EBAE,7,1,0x02,ptr_scan
FC01,7,secondary,F72F,7,F72F,7,1,0x02,ptr_scan
E8FF,7,standalone,E8FF,7,E8FF,7,1,0x02,ptr_scan
DCFF,7,standalone,DCFF,7,DCFF,7,1,0x02,ptr_scan
DD00,7,standalone,DD00,7,DD00,7,1,0x02,ptr_scan
C2FF,7,standalone,C2FF,7,C2FF,7,1,0x02,ptr_scan
C007,7,standalone,C007,7,C007,7,1,0x02,ptr_scan
C010,7,standalone,C010,7,C010,7,1,0x02,ptr_scan
C01C,7,standalone,C01C,7,C01C,7,1,0x02,ptr_scan
C01D,7,secondary,C004,7,C004,7,1,0x02,ptr_scan
C014,7,secondary,C004,7,C004,7,1,0x02,ptr_scan
C00C,7,secondary,C004,7,C004,7,1,0x02,ptr_scan
C00D,7,standalone,C00D,7,C00D,7,1,0x02,ptr_scan
FE80,7,secondary,FCFD,7,FCFD,7,1,0x02,ptr_scan
FE81,7,secondary,FCFD,7,FCFD,7,1,0x02,ptr_scan
FD00,7,secondary,F72F,7,F72F,7,1,0x02,ptr_scan
FD01,7,secondary,FCFD,7,FCFD,7,1,0x02,ptr_scan
FB80,7,secondary,F72F,7,F72F,7,1,0x02,ptr_scan
FB81,7,standalone,FB81,7,FB81,7,1,0x02,ptr_scan
F840,7,standalone,F840,7,F840,7,1,0x02,ptr_scan
F841,7,standalone,F841,7,F72F,7,1,0x02,ptr_scan
C0F8,7,standalone,C0F8,7,C0F8,7,1,0x02,ptr_scan
F6C0,7,standalone,F6C0,7,F6C0,7,1,0x02,ptr_scan
F6C1,7,standalone,F6C1,7,F6C1,7,1,0x02,ptr_scan
F540,7,standalone,F540,7,F53E,7,1,0x02,ptr_scan
F280,7,standalone,F280,7,F280,7,1,0x02,ptr_scan
F281,7,standalone,F281,7,F281,7,1,0x02,ptr_scan
F101,7,standalone,F101,7,F101,7,1,0x02,ptr_scan
EFC0,7,standalone,EFC0,7,EFC0,7,1,0x02,ptr_scan
EFC1,7,standalone,EFC1,7,EFC1,7,1,0x02,ptr_scan
EE40,7,standalone,EE40,7,EE40,7,1,0x02,ptr_scan
EE41,7,secondary,EE11,7,EE11,7,1,0x02,ptr_scan
ED00,7,standalone,ED00,7,ED00,7,1,0x02,ptr_scan
ED01,7,secondary,ECF7,7,ECF7,7,1,0x02,ptr_scan
C0ED,7,secondary,C004,7,C004,7,1,0x02,ptr_scan
C0EE,7,standalone,C0EE,7,C0EE,7,1,0x02,ptr_scan
EBC0,7,standalone,EBC0,7,EBC0,7,1,0x02,ptr_scan
EBC1,7,standalone,EBC1,7,EBC1,7,1,0x02,ptr_scan
C0EB,7,secondary,C004,7,C004,7,1,0x02,ptr_scan
EAC0,7,standalone,EAC0,7,EAC0,7,1,0x02,ptr_scan
EAC1,7,standalone,EAC1,7,EAC1,7,1,0x02,ptr_scan
E980,7,secondary,E928,7,E928,7,1,0x02,ptr_scan
E981,7,standalone,E981,7,E981,7,1,0x02,ptr_scan
E780,7,standalone,E780,7,E780,7,1,0x02,ptr_scan
E781,7,standalone,E781,7,E781,7,1,0x02,ptr_scan
E680,7,standalone,E680,7,E680,7,1,0x02,ptr_scan
E681,7,standalone,E681,7,E681,7,1,0x02,ptr_scan
E580,7,standalone,E580,7,E580,7,1,0x02,ptr_scan
E581,7,standalone,E581,7,E581,7,1,0x02,ptr_scan
C0E5,7,standalone,C0E5,7,C0E5,7,1,0x02,ptr_scan
C0E6,7,secondary,C004,7,C004,7,1,0x02,ptr_scan
E4C1,7,standalone,E4C1,7,E4C1,7,1,0x02,ptr_scan
E400,7,standalone,E400,7,E400,7,1,0x02,ptr_scan
E401,7,standalone,E401,7,E401,7,1,0x02,ptr_scan
E341,7,standalone,E341,7,E341,7,1,0x02,ptr_scan
E281,7,standalone,E281,7,E281,7,1,0x02,ptr_scan
E180,7,secondary,D0F5,7,D0F5,7,1,0x02,ptr_scan
E101,7,standalone,E101,7,E101,7,1,0x02,ptr_scan
C0E1,7,secondary,C004,7,C004,7,1,0x02,ptr_scan
C0E2,7,secondary,C004,7,C004,7,1,0x02,ptr_scan
E080,7,standalone,E080,7,E080,7,1,0x02,ptr_scan
E081,7,standalone,E081,7,E081,7,1,0x02,ptr_scan
E040,7,secondary,D0F5,7,D0F5,7,1,0x02,ptr_scan
E041,7,standalone,E041,7,E041,7,1,0x02,ptr_scan
C0E0,7,standalone,C0E0,7,C0E0,7,1,0x02,ptr_scan
C0E4,7,secondary,C004,7,C004,7,1,0x02,ptr_scan
C0E9,7,secondary,C004,7,C004,7,1,0x02,ptr_scan
C0EA,7,standalone,C0EA,7,C0EA,7,1,0x02,ptr_scan
C0EF,7,secondary,C004,7,C004,7,1,0x02,ptr_scan
C0F5,7,standalone,C0F5,7,C0F5,7,1,0x02,ptr_scan
C0F6,7,secondary,C004,7,C004,7,1,0x02,ptr_scan
F35F,7,standalone,F35F,7,F35F,7,4,0x02,ptr_scan
F360,7,standalone,F360,7,F360,7,1,0x02,ptr_scan
F3F2,7,standalone,F3F2,7,F3F2,7,4,0x02,ptr_scan
F3F3,7,standalone,F3F3,7,F3F3,7,1,0x02,ptr_scan
F3AF,7,secondary,F3A9,7,F3A9,7,5,0x02,ptr_scan
F3B0,7,standalone,F3B0,7,F3B0,7,1,0x02,ptr_scan
F6F0,7,standalone,F6F0,7,F6F0,7,1,0x02,ptr_scan
F6F1,7,standalone,F6F1,7,F6C9,7,1,0x02,ptr_scan
EE04,7,standalone,EE04,7,EE04,7,1,0x02,ptr_scan
EE05,7,secondary,EE00,7,EE00,7,1,0x02,ptr_scan
CE60,7,secondary,C004,7,C004,7,1,0x02,ptr_scan
CE61,7,secondary,C004,7,C004,7,1,0x02,ptr_scan
E5F1,7,secondary,E5D1,7,E5D1,7,1,0x02,ptr_scan
E4BD,7,secondary,E4B5,7,E4B5,7,1,0x02,ptr_scan
E4BE,7,standalone,E4BE,7,E4BE,7,1,0x02,ptr_scan
EBBD,7,secondary,EBAE,7,EBAE,7,1,0x02,ptr_scan
EBBE,7,standalone,EBBE,7,EBBE,7,1,0x02,ptr_scan
F3EC,7,standalone,F3EC,7,F3EC,7,1,0x02,ptr_scan
E7BD,7,standalone,E7BD,7,E7BD,7,1,0x02,ptr_scan
E7BE,7,standalone,E7BE,7,E7BE,7,1,0x02,ptr_scan
F3E7,7,standalone,F3E7,7,F3E7,7,1,0x02,ptr_scan
EEBD,7,secondary,EEB4,7,EEB4,7,1,0x02,ptr_scan
F3EE,7,standalone,F3EE,7,F3EE,7,1,0x02,ptr_scan
F3EF,7,standalone,F3EF,7,F3EF,7,1,0x02,ptr_scan
F459,7,standalone,F459,7,F459,7,13,0x03,control|ptr_scan
F45A,7,standalone,F45A,7,F45A,7,1,0x02,ptr_scan
CE18,7,standalone,CE18,7,CE18,7,1,0x02,ptr_scan
CE19,7,standalone,CE19,7,CE19,7,1,0x02,ptr_scan
CC4C,7,secondary,C004,7,C004,7,1,0x02,ptr_scan
CC4D,7,standalone,CC4D,7,CC4D,7,1,0x02,ptr_scan
F3CC,7,standalone,F3CC,7,F3A9,7,28,0x03,control|ptr_scan
DC20,7,secondary,CD7D,7,CD7D,7,1,0x02,ptr_scan
DC21,7,standalone,DC21,7,DC21,7,1,0x02,ptr_scan
F7DC,7,standalone,F7DC,7,F72F,7,37,0x03,control|ptr_scan
F7DD,7,standalone,F7DD,7,F7DD,7,1,0x02,ptr_scan
F260,7,standalone,F260,7,F260,7,1,0x02,ptr_scan
F261,7,standalone,F261,7,F261,7,1,0x02,ptr_scan
F359,7,standalone,F359,7,F359,7,1,0x02,ptr_scan
E9A3,7,standalone,E9A3,7,E9A3,7,1,0x02,ptr_scan
F4C9,7,standalone,F4C9,7,F4C9,7,1,0x02,ptr_scan
EE03,7,standalone,EE03,7,EE03,7,1,0x02,ptr_scan
F918,7,secondary,F72F,7,F72F,7,1,0x02,ptr_scan
F919,7,secondary,F72F,7,F72F,7,1,0x02,ptr_scan
CE03,7,standalone,CE03,7,CE03,7,1,0x02,ptr_scan
C7C9,7,secondary,C004,7,C004,7,1,0x02,ptr_scan
C7CA,7,standalone,C7CA,7,C7CA,7,1,0x02,ptr_scan
C7A9,7,secondary,C004,7,C004,7,1,0x02,ptr_scan
C7AA,7,secondary,C004,7,C004,7,1,0x02,ptr_scan
EE48,7,standalone,EE48,7,EE48,7,1,0x02,ptr_scan
EE49,7,standalone,EE49,7,EE49,7,1,0x02,ptr_scan
D901,7,secondary,C915,7,C915,7,1,0x02,ptr_scan
D902,7,standalone,D902,7,D902,7,1,0x02,ptr_scan
CCD9,7,secondary,C004,7,C004,7,1,0x02,ptr_scan
F4CC,7,standalone,F4CC,7,F4CC,7,1,0x02,ptr_scan
F4CD,7,standalone,F4CD,7,F4CD,7,1,0x02,ptr_scan
D0F4,7,standalone,D0F4,7,D0F4,7,1,0x02,ptr_scan
C2B9,7,secondary,C004,7,C004,7,1,0x02,ptr_scan
F4C2,7,standalone,F4C2,7,F4C2,7,1,0x02,ptr_scan
F4C3,7,standalone,F4C3,7,F4C3,7,1,0x02,ptr_scan
C7B9,7,secondary,C004,7,C004,7,1,0x02,ptr_scan
C7BA,7,standalone,C7BA,7,C7BA,7,1,0x02,ptr_scan
F4C7,7,standalone,F4C7,7,F4C7,7,1,0x02,ptr_scan
F4C8,7,standalone,F4C8,7,F4C8,7,1,0x02,ptr_scan
EDC1,7,standalone,EDC1,7,EDC1,7,1,0x02,ptr_scan
E6ED,7,standalone,E6ED,7,E6ED,7,1,0x02,ptr_scan
D161,7,secondary,C1B3,7,C1B3,7,1,0x02,ptr_scan
C93E,7,standalone,C93E,7,C93E,7,1,0x02,ptr_scan
C93F,7,secondary,C004,7,C004,7,1,0x02,ptr_scan
F417,7,standalone,F417,7,F417,7,1,0x02,ptr_scan
F418,7,standalone,F418,7,F418,7,1,0x02,ptr_scan
F5F4,7,secondary,F5BD,7,F5BD,7,2,0x02,ptr_scan
F6F6,7,standalone,F6F6,7,F6F6,7,1,0x02,ptr_scan
F7F6,7,standalone,F7F6,7,F7F6,7,1,0x02,ptr_scan
F7F7,7,secondary,F7DC,7,F7DC,7,1,0x02,ptr_scan
F6F7,7,secondary,F6C9,7,F6C9,7,1,0x02,ptr_scan
F6F8,7,secondary,F6C9,7,F6C9,7,1,0x02,ptr_scan
F514,7,standalone,F514,7,F514,7,1,0x02,ptr_scan
D220,7,standalone,D220,7,D220,7,1,0x02,ptr_scan
D221,7,secondary,C3ED,7,C3ED,7,1,0x02,ptr_scan
F516,7,standalone,F516,7,F516,7,1,0x02,ptr_scan
F517,7,standalone,F517,7,F517,7,1,0x02,ptr_scan
C19A,7,secondary,C004,7,C004,7,1,0x02,ptr_scan
E19A,7,standalone,E19A,7,E19A,7,1,0x02,ptr_scan
F51C,7,standalone,F51C,7,F51C,7,37,0x02,ptr_scan
F51D,7,standalone,F51D,7,F51D,7,1,0x02,ptr_scan
D2D0,7,secondary,C3ED,7,C3ED,7,1,0x02,ptr_scan
D2D1,7,standalone,D2D1,7,D2D1,7,1,0x02,ptr_scan
D08A,7,secondary,C1B3,7,C1B3,7,1,0x02,ptr_scan
D08B,7,standalone,D08B,7,D08B,7,1,0x02,ptr_scan
F533,7,standalone,F533,7,F533,7,1,0x02,ptr_scan
F534,7,standalone,F534,7,F534,7,1,0x02,ptr_scan
F538,7,standalone,F538,7,F538,7,1,0x02,ptr_scan
F539,7,standalone,F539,7,F539,7,1,0x02,ptr_scan
FE03,7,secondary,FCFD,7,FCFD,7,1,0x02,ptr_scan
FC04,7,standalone,FC04,7,FC04,7,1,0x02,ptr_scan
FC05,7,standalone,FC05,7,FC05,7,1,0x02,ptr_scan
F6FD,7,secondary,F6C9,7,F6C9,7,1,0x02,ptr_scan
F8F7,7,secondary,F72F,7,F72F,7,1,0x02,ptr_scan
F8F9,7,secondary,F72F,7,F72F,7,1,0x02,ptr_scan
E641,7,standalone,E641,7,E641,7,1,0x02,ptr_scan
F587,7,standalone,F587,7,F587,7,1,0x02,ptr_scan
DEAA,7,standalone,DEAA,7,DEAA,7,1,0x02,ptr_scan
F58A,7,standalone,F58A,7,F58A,7,20,0x03,control|ptr_scan
F58B,7,standalone,F58B,7,F58B,7,1,0x02,ptr_scan
F598,7,standalone,F598,7,F598,7,22,0x03,control|ptr_scan
F599,7,standalone,F599,7,F599,7,1,0x02,ptr_scan
CBD0,7,secondary,C004,7,C004,7,1,0x02,ptr_scan
C98A,7,secondary,C004,7,C004,7,1,0x02,ptr_scan
C98B,7,secondary,C004,7,C004,7,1,0x02,ptr_scan
F08A,7,secondary,F068,7,F068,7,1,0x02,ptr_scan
F08B,7,standalone,F08B,7,F08B,7,1,0x02,ptr_scan
F9A9,7,standalone,F9A9,7,F9A9,7,1,0x02,ptr_scan
F9AA,7,secondary,F9A8,7,F9A8,7,1,0x02,ptr_scan
F7C6,7,standalone,F7C6,7,F72F,7,5,0x03,control|ptr_scan
F7C7,7,standalone,F7C7,7,F7C7,7,1,0x02,ptr_scan
C1BC,7,secondary,C004,7,C004,7,1,0x02,ptr_scan
D1B9,7,standalone,D1B9,7,D1B9,7,1,0x02,ptr_scan
F02A,7,standalone,F02A,7,F02A,7,1,0x02,ptr_scan
F02B,7,standalone,F02B,7,F02B,7,1,0x02,ptr_scan
F938,7,standalone,F938,7,F938,7,1,0x02,ptr_scan
F939,7,secondary,F72F,7,F72F,7,1,0x02,ptr_scan
C1BE,7,secondary,C004,7,C004,7,1,0x02,ptr_scan
D1F9,7,secondary,C3ED,7,C3ED,7,1,0x02,ptr_scan
D1FA,7,secondary,C3ED,7,C3ED,7,1,0x02,ptr_scan
E1FD,7,secondary,D191,7,D191,7,1,0x02,ptr_scan
E507,7,secondary,E4E3,7,E4E3,7,1,0x02,ptr_scan
C933,7,standalone,C933,7,C933,7,1,0x02,ptr_scan
C934,7,secondary,C004,7,C004,7,1,0x02,ptr_scan
C910,7,standalone,C910,7,C910,7,1,0x02,ptr_scan
F615,7,standalone,F615,7,F615,7,1,0x02,ptr_scan
F616,7,standalone,F616,7,F616,7,1,0x02,ptr_scan
FE04,7,standalone,FE04,7,FE04,7,1,0x02,ptr_scan
C1FE,7,standalone,C1FE,7,C1FE,7,1,0x02,ptr_scan
FAA9,7,secondary,F72F,7,F72F,7,1,0x02,ptr_scan
FAAA,7,standalone,FAAA,7,FAAA,7,1,0x02,ptr_scan
DE61,7,secondary,D0F5,7,D0F5,7,1,0x02,ptr_scan
FA60,7,standalone,FA60,7,FA60,7,1,0x02,ptr_scan
FA61,7,secondary,F72F,7,F72F,7,1,0x02,ptr_scan
F9A0,7,standalone,F9A0,7,F72F,7,54,0x03,control|ptr_scan
F9A1,7,secondary,F9A0,7,F9A0,7,1,0x02,ptr_scan
C4F9,7,secondary,C004,7,C004,7,1,0x02,ptr_scan
C4FA,7,standalone,C4FA,7,C4FA,7,1,0x02,ptr_scan
D092,7,standalone,D092,7,D092,7,1,0x02,ptr_scan
D093,7,secondary,C1B3,7,C1B3,7,1,0x02,ptr_scan
F9A8,7,standalone,F9A8,7,F72F,7,36,0x03,control|ptr_scan
C6B9,7,secondary,C004,7,C004,7,1,0x02,ptr_scan
C6BA,7,secondary,C004,7,C004,7,1,0x02,ptr_scan
F6C6,7,standalone,F6C6,7,F6C6,7,1,0x02,ptr_scan
F6C7,7,standalone,F6C7,7,F6C7,7,1,0x02,ptr_scan
FAD0,7,secondary,FAC8,7,FAC8,7,1,0x02,ptr_scan
F068,7,standalone,F068,7,F068,7,55,0x03,control|ptr_scan
F712,7,standalone,F712,7,F712,7,20,0x03,control|ptr_scan
F713,7,standalone,F713,7,F713,7,1,0x02,ptr_scan
CFD0,7,secondary,C004,7,C004,7,1,0x02,ptr_scan
CFD1,7,standalone,CFD1,7,CFD1,7,1,0x02,ptr_scan
F72D,7,secondary,F712,7,F712,7,1,0x02,ptr_scan
F72E,7,standalone,F72E,7,F72E,7,1,0x02,ptr_scan
F731,7,standalone,F731,7,F731,7,1,0x02,ptr_scan
F732,7,secondary,F72F,7,F72F,7,1,0x02,ptr_scan
F735,7,standalone,F735,7,F735,7,1,0x02,ptr_scan
F736,7,standalone,F736,7,F736,7,1,0x02,ptr_scan
F733,7,secondary,F72F,7,F72F,7,1,0x02,ptr_scan
F861,7,secondary,F72F,7,F72F,7,1,0x02,ptr_scan
F770,7,standalone,F770,7,F770,7,1,0x02,ptr_scan
F772,7,standalone,F772,7,F772,7,15,0x03,control|ptr_scan
F773,7,secondary,F72F,7,F72F,7,1,0x02,ptr_scan
DFD0,7,secondary,D0F5,7,D0F5,7,1,0x02,ptr_scan
DFD1,7,standalone,DFD1,7,DFD1,7,1,0x02,ptr_scan
F79C,7,secondary,F72F,7,F72F,7,1,0x02,ptr_scan
F79D,7,standalone,F79D,7,F79D,7,1,0x02,ptr_scan
F797,7,secondary,F772,7,F772,7,1,0x02,ptr_scan
F798,7,secondary,F72F,7,F72F,7,1,0x02,ptr_scan
F7AE,7,standalone,F7AE,7,F7AE,7,1,0x02,ptr_scan
F7A7,7,standalone,F7A7,7,F7A7,7,1,0x02,ptr_scan
F705,7,standalone,F705,7,F705,7,1,0x02,ptr_scan
F706,7,secondary,F6C9,7,F6C9,7,1,0x02,ptr_scan
F9F7,7,secondary,F9F2,7,F9F2,7,1,0x02,ptr_scan
F9F8,7,secondary,F9F2,7,F9F2,7,1,0x02,ptr_scan
F9F9,7,standalone,F9F9,7,F9F9,7,1,0x02,ptr_scan
F9FA,7,secondary,F9F2,7,F9F2,7,1,0x02,ptr_scan
D095,7,standalone,D095,7,D095,7,1,0x02,ptr_scan
E095,7,secondary,D0F5,7,D0F5,7,1,0x02,ptr_scan
E096,7,standalone,E096,7,E096,7,1,0x02,ptr_scan
F087,7,standalone,F087,7,F087,7,1,0x02,ptr_scan
F0C9,7,standalone,F0C9,7,F0C9,7,1,0x02,ptr_scan
F0CA,7,standalone,F0CA,7,F0CA,7,1,0x02,ptr_scan
E909,7,standalone,E909,7,E909,7,1,0x02,ptr_scan
F0E9,7,standalone,F0E9,7,F0E9,7,1,0x02,ptr_scan
F0EA,7,standalone,F0EA,7,F0EA,7,1,0x02,ptr_scan
C9F0,7,secondary,C004,7,C004,7,1,0x02,ptr_scan
C9F1,7,standalone,C9F1,7,C9F1,7,1,0x02,ptr_scan
E902,7,standalone,E902,7,E902,7,1,0x02,ptr_scan
E903,7,standalone,E903,7,E903,7,1,0x02,ptr_scan
F829,7,standalone,F829,7,F829,7,1,0x02,ptr_scan
F82A,7,standalone,F82A,7,F82A,7,1,0x02,ptr_scan
F869,7,standalone,F869,7,F869,7,1,0x02,ptr_scan
F86A,7,standalone,F86A,7,F86A,7,1,0x02,ptr_scan
F86E,7,secondary,F72F,7,F72F,7,1,0x02,ptr_scan
F86F,7,secondary,F72F,7,F72F,7,1,0x02,ptr_scan
F873,7,standalone,F873,7,F873,7,11,0x03,control|ptr_scan
EC14,7,standalone,EC14,7,EC14,7,1,0x02,ptr_scan
EC15,7,standalone,EC15,7,EC15,7,1,0x02,ptr_scan
C2B1,7,standalone,C2B1,7,C2B1,7,1,0x02,ptr_scan
D3C2,7,standalone,D3C2,7,D3C2,7,1,0x02,ptr_scan
D3C3,7,standalone,D3C3,7,C3ED,7,1,0x02,ptr_scan
F82B,7,standalone,F82B,7,F72F,7,1,0x02,ptr_scan
F8AC,7,secondary,F873,7,F873,7,1,0x02,ptr_scan
F8AD,7,secondary,F72F,7,F72F,7,1,0x02,ptr_scan
C806,7,standalone,C806,7,C806,7,1,0x02,ptr_scan
C040,7,standalone,C040,7,C040,7,1,0x02,ptr_scan
C041,7,secondary,C004,7,C004,7,1,0x02,ptr_scan
F8BD,7,secondary,F72F,7,F72F,7,1,0x02,ptr_scan
F8BE,7,secondary,F72F,7,F72F,7,1,0x02,ptr_scan
F8BF,7,standalone,F8BF,7,F8BF,7,1,0x02,ptr_scan
F8C0,7,standalone,F8C0,7,F8C0,7,1,0x02,ptr_scan
CEBD,7,standalone,CEBD,7,CEBD,7,1,0x02,ptr_scan
F8CE,7,secondary,F72F,7,F72F,7,1,0x02,ptr_scan
F8CF,7,secondary,F72F,7,F72F,7,1,0x02,ptr_scan
F906,7,standalone,F906,7,F906,7,1,0x02,ptr_scan
F902,7,secondary,F72F,7,F72F,7,1,0x02,ptr_scan
FCA9,7,standalone,FCA9,7,FCA9,7,1,0x02,ptr_scan
FCAA,7,secondary,F72F,7,F72F,7,1,0x02,ptr_scan
E060,7,secondary,D0F5,7,D0F5,7,1,0x02,ptr_scan
E0FF,7,secondary,D0F5,7,D0F5,7,1,0x02,ptr_scan
F99D,7,secondary,F947,7,F947,7,1,0x02,ptr_scan
F99E,7,secondary,F72F,7,F72F,7,1,0x02,ptr_scan
F9F3,7,standalone,F9F3,7,F9F3,7,1,0x02,ptr_scan
C528,7,standalone,C528,7,C528,7,1,0x02,ptr_scan
F029,7,secondary,EF9B,7,EF9B,7,1,0x02,ptr_scan
EF27,7,secondary,EF26,7,EF26,7,1,0x02,ptr_scan
FAC9,7,standalone,FAC9,7,FAC9,7,1,0x02,ptr_scan
FE60,7,secondary,FCFD,7,FCFD,7,1,0x02,ptr_scan
FE61,7,secondary,FCFD,7,FCFD,7,1,0x02,ptr_scan
E099,7,secondary,D0F5,7,D0F5,7,1,0x02,ptr_scan
C986,7,standalone,C986,7,C986,7,1,0x02,ptr_scan
C987,7,standalone,C987,7,C987,7,1,0x02,ptr_scan
C19D,7,secondary,C004,7,C004,7,1,0x02,ptr_scan
F110,7,standalone,F110,7,F110,7,1,0x02,ptr_scan
F111,7,standalone,F111,7,F111,7,1,0x02,ptr_scan
FB4B,7,standalone,FB4B,7,FB4B,7,1,0x02,ptr_scan
FB65,7,standalone,FB65,7,FB65,7,1,0x02,ptr_scan
FB66,7,secondary,F72F,7,F72F,7,1,0x02,ptr_scan
FB49,7,secondary,F72F,7,F72F,7,3,0x02,ptr_scan
FB6E,7,standalone,FB6E,7,FB6E,7,1,0x02,ptr_scan
FB76,7,standalone,FB76,7,FB76,7,1,0x02,ptr_scan
FB77,7,standalone,FB77,7,FB77,7,1,0x02,ptr_scan
D6FB,7,secondary,C73B,7,C73B,7,1,0x02,ptr_scan
D6FC,7,standalone,D6FC,7,D6FC,7,1,0x02,ptr_scan
FBD6,7,standalone,FBD6,7,FBD6,7,2,0x02,ptr_scan
FB85,7,secondary,F72F,7,F72F,7,1,0x02,ptr_scan
FB86,7,secondary,F72F,7,F72F,7,1,0x02,ptr_scan
FB91,7,secondary,F72F,7,F72F,7,1,0x02,ptr_scan
FB92,7,secondary,F72F,7,F72F,7,1,0x02,ptr_scan
E0FB,7,standalone,E0FB,7,E0FB,7,1,0x02,ptr_scan
E0FC,7,secondary,D0F5,7,D0F5,7,1,0x02,ptr_scan
FBE0,7,secondary,F72F,7,F72F,7,1,0x02,ptr_scan
FBE1,7,standalone,FBE1,7,FBE1,7,1,0x02,ptr_scan
E7FB,7,standalone,E7FB,7,E7FB,7,1,0x02,ptr_scan
E7FC,7,standalone,E7FC,7,E7FC,7,1,0x02,ptr_scan
FBE7,7,standalone,FBE7,7,FBE7,7,1,0x02,ptr_scan
FBE8,7,standalone,FBE8,7,FBE8,7,1,0x02,ptr_scan
FBA3,7,secondary,F72F,7,F72F,7,1,0x02,ptr_scan
FBA4,7,secondary,F72F,7,F72F,7,1,0x02,ptr_scan
F0FC,7,standalone,F0FC,7,F0FC,7,1,0x02,ptr_scan
FBB3,7,secondary,F72F,7,F72F,7,1,0x02,ptr_scan
FBB4,7,secondary,F72F,7,F72F,7,1,0x02,ptr_scan
FC41,7,secondary,FC1D,7,FC1D,7,1,0x02,ptr_scan
FC42,7,standalone,FC42,7,FC42,7,1,0x02,ptr_scan
FC51,7,standalone,FC51,7,FC51,7,1,0x02,ptr_scan
FC52,7,standalone,FC52,7,FC52,7,1,0x02,ptr_scan
FBCA,7,standalone,FBCA,7,FBCA,7,2,0x02,ptr_scan
FBCB,7,standalone,FBCB,7,FBCB,7,1,0x02,ptr_scan
FC58,7,standalone,FC58,7,FC58,7,1,0x02,ptr_scan
FC59,7,standalone,FC59,7,FC59,7,1,0x02,ptr_scan
FC65,7,standalone,FC65,7,FC65,7,1,0x02,ptr_scan
FC66,7,standalone,FC66,7,FC66,7,1,0x02,ptr_scan
FC73,7,standalone,FC73,7,FC73,7,1,0x02,ptr_scan
FC74,7,secondary,FC1D,7,FC1D,7,1,0x02,ptr_scan
FBBA,7,standalone,FBBA,7,FBBA,7,1,0x02,ptr_scan
FC30,7,secondary,FC1D,7,FC1D,7,1,0x02,ptr_scan
FC31,7,standalone,FC31,7,FC31,7,1,0x02,ptr_scan
FC39,7,secondary,FC1D,7,FC1D,7,1,0x02,ptr_scan
FC3A,7,standalone,FC3A,7,FC3A,7,1,0x02,ptr_scan
FC25,7,secondary,FC1D,7,FC1D,7,1,0x02,ptr_scan
FC26,7,standalone,FC26,7,FC26,7,1,0x02,ptr_scan
FC0B,7,secondary,F72F,7,F72F,7,1,0x02,ptr_scan
FC16,7,standalone,FC16,7,FC16,7,1,0x02,ptr_scan
FC17,7,standalone,FC17,7,FC17,7,1,0x02,ptr_scan
FC7E,7,standalone,FC7E,7,FC7E,7,1,0x02,ptr_scan
FC7F,7,standalone,FC7F,7,FC7F,7,1,0x02,ptr_scan
F205,7,standalone,F205,7,F205,7,1,0x02,ptr_scan
EEF6,7,standalone,EEF6,7,EEF6,7,1,0x02,ptr_scan
EEF7,7,standalone,EEF7,7,EEF7,7,1,0x02,ptr_scan
DCEE,7,standalone,DCEE,7,DCEE,7,1,0x02,ptr_scan
DCEF,7,secondary,CD7D,7,CD7D,7,1,0x02,ptr_scan
F0DD,7,standalone,F0DD,7,F0DD,7,1,0x02,ptr_scan
D4E3,7,secondary,C555,7,C555,7,1,0x02,ptr_scan
F0D4,7,secondary,F0CF,7,F0CF,7,1,0x02,ptr_scan
F0D5,7,standalone,F0D5,7,F0D5,7,1,0x02,ptr_scan
DAF0,7,standalone,DAF0,7,CD7D,7,1,0x02,ptr_scan
F200,7,standalone,F200,7,F200,7,1,0x02,ptr_scan
F201,7,standalone,F201,7,F201,7,1,0x02,ptr_scan
E2F2,7,standalone,E2F2,7,E2F2,7,1,0x02,ptr_scan
E2F3,7,standalone,E2F3,7,E2F3,7,1,0x02,ptr_scan
C0E3,7,standalone,C0E3,7,C0E3,7,1,0x02,ptr_scan
C0C0,7,standalone,C0C0,7,C0C0,7,1,0x02,ptr_scan
C0C1,7,standalone,C0C1,7,C0C1,7,1,0x02,ptr_scan
F4C0,7,standalone,F4C0,7,F4C0,7,1,0x02,ptr_scan
F4C1,7,secondary,F459,7,F459,7,1,0x02,ptr_scan
E4F4,7,secondary,E4E3,7,E4E3,7,1,0x02,ptr_scan
E4F5,7,secondary,E4E3,7,E4E3,7,1,0x02,ptr_scan
ECE4,7,secondary,ECE2,7,ECE2,7,1,0x02,ptr_scan
ECE5,7,standalone,ECE5,7,ECE5,7,1,0x02,ptr_scan
E0EC,7,standalone,E0EC,7,E0EC,7,1,0x02,ptr_scan
E0ED,7,secondary,D0F5,7,D0F5,7,1,0x02,ptr_scan
D4E0,7,secondary,C555,7,C555,7,1,0x02,ptr_scan
D4E1,7,secondary,C555,7,C555,7,1,0x02,ptr_scan
EAD4,7,secondary,EAC3,7,EAC3,7,1,0x02,ptr_scan
EAD5,7,standalone,EAD5,7,EAD5,7,1,0x02,ptr_scan
DCEA,7,secondary,CD7D,7,CD7D,7,1,0x02,ptr_scan
DCEB,7,standalone,DCEB,7,DCEB,7,1,0x02,ptr_scan
DCF1,7,secondary,CD7D,7,CD7D,7,1,0x02,ptr_scan
D8DD,7,standalone,D8DD,7,D8DD,7,1,0x02,ptr_scan
D8D8,7,standalone,D8D8,7,D8D8,7,1,0x02,ptr_scan
D8D9,7,secondary,C915,7,C915,7,1,0x02,ptr_scan
D4D8,7,secondary,C555,7,C555,7,1,0x02,ptr_scan
F20D,7,standalone,F20D,7,F20D,7,1,0x02,ptr_scan
F20E,7,standalone,F20E,7,F20E,7,1,0x02,ptr_scan
F4F2,7,standalone,F4F2,7,F4F2,7,1,0x02,ptr_scan
D4F5,7,secondary,C555,7,C555,7,1,0x02,ptr_scan
DED4,7,secondary,D0F5,7,D0F5,7,1,0x02,ptr_scan
DEDE,7,secondary,D0F5,7,D0F5,7,1,0x02,ptr_scan
DEDF,7,standalone,DEDF,7,DEDF,7,1,0x02,ptr_scan
E008,7,standalone,E008,7,E008,7,1,0x02,ptr_scan
E009,7,secondary,D0F5,7,D0F5,7,1,0x02,ptr_scan
DCDA,7,secondary,CD7D,7,CD7D,7,1,0x02,ptr_scan
DCDB,7,standalone,DCDB,7,DCDB,7,1,0x02,ptr_scan
F2DD,7,standalone,F2DD,7,F2DD,7,1,0x02,ptr_scan
E4F2,7,secondary,E4E3,7,E4E3,7,1,0x02,ptr_scan
E0E4,7,secondary,D0F5,7,D0F5,7,1,0x02,ptr_scan
E0E5,7,secondary,D0F5,7,D0F5,7,2,0x02,ptr_scan
ECE0,7,standalone,ECE0,7,ECE0,7,1,0x02,ptr_scan
ECE1,7,secondary,EC91,7,EC91,7,1,0x02,ptr_scan
DCEC,7,secondary,CD7D,7,CD7D,7,1,0x02,ptr_scan
DCED,7,standalone,DCED,7,DCED,7,1,0x02,ptr_scan
EE08,7,standalone,EE08,7,EE08,7,1,0x02,ptr_scan
EE09,7,secondary,EE00,7,EE00,7,1,0x02,ptr_scan
F0EE,7,standalone,F0EE,7,F0EE,7,1,0x02,ptr_scan
F0EF,7,standalone,F0EF,7,F0EF,7,1,0x02,ptr_scan
C0F0,7,secondary,C004,7,C004,7,1,0x02,ptr_scan
D4F1,7,secondary,C555,7,C555,7,1,0x02,ptr_scan
EAEB,7,standalone,EAEB,7,EAEB,7,1,0x02,ptr_scan
EED4,7,secondary,EEB4,7,EEB4,7,1,0x02,ptr_scan
EED5,7,standalone,EED5,7,EED5,7,1,0x02,ptr_scan
E2EE,7,standalone,E2EE,7,E2EE,7,1,0x02,ptr_scan
E2EF,7,standalone,E2EF,7,E2EF,7,1,0x02,ptr_scan
E4E2,7,secondary,E4D8,7,E4D8,7,1,0x02,ptr_scan
D8E4,7,standalone,D8E4,7,D8E4,7,1,0x02,ptr_scan
D8E5,7,secondary,C915,7,C915,7,1,0x02,ptr_scan
EA08,7,standalone,EA08,7,EA08,7,1,0x02,ptr_scan
EA09,7,standalone,EA09,7,EA09,7,1,0x02,ptr_scan
F6EA,7,standalone,F6EA,7,F6EA,7,1,0x02,ptr_scan
F6EB,7,standalone,F6EB,7,F6EB,7,1,0x02,ptr_scan
F2F7,7,standalone,F2F7,7,F2F7,7,1,0x02,ptr_scan
D800,7,standalone,D800,7,C836,7,1,0x02,ptr_scan
D801,7,standalone,D801,7,D801,7,1,0x02,ptr_scan
C0D8,7,secondary,C004,7,C004,7,1,0x02,ptr_scan
C0D9,7,standalone,C0D9,7,C0D9,7,1,0x02,ptr_scan
EEEA,7,secondary,EEB4,7,EEB4,7,1,0x02,ptr_scan
EEEB,7,standalone,EEEB,7,EEEB,7,1,0x02,ptr_scan
F2C0,7,standalone,F2C0,7,F2C0,7,1,0x02,ptr_scan
F2C1,7,standalone,F2C1,7,F2C1,7,1,0x02,ptr_scan
DCF2,7,standalone,DCF2,7,DCF2,7,1,0x02,ptr_scan
DCF3,7,standalone,DCF3,7,DCF3,7,1,0x02,ptr_scan
DA08,7,standalone,DA08,7,DA08,7,1,0x02,ptr_scan
DA09,7,secondary,CA16,7,CA16,7,1,0x02,ptr_scan
D4DA,7,standalone,D4DA,7,D4DA,7,1,0x02,ptr_scan
D4DB,7,secondary,C555,7,C555,7,1,0x02,ptr_scan
F4D4,7,standalone,F4D4,7,F4D4,7,1,0x02,ptr_scan
F4D5,7,standalone,F4D5,7,F4D5,7,1,0x02,ptr_scan
F2D4,7,standalone,F2D4,7,F2D4,7,1,0x02,ptr_scan
F2D5,7,standalone,F2D5,7,F2D5,7,1,0x02,ptr_scan
FFF2,7,standalone,FFF2,7,FFF2,7,1,0x02,ptr_scan
FFF3,7,standalone,FFF3,7,FFF3,7,1,0x02,ptr_scan
F208,7,standalone,F208,7,F208,7,1,0x02,ptr_scan
F209,7,standalone,F209,7,F209,7,1,0x02,ptr_scan
EEF2,7,standalone,EEF2,7,EEF2,7,1,0x02,ptr_scan
D4E4,7,standalone,D4E4,7,D4E4,7,1,0x02,ptr_scan
D4E5,7,secondary,C555,7,C555,7,1,0x02,ptr_scan
E8D4,7,standalone,E8D4,7,E8D4,7,1,0x02,ptr_scan
E8D5,7,standalone,E8D5,7,E8D5,7,1,0x02,ptr_scan
E2F5,7,standalone,E2F5,7,E2F5,7,1,0x02,ptr_scan
ECD5,7,secondary,EC91,7,EC91,7,1,0x02,ptr_scan
E6EC,7,standalone,E6EC,7,E6EC,7,1,0x02,ptr_scan
F2E7,7,standalone,F2E7,7,F2E7,7,1,0x02,ptr_scan
D6DC,7,standalone,D6DC,7,D6DC,7,1,0x02,ptr_scan
D6DD,7,secondary,C73B,7,C73B,7,1,0x02,ptr_scan
E0F6,7,secondary,D0F5,7,D0F5,7,1,0x02,ptr_scan
E0F7,7,secondary,D0F5,7,D0F5,7,1,0x02,ptr_scan
DCF4,7,secondary,CD7D,7,CD7D,7,1,0x02,ptr_scan
DCF5,7,standalone,DCF5,7,DCF5,7,1,0x02,ptr_scan
D4DC,7,standalone,D4DC,7,D4DC,7,1,0x02,ptr_scan
D4DD,7,secondary,C555,7,C555,7,1,0x02,ptr_scan
FCB0,7,standalone,FCB0,7,FCB0,7,1,0x02,ptr_scan
FCB1,7,secondary,F72F,7,F72F,7,1,0x02,ptr_scan
D4FC,7,secondary,C555,7,C555,7,1,0x02,ptr_scan
D4FD,7,standalone,D4FD,7,D4FD,7,1,0x02,ptr_scan
E0D4,7,standalone,E0D4,7,E0D4,7,1,0x02,ptr_scan
E0D5,7,secondary,D0F5,7,D0F5,7,1,0x02,ptr_scan
FAD4,7,standalone,FAD4,7,FAD4,7,1,0x02,ptr_scan
FAD5,7,secondary,FAC8,7,FAC8,7,1,0x02,ptr_scan
D4FA,7,standalone,D4FA,7,D4FA,7,1,0x02,ptr_scan
D4FB,7,standalone,D4FB,7,D4FB,7,1,0x02,ptr_scan
E4EC,7,secondary,E4E3,7,E4E3,7,1,0x02,ptr_scan
E4ED,7,secondary,E4E3,7,E4E3,7,1,0x02,ptr_scan
E6E4,7,standalone,E6E4,7,E6E4,7,1,0x02,ptr_scan
E6E5,7,standalone,E6E5,7,E6E5,7,1,0x02,ptr_scan
C0E7,7,standalone,C0E7,7,C0E7,7,1,0x02,ptr_scan
EEC1,7,secondary,EEB4,7,EEB4,7,1,0x02,ptr_scan
ECC0,7,standalone,ECC0,7,ECC0,7,1,0x02,ptr_scan
ECC1,7,secondary,EC91,7,EC91,7,1,0x02,ptr_scan
FFEC,7,secondary,FCFD,7,FCFD,7,1,0x02,ptr_scan
D6C1,7,secondary,C73B,7,C73B,7,1,0x02,ptr_scan
FCF7,7,secondary,F72F,7,F72F,7,1,0x02,ptr_scan
E6F6,7,standalone,E6F6,7,E6F6,7,1,0x02,ptr_scan
E6F7,7,standalone,E6F7,7,E6F7,7,1,0x02,ptr_scan
E4E7,7,secondary,E4E3,7,E4E3,7,1,0x02,ptr_scan
F2B0,7,standalone,F2B0,7,F2B0,7,1,0x02,ptr_scan
F2B1,7,standalone,F2B1,7,F2B1,7,1,0x02,ptr_scan
DAC0,7,secondary,CD7D,7,CD7D,7,1,0x02,ptr_scan
DAC1,7,secondary,CD7D,7,CD7D,7,1,0x02,ptr_scan
DCBE,7,secondary,CD7D,7,CD7D,7,1,0x02,ptr_scan
DCBF,7,standalone,DCBF,7,DCBF,7,1,0x02,ptr_scan
ECDD,7,secondary,EC91,7,EC91,7,1,0x02,ptr_scan
D8EC,7,standalone,D8EC,7,D8EC,7,1,0x02,ptr_scan
D8ED,7,secondary,C915,7,C915,7,1,0x02,ptr_scan
E2D9,7,standalone,E2D9,7,E2D9,7,1,0x02,ptr_scan
D8B6,7,standalone,D8B6,7,D8B6,7,1,0x02,ptr_scan
D8B7,7,secondary,C915,7,C915,7,1,0x02,ptr_scan
E610,7,secondary,E603,7,E603,7,1,0x02,ptr_scan
E611,7,standalone,E611,7,E611,7,1,0x02,ptr_scan
D4E6,7,standalone,D4E6,7,D4E6,7,1,0x02,ptr_scan
D4E7,7,secondary,C555,7,C555,7,1,0x02,ptr_scan
F6BE,7,secondary,F661,7,F661,7,1,0x02,ptr_scan
F6BF,7,secondary,F661,7,F661,7,1,0x02,ptr_scan
C0F4,7,secondary,C004,7,C004,7,1,0x02,ptr_scan
E4EA,7,standalone,E4EA,7,E4EA,7,1,0x02,ptr_scan
E4EB,7,secondary,E4E3,7,E4E3,7,1,0x02,ptr_scan
F4E4,7,standalone,F4E4,7,F4E4,7,1,0x02,ptr_scan
F4E5,7,standalone,F4E5,7,F4E5,7,1,0x02,ptr_scan
DEB0,7,standalone,DEB0,7,DEB0,7,1,0x02,ptr_scan
DEB1,7,secondary,D0F5,7,D0F5,7,1,0x02,ptr_scan
F6DE,7,standalone,F6DE,7,F6DE,7,1,0x02,ptr_scan
F6DF,7,secondary,F6C9,7,F6C9,7,1,0x02,ptr_scan
F6E6,7,secondary,F6C9,7,F6C9,7,1,0x02,ptr_scan
F6E7,7,standalone,F6E7,7,F6E7,7,1,0x02,ptr_scan
DAF6,7,secondary,CD7D,7,CD7D,7,1,0x02,ptr_scan
DAF7,7,standalone,DAF7,7,DAF7,7,1,0x02,ptr_scan
D810,7,standalone,D810,7,D810,7,1,0x02,ptr_scan
D811,7,secondary,C836,7,C836,7,1,0x02,ptr_scan
F2E4,7,standalone,F2E4,7,F2E4,7,1,0x02,ptr_scan
F2E5,7,standalone,F2E5,7,F2E5,7,1,0x02,ptr_scan
D4F2,7,standalone,D4F2,7,D4F2,7,1,0x02,ptr_scan
D4F3,7,secondary,C555,7,C555,7,1,0x02,ptr_scan
E210,7,standalone,E210,7,E210,7,1,0x02,ptr_scan
E211,7,secondary,D191,7,D191,7,1,0x02,ptr_scan
F0E4,7,standalone,F0E4,7,F0E4,7,1,0x02,ptr_scan
F0E5,7,standalone,F0E5,7,F0E5,7,1,0x02,ptr_scan
E6D5,7,standalone,E6D5,7,E6D5,7,1,0x02,ptr_scan
FCD4,7,standalone,FCD4,7,FCD4,7,1,0x02,ptr_scan
FCD5,7,secondary,F72F,7,F72F,7,1,0x02,ptr_scan
D4EC,7,standalone,D4EC,7,D4EC,7,1,0x02,ptr_scan
D4ED,7,secondary,C555,7,C555,7,1,0x02,ptr_scan
E4D4,7,secondary,E4B5,7,E4B5,7,1,0x02,ptr_scan
E4D5,7,secondary,E4B5,7,E4B5,7,1,0x02,ptr_scan
F6E0,7,standalone,F6E0,7,F6E0,7,1,0x02,ptr_scan
F6E1,7,secondary,F6C9,7,F6C9,7,1,0x02,ptr_scan
D6D4,7,standalone,D6D4,7,D6D4,7,1,0x02,ptr_scan
D6D5,7,standalone,D6D5,7,D6D5,7,1,0x02,ptr_scan
D4D6,7,standalone,D4D6,7,D4D6,7,1,0x02,ptr_scan
D4D7,7,standalone,D4D7,7,D4D7,7,1,0x02,ptr_scan
EEEC,7,secondary,EEB4,7,EEB4,7,1,0x02,ptr_scan
D4EE,7,standalone,D4EE,7,D4EE,7,1,0x02,ptr_scan
D4EF,7,secondary,C555,7,C555,7,1,0x02,ptr_scan
F2F4,7,standalone,F2F4,7,F2F4,7,1,0x02,ptr_scan
F2F5,7,standalone,F2F5,7,F2F5,7,1,0x02,ptr_scan
E6B6,7,standalone,E6B6,7,E6B6,7,1,0x02,ptr_scan
E6B7,7,standalone,E6B7,7,E6B7,7,1,0x02,ptr_scan
ECF6,7,secondary,ECE2,7,ECE2,7,1,0x02,ptr_scan
E010,7,secondary,D0F5,7,D0F5,7,1,0x02,ptr_scan
E011,7,standalone,E011,7,E011,7,1,0x02,ptr_scan
E2DA,7,standalone,E2DA,7,E2DA,7,1,0x02,ptr_scan
E2DB,7,standalone,E2DB,7,E2DB,7,1,0x02,ptr_scan
DAED,7,standalone,DAED,7,CD7D,7,1,0x02,ptr_scan
F2B6,7,standalone,F2B6,7,F2B6,7,1,0x02,ptr_scan
F2B7,7,standalone,F2B7,7,F2B7,7,1,0x02,ptr_scan
F40C,7,standalone,F40C,7,F40C,7,1,0x02,ptr_scan
DCE2,7,secondary,CD7D,7,CD7D,7,1,0x02,ptr_scan
D600,7,secondary,C697,7,C697,7,1,0x02,ptr_scan
D601,7,secondary,C697,7,C697,7,1,0x02,ptr_scan
DCD6,7,secondary,CD7D,7,CD7D,7,1,0x02,ptr_scan
F4EC,7,standalone,F4EC,7,F4EC,7,1,0x02,ptr_scan
F4ED,7,standalone,F4ED,7,F4ED,7,1,0x02,ptr_scan
F6EC,7,secondary,F6C9,7,F6C9,7,1,0x02,ptr_scan
F6ED,7,standalone,F6ED,7,F6ED,7,1,0x02,ptr_scan
DCF6,7,standalone,DCF6,7,DCF6,7,1,0x02,ptr_scan
DCF7,7,secondary,CD7D,7,CD7D,7,1,0x02,ptr_scan
DADC,7,secondary,CD7D,7,CD7D,7,1,0x02,ptr_scan
DADD,7,standalone,DADD,7,DADD,7,1,0x02,ptr_scan
D26A,7,secondary,C3ED,7,C3ED,7,1,0x02,ptr_scan
CF28,7,secondary,C004,7,C004,7,1,0x02,ptr_scan
CF29,7,secondary,C004,7,C004,7,1,0x02,ptr_scan
E4D0,7,standalone,E4D0,7,E4D0,7,1,0x02,ptr_scan
D9E5,7,secondary,CA16,7,CA16,7,1,0x02,ptr_scan
D604,7,secondary,C697,7,C697,7,1,0x02,ptr_scan
D605,7,standalone,D605,7,D605,7,1,0x02,ptr_scan
DC81,7,secondary,CD7D,7,CD7D,7,1,0x02,ptr_scan
F791,7,secondary,F772,7,F772,7,1,0x02,ptr_scan
F748,7,standalone,F748,7,F742,7,8,0x03,control|ptr_scan
FBC1,7,secondary,F72F,7,F72F,7,13,0x02,ptr_scan
F4E0,7,standalone,F4E0,7,F4E0,7,28,0x02,ptr_scan
F6D8,7,secondary,F6C9,7,F6C9,7,23,0x02,ptr_scan
FBDE,7,secondary,F72F,7,F72F,7,1,0x02,ptr_scan
F402,7,standalone,F402,7,F402,7,1,0x02,ptr_scan
FA75,7,secondary,F72F,7,F72F,7,2,0x02,ptr_scan
F5BD,7,standalone,F5BD,7,F5BD,7,11,0x03,control|ptr_scan
8D68,0,standalone,8D68,0,8D68,0,9,0x20,xbank
8D68,1,standalone,8D68,1,8D68,1,9,0x20,xbank
8D68,2,standalone,8D68,2,8D68,2,9,0x20,xbank
8D68,3,standalone,8D68,3,8D68,3,9,0x20,xbank
8D68,4,standalone,8D68,4,8D68,4,9,0x20,xbank
8D68,5,secondary,8594,5,8594,5,9,0x20,xbank
8D68,6,standalone,8D68,6,8D68,6,9,0x20,xbank
FB06,7,standalone,FB06,7,FB06,7,1,0x02,ptr_scan
86BA,0,standalone,86BA,0,86BA,0,1,0x20,xbank
86BA,1,standalone,86BA,1,86BA,1,1,0x20,xbank
86BA,2,standalone,86BA,2,86BA,2,1,0x20,xbank
86BA,3,standalone,86BA,3,86BA,3,1,0x20,xbank
86BA,4,standalone,86BA,4,86BA,4,1,0x20,xbank
86BA,5,standalone,86BA,5,86BA,5,1,0x20,xbank
86BA,6,standalone,86BA,6,86BA,6,1,0x20,xbank
F920,7,standalone,F920,7,F920,7,12,0x03,control|ptr_scan
FD8C,7,standalone,FD8C,7,FD8C,7,22,0x03,control|ptr_scan
FDD2,7,standalone,FDD2,7,FDD2,7,22,0x03,control|ptr_scan
D36C,7,secondary,C3ED,7,C3ED,7,1,0x02,ptr_scan
E549,7,standalone,E549,7,E544,7,1,0x02,ptr_scan
C8FE,7,secondary,C004,7,C004,7,5,0x02,ptr_scan
C55F,7,standalone,C55F,7,C55F,7,1,0x02,ptr_scan
C5E0,7,standalone,C5E0,7,C5E0,7,1,0x02,ptr_scan
D5A3,7,standalone,D5A3,7,C5F4,7,13,0x02,ptr_scan
D8AE,7,standalone,D8AE,7,C915,7,28,0x03,control|ptr_scan
DFE9,7,secondary,D0F5,7,D0F5,7,24,0x02,ptr_scan
C98E,7,standalone,C98E,7,C98E,7,1,0x02,ptr_scan
E0AC,7,secondary,D0F5,7,D0F5,7,19,0x02,ptr_scan
D0B3,7,standalone,D0B3,7,D0B3,7,1,0x02,ptr_scan
80A9,0,standalone,80A9,0,80A9,0,1,0x20,xbank
80A9,1,standalone,80A9,1,80A9,1,1,0x20,xbank
80A9,2,standalone,80A9,2,80A9,2,1,0x20,xbank
80A9,3,standalone,80A9,3,80A9,3,1,0x20,xbank
80A9,4,standalone,80A9,4,80A9,4,1,0x20,xbank
80A9,5,standalone,80A9,5,80A9,5,1,0x20,xbank
80A9,6,standalone,80A9,6,80A9,6,1,0x20,xbank
CD1E,7,standalone,CD1E,7,CD1E,7,2,0x02,ptr_scan
C6C6,7,standalone,C6C6,7,C6C6,7,1,0x02,ptr_scan
9E5F,0,standalone,9E5F,0,9E5F,0,8,0x20,xbank
BE5F,0,standalone,BE5F,0,BE5F,0,8,0x20,xbank
9E5F,1,standalone,9E5F,1,9E5F,1,8,0x20,xbank
BE5F,1,standalone,BE5F,1,BE5F,1,8,0x20,xbank
9E5F,2,standalone,9E5F,2,9E5F,2,8,0x20,xbank
BE5F,2,standalone,BE5F,2,BE5F,2,8,0x20,xbank
9E5F,3,standalone,9E5F,3,9E5F,3,8,0x20,xbank
BE5F,3,standalone,BE5F,3,BE5F,3,8,0x20,xbank
9E5F,4,standalone,9E5F,4,9E5F,4,8,0x20,xbank
BE5F,4,standalone,BE5F,4,BE5F,4,8,0x20,xbank
9E5F,5,secondary,9483,5,9483,5,8,0x20,xbank
BE5F,5,secondary,BCC4,5,BCC4,5,8,0x20,xbank
9E5F,6,standalone,9E5F,6,9E5F,6,8,0x20,xbank
BE5F,6,standalone,BE5F,6,BE5F,6,8,0x20,xbank
D3AB,7,secondary,C3ED,7,C3ED,7,11,0x02,ptr_scan
CF1B,7,secondary,C004,7,C004,7,4,0x02,ptr_scan
C02C,7,standalone,C02C,7,C02C,7,2,0x02,ptr_scan
C069,7,secondary,C004,7,C004,7,12,0x02,ptr_scan
B1C8,0,standalone,B1C8,0,B1C8,0,7,0x20,xbank
B1C8,1,standalone,B1C8,1,B1C8,1,7,0x20,xbank
B1C8,2,standalone,B1C8,2,B1C8,2,7,0x20,xbank
B1C8,3,standalone,B1C8,3,B1C8,3,7,0x20,xbank
B1C8,4,secondary,B0C6,4,B0C6,4,7,0x20,xbank
B1C8,5,standalone,B1C8,5,B1C0,5,7,0x20,xbank
B1C8,6,standalone,B1C8,6,B1C8,6,7,0x20,xbank
C4F3,7,standalone,C4F3,7,C4F3,7,4,0x02,ptr_scan
C4FD,7,standalone,C4FD,7,C4FD,7,1,0x02,ptr_scan
C4FF,7,standalone,C4FF,7,C4FF,7,1,0x02,ptr_scan
C4F4,7,secondary,C004,7,C004,7,3,0x02,ptr_scan
959B,0,standalone,959B,0,959B,0,37,0x20,xbank
B59B,0,standalone,B59B,0,B59B,0,37,0x20,xbank
959B,1,standalone,959B,1,959B,1,37,0x20,xbank
B59B,1,standalone,B59B,1,B59B,1,37,0x20,xbank
959B,2,standalone,959B,2,959B,2,37,0x20,xbank
B59B,2,standalone,B59B,2,B59B,2,37,0x20,xbank
959B,3,standalone,959B,3,959B,3,37,0x20,xbank
B59B,3,standalone,B59B,3,B59B,3,37,0x20,xbank
959B,4,secondary,9586,4,9586,4,37,0x20,xbank
B59B,4,secondary,B595,4,B595,4,37,0x20,xbank
959B,5,secondary,9594,5,9594,5,37,0x20,xbank
B59B,5,standalone,B59B,5,B59B,5,37,0x20,xbank
959B,6,standalone,959B,6,959B,6,37,0x20,xbank
B59B,6,standalone,B59B,6,B59B,6,37,0x20,xbank
9576,0,standalone,9576,0,9576,0,84,0x20,xbank
B576,0,standalone,B576,0,B576,0,84,0x20,xbank
9576,1,standalone,9576,1,9576,1,84,0x20,xbank
B576,1,standalone,B576,1,B576,1,84,0x20,xbank
9576,2,standalone,9576,2,9576,2,84,0x20,xbank
B576,2,standalone,B576,2,B576,2,84,0x20,xbank
9576,3,standalone,9576,3,9576,3,84,0x20,xbank
B576,3,standalone,B576,3,B576,3,84,0x20,xbank
9576,4,standalone,9576,4,9576,4,84,0x20,xbank
B576,4,secondary,B0C6,4,B0C6,4,84,0x20,xbank
9576,5,standalone,9576,5,9576,5,84,0x20,xbank
B576,5,standalone,B576,5,B576,5,84,0x20,xbank
9576,6,standalone,9576,6,9576,6,84,0x20,xbank
B576,6,standalone,B576,6,B576,6,84,0x20,xbank
EED2,7,secondary,EEB4,7,EEB4,7,6,0x02,ptr_scan
CA8B,7,secondary,C004,7,C004,7,1,0x02,ptr_scan
CD34,7,secondary,C004,7,C004,7,2,0x02,ptr_scan
8A48,0,standalone,8A48,0,8A48,0,1,0x20,xbank
8A48,1,standalone,8A48,1,8A48,1,1,0x20,xbank
8A48,2,standalone,8A48,2,8A48,2,1,0x20,xbank
8A48,3,standalone,8A48,3,8A48,3,1,0x20,xbank
8A48,4,standalone,8A48,4,8A48,4,1,0x20,xbank
8A48,5,standalone,8A48,5,8A48,5,1,0x20,xbank
8A48,6,standalone,8A48,6,8A48,6,1,0x20,xbank
EF82,7,secondary,EF6C,7,EF6C,7,3,0x02,ptr_scan
FE44,7,standalone,FE44,7,FE44,7,9,0x02,ptr_scan
C542,7,secondary,C004,7,C004,7,1,0x02,ptr_scan
E552,7,standalone,E552,7,E552,7,1,0x02,ptr_scan
8015,3,standalone,8015,3,8015,3,4,0x22,ptr_scan|xbank
8018,3,standalone,8018,3,8018,3,3,0x22,ptr_scan|xbank
801B,3,standalone,801B,3,801B,3,3,0x22,ptr_scan|xbank
F8C3,7,standalone,F8C3,7,F8C3,7,1,0x02,ptr_scan
EDCD,7,secondary,EDC0,7,EDC0,7,3,0x02,ptr_scan
E40B,7,standalone,E40B,7,E40B,7,2,0x02,ptr_scan
E9FF,7,standalone,E9FF,7,E9F9,7,7,0x03,control|ptr_scan
CF95,7,secondary,C004,7,C004,7,3,0x02,ptr_scan
CA4E,7,secondary,C004,7,C004,7,8,0x02,ptr_scan
CA46,7,secondary,C004,7,C004,7,9,0x02,ptr_scan
CA45,7,standalone,CA45,7,CA45,7,12,0x02,ptr_scan
CAFA,7,standalone,CAFA,7,CAFA,7,1,0x02,ptr_scan
C60D,7,secondary,C004,7,C004,7,1,0x02,ptr_scan
DB4E,7,secondary,CD7D,7,CD7D,7,1,0x02,ptr_scan
DB52,7,standalone,DB52,7,DB52,7,1,0x02,ptr_scan
CE06,7,secondary,C004,7,C004,7,3,0x02,ptr_scan
CE09,7,standalone,CE09,7,CE09,7,3,0x02,ptr_scan
A9B9,0,standalone,A9B9,0,A9B9,0,1,0x20,xbank
A9B9,1,standalone,A9B9,1,A9B9,1,1,0x20,xbank
A9B9,2,standalone,A9B9,2,A9B9,2,1,0x20,xbank
A9B9,3,standalone,A9B9,3,A9B9,3,1,0x20,xbank
A9B9,4,standalone,A9B9,4,A9B9,4,1,0x20,xbank
A9B9,5,standalone,A9B9,5,A9B9,5,1,0x20,xbank
A9B9,6,standalone,A9B9,6,A9B9,6,1,0x20,xbank
9E4C,0,standalone,9E4C,0,9E4C,0,5,0x20,xbank
BE4C,0,standalone,BE4C,0,BE4C,0,5,0x20,xbank
9E4C,1,standalone,9E4C,1,9E4C,1,5,0x20,xbank
BE4C,1,standalone,BE4C,1,BE4C,1,5,0x20,xbank
9E4C,2,standalone,9E4C,2,9E4C,2,5,0x20,xbank
BE4C,2,standalone,BE4C,2,BE4C,2,5,0x20,xbank
9E4C,3,standalone,9E4C,3,9E4C,3,5,0x20,xbank
BE4C,3,standalone,BE4C,3,BE4C,3,5,0x20,xbank
9E4C,4,standalone,9E4C,4,9E4C,4,5,0x20,xbank
BE4C,4,secondary,B0C6,4,B0C6,4,5,0x20,xbank
9E4C,5,standalone,9E4C,5,9E4C,5,5,0x20,xbank
BE4C,5,secondary,BE44,5,BE44,5,5,0x20,xbank
9E4C,6,standalone,9E4C,6,9E4C,6,5,0x20,xbank
BE4C,6,standalone,BE4C,6,BE4C,6,5,0x20,xbank
E14D,7,standalone,E14D,7,E14D,7,1,0x02,ptr_scan
F8DA,7,standalone,F8DA,7,F8DA,7,1,0x02,ptr_scan
F34B,7,standalone,F34B,7,F34B,7,3,0x02,ptr_scan
A248,0,standalone,A248,0,A248,0,1,0x20,xbank
A248,1,standalone,A248,1,A248,1,1,0x20,xbank
A248,2,standalone,A248,2,A248,2,1,0x20,xbank
A248,3,standalone,A248,3,A248,3,1,0x20,xbank
A248,4,standalone,A248,4,A248,4,1,0x20,xbank
A248,5,standalone,A248,5,A248,5,1,0x20,xbank
A248,6,standalone,A248,6,A248,6,1,0x20,xbank
CA22,7,standalone,CA22,7,CA22,7,1,0x02,ptr_scan
E5F6,7,secondary,E5F2,7,E5F2,7,1,0x02,ptr_scan
FD6C,7,standalone,FD6C,7,FD6C,7,2,0x02,ptr_scan
E61F,7,standalone,E61F,7,E61F,7,1,0x02,ptr_scan
DF59,7,secondary,D0F5,7,D0F5,7,11,0x02,ptr_scan
EFF5,7,secondary,EF9B,7,EF9B,7,1,0x02,ptr_scan
EA31,7,standalone,EA31,7,EA31,7,1,0x02,ptr_scan
92F6,0,standalone,92F6,0,92F6,0,9,0x20,xbank
B2F6,0,standalone,B2F6,0,B2F6,0,9,0x20,xbank
92F6,1,standalone,92F6,1,92F6,1,9,0x20,xbank
B2F6,1,standalone,B2F6,1,B2F6,1,9,0x20,xbank
92F6,2,standalone,92F6,2,92F6,2,9,0x20,xbank
B2F6,2,standalone,B2F6,2,B2F6,2,9,0x20,xbank
92F6,3,standalone,92F6,3,92F6,3,9,0x20,xbank
B2F6,3,standalone,B2F6,3,B2F6,3,9,0x20,xbank
92F6,4,standalone,92F6,4,92F6,4,9,0x20,xbank
B2F6,4,secondary,B0C6,4,B0C6,4,9,0x20,xbank
92F6,5,standalone,92F6,5,92F6,5,9,0x20,xbank
B2F6,5,secondary,B212,5,B212,5,9,0x20,xbank
92F6,6,standalone,92F6,6,92F6,6,9,0x20,xbank
B2F6,6,standalone,B2F6,6,B2F6,6,9,0x20,xbank
8FBF,0,standalone,8FBF,0,8FBF,0,16,0x20,xbank
AFBF,0,standalone,AFBF,0,AFBF,0,16,0x20,xbank
8FBF,1,standalone,8FBF,1,8FBF,1,16,0x20,xbank
AFBF,1,standalone,AFBF,1,AFBF,1,16,0x20,xbank
8FBF,2,standalone,8FBF,2,8FBF,2,16,0x20,xbank
AFBF,2,standalone,AFBF,2,AFBF,2,16,0x20,xbank
8FBF,3,standalone,8FBF,3,8FBF,3,16,0x20,xbank
AFBF,3,standalone,AFBF,3,AFBF,3,16,0x20,xbank
8FBF,4,standalone,8FBF,4,8FBF,4,16,0x20,xbank
8FBF,5,secondary,8F9B,5,8F9B,5,16,0x20,xbank
8FBF,6,standalone,8FBF,6,8FBF,6,16,0x20,xbank
AFBF,6,standalone,AFBF,6,AFBF,6,16,0x20,xbank
9406,0,standalone,9406,0,9406,0,16,0x20,xbank
B406,0,standalone,B406,0,B406,0,16,0x20,xbank
9406,1,standalone,9406,1,9406,1,16,0x20,xbank
B406,1,standalone,B406,1,B406,1,16,0x20,xbank
9406,2,standalone,9406,2,9406,2,16,0x20,xbank
B406,2,standalone,B406,2,B406,2,16,0x20,xbank
9406,3,standalone,9406,3,9406,3,16,0x20,xbank
B406,3,standalone,B406,3,B406,3,16,0x20,xbank
9406,4,standalone,9406,4,9406,4,16,0x20,xbank
B406,4,secondary,B0C6,4,B0C6,4,16,0x20,xbank
9406,5,secondary,8594,5,8594,5,16,0x20,xbank
B406,5,secondary,B212,5,B212,5,16,0x20,xbank
9406,6,standalone,9406,6,9406,6,16,0x20,xbank
B406,6,standalone,B406,6,B406,6,16,0x20,xbank
CBB2,7,standalone,CBB2,7,C004,7,23,0x03,control|ptr_scan
F742,7,standalone,F742,7,F742,7,4,0x03,control|ptr_scan
EFAD,7,secondary,EF9B,7,EF9B,7,1,0x02,ptr_scan
ECB9,7,secondary,EC91,7,EC91,7,7,0x02,ptr_scan
F670,7,secondary,F661,7,F661,7,4,0x02,ptr_scan
FD43,7,standalone,FD43,7,FD43,7,1,0x02,ptr_scan
CBA8,7,standalone,CBA8,7,CBA8,7,1,0x02,ptr_scan
EF48,7,standalone,EF48,7,EF48,7,1,0x02,ptr_scan
E96C,7,secondary,E928,7,E928,7,5,0x02,ptr_scan
CC49,7,secondary,C004,7,C004,7,2,0x02,ptr_scan
CC41,7,secondary,C004,7,C004,7,3,0x02,ptr_scan
C77D,7,secondary,C004,7,C004,7,1,0x02,ptr_scan
D2C7,7,secondary,C3ED,7,C3ED,7,1,0x02,ptr_scan
C1B6,7,standalone,C1B6,7,C1B6,7,2,0x02,ptr_scan
E501,7,secondary,E4E3,7,E4E3,7,1,0x02,ptr_scan
FD1F,7,standalone,FD1F,7,FD1F,7,1,0x02,ptr_scan
C911,7,secondary,C004,7,C004,7,1,0x02,ptr_scan
FB30,7,standalone,FB30,7,FB30,7,2,0x03,control|ptr_scan
FBD5,7,secondary,F72F,7,F72F,7,1,0x02,ptr_scan
FC37,7,secondary,FC1D,7,FC1D,7,6,0x02,ptr_scan
FC2B,7,standalone,FC2B,7,FC2B,7,14,0x03,control|ptr_scan
FC54,7,standalone,FC54,7,FC54,7,1,0x02,ptr_scan
FC4D,7,secondary,FC1D,7,FC1D,7,1,0x02,ptr_scan
FC55,7,secondary,FC1D,7,FC1D,7,1,0x02,ptr_scan
FC1D,7,standalone,FC1D,7,FC1D,7,11,0x03,control|ptr_scan
FBFE,7,standalone,FBFE,7,FBFE,7,4,0x02,ptr_scan
DAE7,7,standalone,DAE7,7,CD7D,7,12,0x02,ptr_scan
D4D5,7,secondary,C555,7,C555,7,10,0x02,ptr_scan
D8D1,7,standalone,D8D1,7,D8D1,7,2,0x02,ptr_scan
A2D9,0,standalone,A2D9,0,A2D9,0,1,0x20,xbank
A2D9,1,standalone,A2D9,1,A2D9,1,1,0x20,xbank
A2D9,2,standalone,A2D9,2,A2D9,2,1,0x20,xbank
A2D9,3,standalone,A2D9,3,A2D9,3,1,0x20,xbank
A2D9,4,standalone,A2D9,4,A2D9,4,1,0x20,xbank
A2D9,5,standalone,A2D9,5,9483,5,1,0x20,xbank
A2D9,6,standalone,A2D9,6,A2D9,6,1,0x20,xbank
E8D3,7,standalone,E8D3,7,E8D3,7,1,0x02,ptr_scan
ECD3,7,secondary,EC91,7,EC91,7,2,0x02,ptr_scan
D6D3,7,standalone,D6D3,7,C73B,7,6,0x02,ptr_scan
FAD2,7,secondary,FAC8,7,FAC8,7,2,0x02,ptr_scan
D83D,7,secondary,C852,7,C852,7,1,0x02,ptr_scan
D80F,7,secondary,C836,7,C836,7,2,0x02,ptr_scan
D473,7,standalone,D473,7,D473,7,2,0x02,ptr_scan
E4C8,7,secondary,E4B5,7,E4B5,7,2,0x02,ptr_scan
D6BB,7,standalone,D6BB,7,C73B,7,2,0x02,ptr_scan
D0CA,7,secondary,C1B3,7,C1B3,7,1,0x02,ptr_scan
90CA,0,standalone,90CA,0,90CA,0,1,0x20,xbank
B0CA,0,standalone,B0CA,0,B0CA,0,1,0x20,xbank
90CA,1,standalone,90CA,1,90CA,1,1,0x20,xbank
B0CA,1,standalone,B0CA,1,B0CA,1,1,0x20,xbank
90CA,2,standalone,90CA,2,90CA,2,1,0x20,xbank
B0CA,2,standalone,B0CA,2,B0CA,2,1,0x20,xbank
90CA,3,standalone,90CA,3,90CA,3,1,0x20,xbank
B0CA,3,standalone,B0CA,3,B0CA,3,1,0x20,xbank
90CA,4,standalone,90CA,4,90CA,4,1,0x20,xbank
B0CA,4,standalone,B0CA,4,B0CA,4,1,0x20,xbank
90CA,5,standalone,90CA,5,90CA,5,1,0x20,xbank
B0CA,5,standalone,B0CA,5,B0CA,5,1,0x20,xbank
90CA,6,standalone,90CA,6,90CA,6,1,0x20,xbank
B0CA,6,standalone,B0CA,6,B0CA,6,1,0x20,xbank
866E,4,standalone,866E,4,866E,4,1,0x20,xbank
8671,4,standalone,8671,4,8671,4,1,0x20,xbank
8679,4,standalone,8679,4,8679,4,1,0x20,xbank
9DF1,1,standalone,9DF1,1,9DF1,1,1,0x20,xbank
BE71,4,standalone,BE71,4,BE71,4,1,0x20,xbank
BE5C,5,secondary,BCC4,5,BCC4,5,1,0x20,xbank
C4E9,7,secondary,C004,7,C004,7,2,0x02,ptr_scan
B595,5,standalone,B595,5,B212,5,4,0x25,control|table_run|xbank
B554,6,standalone,B554,6,B554,6,3,0x20,xbank
B55A,6,standalone,B55A,6,B55A,6,3,0x20,xbank
B571,6,standalone,B571,6,B571,6,2,0x20,xbank
B568,6,standalone,B568,6,B568,6,3,0x20,xbank
B570,6,standalone,B570,6,B570,6,1,0x20,xbank
BE49,5,secondary,BE44,5,BE44,5,1,0x20,xbank
91A0,5,standalone,91A0,5,8594,5,14,0x25,control|table_run|xbank
B1A0,5,standalone,B1A0,5,B1A0,5,7,0x25,control|table_run|xbank
CB37,7,standalone,CB37,7,CB37,7,2,0x02,ptr_scan
ABA6,0,standalone,ABA6,0,ABA6,0,1,0x20,xbank
8BA6,0,standalone,8BA6,0,8BA6,0,1,0x20,xbank
90C5,3,standalone,90C5,3,90C5,3,1,0x20,xbank
90AD,4,standalone,90AD,4,90AD,4,1,0x20,xbank
B085,5,standalone,B085,5,B05B,5,5,0x25,control|table_run|xbank
B068,5,standalone,B068,5,B068,5,5,0x25,control|table_run|xbank
8611,4,standalone,8611,4,8611,4,1,0x20,xbank
8619,4,standalone,8619,4,8619,4,1,0x20,xbank
B069,5,standalone,B069,5,B05B,5,5,0x25,control|table_run|xbank
CBC9,7,standalone,CBC9,7,C004,7,1,0x02,ptr_scan
CCCA,7,secondary,C004,7,C004,7,1,0x02,ptr_scan
CD00,7,standalone,CD00,7,CD00,7,1,0x02,ptr_scan
CF00,7,secondary,C004,7,C004,7,1,0x02,ptr_scan
D5D2,7,standalone,D5D2,7,D5D2,7,1,0x02,ptr_scan
D3D5,7,standalone,D3D5,7,D3D5,7,1,0x02,ptr_scan
D6D9,7,secondary,C73B,7,C73B,7,1,0x02,ptr_scan
DBD7,7,secondary,CD7D,7,CD7D,7,1,0x02,ptr_scan
D8DB,7,standalone,D8DB,7,C915,7,1,0x02,ptr_scan
DCDF,7,standalone,DCDF,7,DCDF,7,1,0x02,ptr_scan
E5E2,7,standalone,E5E2,7,E5E2,7,1,0x02,ptr_scan
E3E5,7,standalone,E3E5,7,E3E5,7,1,0x02,ptr_scan
C3BB,7,secondary,C004,7,C004,7,1,0x02,ptr_scan
CCC6,7,standalone,CCC6,7,CCC6,7,1,0x02,ptr_scan
CBC1,7,secondary,C004,7,C004,7,1,0x02,ptr_scan
CECD,7,standalone,CECD,7,CECD,7,1,0x02,ptr_scan
D4CE,7,secondary,C555,7,C555,7,1,0x02,ptr_scan
CFD4,7,standalone,CFD4,7,CFD4,7,1,0x02,ptr_scan
D5CF,7,standalone,D5CF,7,D5CF,7,1,0x02,ptr_scan
D6D0,7,standalone,D6D0,7,D6D0,7,1,0x02,ptr_scan
D2D7,7,secondary,C3ED,7,C3ED,7,1,0x02,ptr_scan
D8D2,7,secondary,C915,7,C915,7,1,0x02,ptr_scan
D9C7,7,secondary,CA16,7,CA16,7,1,0x02,ptr_scan
D3DA,7,secondary,C3ED,7,C3ED,7,1,0x02,ptr_scan
E2DE,7,standalone,E2DE,7,E2DE,7,1,0x02,ptr_scan
DFE2,7,secondary,D0F5,7,D0F5,7,1,0x02,ptr_scan
E6E8,7,standalone,E6E8,7,E6E8,7,1,0x02,ptr_scan
E9E6,7,secondary,E9D2,7,E9D2,7,1,0x02,ptr_scan
E7E9,7,standalone,E7E9,7,E7E9,7,1,0x02,ptr_scan
EB00,7,standalone,EB00,7,EB00,7,1,0x02,ptr_scan
ECEE,7,secondary,ECE2,7,ECE2,7,1,0x02,ptr_scan
EFEC,7,standalone,EFEC,7,EFEC,7,1,0x02,ptr_scan
EDEF,7,secondary,EDC0,7,EDC0,7,1,0x02,ptr_scan
F0ED,7,standalone,F0ED,7,F0ED,7,1,0x02,ptr_scan
F5F3,7,standalone,F5F3,7,F5F3,7,1,0x02,ptr_scan
EB58,7,secondary,EB08,7,EB08,7,1,0x02,ptr_scan
C3BF,7,secondary,C004,7,C004,7,1,0x02,ptr_scan
D535,7,standalone,D535,7,D535,7,1,0x02,ptr_scan
D254,7,secondary,C3ED,7,C3ED,7,1,0x02,ptr_scan
CD58,7,secondary,C004,7,C004,7,1,0x02,ptr_scan
E012,7,secondary,D0F5,7,D0F5,7,1,0x02,ptr_scan
E164,7,secondary,D0F5,7,D0F5,7,1,0x02,ptr_scan
E0E1,7,secondary,D0F5,7,D0F5,7,1,0x02,ptr_scan
F063,7,standalone,F063,7,F063,7,1,0x02,ptr_scan
F4BB,7,standalone,F4BB,7,F4BB,7,1,0x02,ptr_scan
FC3E,7,standalone,FC3E,7,FC3E,7,1,0x02,ptr_scan
CB3E,7,secondary,C004,7,C004,7,1,0x02,ptr_scan
DECB,7,secondary,D0F5,7,D0F5,7,1,0x02,ptr_scan
CD40,7,secondary,C004,7,C004,7,1,0x02,ptr_scan
EB06,7,standalone,EB06,7,EB06,7,1,0x02,ptr_scan
D402,7,standalone,D402,7,D402,7,1,0x02,ptr_scan
D25B,7,standalone,D25B,7,D25B,7,1,0x02,ptr_scan
D27C,7,secondary,C3ED,7,C3ED,7,1,0x02,ptr_scan
DB7F,7,secondary,CD7D,7,CD7D,7,1,0x02,ptr_scan
DFDB,7,standalone,DFDB,7,DFDB,7,1,0x02,ptr_scan
E435,7,secondary,E417,7,E417,7,1,0x02,ptr_scan
D3E4,7,secondary,C400,7,C400,7,1,0x02,ptr_scan
EED7,7,secondary,EEB4,7,EEB4,7,1,0x02,ptr_scan
EC8C,7,standalone,EC8C,7,EC8C,7,1,0x02,ptr_scan
D709,7,secondary,C73B,7,C73B,7,1,0x02,ptr_scan
D71E,7,secondary,C7D4,7,C7D4,7,1,0x02,ptr_scan
EDFE,7,standalone,EDFE,7,EDFE,7,1,0x02,ptr_scan
EA58,7,secondary,EA45,7,EA45,7,1,0x02,ptr_scan
F9B3,7,secondary,F9A8,7,F9A8,7,1,0x02,ptr_scan
CF79,7,secondary,C004,7,C004,7,1,0x02,ptr_scan
F1CF,7,standalone,F1CF,7,F1CF,7,1,0x02,ptr_scan
DE5A,7,secondary,D0F5,7,D0F5,7,1,0x02,ptr_scan
EAAE,7,standalone,EAAE,7,EAAE,7,1,0x02,ptr_scan
DAEA,7,standalone,DAEA,7,CD7D,7,1,0x02,ptr_scan
D677,7,secondary,C73B,7,C73B,7,1,0x02,ptr_scan
EEE3,7,standalone,EEE3,7,EEE3,7,1,0x02,ptr_scan
EC04,7,standalone,EC04,7,EC04,7,1,0x02,ptr_scan
F529,7,standalone,F529,7,F529,7,1,0x02,ptr_scan
F6DA,7,secondary,F6C9,7,F6C9,7,1,0x02,ptr_scan
EFF6,7,secondary,EF9B,7,EF9B,7,1,0x02,ptr_scan
E75A,7,standalone,E75A,7,E75A,7,1,0x02,ptr_scan
F54F,7,standalone,F54F,7,F54F,7,1,0x02,ptr_scan
F83F,7,standalone,F83F,7,F83F,7,1,0x02,ptr_scan
FB2B,7,standalone,FB2B,7,FB2B,7,1,0x02,ptr_scan
E5A4,7,secondary,E57D,7,E57D,7,1,0x02,ptr_scan
F32F,7,standalone,F32F,7,F32F,7,1,0x02,ptr_scan
EFA1,7,secondary,EF9B,7,EF9B,7,1,0x02,ptr_scan
EB62,7,secondary,EB08,7,EB08,7,1,0x02,ptr_scan
DA0B,7,secondary,CA16,7,CA16,7,1,0x02,ptr_scan
F01E,7,secondary,F01A,7,F01A,7,1,0x02,ptr_scan
E940,7,standalone,E940,7,E940,7,1,0x02,ptr_scan
F448,7,standalone,F448,7,F448,7,1,0x02,ptr_scan
C3BE,7,standalone,C3BE,7,C3BE,7,1,0x02,ptr_scan
CDC7,7,secondary,C004,7,C004,7,1,0x02,ptr_scan
CEC8,7,secondary,C004,7,C004,7,1,0x02,ptr_scan
D2D5,7,secondary,C3ED,7,C3ED,7,1,0x02,ptr_scan
D6D2,7,standalone,D6D2,7,D6D2,7,1,0x02,ptr_scan
D3D6,7,secondary,C3ED,7,C3ED,7,6,0x02,ptr_scan
D7D3,7,standalone,D7D3,7,C836,7,1,0x02,ptr_scan
D8D4,7,standalone,D8D4,7,C915,7,1,0x02,ptr_scan
D9D8,7,secondary,CA16,7,CA16,7,1,0x02,ptr_scan
DBD9,7,secondary,CD7D,7,CD7D,7,1,0x02,ptr_scan
DADB,7,standalone,DADB,7,DADB,7,1,0x02,ptr_scan
DDDC,7,secondary,D0F5,7,D0F5,7,1,0x02,ptr_scan
DFDD,7,secondary,D0F5,7,D0F5,7,1,0x02,ptr_scan
E0DE,7,secondary,D0F5,7,D0F5,7,1,0x02,ptr_scan
E5E1,7,secondary,E5D1,7,E5D1,7,1,0x02,ptr_scan
E6E2,7,standalone,E6E2,7,E6E2,7,1,0x02,ptr_scan
E8E4,7,standalone,E8E4,7,E8E4,7,1,0x02,ptr_scan
E9E8,7,standalone,E9E8,7,E9E8,7,1,0x02,ptr_scan
EDE9,7,standalone,EDE9,7,EDE9,7,1,0x02,ptr_scan
EFEB,7,secondary,EF9B,7,EF9B,7,1,0x02,ptr_scan
ECEF,7,standalone,ECEF,7,ECEF,7,1,0x02,ptr_scan
F6F4,7,secondary,F6C9,7,F6C9,7,1,0x02,ptr_scan
FBF7,7,standalone,FBF7,7,FBF7,7,1,0x02,ptr_scan
F8FB,7,secondary,F72F,7,F72F,7,1,0x02,ptr_scan
F9FC,7,standalone,F9FC,7,F9FC,7,1,0x02,ptr_scan
CBCB,7,standalone,CBCB,7,CBCB,7,1,0x02,ptr_scan
CCCB,7,secondary,C004,7,C004,7,1,0x02,ptr_scan
D3CD,7,secondary,C3ED,7,C3ED,7,1,0x02,ptr_scan
CED3,7,secondary,C004,7,C004,7,1,0x02,ptr_scan
D4D0,7,standalone,D4D0,7,C555,7,1,0x02,ptr_scan
D2D2,7,standalone,D2D2,7,C3ED,7,1,0x02,ptr_scan
D7D4,7,standalone,D7D4,7,D7D4,7,1,0x02,ptr_scan
D75C,7,secondary,C7D4,7,C7D4,7,1,0x02,ptr_scan
D85E,7,secondary,C915,7,C915,7,1,0x02,ptr_scan
DDD8,7,secondary,D0F5,7,D0F5,7,1,0x02,ptr_scan
DED8,7,secondary,D0F5,7,D0F5,7,1,0x02,ptr_scan
D9DE,7,secondary,CA16,7,CA16,7,1,0x02,ptr_scan
DBE0,7,standalone,DBE0,7,DBE0,7,1,0x02,ptr_scan
E1DC,7,secondary,D191,7,D191,7,1,0x02,ptr_scan
E5E9,7,standalone,E5E9,7,E5E9,7,1,0x02,ptr_scan
E6EA,7,standalone,E6EA,7,E6EA,7,1,0x02,ptr_scan
E9E9,7,secondary,E9D2,7,E9D2,7,1,0x02,ptr_scan
EAE8,7,secondary,EAC3,7,EAC3,7,1,0x02,ptr_scan
ECE8,7,standalone,ECE8,7,ECE8,7,1,0x02,ptr_scan
E8EF,7,standalone,E8EF,7,E8EF,7,1,0x02,ptr_scan
EFF0,7,standalone,EFF0,7,EFF0,7,1,0x02,ptr_scan
E85E,7,standalone,E85E,7,E85E,7,1,0x02,ptr_scan
F5CA,7,standalone,F5CA,7,F5CA,7,1,0x02,ptr_scan
F3F5,7,standalone,F3F5,7,F3F5,7,1,0x02,ptr_scan
FBFB,7,secondary,F72F,7,F72F,7,1,0x02,ptr_scan
FBFC,7,standalone,FBFC,7,FBFC,7,1,0x02,ptr_scan
F330,7,standalone,F330,7,F330,7,1,0x02,ptr_scan
E9E7,7,secondary,E9D2,7,E9D2,7,1,0x02,ptr_scan
EA3C,7,standalone,EA3C,7,EA3C,7,1,0x02,ptr_scan
EBEA,7,secondary,EBAE,7,EBAE,7,1,0x02,ptr_scan
E800,7,standalone,E800,7,E800,7,1,0x02,ptr_scan
EF3B,7,standalone,EF3B,7,EF3B,7,1,0x02,ptr_scan
F03C,7,secondary,EF9B,7,EF9B,7,1,0x02,ptr_scan
F82F,7,standalone,F82F,7,F82F,7,1,0x02,ptr_scan
EF67,7,standalone,EF67,7,EF67,7,1,0x02,ptr_scan
F3F9,7,standalone,F3F9,7,F3F9,7,1,0x02,ptr_scan
F830,7,standalone,F830,7,F830,7,1,0x02,ptr_scan
F3F6,7,standalone,F3F6,7,F3F6,7,1,0x02,ptr_scan
D832,7,secondary,C852,7,C852,7,1,0x02,ptr_scan
D85F,7,standalone,D85F,7,D85F,7,1,0x02,ptr_scan
D731,7,secondary,C7D4,7,C7D4,7,1,0x02,ptr_scan
E59F,7,secondary,E57D,7,E57D,7,1,0x02,ptr_scan
D9A8,7,secondary,CA16,7,CA16,7,1,0x02,ptr_scan
FB7A,7,secondary,F72F,7,F72F,7,1,0x02,ptr_scan
F74A,7,secondary,F742,7,F742,7,1,0x02,ptr_scan
EEB6,7,secondary,EEB4,7,EEB4,7,1,0x02,ptr_scan
EF32,7,secondary,EF26,7,EF26,7,1,0x02,ptr_scan
F7BF,7,secondary,F72F,7,F72F,7,1,0x02,ptr_scan
D771,7,standalone,D771,7,C7D4,7,1,0x02,ptr_scan
FAB2,7,secondary,F72F,7,F72F,7,1,0x02,ptr_scan
DA15,7,standalone,DA15,7,DA15,7,1,0x02,ptr_scan
DAAF,7,standalone,DAAF,7,DAAF,7,1,0x02,ptr_scan
EDCA,7,standalone,EDCA,7,EDCA,7,1,0x02,ptr_scan
CF52,7,secondary,C004,7,C004,7,1,0x02,ptr_scan
F37F,7,secondary,F370,7,F370,7,1,0x02,ptr_scan
F67B,7,standalone,F67B,7,F67B,7,1,0x02,ptr_scan
CF4A,7,standalone,CF4A,7,CF4A,7,1,0x02,ptr_scan
F958,7,secondary,F947,7,F947,7,1,0x02,ptr_scan
DEF5,7,secondary,D0F5,7,D0F5,7,1,0x02,ptr_scan
DCA4,7,secondary,CD7D,7,CD7D,7,1,0x02,ptr_scan
DE65,7,secondary,D0F5,7,D0F5,7,1,0x02,ptr_scan
F77D,7,standalone,F77D,7,F77D,7,1,0x02,ptr_scan
EF5E,7,secondary,EF3D,7,EF3D,7,1,0x02,ptr_scan
F4AD,7,secondary,F459,7,F459,7,1,0x02,ptr_scan
F971,7,secondary,F947,7,F947,7,1,0x02,ptr_scan
D61B,7,standalone,D61B,7,D61B,7,1,0x02,ptr_scan
DD03,7,secondary,CD7D,7,CD7D,7,1,0x02,ptr_scan
EDFF,7,standalone,EDFF,7,EDFF,7,1,0x02,ptr_scan
CEA2,7,standalone,CEA2,7,CEA2,7,1,0x02,ptr_scan
F7B0,7,standalone,F7B0,7,F7B0,7,1,0x02,ptr_scan
DFA3,7,secondary,D0F5,7,D0F5,7,1,0x02,ptr_scan
DBBF,7,secondary,CD7D,7,CD7D,7,1,0x02,ptr_scan
DFE4,7,standalone,DFE4,7,DFE4,7,1,0x02,ptr_scan
F3B2,7,secondary,F3A9,7,F3A9,7,1,0x02,ptr_scan
EEA9,7,standalone,EEA9,7,EEA9,7,1,0x02,ptr_scan
F3BD,7,secondary,F3A9,7,F3A9,7,1,0x02,ptr_scan
F3B5,7,standalone,F3B5,7,F3B5,7,1,0x02,ptr_scan
F7F3,7,secondary,F7DC,7,F7DC,7,1,0x02,ptr_scan
EDB9,7,standalone,EDB9,7,EDB9,7,1,0x02,ptr_scan
FE92,7,secondary,FCFD,7,FCFD,7,1,0x02,ptr_scan
D2BF,7,standalone,D2BF,7,D2BF,7,1,0x02,ptr_scan
E541,7,secondary,E510,7,E510,7,1,0x02,ptr_scan
ECFE,7,secondary,ECF7,7,ECF7,7,1,0x02,ptr_scan
E9DB,7,secondary,E9D2,7,E9D2,7,1,0x02,ptr_scan
F7C5,7,secondary,F72F,7,F72F,7,1,0x02,ptr_scan
D7DE,7,standalone,D7DE,7,D7DE,7,1,0x02,ptr_scan
D3D8,7,standalone,D3D8,7,D3D8,7,1,0x02,ptr_scan
DCD3,7,standalone,DCD3,7,CD7D,7,1,0x02,ptr_scan
CFCB,7,secondary,C004,7,C004,7,1,0x02,ptr_scan
CCFE,7,standalone,CCFE,7,CCFE,7,1,0x02,ptr_scan
D343,7,secondary,C3ED,7,C3ED,7,1,0x02,ptr_scan
E7B7,7,standalone,E7B7,7,E7B7,7,1,0x02,ptr_scan
E568,7,secondary,E544,7,E544,7,1,0x02,ptr_scan
E5E5,7,secondary,E5D1,7,E5D1,7,1,0x02,ptr_scan
E6AD,7,standalone,E6AD,7,E6AD,7,1,0x02,ptr_scan
EEE6,7,secondary,EEB4,7,EEB4,7,1,0x02,ptr_scan
E7EE,7,standalone,E7EE,7,E7EE,7,1,0x02,ptr_scan
EFE7,7,secondary,EF9B,7,EF9B,7,1,0x02,ptr_scan
F1AD,7,standalone,F1AD,7,F1AD,7,1,0x02,ptr_scan
E4F7,7,secondary,E4E3,7,E4E3,7,1,0x02,ptr_scan
F6E4,7,secondary,F6C9,7,F6C9,7,1,0x02,ptr_scan
D6B1,7,secondary,C73B,7,C73B,7,1,0x02,ptr_scan
EAD6,7,standalone,EAD6,7,EAD6,7,1,0x02,ptr_scan
F7EA,7,secondary,F7DC,7,F7DC,7,1,0x02,ptr_scan
D841,7,secondary,C852,7,C852,7,1,0x02,ptr_scan
D52B,7,standalone,D52B,7,D52B,7,1,0x02,ptr_scan
DD18,7,standalone,DD18,7,DD18,7,1,0x02,ptr_scan
F604,7,secondary,F5BD,7,F5BD,7,1,0x02,ptr_scan
D4C0,7,standalone,D4C0,7,D4C0,7,1,0x02,ptr_scan
E53F,7,standalone,E53F,7,E53F,7,1,0x02,ptr_scan
C0DB,7,standalone,C0DB,7,C0DB,7,1,0x02,ptr_scan
D70B,7,secondary,C73B,7,C73B,7,1,0x02,ptr_scan
D908,7,standalone,D908,7,D908,7,1,0x02,ptr_scan
E140,7,secondary,D0F5,7,D0F5,7,1,0x02,ptr_scan
E122,7,standalone,E122,7,E122,7,1,0x02,ptr_scan
F49F,7,standalone,F49F,7,F49F,7,1,0x02,ptr_scan
FA3C,7,standalone,FA3C,7,FA3C,7,1,0x02,ptr_scan
C090,7,standalone,C090,7,C090,7,1,0x02,ptr_scan
F9FB,7,secondary,F9F2,7,F9F2,7,1,0x02,ptr_scan
F924,7,standalone,F924,7,F924,7,1,0x02,ptr_scan
DB00,7,secondary,CD7D,7,CD7D,7,1,0x02,ptr_scan
E622,7,standalone,E622,7,E622,7,1,0x02,ptr_scan
E04A,7,standalone,E04A,7,E04A,7,1,0x02,ptr_scan
EA0D,7,secondary,E9F9,7,E9F9,7,1,0x02,ptr_scan
CEF7,7,secondary,C004,7,C004,7,1,0x02,ptr_scan
DAAE,7,secondary,CD7D,7,CD7D,7,1,0x02,ptr_scan
F333,7,standalone,F333,7,F333,7,1,0x02,ptr_scan
D559,7,standalone,D559,7,D559,7,1,0x02,ptr_scan
F21B,7,standalone,F21B,7,F21B,7,1,0x02,ptr_scan
E48E,7,secondary,E460,7,E460,7,1,0x02,ptr_scan
E9D7,7,standalone,E9D7,7,E9D7,7,1,0x02,ptr_scan
F676,7,standalone,F676,7,F676,7,1,0x02,ptr_scan
E3F6,7,standalone,E3F6,7,E3F6,7,1,0x02,ptr_scan
CE7B,7,secondary,C004,7,C004,7,1,0x02,ptr_scan
D4B3,7,standalone,D4B3,7,D4B3,7,1,0x02,ptr_scan
FA08,7,secondary,F9F2,7,F9F2,7,1,0x02,ptr_scan
EB27,7,standalone,EB27,7,EB27,7,1,0x02,ptr_scan
F832,7,secondary,F72F,7,F72F,7,1,0x02,ptr_scan
DDCA,7,standalone,DDCA,7,DDCA,7,1,0x02,ptr_scan
F795,7,standalone,F795,7,F795,7,1,0x02,ptr_scan
D98E,7,secondary,CA16,7,CA16,7,1,0x02,ptr_scan
D6FD,7,secondary,C73B,7,C73B,7,1,0x02,ptr_scan
E429,7,secondary,E417,7,E417,7,1,0x02,ptr_scan
CF33,7,secondary,C004,7,C004,7,1,0x02,ptr_scan
E003,7,secondary,D0F5,7,D0F5,7,1,0x02,ptr_scan
EC20,7,standalone,EC20,7,EC20,7,1,0x02,ptr_scan
E004,7,secondary,D0F5,7,D0F5,7,1,0x02,ptr_scan
F368,7,standalone,F368,7,F368,7,1,0x02,ptr_scan
EE76,7,standalone,EE76,7,EE76,7,1,0x02,ptr_scan
F630,7,secondary,F617,7,F617,7,1,0x02,ptr_scan
E034,7,secondary,D0F5,7,D0F5,7,1,0x02,ptr_scan
D02D,7,standalone,D02D,7,D02D,7,1,0x02,ptr_scan
E578,7,secondary,E544,7,E544,7,1,0x02,ptr_scan
C3B4,7,secondary,C004,7,C004,7,1,0x02,ptr_scan
CCC9,7,standalone,CCC9,7,CCC9,7,1,0x02,ptr_scan
C8BA,7,secondary,C004,7,C004,7,1,0x02,ptr_scan
CBBD,7,secondary,C004,7,C004,7,1,0x02,ptr_scan
C8C2,7,standalone,C8C2,7,C8C2,7,1,0x02,ptr_scan
C3C8,7,standalone,C3C8,7,C3C8,7,1,0x02,ptr_scan
CB68,7,standalone,CB68,7,CB68,7,1,0x02,ptr_scan
CBCA,7,standalone,CBCA,7,CBCA,7,1,0x02,ptr_scan
D4D3,7,secondary,C555,7,C555,7,1,0x02,ptr_scan
D25D,7,standalone,D25D,7,D25D,7,1,0x02,ptr_scan
D3D4,7,secondary,C3ED,7,C3ED,7,10,0x02,ptr_scan
DEB6,7,secondary,D0F5,7,D0F5,7,1,0x02,ptr_scan
D4C5,7,standalone,D4C5,7,D4C5,7,1,0x02,ptr_scan
CA9B,7,standalone,CA9B,7,CA9B,7,1,0x02,ptr_scan
C3B8,7,secondary,C004,7,C004,7,1,0x02,ptr_scan
C8B5,7,standalone,C8B5,7,C8B5,7,1,0x02,ptr_scan
CB7A,7,secondary,C004,7,C004,7,1,0x02,ptr_scan
CED9,7,secondary,C004,7,C004,7,1,0x02,ptr_scan
DACE,7,secondary,CD7D,7,CD7D,7,1,0x02,ptr_scan
CFDA,7,secondary,C004,7,C004,7,1,0x02,ptr_scan
DA80,7,secondary,CD7D,7,CD7D,7,1,0x02,ptr_scan
DAD0,7,secondary,CD7D,7,CD7D,7,1,0x02,ptr_scan
D2DC,7,standalone,D2DC,7,D2DC,7,1,0x02,ptr_scan
DFD4,7,secondary,D0F5,7,D0F5,7,1,0x02,ptr_scan
D6E0,7,standalone,D6E0,7,D6E0,7,1,0x02,ptr_scan
D7E1,7,standalone,D7E1,7,D7E1,7,1,0x02,ptr_scan
E2D7,7,standalone,E2D7,7,E2D7,7,1,0x02,ptr_scan
D8E2,7,standalone,D8E2,7,C915,7,1,0x02,ptr_scan
E3E4,7,standalone,E3E4,7,E3E4,7,1,0x02,ptr_scan
E50C,7,secondary,E4E3,7,E4E3,7,1,0x02,ptr_scan
E7E5,7,standalone,E7E5,7,E7E5,7,1,0x02,ptr_scan
E6E7,7,standalone,E6E7,7,E6E7,7,1,0x02,ptr_scan
E964,7,secondary,E928,7,E928,7,1,0x02,ptr_scan
EBE8,7,standalone,EBE8,7,EBE8,7,1,0x02,ptr_scan
EAE9,7,standalone,EAE9,7,EAE9,7,1,0x02,ptr_scan
EC68,7,secondary,EC36,7,EC36,7,1,0x02,ptr_scan
EDEC,7,standalone,EDEC,7,EDEC,7,1,0x02,ptr_scan
E9ED,7,standalone,E9ED,7,E9ED,7,1,0x02,ptr_scan
EE26,7,secondary,EE11,7,EE11,7,1,0x02,ptr_scan
EEEE,7,secondary,EEB4,7,EEB4,7,1,0x02,ptr_scan
EFEE,7,standalone,EFEE,7,EFEE,7,1,0x02,ptr_scan
EEE8,7,secondary,EEB4,7,EEB4,7,1,0x02,ptr_scan
C028,7,secondary,C004,7,C004,7,1,0x02,ptr_scan
CDBF,7,secondary,C004,7,C004,7,1,0x02,ptr_scan
CEC0,7,secondary,C004,7,C004,7,1,0x02,ptr_scan
CFC1,7,secondary,C004,7,C004,7,1,0x02,ptr_scan
C3D0,7,standalone,C3D0,7,C3D0,7,1,0x02,ptr_scan
D1C3,7,standalone,D1C3,7,D1C3,7,1,0x02,ptr_scan
D1C5,7,standalone,D1C5,7,D1C5,7,1,0x02,ptr_scan
C8D2,7,secondary,C004,7,C004,7,1,0x02,ptr_scan
D3C8,7,secondary,C3ED,7,C3ED,7,1,0x02,ptr_scan
D4C9,7,secondary,C555,7,C555,7,2,0x02,ptr_scan
CAD4,7,standalone,CAD4,7,CAD4,7,1,0x02,ptr_scan
D5CA,7,secondary,C5F4,7,C5F4,7,1,0x02,ptr_scan
CBD5,7,secondary,C004,7,C004,7,1,0x02,ptr_scan
D6CB,7,secondary,C73B,7,C73B,7,1,0x02,ptr_scan
D7CC,7,standalone,D7CC,7,D7CC,7,1,0x02,ptr_scan
D8D7,7,secondary,C915,7,C915,7,1,0x02,ptr_scan
DCDE,7,secondary,CD7D,7,CD7D,7,1,0x02,ptr_scan
DFDC,7,standalone,DFDC,7,DFDC,7,1,0x02,ptr_scan
DDDF,7,secondary,D0F5,7,D0F5,7,1,0x02,ptr_scan
C8BC,7,standalone,C8BC,7,C8BC,7,1,0x02,ptr_scan
CBBF,7,secondary,C004,7,C004,7,1,0x02,ptr_scan
CCC0,7,secondary,C004,7,C004,7,1,0x02,ptr_scan
E1DB,7,secondary,D191,7,D191,7,1,0x02,ptr_scan
DDE2,7,secondary,D0F5,7,D0F5,7,1,0x02,ptr_scan
E3DD,7,standalone,E3DD,7,E3DD,7,1,0x02,ptr_scan
DEE3,7,secondary,D0F5,7,D0F5,7,1,0x02,ptr_scan
E4DE,7,secondary,E4D8,7,E4D8,7,1,0x02,ptr_scan
E5DF,7,secondary,E5D1,7,E5D1,7,1,0x02,ptr_scan
E9C9,7,standalone,E9C9,7,E9C9,7,1,0x02,ptr_scan
CB9C,7,secondary,C004,7,C004,7,1,0x02,ptr_scan
CCC8,7,secondary,C004,7,C004,7,1,0x02,ptr_scan
D2AA,7,secondary,C3ED,7,C3ED,7,1,0x02,ptr_scan
D4D2,7,standalone,D4D2,7,D4D2,7,1,0x02,ptr_scan
D5D3,7,standalone,D5D3,7,D5D3,7,1,0x02,ptr_scan
D7AA,7,standalone,D7AA,7,C7D4,7,1,0x02,ptr_scan
D8AA,7,secondary,C915,7,C915,7,1,0x02,ptr_scan
D9AA,7,secondary,CA16,7,CA16,7,1,0x02,ptr_scan
DFB3,7,secondary,D0F5,7,D0F5,7,1,0x02,ptr_scan
DEB2,7,standalone,DEB2,7,DEB2,7,1,0x02,ptr_scan
DCB0,7,secondary,CD7D,7,CD7D,7,1,0x02,ptr_scan
DEDD,7,secondary,D0F5,7,D0F5,7,1,0x02,ptr_scan
DAE0,7,secondary,CD7D,7,CD7D,7,1,0x02,ptr_scan
DFE1,7,secondary,D0F5,7,D0F5,7,1,0x02,ptr_scan
F7EE,7,secondary,F7DC,7,F7DC,7,1,0x02,ptr_scan
CEDE,7,secondary,C004,7,C004,7,1,0x02,ptr_scan
F0FD,7,standalone,F0FD,7,F0FD,7,1,0x02,ptr_scan
D3B3,7,secondary,C3ED,7,C3ED,7,1,0x02,ptr_scan
D67D,7,secondary,C73B,7,C73B,7,1,0x02,ptr_scan
DCB2,7,standalone,DCB2,7,DCB2,7,1,0x02,ptr_scan
F887,7,standalone,F887,7,F887,7,1,0x02,ptr_scan
C067,7,secondary,C004,7,C004,7,1,0x02,ptr_scan
F70E,7,secondary,F6C9,7,F6C9,7,1,0x02,ptr_scan
D835,7,secondary,C852,7,C852,7,1,0x02,ptr_scan
EBD3,7,secondary,EBAE,7,EBAE,7,1,0x02,ptr_scan
EA6F,7,secondary,EA5C,7,EA5C,7,1,0x02,ptr_scan
E7EF,7,standalone,E7EF,7,E7EF,7,1,0x02,ptr_scan
ED3F,7,secondary,ED36,7,ED36,7,1,0x02,ptr_scan
F37C,7,secondary,F370,7,F370,7,1,0x02,ptr_scan
ED48,7,secondary,ED45,7,ED45,7,1,0x02,ptr_scan
E7FD,7,standalone,E7FD,7,E7FD,7,1,0x02,ptr_scan
E4FF,7,secondary,E4E3,7,E4E3,7,1,0x02,ptr_scan
E5E4,7,secondary,E5D1,7,E5D1,7,1,0x02,ptr_scan
CFB9,7,secondary,C004,7,C004,7,1,0x02,ptr_scan
EBCF,7,standalone,EBCF,7,EBCF,7,1,0x02,ptr_scan
FE5C,7,secondary,FCFD,7,FCFD,7,1,0x02,ptr_scan
DB6F,7,secondary,CD7D,7,CD7D,7,1,0x02,ptr_scan
E7DB,7,standalone,E7DB,7,E7DB,7,1,0x02,ptr_scan
CFFE,7,standalone,CFFE,7,CFFE,7,1,0x02,ptr_scan
D3FF,7,secondary,C496,7,C496,7,1,0x02,ptr_scan
EFBE,7,standalone,EFBE,7,EFBE,7,1,0x02,ptr_scan
DFCD,7,standalone,DFCD,7,DFCD,7,1,0x02,ptr_scan
DF44,7,standalone,DF44,7,DF44,7,1,0x02,ptr_scan
F9C7,7,secondary,F9A8,7,F9A8,7,1,0x02,ptr_scan
EFB3,7,secondary,EF9B,7,EF9B,7,1,0x02,ptr_scan
DA8A,7,standalone,DA8A,7,DA8A,7,1,0x02,ptr_scan
F7DA,7,standalone,F7DA,7,F7DA,7,1,0x02,ptr_scan
D93F,7,standalone,D93F,7,D93F,7,1,0x02,ptr_scan
CFDF,7,secondary,C004,7,C004,7,1,0x02,ptr_scan
D9F9,7,secondary,CA16,7,CA16,7,1,0x02,ptr_scan
D852,7,secondary,C915,7,C915,7,1,0x02,ptr_scan
F7FE,7,secondary,F7DC,7,F7DC,7,1,0x02,ptr_scan
EFDB,7,standalone,EFDB,7,EFDB,7,1,0x02,ptr_scan
F10F,7,standalone,F10F,7,F10F,7,1,0x02,ptr_scan
EF13,7,standalone,EF13,7,EF13,7,1,0x02,ptr_scan
E97F,7,standalone,E97F,7,E97F,7,1,0x02,ptr_scan
CFFF,7,secondary,C004,7,C004,7,1,0x02,ptr_scan
C8C1,7,secondary,C004,7,C004,7,1,0x02,ptr_scan
C3C9,7,secondary,C004,7,C004,7,1,0x02,ptr_scan
CBC4,7,secondary,C004,7,C004,7,1,0x02,ptr_scan
D4CC,7,secondary,C555,7,C555,7,1,0x02,ptr_scan
D5CD,7,standalone,D5CD,7,D5CD,7,1,0x02,ptr_scan
CFD6,7,secondary,C004,7,C004,7,1,0x02,ptr_scan
D8D0,7,secondary,C915,7,C915,7,1,0x02,ptr_scan
D2D9,7,secondary,C3ED,7,C3ED,7,1,0x02,ptr_scan
DAD2,7,secondary,CD7D,7,CD7D,7,1,0x02,ptr_scan
D2DD,7,secondary,C3ED,7,C3ED,7,1,0x02,ptr_scan
DED2,7,secondary,D0F5,7,D0F5,7,1,0x02,ptr_scan
D3DE,7,secondary,C3ED,7,C3ED,7,1,0x02,ptr_scan
ECDF,7,secondary,EC91,7,EC91,7,1,0x02,ptr_scan
EDE0,7,standalone,EDE0,7,EDE0,7,1,0x02,ptr_scan
EFE2,7,standalone,EFE2,7,EFE2,7,1,0x02,ptr_scan
E4F0,7,secondary,E4E3,7,E4E3,7,1,0x02,ptr_scan
E6F2,7,standalone,E6F2,7,E6F2,7,1,0x02,ptr_scan
F4E7,7,standalone,F4E7,7,F4E7,7,1,0x02,ptr_scan
E8F4,7,standalone,E8F4,7,E8F4,7,1,0x02,ptr_scan
E7F5,7,standalone,E7F5,7,E7F5,7,1,0x02,ptr_scan
E9F6,7,secondary,E9EA,7,E9EA,7,1,0x02,ptr_scan
EAF7,7,secondary,EAEC,7,EAEC,7,1,0x02,ptr_scan
F8EA,7,secondary,F72F,7,F72F,7,1,0x02,ptr_scan
EBF8,7,secondary,EBAE,7,EBAE,7,1,0x02,ptr_scan
F9EB,7,standalone,F9EB,7,F9EB,7,1,0x02,ptr_scan
C8BD,7,secondary,C004,7,C004,7,1,0x02,ptr_scan
CBC0,7,standalone,CBC0,7,CBC0,7,1,0x02,ptr_scan
CDC2,7,secondary,C004,7,C004,7,1,0x02,ptr_scan
C3CD,7,secondary,C004,7,C004,7,1,0x02,ptr_scan
CEC3,7,secondary,C004,7,C004,7,1,0x02,ptr_scan
CFC4,7,secondary,C004,7,C004,7,1,0x02,ptr_scan
D4DF,7,standalone,D4DF,7,D4DF,7,1,0x02,ptr_scan
D5E0,7,secondary,C697,7,C697,7,1,0x02,ptr_scan
D6E1,7,secondary,C73B,7,C73B,7,1,0x02,ptr_scan
E2D6,7,standalone,E2D6,7,E2D6,7,1,0x02,ptr_scan
D7E2,7,standalone,D7E2,7,C836,7,1,0x02,ptr_scan
D8E3,7,standalone,D8E3,7,D8E3,7,1,0x02,ptr_scan
E5D9,7,standalone,E5D9,7,E5D9,7,1,0x02,ptr_scan
E6DA,7,standalone,E6DA,7,E6DA,7,1,0x02,ptr_scan
DBE7,7,secondary,CD7D,7,CD7D,7,1,0x02,ptr_scan
CEDC,7,secondary,C004,7,C004,7,1,0x02,ptr_scan
E8CE,7,standalone,E8CE,7,E8CE,7,1,0x02,ptr_scan
E9F4,7,secondary,E9EA,7,E9EA,7,1,0x02,ptr_scan
F5E9,7,secondary,F5BD,7,F5BD,7,1,0x02,ptr_scan
EAF5,7,secondary,EAEC,7,EAEC,7,1,0x02,ptr_scan
EBF6,7,secondary,EBAE,7,EBAE,7,1,0x02,ptr_scan
F7EB,7,secondary,F7DC,7,F7DC,7,1,0x02,ptr_scan
F8EC,7,standalone,F8EC,7,F8EC,7,1,0x02,ptr_scan
F9ED,7,secondary,F9A8,7,F9A8,7,1,0x02,ptr_scan
FAB6,7,secondary,F72F,7,F72F,7,1,0x02,ptr_scan
EEFA,7,standalone,EEFA,7,EEFA,7,1,0x02,ptr_scan
EFFB,7,secondary,EF9B,7,EF9B,7,1,0x02,ptr_scan
CB40,7,secondary,C004,7,C004,7,1,0x02,ptr_scan
CB96,7,secondary,C004,7,C004,7,1,0x02,ptr_scan
ED61,7,secondary,ED45,7,ED45,7,1,0x02,ptr_scan
E2B2,7,standalone,E2B2,7,E2B2,7,1,0x02,ptr_scan
E7E2,7,standalone,E7E2,7,E7E2,7,1,0x02,ptr_scan
F988,7,standalone,F988,7,F988,7,1,0x02,ptr_scan
E103,7,secondary,D0F5,7,D0F5,7,1,0x02,ptr_scan
FAE1,7,secondary,FAC8,7,FAC8,7,1,0x02,ptr_scan
DF89,7,secondary,D0F5,7,D0F5,7,1,0x02,ptr_scan
E184,7,secondary,D0F5,7,D0F5,7,1,0x02,ptr_scan
E984,7,secondary,E928,7,E928,7,1,0x02,ptr_scan
D487,7,standalone,D487,7,D487,7,1,0x02,ptr_scan
EAA0,7,secondary,EA89,7,EA89,7,1,0x02,ptr_scan
E18F,7,secondary,D0F5,7,D0F5,7,1,0x02,ptr_scan
E98F,7,secondary,E928,7,E928,7,1,0x02,ptr_scan
E08F,7,secondary,D0F5,7,D0F5,7,1,0x02,ptr_scan
CCA2,7,secondary,C004,7,C004,7,1,0x02,ptr_scan
E4A2,7,secondary,E49D,7,E49D,7,1,0x02,ptr_scan
D682,7,standalone,D682,7,D682,7,1,0x02,ptr_scan
E2AC,7,standalone,E2AC,7,E2AC,7,1,0x02,ptr_scan
D3B1,7,secondary,C3ED,7,C3ED,7,1,0x02,ptr_scan
D2B2,7,standalone,D2B2,7,D2B2,7,1,0x02,ptr_scan
F7B3,7,standalone,F7B3,7,F7B3,7,1,0x02,ptr_scan
F9B1,7,secondary,F9A8,7,F9A8,7,1,0x02,ptr_scan
EC0B,7,secondary,EBAE,7,EBAE,7,1,0x02,ptr_scan
EFFD,7,secondary,EF9B,7,EF9B,7,1,0x02,ptr_scan
EC81,7,secondary,EC36,7,EC36,7,1,0x02,ptr_scan
F982,7,secondary,F947,7,F947,7,1,0x02,ptr_scan
EA17,7,standalone,EA17,7,EA13,7,3,0x03,control|ptr_scan
EB05,7,standalone,EB05,7,EB05,7,1,0x02,ptr_scan
ECFF,7,standalone,ECFF,7,ECFF,7,1,0x02,ptr_scan
F413,7,standalone,F413,7,F413,7,1,0x02,ptr_scan
EC17,7,standalone,EC17,7,EC17,7,1,0x02,ptr_scan
F105,7,standalone,F105,7,F105,7,1,0x02,ptr_scan
F583,7,secondary,F53E,7,F53E,7,1,0x02,ptr_scan
FC14,7,standalone,FC14,7,FC14,7,1,0x02,ptr_scan
F883,7,secondary,F873,7,F873,7,1,0x02,ptr_scan
F584,7,standalone,F584,7,F584,7,1,0x02,ptr_scan
C8F5,7,standalone,C8F5,7,C8F5,7,1,0x02,ptr_scan
D2F5,7,standalone,D2F5,7,D2F5,7,1,0x02,ptr_scan
EC1D,7,standalone,EC1D,7,EC1D,7,1,0x02,ptr_scan
F884,7,standalone,F884,7,F884,7,1,0x02,ptr_scan
F4FC,7,standalone,F4FC,7,F4FC,7,1,0x02,ptr_scan
CBFC,7,secondary,C004,7,C004,7,1,0x02,ptr_scan
F8B1,7,standalone,F8B1,7,F8B1,7,1,0x02,ptr_scan
F497,7,secondary,F459,7,F459,7,1,0x02,ptr_scan
F513,7,standalone,F513,7,F513,7,1,0x02,ptr_scan
F495,7,secondary,F459,7,F459,7,1,0x02,ptr_scan
CEFC,7,standalone,CEFC,7,CEFC,7,1,0x02,ptr_scan
EBFC,7,standalone,EBFC,7,EBFC,7,1,0x02,ptr_scan
E9FD,7,secondary,E9F9,7,E9F9,7,1,0x02,ptr_scan
F9FE,7,secondary,F9F2,7,F9F2,7,1,0x02,ptr_scan
EC03,7,secondary,EBAE,7,EBAE,7,1,0x02,ptr_scan
ED05,7,standalone,ED05,7,ED05,7,1,0x02,ptr_scan
FC20,7,secondary,F72F,7,F72F,7,1,0x02,ptr_scan
F586,7,secondary,F53E,7,F53E,7,1,0x02,ptr_scan
F486,7,secondary,F459,7,F459,7,1,0x02,ptr_scan
FC18,7,secondary,F72F,7,F72F,7,1,0x02,ptr_scan
F886,7,secondary,F873,7,F873,7,1,0x02,ptr_scan
F4FB,7,standalone,F4FB,7,F4FB,7,1,0x02,ptr_scan
E910,7,standalone,E910,7,E910,7,1,0x02,ptr_scan
ED08,7,secondary,ECF7,7,ECF7,7,1,0x02,ptr_scan
FC3C,7,standalone,FC3C,7,FC3C,7,1,0x02,ptr_scan
F4FA,7,standalone,F4FA,7,F4FA,7,1,0x02,ptr_scan
F5B1,7,standalone,F5B1,7,F5B1,7,1,0x02,ptr_scan
F488,7,standalone,F488,7,F488,7,1,0x02,ptr_scan
FC1C,7,secondary,F72F,7,F72F,7,1,0x02,ptr_scan
D8FD,7,standalone,D8FD,7,D8FD,7,1,0x02,ptr_scan
F498,7,secondary,F459,7,F459,7,1,0x02,ptr_scan
FC1F,7,secondary,FC1D,7,FC1D,7,1,0x02,ptr_scan
EEF5,7,standalone,EEF5,7,EEF5,7,1,0x02,ptr_scan
F489,7,secondary,F459,7,F459,7,1,0x02,ptr_scan
E4FC,7,secondary,E4E3,7,E4E3,7,1,0x02,ptr_scan
CBF5,7,standalone,CBF5,7,CBF5,7,1,0x02,ptr_scan
FE89,7,secondary,FCFD,7,FCFD,7,1,0x02,ptr_scan
E91D,7,secondary,E915,7,E915,7,1,0x02,ptr_scan
EB10,7,standalone,EB10,7,EB10,7,1,0x02,ptr_scan
EAFC,7,secondary,EAEC,7,EAEC,7,1,0x02,ptr_scan
F88A,7,standalone,F88A,7,F88A,7,1,0x02,ptr_scan
F48A,7,standalone,F48A,7,F48A,7,1,0x02,ptr_scan
F802,7,secondary,F7DC,7,F7DC,7,1,0x02,ptr_scan
F88B,7,secondary,F873,7,F873,7,1,0x02,ptr_scan
F8C4,7,standalone,F8C4,7,F8C4,7,1,0x02,ptr_scan
C40F,7,standalone,C40F,7,C40F,7,1,0x02,ptr_scan
F5C4,7,standalone,F5C4,7,F5C4,7,1,0x02,ptr_scan
F38A,7,secondary,F370,7,F370,7,1,0x02,ptr_scan
F8F3,7,secondary,F72F,7,F72F,7,1,0x02,ptr_scan
F1B1,7,standalone,F1B1,7,F1B1,7,1,0x02,ptr_scan
F864,7,secondary,F72F,7,F72F,7,1,0x02,ptr_scan
F58C,7,secondary,F58A,7,F58A,7,1,0x02,ptr_scan
C40E,7,standalone,C40E,7,C40E,7,1,0x02,ptr_scan
F064,7,secondary,F04D,7,F04D,7,1,0x02,ptr_scan
FE8B,7,standalone,FE8B,7,FE8B,7,1,0x02,ptr_scan
F5A4,7,secondary,F598,7,F598,7,1,0x02,ptr_scan
EA1E,7,standalone,EA1E,7,EA1E,7,1,0x02,ptr_scan
ED06,7,secondary,ECF7,7,ECF7,7,1,0x02,ptr_scan
F88C,7,standalone,F88C,7,F88C,7,1,0x02,ptr_scan
F804,7,secondary,F7DC,7,F7DC,7,1,0x02,ptr_scan
F407,7,standalone,F407,7,F407,7,1,0x02,ptr_scan
D3FC,7,standalone,D3FC,7,D3FC,7,1,0x02,ptr_scan
E6FC,7,standalone,E6FC,7,E6FC,7,1,0x02,ptr_scan
F41D,7,standalone,F41D,7,F41D,7,1,0x02,ptr_scan
F48E,7,secondary,F459,7,F459,7,1,0x02,ptr_scan
F58E,7,secondary,F58A,7,F58A,7,1,0x02,ptr_scan
EB1A,7,standalone,EB1A,7,EB1A,7,1,0x02,ptr_scan
FC06,7,secondary,F72F,7,F72F,7,1,0x02,ptr_scan
F88E,7,standalone,F88E,7,F88E,7,1,0x02,ptr_scan
E88E,7,standalone,E88E,7,E88E,7,1,0x02,ptr_scan
EC1F,7,secondary,EBAE,7,EBAE,7,1,0x02,ptr_scan
F48F,7,secondary,F459,7,F459,7,1,0x02,ptr_scan
EC8F,7,secondary,EC36,7,EC36,7,1,0x02,ptr_scan
DF13,7,secondary,D0F5,7,D0F5,7,1,0x02,ptr_scan
DF0E,7,secondary,D0F5,7,D0F5,7,1,0x02,ptr_scan
DF16,7,secondary,D0F5,7,D0F5,7,1,0x02,ptr_scan
F591,7,standalone,F591,7,F591,7,1,0x02,ptr_scan
F406,7,standalone,F406,7,F406,7,1,0x02,ptr_scan
F491,7,secondary,F459,7,F459,7,1,0x02,ptr_scan
F503,7,standalone,F503,7,F503,7,1,0x02,ptr_scan
F490,7,standalone,F490,7,F490,7,1,0x02,ptr_scan
E991,7,secondary,E928,7,E928,7,1,0x02,ptr_scan
FE91,7,secondary,FCFD,7,FCFD,7,1,0x02,ptr_scan
EA12,7,secondary,E9F9,7,E9F9,7,1,0x02,ptr_scan
F592,7,secondary,F58A,7,F58A,7,1,0x02,ptr_scan
F291,7,standalone,F291,7,F291,7,1,0x02,ptr_scan
F891,7,standalone,F891,7,F891,7,1,0x02,ptr_scan
F892,7,secondary,F873,7,F873,7,1,0x02,ptr_scan
E0FD,7,secondary,D0F5,7,D0F5,7,1,0x02,ptr_scan
F593,7,standalone,F593,7,F593,7,1,0x02,ptr_scan
CEF5,7,secondary,C004,7,C004,7,1,0x02,ptr_scan
F493,7,secondary,F459,7,F459,7,1,0x02,ptr_scan
F53D,7,standalone,F53D,7,F53D,7,1,0x02,ptr_scan
F9F5,7,secondary,F9F2,7,F9F2,7,1,0x02,ptr_scan
F893,7,standalone,F893,7,F893,7,1,0x02,ptr_scan
F50C,7,standalone,F50C,7,F50C,7,1,0x02,ptr_scan
F405,7,standalone,F405,7,F405,7,1,0x02,ptr_scan
F5B3,7,standalone,F5B3,7,F5B3,7,1,0x02,ptr_scan
E8F8,7,standalone,E8F8,7,E8F8,7,1,0x02,ptr_scan
F4E8,7,standalone,F4E8,7,F4E8,7,1,0x02,ptr_scan
F494,7,standalone,F494,7,F494,7,1,0x02,ptr_scan
EC94,7,standalone,EC94,7,EC94,7,1,0x02,ptr_scan
E894,7,standalone,E894,7,E894,7,1,0x02,ptr_scan
F50E,7,standalone,F50E,7,F50E,7,1,0x02,ptr_scan
F595,7,secondary,F58A,7,F58A,7,1,0x02,ptr_scan
ECF5,7,standalone,ECF5,7,ECF5,7,1,0x02,ptr_scan
EAFD,7,standalone,EAFD,7,EAFD,7,1,0x02,ptr_scan
E91A,7,secondary,E915,7,E915,7,1,0x02,ptr_scan
EB1B,7,secondary,EB08,7,EB08,7,1,0x02,ptr_scan
DEFC,7,secondary,D0F5,7,D0F5,7,1,0x02,ptr_scan
F597,7,secondary,F58A,7,F58A,7,1,0x02,ptr_scan
CCFC,7,secondary,C004,7,C004,7,1,0x02,ptr_scan
F095,7,secondary,F068,7,F068,7,1,0x02,ptr_scan
F895,7,secondary,F873,7,F873,7,1,0x02,ptr_scan
F808,7,secondary,F7DC,7,F7DC,7,1,0x02,ptr_scan
F897,7,secondary,F873,7,F873,7,1,0x02,ptr_scan
F8FC,7,secondary,F72F,7,F72F,7,1,0x02,ptr_scan
F5F8,7,secondary,F5BD,7,F5BD,7,1,0x02,ptr_scan
F496,7,secondary,F459,7,F459,7,1,0x02,ptr_scan
F5FC,7,standalone,F5FC,7,F5FC,7,1,0x02,ptr_scan
F096,7,secondary,F068,7,F068,7,1,0x02,ptr_scan
F596,7,standalone,F596,7,F596,7,1,0x02,ptr_scan
F806,7,secondary,F7DC,7,F7DC,7,1,0x02,ptr_scan
E918,7,secondary,E915,7,E915,7,1,0x02,ptr_scan
EC0A,7,standalone,EC0A,7,EC0A,7,1,0x02,ptr_scan
F59A,7,secondary,F598,7,F598,7,1,0x02,ptr_scan
F898,7,standalone,F898,7,F898,7,1,0x02,ptr_scan
F3B1,7,standalone,F3B1,7,F3B1,7,1,0x02,ptr_scan
F49A,7,secondary,F459,7,F459,7,1,0x02,ptr_scan
F594,7,secondary,F58A,7,F58A,7,1,0x02,ptr_scan
E1F5,7,secondary,D191,7,D191,7,1,0x02,ptr_scan
EA05,7,secondary,E9F9,7,E9F9,7,1,0x02,ptr_scan
F59C,7,secondary,F598,7,F598,7,1,0x02,ptr_scan
F89C,7,standalone,F89C,7,F89C,7,1,0x02,ptr_scan
EDFD,7,standalone,EDFD,7,EDFD,7,1,0x02,ptr_scan
F49C,7,secondary,F459,7,F459,7,1,0x02,ptr_scan
F424,7,standalone,F424,7,F424,7,1,0x02,ptr_scan
DFF5,7,secondary,D0F5,7,D0F5,7,1,0x02,ptr_scan
F59D,7,standalone,F59D,7,F59D,7,1,0x02,ptr_scan
F89D,7,secondary,F873,7,F873,7,1,0x02,ptr_scan
F49D,7,standalone,F49D,7,F49D,7,1,0x02,ptr_scan
F59E,7,secondary,F598,7,F598,7,1,0x02,ptr_scan
EA16,7,standalone,EA16,7,EA16,7,1,0x02,ptr_scan
F49E,7,secondary,F459,7,F459,7,1,0x02,ptr_scan
F89E,7,standalone,F89E,7,F89E,7,1,0x02,ptr_scan
FE5D,7,standalone,FE5D,7,FE5D,7,1,0x02,ptr_scan
E917,7,standalone,E917,7,E917,7,1,0x02,ptr_scan
F544,7,standalone,F544,7,F544,7,1,0x02,ptr_scan
F5A0,7,secondary,F598,7,F598,7,1,0x02,ptr_scan
F8A0,7,secondary,F873,7,F873,7,1,0x02,ptr_scan
E91C,7,standalone,E91C,7,E91C,7,1,0x02,ptr_scan
EB03,7,standalone,EB03,7,EB03,7,1,0x02,ptr_scan
F81F,7,standalone,F81F,7,F81F,7,1,0x02,ptr_scan
E8FC,7,standalone,E8FC,7,E8FC,7,1,0x02,ptr_scan
F8A1,7,standalone,F8A1,7,F8A1,7,1,0x02,ptr_scan
EA1C,7,secondary,EA13,7,EA13,7,1,0x02,ptr_scan
ECA2,7,secondary,EC91,7,EC91,7,1,0x02,ptr_scan
ED03,7,secondary,ECF7,7,ECF7,7,1,0x02,ptr_scan
F4A2,7,secondary,F459,7,F459,7,1,0x02,ptr_scan
ED04,7,standalone,ED04,7,ED04,7,1,0x02,ptr_scan
F5A2,7,secondary,F598,7,F598,7,1,0x02,ptr_scan
EDBA,7,standalone,EDBA,7,EDBA,7,1,0x02,ptr_scan
DDFD,7,secondary,D0F5,7,D0F5,7,1,0x02,ptr_scan
E805,7,standalone,E805,7,E805,7,1,0x02,ptr_scan
E91E,7,standalone,E91E,7,E91E,7,1,0x02,ptr_scan
F8A3,7,secondary,F873,7,F873,7,1,0x02,ptr_scan
F403,7,standalone,F403,7,F403,7,1,0x02,ptr_scan
E8A3,7,standalone,E8A3,7,E8A3,7,1,0x02,ptr_scan
F8A4,7,standalone,F8A4,7,F8A4,7,1,0x02,ptr_scan
EA00,7,standalone,EA00,7,EA00,7,1,0x02,ptr_scan
EAA3,7,standalone,EAA3,7,EAA3,7,1,0x02,ptr_scan
F4A3,7,standalone,F4A3,7,F4A3,7,1,0x02,ptr_scan
F4A4,7,secondary,F459,7,F459,7,1,0x02,ptr_scan
F5A5,7,secondary,F598,7,F598,7,1,0x02,ptr_scan
F107,7,standalone,F107,7,F107,7,1,0x02,ptr_scan
F8A6,7,secondary,F873,7,F873,7,1,0x02,ptr_scan
F8A5,7,standalone,F8A5,7,F8A5,7,1,0x02,ptr_scan
FCA6,7,secondary,F72F,7,F72F,7,1,0x02,ptr_scan
E4F8,7,standalone,E4F8,7,E4F8,7,1,0x02,ptr_scan
F5AE,7,standalone,F5AE,7,F5AE,7,1,0x02,ptr_scan
ECA6,7,secondary,EC91,7,EC91,7,1,0x02,ptr_scan
F4A7,7,standalone,F4A7,7,F4A7,7,1,0x02,ptr_scan
F4A8,7,secondary,F459,7,F459,7,1,0x02,ptr_scan
E91B,7,standalone,E91B,7,E91B,7,1,0x02,ptr_scan
EC21,7,standalone,EC21,7,EC21,7,1,0x02,ptr_scan
D8FC,7,secondary,C915,7,C915,7,1,0x02,ptr_scan
EC1E,7,standalone,EC1E,7,EC1E,7,1,0x02,ptr_scan
FD1A,7,secondary,FCFD,7,FCFD,7,1,0x02,ptr_scan
F531,7,standalone,F531,7,F531,7,1,0x02,ptr_scan
F9AB,7,standalone,F9AB,7,F9AB,7,1,0x02,ptr_scan
E921,7,standalone,E921,7,E921,7,1,0x02,ptr_scan
F4AC,7,standalone,F4AC,7,F4AC,7,1,0x02,ptr_scan
F5AD,7,standalone,F5AD,7,F5AD,7,1,0x02,ptr_scan
E4FD,7,secondary,E4E3,7,E4E3,7,1,0x02,ptr_scan
EA24,7,secondary,EA22,7,EA22,7,1,0x02,ptr_scan
EB19,7,secondary,EB08,7,EB08,7,1,0x02,ptr_scan
FE54,7,standalone,FE54,7,FE54,7,1,0x02,ptr_scan
EC25,7,secondary,EBAE,7,EBAE,7,1,0x02,ptr_scan
FC3B,7,secondary,FC1D,7,FC1D,7,1,0x02,ptr_scan
F80A,7,secondary,F7DC,7,F7DC,7,1,0x02,ptr_scan
F8B0,7,secondary,F72F,7,F72F,7,1,0x02,ptr_scan
F826,7,secondary,F72F,7,F72F,7,1,0x02,ptr_scan
F80D,7,secondary,F7DC,7,F7DC,7,1,0x02,ptr_scan
ECFC,7,secondary,ECF7,7,ECF7,7,1,0x02,ptr_scan
EEF8,7,standalone,EEF8,7,EEF8,7,1,0x02,ptr_scan
EC09,7,standalone,EC09,7,EC09,7,1,0x02,ptr_scan
F4B2,7,standalone,F4B2,7,F4B2,7,1,0x02,ptr_scan
F522,7,standalone,F522,7,F522,7,1,0x02,ptr_scan
F8B2,7,secondary,F72F,7,F72F,7,1,0x02,ptr_scan
E9F8,7,secondary,E9EA,7,E9EA,7,1,0x02,ptr_scan
F4B4,7,standalone,F4B4,7,F4B4,7,1,0x02,ptr_scan
E90E,7,standalone,E90E,7,E90E,7,1,0x02,ptr_scan
EC0F,7,standalone,EC0F,7,EC0F,7,1,0x02,ptr_scan
EC0E,7,standalone,EC0E,7,EC0E,7,1,0x02,ptr_scan
EA0A,7,secondary,E9F9,7,E9F9,7,1,0x02,ptr_scan
E90F,7,standalone,E90F,7,E90F,7,1,0x02,ptr_scan
FC23,7,secondary,FC1D,7,FC1D,7,1,0x02,ptr_scan
ED02,7,standalone,ED02,7,ED02,7,1,0x02,ptr_scan
F8B3,7,standalone,F8B3,7,F8B3,7,1,0x02,ptr_scan
F41E,7,standalone,F41E,7,F41E,7,1,0x02,ptr_scan
E11C,7,secondary,E118,7,E118,7,1,0x02,ptr_scan
E90C,7,standalone,E90C,7,E90C,7,1,0x02,ptr_scan
EB0A,7,secondary,EB08,7,EB08,7,1,0x02,ptr_scan
F520,7,standalone,F520,7,F520,7,1,0x02,ptr_scan
F4B3,7,secondary,F459,7,F459,7,1,0x02,ptr_scan
F560,7,standalone,F560,7,F560,7,1,0x02,ptr_scan
F422,7,standalone,F422,7,F422,7,1,0x02,ptr_scan
EC12,7,standalone,EC12,7,EC12,7,1,0x02,ptr_scan
F8B4,7,standalone,F8B4,7,F8B4,7,1,0x02,ptr_scan
F9B4,7,standalone,F9B4,7,F9B4,7,1,0x02,ptr_scan
F3F8,7,standalone,F3F8,7,F3F8,7,1,0x02,ptr_scan
EB0D,7,secondary,EB08,7,EB08,7,1,0x02,ptr_scan
E6F8,7,standalone,E6F8,7,E6F8,7,1,0x02,ptr_scan
F4B6,7,secondary,F459,7,F459,7,1,0x02,ptr_scan
F8F5,7,secondary,F72F,7,F72F,7,1,0x02,ptr_scan
EC0D,7,secondary,EBAE,7,EBAE,7,1,0x02,ptr_scan
EC18,7,standalone,EC18,7,EC18,7,1,0x02,ptr_scan
E028,7,secondary,D0F5,7,D0F5,7,1,0x02,ptr_scan
D420,7,secondary,C496,7,C496,7,1,0x02,ptr_scan
E890,7,standalone,E890,7,E890,7,1,0x02,ptr_scan
E050,7,standalone,E050,7,E050,7,1,0x02,ptr_scan
DF10,7,secondary,D0F5,7,D0F5,7,1,0x02,ptr_scan
D8DF,7,standalone,D8DF,7,D8DF,7,1,0x02,ptr_scan
C8D0,7,secondary,C004,7,C004,7,1,0x02,ptr_scan
D5C0,7,secondary,C5F4,7,C5F4,7,1,0x02,ptr_scan
D41D,7,standalone,D41D,7,D41D,7,1,0x02,ptr_scan
F099,7,secondary,F068,7,F068,7,1,0x02,ptr_scan
DE02,7,standalone,DE02,7,DE02,7,1,0x02,ptr_scan
CC22,7,standalone,CC22,7,CC22,7,1,0x02,ptr_scan
E006,7,secondary,D0F5,7,D0F5,7,1,0x02,ptr_scan
C0A6,7,secondary,C004,7,C004,7,1,0x02,ptr_scan
E441,7,standalone,E441,7,E441,7,1,0x02,ptr_scan
CC60,7,secondary,C004,7,C004,7,1,0x02,ptr_scan
D814,7,secondary,C836,7,C836,7,1,0x02,ptr_scan
C4D8,7,standalone,C4D8,7,C4D8,7,1,0x02,ptr_scan
D602,7,standalone,D602,7,D602,7,1,0x02,ptr_scan
ED0B,7,secondary,ECF7,7,ECF7,7,1,0x02,ptr_scan
EB0B,7,standalone,EB0B,7,EB0B,7,1,0x02,ptr_scan
E874,7,standalone,E874,7,E874,7,1,0x02,ptr_scan
F071,7,secondary,F068,7,F068,7,1,0x02,ptr_scan
C92D,7,secondary,C004,7,C004,7,1,0x02,ptr_scan
DB60,7,secondary,CD7D,7,CD7D,7,1,0x02,ptr_scan
F387,7,secondary,F370,7,F370,7,1,0x02,ptr_scan
CB88,7,secondary,C004,7,C004,7,1,0x02,ptr_scan
FB88,7,standalone,FB88,7,FB88,7,1,0x02,ptr_scan
E88B,7,standalone,E88B,7,E88B,7,1,0x02,ptr_scan
D28E,7,secondary,C3ED,7,C3ED,7,1,0x02,ptr_scan
EA8E,7,secondary,EA89,7,EA89,7,1,0x02,ptr_scan
E392,7,standalone,E392,7,E392,7,1,0x02,ptr_scan
D881,7,standalone,D881,7,D881,7,1,0x02,ptr_scan
F381,7,standalone,F381,7,F370,7,1,0x02,ptr_scan
CB82,7,secondary,C004,7,C004,7,1,0x02,ptr_scan
F483,7,secondary,F459,7,F459,7,1,0x02,ptr_scan
CC85,7,secondary,C004,7,C004,7,1,0x02,ptr_scan
F0B9,7,standalone,F0B9,7,F0B9,7,1,0x02,ptr_scan
ED9B,7,standalone,ED9B,7,ED9B,7,1,0x02,ptr_scan
EDED,7,secondary,EDC0,7,EDC0,7,1,0x02,ptr_scan
CF80,7,secondary,C004,7,C004,7,1,0x02,ptr_scan
E61D,7,standalone,E61D,7,E61D,7,1,0x02,ptr_scan
E66F,7,standalone,E66F,7,E66F,7,1,0x02,ptr_scan
E7B9,7,standalone,E7B9,7,E7B9,7,1,0x02,ptr_scan
EC57,7,standalone,EC57,7,EC36,7,1,0x02,ptr_scan
E7EC,7,standalone,E7EC,7,E7EC,7,1,0x02,ptr_scan
E6C8,7,standalone,E6C8,7,E6C8,7,1,0x02,ptr_scan
E717,7,standalone,E717,7,E717,7,1,0x02,ptr_scan
DBB9,7,secondary,CD7D,7,CD7D,7,1,0x02,ptr_scan
E283,7,secondary,E1B9,7,E1B9,7,1,0x02,ptr_scan
F9B9,7,secondary,F9A8,7,F9A8,7,1,0x02,ptr_scan
FAB9,7,secondary,F72F,7,F72F,7,1,0x02,ptr_scan
F7D0,7,standalone,F7D0,7,F7C6,7,1,0x02,ptr_scan
E673,7,standalone,E673,7,E673,7,1,0x02,ptr_scan
F0A9,7,standalone,F0A9,7,F0A9,7,1,0x02,ptr_scan
CA98,7,standalone,CA98,7,CA98,7,1,0x02,ptr_scan
CE10,7,standalone,CE10,7,CE10,7,1,0x02,ptr_scan
F5B9,7,standalone,F5B9,7,F5B9,7,1,0x02,ptr_scan
CB86,7,secondary,C004,7,C004,7,1,0x02,ptr_scan
DB86,7,standalone,DB86,7,DB86,7,1,0x02,ptr_scan
F8A7,7,standalone,F8A7,7,F8A7,7,1,0x02,ptr_scan
E463,7,standalone,E463,7,E463,7,1,0x02,ptr_scan
E2FE,7,standalone,E2FE,7,E2FE,7,1,0x02,ptr_scan
D8A1,7,secondary,C915,7,C915,7,1,0x02,ptr_scan
D6FE,7,standalone,D6FE,7,D6FE,7,1,0x02,ptr_scan
D6A5,7,standalone,D6A5,7,C73B,7,1,0x02,ptr_scan
F2A6,7,standalone,F2A6,7,F2A6,7,1,0x02,ptr_scan
CF04,7,secondary,C004,7,C004,7,1,0x02,ptr_scan
C7B3,7,secondary,C004,7,C004,7,1,0x02,ptr_scan
F8AB,7,standalone,F8AB,7,F8AB,7,1,0x02,ptr_scan
D6A9,7,standalone,D6A9,7,D6A9,7,1,0x02,ptr_scan
E6D0,7,standalone,E6D0,7,E6D0,7,1,0x02,ptr_scan
CD10,7,secondary,C004,7,C004,7,1,0x02,ptr_scan
CBB9,7,secondary,C004,7,C004,7,1,0x02,ptr_scan
D3B9,7,standalone,D3B9,7,D3B9,7,1,0x02,ptr_scan
D4A9,7,secondary,C555,7,C555,7,1,0x02,ptr_scan
DDA9,7,secondary,CD7D,7,CD7D,7,1,0x02,ptr_scan
F5A9,7,standalone,F5A9,7,F5A9,7,1,0x02,ptr_scan
E4B9,7,standalone,E4B9,7,E4B9,7,1,0x02,ptr_scan
E8B0,7,standalone,E8B0,7,E8B0,7,1,0x02,ptr_scan
ECBD,7,secondary,EC91,7,EC91,7,1,0x02,ptr_scan
D910,7,secondary,C915,7,C915,7,1,0x02,ptr_scan
D828,7,standalone,D828,7,D828,7,1,0x02,ptr_scan
C8B0,7,secondary,C004,7,C004,7,1,0x02,ptr_scan
D6C5,7,standalone,D6C5,7,D6C5,7,1,0x02,ptr_scan
E7D6,7,standalone,E7D6,7,E7D6,7,1,0x02,ptr_scan
F044,7,standalone,F044,7,F044,7,1,0x02,ptr_scan
F045,7,secondary,EF9B,7,EF9B,7,1,0x02,ptr_scan
CD2B,7,secondary,C004,7,C004,7,1,0x02,ptr_scan
C810,7,secondary,C004,7,C004,7,1,0x02,ptr_scan
C808,7,secondary,C004,7,C004,7,1,0x02,ptr_scan
F023,7,secondary,EF9B,7,EF9B,7,1,0x02,ptr_scan
C87A,7,secondary,C004,7,C004,7,1,0x02,ptr_scan
E036,7,secondary,D0F5,7,D0F5,7,1,0x02,ptr_scan
FA62,7,secondary,F72F,7,F72F,7,1,0x02,ptr_scan
F662,7,standalone,F662,7,F662,7,1,0x02,ptr_scan
F062,7,secondary,F04D,7,F04D,7,1,0x02,ptr_scan
ED78,7,secondary,ED68,7,ED68,7,1,0x02,ptr_scan
ED7A,7,standalone,ED7A,7,ED7A,7,1,0x02,ptr_scan
D036,7,standalone,D036,7,D036,7,1,0x02,ptr_scan
F33A,7,standalone,F33A,7,F33A,7,1,0x02,ptr_scan
FAF3,7,standalone,FAF3,7,FAF3,7,1,0x02,ptr_scan
F8FA,7,standalone,F8FA,7,F8FA,7,1,0x02,ptr_scan
FA88,7,standalone,FA88,7,FA88,7,1,0x02,ptr_scan
CF89,7,secondary,C004,7,C004,7,1,0x02,ptr_scan
CF88,7,standalone,CF88,7,CF88,7,1,0x02,ptr_scan
D288,7,secondary,C3ED,7,C3ED,7,2,0x02,ptr_scan
F388,7,secondary,F370,7,F370,7,1,0x02,ptr_scan
F688,7,standalone,F688,7,F661,7,1,0x02,ptr_scan
EA88,7,standalone,EA88,7,EA88,7,1,0x02,ptr_scan
F7B6,7,secondary,F72F,7,F72F,7,1,0x02,ptr_scan
D588,7,secondary,C5F4,7,C5F4,7,1,0x02,ptr_scan
CC88,7,secondary,C004,7,C004,7,1,0x02,ptr_scan
D687,7,standalone,D687,7,D687,7,1,0x02,ptr_scan
F682,7,standalone,F682,7,F682,7,1,0x02,ptr_scan
EE82,7,standalone,EE82,7,EE82,7,1,0x02,ptr_scan
F685,7,secondary,F661,7,F661,7,1,0x02,ptr_scan
D283,7,standalone,D283,7,C3ED,7,6,0x03,control|ptr_scan
F683,7,secondary,F661,7,F661,7,1,0x02,ptr_scan
D281,7,secondary,C3ED,7,C3ED,7,1,0x02,ptr_scan
FA83,7,secondary,F72F,7,F72F,7,1,0x02,ptr_scan
EE84,7,standalone,EE84,7,EE84,7,1,0x02,ptr_scan
F684,7,secondary,F661,7,F661,7,1,0x02,ptr_scan
D684,7,secondary,C73B,7,C73B,7,1,0x02,ptr_scan
E885,7,standalone,E885,7,E885,7,1,0x02,ptr_scan
EA85,7,secondary,EA76,7,EA76,7,1,0x02,ptr_scan
EC85,7,standalone,EC85,7,EC85,7,1,0x02,ptr_scan
E488,7,secondary,E460,7,E460,7,1,0x02,ptr_scan
E188,7,secondary,D0F5,7,D0F5,7,1,0x02,ptr_scan
DE88,7,standalone,DE88,7,DE88,7,1,0x02,ptr_scan
DB88,7,standalone,DB88,7,DB88,7,1,0x02,ptr_scan
D888,7,standalone,D888,7,C915,7,1,0x02,ptr_scan
ED88,7,standalone,ED88,7,ED88,7,1,0x02,ptr_scan
F689,7,standalone,F689,7,F689,7,1,0x02,ptr_scan
E08A,7,secondary,D0F5,7,D0F5,7,1,0x02,ptr_scan
E98A,7,secondary,E928,7,E928,7,1,0x02,ptr_scan
CE8B,7,secondary,C004,7,C004,7,1,0x02,ptr_scan
ED8A,7,standalone,ED8A,7,ED8A,7,1,0x02,ptr_scan
CB8E,7,standalone,CB8E,7,CB8E,7,1,0x02,ptr_scan
D88E,7,standalone,D88E,7,D88E,7,1,0x02,ptr_scan
DF8E,7,secondary,D0F5,7,D0F5,7,1,0x02,ptr_scan
EA8B,7,standalone,EA8B,7,EA8B,7,1,0x02,ptr_scan
D48C,7,standalone,D48C,7,D48C,7,1,0x02,ptr_scan
E68C,7,standalone,E68C,7,E68C,7,1,0x02,ptr_scan
D28B,7,secondary,C3ED,7,C3ED,7,1,0x02,ptr_scan
EA87,7,standalone,EA87,7,EA87,7,1,0x02,ptr_scan
F987,7,secondary,F947,7,F947,7,1,0x02,ptr_scan
D788,7,standalone,D788,7,D788,7,1,0x02,ptr_scan
D78A,7,secondary,C7D4,7,C7D4,7,1,0x02,ptr_scan
D28D,7,secondary,C3ED,7,C3ED,7,1,0x02,ptr_scan
E68D,7,standalone,E68D,7,E68D,7,1,0x02,ptr_scan
DF88,7,secondary,D0F5,7,D0F5,7,1,0x02,ptr_scan
D689,7,standalone,D689,7,C73B,7,1,0x02,ptr_scan
CE89,7,secondary,C004,7,C004,7,1,0x02,ptr_scan
DA89,7,secondary,CD7D,7,CD7D,7,1,0x02,ptr_scan
E689,7,standalone,E689,7,E689,7,1,0x02,ptr_scan
E289,7,standalone,E289,7,E289,7,1,0x02,ptr_scan
F69C,7,standalone,F69C,7,F69C,7,1,0x02,ptr_scan
D49E,7,secondary,C555,7,C555,7,1,0x02,ptr_scan
F3A0,7,standalone,F3A0,7,F3A0,7,1,0x02,ptr_scan
E4A4,7,standalone,E4A4,7,E4A4,7,1,0x02,ptr_scan
EA90,7,secondary,EA89,7,EA89,7,1,0x02,ptr_scan
DBBA,7,standalone,DBBA,7,DBBA,7,1,0x02,ptr_scan
E590,7,standalone,E590,7,E590,7,1,0x02,ptr_scan
D993,7,standalone,D993,7,D993,7,1,0x02,ptr_scan
F787,7,secondary,F772,7,F772,7,1,0x02,ptr_scan
ED87,7,standalone,ED87,7,ED87,7,1,0x02,ptr_scan
FB87,7,standalone,FB87,7,FB87,7,1,0x02,ptr_scan
E7E7,7,standalone,E7E7,7,E7E7,7,1,0x02,ptr_scan
CD0D,7,standalone,CD0D,7,CD0D,7,1,0x02,ptr_scan
CF0F,7,standalone,CF0F,7,CF0F,7,1,0x02,ptr_scan
D383,7,secondary,C3ED,7,C3ED,7,1,0x02,ptr_scan
D308,7,secondary,C3ED,7,C3ED,7,1,0x02,ptr_scan
DD08,7,secondary,CD7D,7,CD7D,7,1,0x02,ptr_scan
DF08,7,secondary,D0F5,7,D0F5,7,1,0x02,ptr_scan
E1F1,7,secondary,D191,7,D191,7,1,0x02,ptr_scan
E3F3,7,standalone,E3F3,7,E3F3,7,1,0x02,ptr_scan
E7F7,7,standalone,E7F7,7,E7F7,7,1,0x02,ptr_scan
EBFB,7,secondary,EBAE,7,EBAE,7,1,0x02,ptr_scan
E323,7,standalone,E323,7,E323,7,1,0x02,ptr_scan
D393,7,secondary,C3ED,7,C3ED,7,1,0x02,ptr_scan
D595,7,standalone,D595,7,D595,7,1,0x02,ptr_scan
D7E7,7,standalone,D7E7,7,D7E7,7,1,0x02,ptr_scan
F923,7,secondary,F72F,7,F72F,7,1,0x02,ptr_scan
CBDB,7,secondary,C004,7,C004,7,1,0x02,ptr_scan
EFFF,7,standalone,EFFF,7,EFFF,7,1,0x02,ptr_scan
DFEF,7,secondary,D0F5,7,D0F5,7,1,0x02,ptr_scan
DDED,7,secondary,D0F5,7,D0F5,7,1,0x02,ptr_scan
D30A,7,secondary,C3ED,7,C3ED,7,1,0x02,ptr_scan
F1B9,7,standalone,F1B9,7,F1B9,7,1,0x02,ptr_scan
D4B9,7,secondary,C555,7,C555,7,1,0x02,ptr_scan
E526,7,standalone,E526,7,E526,7,1,0x02,ptr_scan
C928,7,secondary,C004,7,C004,7,1,0x02,ptr_scan
DFA9,7,secondary,D0F5,7,D0F5,7,1,0x02,ptr_scan
EC60,7,standalone,EC60,7,EC60,7,1,0x02,ptr_scan
DE94,7,secondary,D0F5,7,D0F5,7,1,0x02,ptr_scan
F094,7,standalone,F094,7,F094,7,1,0x02,ptr_scan
F3F0,7,standalone,F3F0,7,F3F0,7,1,0x02,ptr_scan
E830,7,standalone,E830,7,E830,7,1,0x02,ptr_scan
DD04,7,standalone,DD04,7,DD04,7,1,0x02,ptr_scan
DE9A,7,secondary,D0F5,7,D0F5,7,1,0x02,ptr_scan
DE08,7,secondary,D0F5,7,D0F5,7,1,0x02,ptr_scan
F0BD,7,standalone,F0BD,7,F0BD,7,1,0x02,ptr_scan
FE5E,7,secondary,FCFD,7,FCFD,7,1,0x02,ptr_scan
EA4C,7,secondary,EA45,7,EA45,7,1,0x02,ptr_scan
DD01,7,secondary,CD7D,7,CD7D,7,1,0x02,ptr_scan
EE0B,7,standalone,EE0B,7,EE0B,7,1,0x02,ptr_scan
F0C7,7,standalone,F0C7,7,F0C7,7,1,0x02,ptr_scan
F030,7,secondary,EF9B,7,EF9B,7,1,0x02,ptr_scan
F098,7,standalone,F098,7,F098,7,1,0x02,ptr_scan
E1C9,7,secondary,D191,7,D191,7,1,0x02,ptr_scan
DE03,7,secondary,D0F5,7,D0F5,7,1,0x02,ptr_scan
EF29,7,standalone,EF29,7,EF29,7,1,0x02,ptr_scan
D7A9,7,standalone,D7A9,7,D7A9,7,1,0x02,ptr_scan
F02D,7,secondary,EF9B,7,EF9B,7,1,0x02,ptr_scan
E8EC,7,standalone,E8EC,7,E8EC,7,1,0x02,ptr_scan
F8E0,7,secondary,F72F,7,F72F,7,1,0x02,ptr_scan
E8F0,7,standalone,E8F0,7,E8F0,7,1,0x02,ptr_scan
FE94,7,secondary,FCFD,7,FCFD,7,1,0x02,ptr_scan
F3A9,7,standalone,F3A9,7,F370,7,7,0x07,control|ptr_scan|table_run
F730,7,secondary,F72F,7,F72F,7,1,0x02,ptr_scan
E6F0,7,standalone,E6F0,7,E6F0,7,1,0x02,ptr_scan
C0D0,7,secondary,C004,7,C004,7,1,0x02,ptr_scan
DE98,7,standalone,DE98,7,DE98,7,1,0x02,ptr_scan
F01F,7,secondary,EF9B,7,EF9B,7,1,0x02,ptr_scan
ECE2,7,standalone,ECE2,7,ECE2,7,26,0x07,control|ptr_scan|table_run
D320,7,standalone,D320,7,D320,7,1,0x02,ptr_scan
F053,7,secondary,F04D,7,F04D,7,1,0x02,ptr_scan
DE11,7,secondary,D0F5,7,D0F5,7,1,0x02,ptr_scan
D7D0,7,standalone,D7D0,7,C836,7,1,0x02,ptr_scan
EA45,7,standalone,EA45,7,EA3A,7,9,0x07,control|ptr_scan|table_run
EA76,7,standalone,EA76,7,EA76,7,10,0x07,control|ptr_scan|table_run
C02B,7,secondary,C004,7,C004,7,1,0x02,ptr_scan
CC04,7,secondary,C004,7,C004,7,1,0x02,ptr_scan
CD04,7,secondary,C004,7,C004,7,1,0x02,ptr_scan
EC6A,7,standalone,EC6A,7,EC36,7,19,0x07,control|ptr_scan|table_run
C92B,7,secondary,C004,7,C004,7,1,0x02,ptr_scan
DE36,7,standalone,DE36,7,DE36,7,1,0x02,ptr_scan
D610,7,standalone,D610,7,D610,7,1,0x02,ptr_scan
EE33,7,standalone,EE33,7,EE33,7,1,0x02,ptr_scan
EEF0,7,secondary,EEB4,7,EEB4,7,1,0x02,ptr_scan
F720,7,secondary,F712,7,F712,7,1,0x02,ptr_scan
CCB6,7,secondary,C004,7,C004,7,1,0x02,ptr_scan
EE60,7,standalone,EE60,7,EE60,7,1,0x02,ptr_scan
D2B9,7,secondary,C3ED,7,C3ED,7,1,0x02,ptr_scan
E4DC,7,standalone,E4DC,7,E4DC,7,1,0x02,ptr_scan
E220,7,secondary,D191,7,D191,7,1,0x02,ptr_scan
DE05,7,standalone,DE05,7,DE05,7,1,0x02,ptr_scan
F5B0,7,standalone,F5B0,7,F5B0,7,1,0x02,ptr_scan
F028,7,standalone,F028,7,F028,7,1,0x02,ptr_scan
D0B0,7,secondary,C1B3,7,C1B3,7,1,0x02,ptr_scan
CDB9,7,standalone,CDB9,7,CDB9,7,1,0x02,ptr_scan
EC2F,7,secondary,EBAE,7,EBAE,7,1,0x02,ptr_scan
D9EC,7,secondary,CA16,7,CA16,7,1,0x02,ptr_scan
F7D9,7,secondary,F7C6,7,F7C6,7,1,0x02,ptr_scan
DE0B,7,secondary,D0F5,7,D0F5,7,1,0x02,ptr_scan
F03F,7,secondary,EF9B,7,EF9B,7,1,0x02,ptr_scan
D510,7,standalone,D510,7,C555,7,1,0x02,ptr_scan
CDBD,7,secondary,C004,7,C004,7,1,0x02,ptr_scan
DEAB,7,secondary,D0F5,7,D0F5,7,1,0x02,ptr_scan
DE06,7,secondary,D0F5,7,D0F5,7,1,0x02,ptr_scan
E3C9,7,standalone,E3C9,7,E3C9,7,1,0x02,ptr_scan
E4C7,7,secondary,E4B5,7,E4B5,7,1,0x02,ptr_scan
CE97,7,standalone,CE97,7,CE97,7,1,0x02,ptr_scan
F014,7,standalone,F014,7,F014,7,1,0x02,ptr_scan
DE17,7,standalone,DE17,7,DE17,7,1,0x02,ptr_scan
D95C,7,secondary,CA16,7,CA16,7,1,0x02,ptr_scan
E80A,7,standalone,E80A,7,E80A,7,1,0x02,ptr_scan
DE07,7,standalone,DE07,7,DE07,7,1,0x02,ptr_scan
FA20,7,standalone,FA20,7,F9F2,7,1,0x02,ptr_scan
CD06,7,secondary,C004,7,C004,7,1,0x02,ptr_scan
EE0C,7,secondary,EE00,7,EE00,7,1,0x02,ptr_scan
E8B8,7,standalone,E8B8,7,E8B8,7,1,0x02,ptr_scan
CEB9,7,secondary,C004,7,C004,7,1,0x02,ptr_scan
F3F4,7,standalone,F3F4,7,F3F4,7,1,0x02,ptr_scan
D2F0,7,standalone,D2F0,7,C3ED,7,1,0x02,ptr_scan
E6D2,7,standalone,E6D2,7,E6D2,7,1,0x02,ptr_scan
EEB3,7,secondary,EE8D,7,EE8D,7,1,0x02,ptr_scan
EEB2,7,standalone,EEB2,7,EEB2,7,1,0x02,ptr_scan
F012,7,secondary,EF9B,7,EF9B,7,1,0x02,ptr_scan
F390,7,secondary,F370,7,F370,7,1,0x02,ptr_scan
EE91,7,secondary,EE8D,7,EE8D,7,1,0x02,ptr_scan
EB60,7,secondary,EB08,7,EB08,7,1,0x02,ptr_scan
F4DC,7,standalone,F4DC,7,F4DC,7,1,0x02,ptr_scan
E605,7,secondary,E603,7,E603,7,1,0x02,ptr_scan
D57D,7,standalone,D57D,7,D57D,7,1,0x02,ptr_scan
F4EE,7,standalone,F4EE,7,F4EE,7,1,0x02,ptr_scan
D299,7,standalone,D299,7,D299,7,1,0x02,ptr_scan
EC9B,7,standalone,EC9B,7,EC9B,7,1,0x02,ptr_scan
D4BB,7,secondary,C555,7,C555,7,1,0x02,ptr_scan
F035,7,secondary,EF9B,7,EF9B,7,1,0x02,ptr_scan
C3CB,7,secondary,C004,7,C004,7,1,0x02,ptr_scan
F3B9,7,secondary,F3A9,7,F3A9,7,1,0x02,ptr_scan
DD53,7,standalone,DD53,7,DD53,7,1,0x02,ptr_scan
D89D,7,secondary,C915,7,C915,7,1,0x02,ptr_scan
D479,7,secondary,C496,7,C496,7,1,0x02,ptr_scan
DE20,7,standalone,DE20,7,DE20,7,1,0x02,ptr_scan
EE5D,7,standalone,EE5D,7,EE5D,7,1,0x02,ptr_scan
EE5C,7,standalone,EE5C,7,EE5C,7,1,0x02,ptr_scan
EAD0,7,standalone,EAD0,7,EAD0,7,1,0x02,ptr_scan
DEEC,7,secondary,D0F5,7,D0F5,7,1,0x02,ptr_scan
C3C3,7,secondary,C004,7,C004,7,1,0x02,ptr_scan
C3C4,7,secondary,C004,7,C004,7,1,0x02,ptr_scan
EB83,7,standalone,EB83,7,EB83,7,1,0x02,ptr_scan
EB84,7,standalone,EB84,7,EB84,7,1,0x02,ptr_scan
EDEA,7,secondary,EDC0,7,EDC0,7,1,0x02,ptr_scan
EA84,7,secondary,EA76,7,EA76,7,1,0x02,ptr_scan
EAC3,7,standalone,EAC3,7,EAC3,7,8,0x07,control|ptr_scan|table_run
DD10,7,secondary,CD7D,7,CD7D,7,1,0x02,ptr_scan
EB14,7,standalone,EB14,7,EB08,7,3,0x07,control|ptr_scan|table_run
EF70,7,secondary,EF6C,7,EF6C,7,1,0x02,ptr_scan
E14C,7,secondary,D0F5,7,D0F5,7,1,0x02,ptr_scan
E02E,7,secondary,D0F5,7,D0F5,7,1,0x02,ptr_scan
D986,7,standalone,D986,7,CA16,7,1,0x02,ptr_scan
F01B,7,secondary,EF9B,7,EF9B,7,1,0x02,ptr_scan
C92C,7,standalone,C92C,7,C92C,7,1,0x02,ptr_scan
F7B9,7,secondary,F72F,7,F72F,7,1,0x02,ptr_scan
CDF0,7,standalone,CDF0,7,CDF0,7,1,0x02,ptr_scan
F1CD,7,standalone,F1CD,7,F1CD,7,1,0x02,ptr_scan
E60D,7,secondary,E603,7,E603,7,1,0x02,ptr_scan
F04E,7,standalone,F04E,7,F04E,7,1,0x02,ptr_scan
C8C0,7,standalone,C8C0,7,C8C0,7,1,0x02,ptr_scan
E0D8,7,secondary,D0F5,7,D0F5,7,1,0x02,ptr_scan
E608,7,secondary,E603,7,E603,7,1,0x02,ptr_scan
DD49,7,standalone,DD49,7,DD49,7,1,0x02,ptr_scan
DD20,7,standalone,DD20,7,DD20,7,1,0x02,ptr_scan
D0E9,7,standalone,D0E9,7,D0E9,7,1,0x02,ptr_scan
FAAD,7,secondary,F72F,7,F72F,7,1,0x02,ptr_scan
F6AD,7,secondary,F661,7,F661,7,1,0x02,ptr_scan
D578,7,secondary,C5F4,7,C5F4,7,2,0x02,ptr_scan
F6A5,7,standalone,F6A5,7,F6A5,7,1,0x02,ptr_scan
F3A5,7,secondary,F370,7,F370,7,1,0x02,ptr_scan
F1A5,7,standalone,F1A5,7,F1A5,7,1,0x02,ptr_scan
F9A5,7,secondary,F9A0,7,F9A0,7,1,0x02,ptr_scan
FAA5,7,secondary,F72F,7,F72F,7,1,0x02,ptr_scan
FBA5,7,secondary,F72F,7,F72F,7,1,0x02,ptr_scan
F660,7,secondary,F617,7,F617,7,1,0x02,ptr_scan
D57C,7,secondary,C5F4,7,C5F4,7,1,0x02,ptr_scan
E7B0,7,standalone,E7B0,7,E7B0,7,1,0x02,ptr_scan
F820,7,standalone,F820,7,F820,7,1,0x02,ptr_scan
C0A8,7,secondary,C004,7,C004,7,1,0x02,ptr_scan
F978,7,secondary,F947,7,F947,7,1,0x02,ptr_scan
D6B6,7,standalone,D6B6,7,D6B6,7,1,0x02,ptr_scan
F848,7,secondary,F72F,7,F72F,7,1,0x02,ptr_scan
C8F8,7,secondary,C004,7,C004,7,1,0x02,ptr_scan
F84A,7,secondary,F72F,7,F72F,7,1,0x02,ptr_scan
F60F,7,standalone,F60F,7,F60F,7,1,0x02,ptr_scan
F015,7,secondary,EF9B,7,EF9B,7,1,0x02,ptr_scan
D452,7,standalone,D452,7,D452,7,1,0x02,ptr_scan
D425,7,standalone,D425,7,C496,7,1,0x02,ptr_scan
D880,7,secondary,C915,7,C915,7,1,0x02,ptr_scan
F858,7,standalone,F858,7,F858,7,1,0x02,ptr_scan
FB78,7,secondary,F72F,7,F72F,7,1,0x02,ptr_scan
E84A,7,standalone,E84A,7,E84A,7,1,0x02,ptr_scan
F970,7,secondary,F947,7,F947,7,1,0x02,ptr_scan
D878,7,secondary,C915,7,C915,7,1,0x02,ptr_scan
D4B1,7,secondary,C555,7,C555,7,1,0x02,ptr_scan
E1B0,7,secondary,D191,7,D191,7,1,0x02,ptr_scan
D890,7,secondary,C915,7,C915,7,1,0x02,ptr_scan
D090,7,secondary,C1B3,7,C1B3,7,1,0x02,ptr_scan
DAA6,7,secondary,CD7D,7,CD7D,7,1,0x02,ptr_scan
D90F,7,secondary,C915,7,C915,7,1,0x02,ptr_scan
D870,7,secondary,C915,7,C915,7,1,0x02,ptr_scan
E444,7,standalone,E444,7,E444,7,1,0x02,ptr_scan
D3A5,7,secondary,C3ED,7,C3ED,7,1,0x02,ptr_scan
E054,7,secondary,D0F5,7,D0F5,7,1,0x02,ptr_scan
DD26,7,secondary,CD7D,7,CD7D,7,1,0x02,ptr_scan
DD27,7,standalone,DD27,7,DD27,7,1,0x02,ptr_scan
D507,7,secondary,C555,7,C555,7,1,0x02,ptr_scan
E030,7,secondary,D0F5,7,D0F5,7,1,0x02,ptr_scan
E065,7,secondary,D0F5,7,D0F5,7,1,0x02,ptr_scan
D426,7,standalone,D426,7,D426,7,1,0x02,ptr_scan
D427,7,standalone,D427,7,D427,7,1,0x02,ptr_scan
D527,7,standalone,D527,7,D527,7,1,0x02,ptr_scan
C0D5,7,secondary,C004,7,C004,7,1,0x02,ptr_scan
FB28,7,standalone,FB28,7,FB28,7,1,0x02,ptr_scan
F854,7,standalone,F854,7,F854,7,1,0x02,ptr_scan
DCB4,7,standalone,DCB4,7,DCB4,7,1,0x02,ptr_scan
D87C,7,secondary,C915,7,C915,7,1,0x02,ptr_scan
D898,7,secondary,C915,7,C915,7,1,0x02,ptr_scan
FBD8,7,secondary,F72F,7,F72F,7,1,0x02,ptr_scan
D8A8,7,secondary,C915,7,C915,7,1,0x02,ptr_scan
D868,7,secondary,C915,7,C915,7,1,0x02,ptr_scan
D858,7,secondary,C915,7,C915,7,1,0x02,ptr_scan
F9D8,7,standalone,F9D8,7,F9D8,7,1,0x02,ptr_scan
CC11,7,secondary,C004,7,C004,7,1,0x02,ptr_scan
FA30,7,secondary,F9F2,7,F9F2,7,1,0x02,ptr_scan
FA40,7,secondary,F72F,7,F72F,7,1,0x02,ptr_scan
F017,7,standalone,F017,7,F017,7,1,0x02,ptr_scan
F8C8,7,secondary,F72F,7,F72F,7,1,0x02,ptr_scan
D5AB,7,standalone,D5AB,7,D5AB,7,1,0x02,ptr_scan
F928,7,standalone,F928,7,F928,7,1,0x02,ptr_scan
D048,7,standalone,D048,7,D048,7,1,0x02,ptr_scan
D844,7,secondary,C852,7,C852,7,1,0x02,ptr_scan
D84A,7,secondary,C852,7,C852,7,1,0x02,ptr_scan
F844,7,secondary,F72F,7,F72F,7,1,0x02,ptr_scan
D04A,7,secondary,C1B3,7,C1B3,7,1,0x02,ptr_scan
F048,7,secondary,EF9B,7,EF9B,7,1,0x02,ptr_scan
D6A6,7,standalone,D6A6,7,D6A6,7,1,0x02,ptr_scan
D456,7,standalone,D456,7,D456,7,1,0x02,ptr_scan
C80F,7,secondary,C004,7,C004,7,1,0x02,ptr_scan
DEFB,7,secondary,D0F5,7,D0F5,7,1,0x02,ptr_scan
C848,7,standalone,C848,7,C848,7,1,0x02,ptr_scan
DD1A,7,secondary,CD7D,7,CD7D,7,1,0x02,ptr_scan
D848,7,secondary,C852,7,C852,7,1,0x02,ptr_scan
DCBC,7,secondary,CD7D,7,CD7D,7,1,0x02,ptr_scan
F294,7,standalone,F294,7,F294,7,1,0x02,ptr_scan
E294,7,standalone,E294,7,E294,7,1,0x02,ptr_scan
F838,7,secondary,F72F,7,F72F,7,1,0x02,ptr_scan
FBAC,7,standalone,FBAC,7,FBAC,7,1,0x02,ptr_scan
F7D5,7,secondary,F7C6,7,F7C6,7,1,0x02,ptr_scan
D8F2,7,secondary,D8F0,7,D8F0,7,1,0x02,ptr_scan
EAE4,7,secondary,EAC3,7,EAC3,7,1,0x02,ptr_scan
E2FF,7,standalone,E2FF,7,E2FF,7,1,0x02,ptr_scan
DCF8,7,standalone,DCF8,7,DCF8,7,1,0x02,ptr_scan
D6FF,7,secondary,C73B,7,C73B,7,1,0x02,ptr_scan
D4EA,7,standalone,D4EA,7,D4EA,7,1,0x02,ptr_scan
F60D,7,standalone,F60D,7,F60D,7,1,0x02,ptr_scan
CDD0,7,standalone,CDD0,7,CDD0,7,1,0x02,ptr_scan
E6F5,7,standalone,E6F5,7,E6F5,7,1,0x02,ptr_scan
E6DD,7,standalone,E6DD,7,E6DD,7,1,0x02,ptr_scan
DCB7,7,standalone,DCB7,7,DCB7,7,1,0x02,ptr_scan
EEB8,7,secondary,EEB4,7,EEB4,7,1,0x02,ptr_scan
CDB8,7,secondary,C004,7,C004,7,1,0x02,ptr_scan
DFB8,7,secondary,D0F5,7,D0F5,7,1,0x02,ptr_scan
F3B8,7,standalone,F3B8,7,F3B8,7,1,0x02,ptr_scan
FABA,7,standalone,FABA,7,FABA,7,1,0x02,ptr_scan
E7B4,7,standalone,E7B4,7,E7B4,7,1,0x02,ptr_scan
DAB4,7,secondary,CD7D,7,CD7D,7,1,0x02,ptr_scan
CDB1,7,secondary,C004,7,C004,7,1,0x02,ptr_scan
D8B1,7,standalone,D8B1,7,D8B1,7,1,0x02,ptr_scan
F9B2,7,standalone,F9B2,7,F9B2,7,1,0x02,ptr_scan
EEB1,7,secondary,EE8D,7,EE8D,7,1,0x02,ptr_scan
E1BC,7,standalone,E1BC,7,E1BC,7,1,0x02,ptr_scan
F8BB,7,standalone,F8BB,7,F8BB,7,1,0x02,ptr_scan
E1BB,7,secondary,D191,7,D191,7,1,0x02,ptr_scan
ECBB,7,secondary,EC91,7,EC91,7,1,0x02,ptr_scan
DFB2,7,secondary,D0F5,7,D0F5,7,1,0x02,ptr_scan
F9BC,7,standalone,F9BC,7,F9A8,7,1,0x02,ptr_scan
D5BD,7,standalone,D5BD,7,D5BD,7,1,0x02,ptr_scan
EDCC,7,standalone,EDCC,7,EDCC,7,1,0x02,ptr_scan
E7CB,7,standalone,E7CB,7,E7CB,7,1,0x02,ptr_scan
F7CC,7,standalone,F7CC,7,F7CC,7,1,0x02,ptr_scan
DF04,7,secondary,D0F5,7,D0F5,7,1,0x02,ptr_scan
E6DF,7,standalone,E6DF,7,E6DF,7,1,0x02,ptr_scan
E8E1,7,standalone,E8E1,7,E8E1,7,1,0x02,ptr_scan
F80E,7,standalone,F80E,7,F80E,7,1,0x02,ptr_scan
E604,7,secondary,E603,7,E603,7,1,0x02,ptr_scan
F4DF,7,standalone,F4DF,7,F4DF,7,1,0x02,ptr_scan
EFD1,7,secondary,EF9B,7,EF9B,7,1,0x02,ptr_scan
DFE0,7,standalone,DFE0,7,DFE0,7,1,0x02,ptr_scan
F7D8,7,standalone,F7D8,7,F7D8,7,1,0x02,ptr_scan
E404,7,standalone,E404,7,E404,7,1,0x02,ptr_scan
FA0E,7,secondary,F9F2,7,F9F2,7,1,0x02,ptr_scan
EEE0,7,secondary,EEB4,7,EEB4,7,1,0x02,ptr_scan
F3E0,7,secondary,F3A9,7,F3A9,7,1,0x02,ptr_scan
D5C5,7,secondary,C5F4,7,C5F4,7,1,0x02,ptr_scan
F3E3,7,secondary,F3A9,7,F3A9,7,1,0x02,ptr_scan
D7C7,7,standalone,D7C7,7,C836,7,1,0x02,ptr_scan
F5E5,7,secondary,F5BD,7,F5BD,7,1,0x02,ptr_scan
E702,7,standalone,E702,7,E702,7,1,0x02,ptr_scan
D9C9,7,secondary,CA16,7,CA16,7,1,0x02,ptr_scan
E5D5,7,standalone,E5D5,7,E5D5,7,1,0x02,ptr_scan
E7D7,7,standalone,E7D7,7,E7D7,7,1,0x02,ptr_scan
CFF7,7,secondary,C004,7,C004,7,2,0x02,ptr_scan
CBB3,7,standalone,CBB3,7,CBB3,7,1,0x02,ptr_scan
DBB7,7,secondary,CD7D,7,CD7D,7,1,0x02,ptr_scan
E9B9,7,standalone,E9B9,7,E9B9,7,1,0x02,ptr_scan
EBBB,7,standalone,EBBB,7,EBBB,7,1,0x02,ptr_scan
E8D0,7,standalone,E8D0,7,E8D0,7,1,0x02,ptr_scan
EF02,7,secondary,EEFC,7,EEFC,7,1,0x02,ptr_scan
EDE1,7,secondary,EDC0,7,EDC0,7,1,0x02,ptr_scan
C3C5,7,standalone,C3C5,7,C3C5,7,1,0x02,ptr_scan
E9D9,7,secondary,E9D2,7,E9D2,7,1,0x02,ptr_scan
F9E9,7,standalone,F9E9,7,F9E9,7,1,0x02,ptr_scan
EBDB,7,secondary,EBAE,7,EBAE,7,1,0x02,ptr_scan
DFC7,7,standalone,DFC7,7,DFC7,7,1,0x02,ptr_scan
EFDF,7,secondary,EF9B,7,EF9B,7,1,0x02,ptr_scan
E102,7,secondary,D0F5,7,D0F5,7,1,0x02,ptr_scan
E302,7,standalone,E302,7,E302,7,1,0x02,ptr_scan
F8E8,7,secondary,F72F,7,F72F,7,1,0x02,ptr_scan
EB42,7,standalone,EB42,7,EB42,7,1,0x02,ptr_scan
CDF3,7,standalone,CDF3,7,CDF3,7,1,0x02,ptr_scan
F542,7,standalone,F542,7,F542,7,1,0x02,ptr_scan
DDD9,7,secondary,D0F5,7,D0F5,7,1,0x02,ptr_scan
E7C3,7,standalone,E7C3,7,E7C3,7,1,0x02,ptr_scan
E942,7,standalone,E942,7,E942,7,1,0x02,ptr_scan
DFD5,7,secondary,D0F5,7,D0F5,7,1,0x02,ptr_scan
F7E3,7,secondary,F7DC,7,F7DC,7,1,0x02,ptr_scan
E3F7,7,standalone,E3F7,7,E3F7,7,1,0x02,ptr_scan
E742,7,standalone,E742,7,E742,7,1,0x02,ptr_scan
FBF9,7,standalone,FBF9,7,FBF9,7,1,0x02,ptr_scan
F9E1,7,secondary,F9A8,7,F9A8,7,1,0x02,ptr_scan
F5E0,7,secondary,F5BD,7,F5BD,7,1,0x02,ptr_scan
EF04,7,secondary,EEFC,7,EEFC,7,1,0x02,ptr_scan
F8EF,7,secondary,F72F,7,F72F,7,1,0x02,ptr_scan
EF03,7,secondary,EEFC,7,EEFC,7,1,0x02,ptr_scan
D3E3,7,secondary,C400,7,C400,7,1,0x02,ptr_scan
E508,7,standalone,E508,7,E508,7,1,0x02,ptr_scan
DD02,7,standalone,DD02,7,DD02,7,1,0x02,ptr_scan
D3C9,7,secondary,C3ED,7,C3ED,7,1,0x02,ptr_scan
D3E7,7,standalone,D3E7,7,D3E7,7,1,0x02,ptr_scan
E808,7,standalone,E808,7,E808,7,1,0x02,ptr_scan
DDF8,7,secondary,D0F5,7,D0F5,7,1,0x02,ptr_scan
DFF8,7,secondary,D0F5,7,D0F5,7,1,0x02,ptr_scan
D3E9,7,standalone,D3E9,7,D3E9,7,1,0x02,ptr_scan
DD8F,7,secondary,CD7D,7,CD7D,7,1,0x02,ptr_scan
EDDD,7,secondary,EDC0,7,EDC0,7,1,0x02,ptr_scan
DF8F,7,secondary,D0F5,7,D0F5,7,1,0x02,ptr_scan
C3B3,7,standalone,C3B3,7,C3B3,7,1,0x02,ptr_scan
D9C5,7,secondary,CA16,7,CA16,7,1,0x02,ptr_scan
CD03,7,standalone,CD03,7,CD03,7,1,0x02,ptr_scan
CF10,7,secondary,C004,7,C004,7,1,0x02,ptr_scan
F1C9,7,standalone,F1C9,7,F1C9,7,1,0x02,ptr_scan
E108,7,secondary,D0F5,7,D0F5,7,1,0x02,ptr_scan
F707,7,secondary,F6C9,7,F6C9,7,1,0x02,ptr_scan
D907,7,secondary,C915,7,C915,7,1,0x02,ptr_scan
F1D5,7,standalone,F1D5,7,F1D5,7,1,0x02,ptr_scan
CD02,7,secondary,C004,7,C004,7,1,0x02,ptr_scan
F8DF,7,standalone,F8DF,7,F8DF,7,1,0x02,ptr_scan
CB42,7,secondary,C004,7,C004,7,1,0x02,ptr_scan
DDCB,7,secondary,CD93,7,CD93,7,1,0x02,ptr_scan
EB02,7,secondary,EAEC,7,EAEC,7,1,0x02,ptr_scan
F943,7,secondary,F72F,7,F72F,7,1,0x02,ptr_scan
ED83,7,standalone,ED83,7,ED83,7,1,0x02,ptr_scan
D7C3,7,standalone,D7C3,7,D7C3,7,1,0x02,ptr_scan
D743,7,secondary,C7D4,7,C7D4,7,1,0x02,ptr_scan
DB43,7,secondary,CD7D,7,CD7D,7,1,0x02,ptr_scan
E5D8,7,secondary,E5D1,7,E5D1,7,6,0x02,ptr_scan
E9D6,7,standalone,E9D6,7,E9D2,7,6,0x03,control|ptr_scan
EFCB,7,secondary,EF9B,7,EF9B,7,9,0x02,ptr_scan
D51C,7,standalone,D51C,7,D51C,7,1,0x02,ptr_scan
D3EB,7,standalone,D3EB,7,D3EB,7,1,0x02,ptr_scan
D28C,7,standalone,D28C,7,D28C,7,2,0x02,ptr_scan
85E1,0,standalone,85E1,0,85E1,0,1,0x20,xbank
85E1,1,standalone,85E1,1,85E1,1,1,0x20,xbank
85E1,2,standalone,85E1,2,85E1,2,1,0x20,xbank
85E1,3,standalone,85E1,3,85E1,3,1,0x20,xbank
85E1,4,standalone,85E1,4,85E1,4,1,0x20,xbank
85E1,5,secondary,8594,5,8594,5,1,0x20,xbank
EF53,7,standalone,EF53,7,EF3D,7,3,0x03,control|ptr_scan
F947,7,standalone,F947,7,F72F,7,2,0x03,control|ptr_scan
D619,7,secondary,C697,7,C697,7,1,0x02,ptr_scan
E553,7,secondary,E544,7,E544,7,1,0x02,ptr_scan
D69F,7,secondary,C73B,7,C73B,7,5,0x02,ptr_scan
D495,7,standalone,D495,7,D495,7,1,0x02,ptr_scan
E48A,7,secondary,E460,7,E460,7,1,0x02,ptr_scan
D49D,7,secondary,C555,7,C555,7,5,0x02,ptr_scan
EAD2,7,standalone,EAD2,7,EAD2,7,1,0x02,ptr_scan
C865,7,standalone,C865,7,C865,7,8,0x02,ptr_scan
D49A,7,standalone,D49A,7,D49A,7,1,0x02,ptr_scan
EE22,7,secondary,EE11,7,EE11,7,1,0x02,ptr_scan
C3CA,7,secondary,C004,7,C004,7,3,0x02,ptr_scan
D3AD,7,secondary,C3ED,7,C3ED,7,3,0x02,ptr_scan
D933,7,secondary,CA16,7,CA16,7,1,0x02,ptr_scan
9FBF,0,standalone,9FBF,0,9FBF,0,3,0x20,xbank
BFBF,0,standalone,BFBF,0,BFBF,0,3,0x20,xbank
9FBF,1,standalone,9FBF,1,9FBF,1,3,0x20,xbank
BFBF,1,standalone,BFBF,1,BFBF,1,3,0x20,xbank
9FBF,2,standalone,9FBF,2,9FBF,2,3,0x20,xbank
BFBF,2,standalone,BFBF,2,BFBF,2,3,0x20,xbank
9FBF,3,standalone,9FBF,3,9FBF,3,3,0x20,xbank
BFBF,3,standalone,BFBF,3,BFBF,3,3,0x20,xbank
9FBF,4,standalone,9FBF,4,9FBF,4,3,0x20,xbank
BFBF,4,secondary,B144,4,B144,4,3,0x20,xbank
9FBF,5,standalone,9FBF,5,9FBF,5,3,0x20,xbank
BFBF,5,secondary,BCC4,5,BCC4,5,3,0x20,xbank
9FBF,6,standalone,9FBF,6,9FBF,6,3,0x20,xbank
BFBF,6,standalone,BFBF,6,BFBF,6,3,0x20,xbank
E9EE,7,secondary,E9EA,7,E9EA,7,1,0x02,ptr_scan
D669,7,standalone,D669,7,D669,7,1,0x02,ptr_scan
F439,7,standalone,F439,7,F439,7,2,0x02,ptr_scan
EAB9,7,standalone,EAB9,7,EAB9,7,1,0x02,ptr_scan
EAA2,7,secondary,EA89,7,EA89,7,1,0x02,ptr_scan
FE77,7,standalone,FE77,7,FE77,7,1,0x02,ptr_scan
C4D6,7,standalone,C4D6,7,C4D6,7,1,0x02,ptr_scan
FB60,7,secondary,F72F,7,F72F,7,1,0x02,ptr_scan
801B,0,standalone,801B,0,801B,0,1,0x20,xbank
801B,1,standalone,801B,1,801B,1,1,0x20,xbank
801B,2,standalone,801B,2,801B,2,1,0x20,xbank
801B,4,standalone,801B,4,801B,4,1,0x20,xbank
801B,5,standalone,801B,5,801B,5,1,0x20,xbank
801B,6,standalone,801B,6,801B,6,1,0x20,xbank
D6A3,7,secondary,C73B,7,C73B,7,3,0x02,ptr_scan
D4A1,7,secondary,C555,7,C555,7,2,0x02,ptr_scan
BF20,0,standalone,BF20,0,BF20,0,1,0x20,xbank
BF20,1,standalone,BF20,1,BF20,1,1,0x20,xbank
BF20,2,standalone,BF20,2,BF20,2,1,0x20,xbank
BF20,3,standalone,BF20,3,BF20,3,1,0x20,xbank
BF20,5,secondary,BCC4,5,BCC4,5,1,0x20,xbank
BF20,6,standalone,BF20,6,BF20,6,1,0x20,xbank
C86E,7,secondary,C004,7,C004,7,2,0x02,ptr_scan
C866,7,secondary,C004,7,C004,7,3,0x02,ptr_scan
8015,0,standalone,8015,0,8015,0,2,0x20,xbank
8015,1,standalone,8015,1,8015,1,2,0x20,xbank
8015,2,secondary,8012,2,8012,2,2,0x20,xbank
8015,4,standalone,8015,4,8015,4,2,0x20,xbank
8015,5,standalone,8015,5,8015,5,2,0x20,xbank
8018,0,standalone,8018,0,8018,0,1,0x20,xbank
8018,1,standalone,8018,1,8018,1,1,0x20,xbank
8018,2,standalone,8018,2,8018,2,1,0x20,xbank
8018,4,standalone,8018,4,8018,4,1,0x20,xbank
8018,5,standalone,8018,5,8018,5,1,0x20,xbank
8018,6,standalone,8018,6,8018,6,1,0x20,xbank
E7F6,7,standalone,E7F6,7,E7F6,7,1,0x02,ptr_scan
EF86,7,secondary,EF6C,7,EF6C,7,1,0x02,ptr_scan
D50B,7,secondary,C555,7,C555,7,1,0x02,ptr_scan
EE8F,7,secondary,EE8D,7,EE8D,7,1,0x02,ptr_scan
EE57,7,standalone,EE57,7,EE57,7,2,0x02,ptr_scan
F6AC,7,secondary,F661,7,F661,7,1,0x02,ptr_scan
D68B,7,standalone,D68B,7,D68B,7,1,0x02,ptr_scan
D3F9,7,secondary,C496,7,C496,7,1,0x02,ptr_scan
E062,7,secondary,D0F5,7,D0F5,7,1,0x02,ptr_scan
D892,7,secondary,C915,7,C915,7,1,0x02,ptr_scan
D68D,7,standalone,D68D,7,D68D,7,1,0x02,ptr_scan
DB1D,7,secondary,CD7D,7,CD7D,7,1,0x02,ptr_scan
8241,6,standalone,8241,6,8241,6,3,0x24,table_run|xbank
8234,6,standalone,8234,6,8234,6,1,0x20,xbank
9CCD,1,standalone,9CCD,1,9CCD,1,1,0x04,table_run
8F89,2,standalone,8F89,2,8F89,2,1,0x04,table_run
9690,2,standalone,9690,2,9690,2,1,0x04,table_run
9791,2,standalone,9791,2,9791,2,1,0x04,table_run
9892,2,standalone,9892,2,9892,2,1,0x04,table_run
93CD,3,standalone,93CD,3,93CD,3,1,0x04,table_run
A8A8,3,standalone,A8A8,3,A8A8,3,1,0x04,table_run
A9A8,3,standalone,A9A8,3,A9A8,3,1,0x04,table_run
A9A9,3,standalone,A9A9,3,A9A9,3,1,0x04,table_run
8886,3,standalone,8886,3,8886,3,1,0x04,table_run
B38E,3,standalone,B38E,3,B38E,3,1,0x04,table_run
A901,3,standalone,A901,3,A901,3,1,0x04,table_run
8D07,3,standalone,8D07,3,8D07,3,1,0x04,table_run
87DB,4,standalone,87DB,4,87DB,4,1,0x04,table_run
87F3,4,standalone,87F3,4,87F3,4,1,0x04,table_run
880B,4,standalone,880B,4,880B,4,1,0x04,table_run
8823,4,standalone,8823,4,8823,4,1,0x04,table_run
883B,4,standalone,883B,4,883B,4,1,0x04,table_run
8853,4,standalone,8853,4,8853,4,1,0x04,table_run
886B,4,standalone,886B,4,886B,4,1,0x04,table_run
8883,4,standalone,8883,4,8883,4,1,0x04,table_run
889B,4,standalone,889B,4,889B,4,1,0x04,table_run
88B3,4,standalone,88B3,4,88B3,4,1,0x04,table_run
88CB,4,standalone,88CB,4,88CB,4,1,0x04,table_run
88E3,4,standalone,88E3,4,88E3,4,1,0x04,table_run
88FB,4,standalone,88FB,4,88FB,4,1,0x04,table_run
8913,4,standalone,8913,4,8913,4,1,0x04,table_run
892B,4,standalone,892B,4,892B,4,1,0x04,table_run
8943,4,standalone,8943,4,8943,4,1,0x04,table_run
895B,4,standalone,895B,4,895B,4,1,0x04,table_run
8973,4,standalone,8973,4,8973,4,1,0x04,table_run
898B,4,standalone,898B,4,898B,4,1,0x04,table_run
89A3,4,standalone,89A3,4,89A3,4,1,0x04,table_run
89BB,4,standalone,89BB,4,89BB,4,1,0x04,table_run
89D3,4,standalone,89D3,4,89D3,4,1,0x04,table_run
8A3E,4,standalone,8A3E,4,8A3E,4,1,0x04,table_run
8AB7,4,standalone,8AB7,4,8AB7,4,1,0x04,table_run
8B11,4,standalone,8B11,4,8B11,4,1,0x04,table_run
8B4D,4,standalone,8B4D,4,8B4D,4,1,0x04,table_run
8B65,4,standalone,8B65,4,8B65,4,1,0x04,table_run
8B7D,4,standalone,8B7D,4,8B7D,4,1,0x04,table_run
8BE8,4,standalone,8BE8,4,8BE8,4,1,0x04,table_run
8C53,4,standalone,8C53,4,8C53,4,1,0x04,table_run
8CEB,4,standalone,8CEB,4,8CEB,4,1,0x04,table_run
8D03,4,standalone,8D03,4,8D03,4,1,0x04,table_run
8D1B,4,standalone,8D1B,4,8D1B,4,1,0x04,table_run
8D33,4,standalone,8D33,4,8D33,4,1,0x04,table_run
8D4B,4,standalone,8D4B,4,8D4B,4,1,0x04,table_run
8D63,4,standalone,8D63,4,8D63,4,1,0x04,table_run
8D7B,4,standalone,8D7B,4,8D7B,4,1,0x04,table_run
8DAB,4,standalone,8DAB,4,8DAB,4,1,0x04,table_run
8DC3,4,standalone,8DC3,4,8DC3,4,1,0x04,table_run
8DE4,4,standalone,8DE4,4,8DE4,4,1,0x04,table_run
8E57,4,standalone,8E57,4,8E57,4,1,0x04,table_run
8E6F,4,standalone,8E6F,4,8E6F,4,1,0x04,table_run
8E8A,4,standalone,8E8A,4,8E8A,4,1,0x04,table_run
8EA2,4,standalone,8EA2,4,8EA2,4,1,0x04,table_run
8EBA,4,standalone,8EBA,4,8EBA,4,1,0x04,table_run
8ED2,4,standalone,8ED2,4,8ED2,4,1,0x04,table_run
8EEA,4,standalone,8EEA,4,8EEA,4,1,0x04,table_run
805A,4,standalone,805A,4,805A,4,1,0x04,table_run
8F02,4,standalone,8F02,4,8F02,4,1,0x04,table_run
8F1A,4,standalone,8F1A,4,8F1A,4,1,0x04,table_run
8F32,4,standalone,8F32,4,8F32,4,1,0x04,table_run
8F4A,4,standalone,8F4A,4,8F4A,4,1,0x04,table_run
8F62,4,standalone,8F62,4,8F62,4,1,0x04,table_run
8F96,4,standalone,8F96,4,8F96,4,1,0x04,table_run
8FCA,4,standalone,8FCA,4,8FCA,4,1,0x04,table_run
9045,4,standalone,9045,4,9045,4,1,0x04,table_run
905D,4,standalone,905D,4,905D,4,1,0x04,table_run
9097,4,standalone,9097,4,9097,4,1,0x04,table_run
90FB,4,standalone,90FB,4,90FB,4,1,0x04,table_run
9113,4,standalone,9113,4,9113,4,1,0x04,table_run
912B,4,standalone,912B,4,912B,4,1,0x04,table_run
9143,4,standalone,9143,4,9143,4,1,0x04,table_run
915B,4,standalone,915B,4,915B,4,1,0x04,table_run
9176,4,standalone,9176,4,9176,4,1,0x04,table_run
9191,4,standalone,9191,4,9191,4,1,0x04,table_run
9226,4,standalone,9226,4,9226,4,1,0x04,table_run
92E3,4,standalone,92E3,4,92E3,4,1,0x04,table_run
9307,4,standalone,9307,4,9307,4,1,0x04,table_run
9322,4,standalone,9322,4,9322,4,1,0x04,table_run
937F,4,standalone,937F,4,937F,4,1,0x04,table_run
939A,4,standalone,939A,4,939A,4,1,0x04,table_run
9436,4,standalone,9436,4,9436,4,1,0x04,table_run
9451,4,standalone,9451,4,9451,4,1,0x04,table_run
946C,4,standalone,946C,4,946C,4,1,0x04,table_run
9487,4,standalone,9487,4,9487,4,1,0x04,table_run
8161,4,standalone,8161,4,8161,4,1,0x04,table_run
949F,4,standalone,949F,4,949F,4,1,0x04,table_run
8171,4,standalone,8171,4,8171,4,1,0x04,table_run
81A9,4,standalone,81A9,4,81A9,4,1,0x04,table_run
81C2,4,standalone,81C2,4,81C2,4,1,0x04,table_run
81CF,4,standalone,81CF,4,81CF,4,1,0x04,table_run
81D8,4,standalone,81D8,4,81D8,4,1,0x04,table_run
81F3,4,standalone,81F3,4,81F3,4,1,0x04,table_run
81FF,4,standalone,81FF,4,81FF,4,1,0x04,table_run
8568,4,standalone,8568,4,8568,4,1,0x04,table_run
8267,4,standalone,8267,4,8267,4,1,0x04,table_run
8272,4,standalone,8272,4,8272,4,1,0x04,table_run
827D,4,standalone,827D,4,827D,4,1,0x04,table_run
8288,4,standalone,8288,4,8288,4,1,0x04,table_run
8293,4,standalone,8293,4,8293,4,1,0x04,table_run
829B,4,standalone,829B,4,829B,4,1,0x04,table_run
82CB,4,standalone,82CB,4,82CB,4,1,0x04,table_run
8329,4,standalone,8329,4,8329,4,1,0x04,table_run
8333,4,standalone,8333,4,8333,4,1,0x04,table_run
8352,4,standalone,8352,4,8352,4,1,0x04,table_run
8371,4,standalone,8371,4,8371,4,2,0x04,table_run
83AF,4,standalone,83AF,4,83AF,4,1,0x04,table_run
8385,4,standalone,8385,4,8385,4,1,0x04,table_run
84F8,4,standalone,84F8,4,84F8,4,1,0x04,table_run
839A,4,standalone,839A,4,839A,4,1,0x04,table_run
83D9,4,standalone,83D9,4,83D9,4,1,0x04,table_run
83F4,4,standalone,83F4,4,83F4,4,1,0x04,table_run
840F,4,standalone,840F,4,840F,4,1,0x04,table_run
8402,4,standalone,8402,4,8402,4,1,0x04,table_run
8425,4,standalone,8425,4,8425,4,1,0x04,table_run
8571,4,secondary,856F,4,856F,4,1,0x04,table_run
84CC,4,standalone,84CC,4,84CC,4,1,0x04,table_run
854D,4,standalone,854D,4,854D,4,1,0x04,table_run
82E2,4,standalone,82E2,4,82E2,4,1,0x04,table_run
8311,4,standalone,8311,4,8311,4,1,0x04,table_run
9812,4,standalone,9812,4,9812,4,1,0x04,table_run
9815,4,standalone,9815,4,9815,4,1,0x04,table_run
9818,4,standalone,9818,4,9818,4,1,0x04,table_run
981B,4,standalone,981B,4,981B,4,1,0x04,table_run
981E,4,standalone,981E,4,981E,4,1,0x04,table_run
8518,4,standalone,8518,4,8518,4,1,0x04,table_run
8541,4,secondary,8524,4,8524,4,1,0x04,table_run
8542,4,standalone,8542,4,8542,4,1,0x04,table_run
9600,4,standalone,9600,4,9600,4,1,0x04,table_run
96FE,4,standalone,96FE,4,96FE,4,1,0x04,table_run
B51C,4,secondary,B0C6,4,B0C6,4,1,0x04,table_run
BD96,4,secondary,B0C6,4,B0C6,4,1,0x04,table_run
925F,4,standalone,925F,4,925F,4,1,0x04,table_run
919D,4,standalone,919D,4,919D,4,1,0x04,table_run
BD04,4,secondary,B0C6,4,B0C6,4,1,0x04,table_run
927C,4,standalone,927C,4,927C,4,1,0x04,table_run
93CD,4,standalone,93CD,4,93CD,4,1,0x04,table_run
8460,4,standalone,8460,4,8460,4,1,0x04,table_run
8534,4,standalone,8534,4,8534,4,1,0x04,table_run
8533,4,secondary,8524,4,8524,4,1,0x04,table_run
A924,4,secondary,A909,4,A909,4,1,0x04,table_run
8206,5,secondary,81A4,5,81A4,5,1,0x04,table_run
8282,5,secondary,81A4,5,81A4,5,1,0x04,table_run
83DE,5,standalone,83DE,5,83DE,5,1,0x04,table_run
A800,5,secondary,A7FD,5,A7FD,5,1,0x04,table_run
B885,5,secondary,B843,5,B843,5,1,0x04,table_run
9D8B,5,secondary,9483,5,9483,5,1,0x04,table_run
A68B,5,secondary,A67F,5,A67F,5,1,0x04,table_run
B48B,5,standalone,B48B,5,B48B,5,1,0x04,table_run
B788,5,secondary,B212,5,B212,5,1,0x04,table_run
BD88,5,secondary,BCC4,5,BCC4,5,1,0x04,table_run
948B,5,secondary,9483,5,9483,5,1,0x04,table_run
AF8B,5,standalone,AF8B,5,AF74,5,1,0x04,table_run
988B,5,secondary,9851,5,9851,5,1,0x04,table_run
958C,5,standalone,958C,5,958C,5,1,0x04,table_run
9E8C,5,standalone,9E8C,5,9483,5,1,0x04,table_run
A78C,5,standalone,A78C,5,A78C,5,1,0x04,table_run
B08C,5,secondary,B05B,5,B05B,5,1,0x04,table_run
8890,5,secondary,8594,5,8594,5,1,0x04,table_run
8914,5,secondary,8594,5,8594,5,1,0x04,table_run
890E,5,secondary,8594,5,8594,5,1,0x04,table_run
8905,5,secondary,8594,5,8594,5,1,0x04,table_run
9688,5,standalone,9688,5,85B9,5,1,0x04,table_run
9F88,5,standalone,9F88,5,9F88,5,1,0x04,table_run
A588,5,secondary,9483,5,9483,5,1,0x04,table_run
AB88,5,secondary,AB7B,5,AB7B,5,1,0x04,table_run
AE88,5,secondary,AE53,5,AE53,5,1,0x04,table_run
988D,5,secondary,9851,5,9851,5,1,0x04,table_run
A78D,5,secondary,99A0,5,99A0,5,1,0x04,table_run
AE8D,5,secondary,AE53,5,AE53,5,1,0x04,table_run
BD8D,5,secondary,BCC4,5,BCC4,5,1,0x04,table_run
9C5A,5,standalone,9C5A,5,9C5A,5,1,0x04,table_run
9C62,5,secondary,9483,5,9483,5,1,0x04,table_run
9C93,5,secondary,9483,5,9483,5,1,0x04,table_run
9CF1,5,standalone,9CF1,5,9CF1,5,1,0x04,table_run
9CBB,5,secondary,9483,5,9483,5,1,0x04,table_run
9CF6,5,secondary,9483,5,9483,5,1,0x04,table_run
9D35,5,secondary,9483,5,9483,5,1,0x04,table_run
9D7A,5,secondary,9483,5,9483,5,1,0x04,table_run
9E15,5,secondary,9483,5,9483,5,1,0x04,table_run
9E98,5,secondary,9483,5,9483,5,1,0x04,table_run
9ED4,5,secondary,9483,5,9483,5,1,0x04,table_run
9EF4,5,secondary,9483,5,9483,5,1,0x04,table_run
9F01,5,secondary,9483,5,9483,5,1,0x04,table_run
9F38,5,secondary,9483,5,9483,5,1,0x04,table_run
9F4D,5,secondary,9483,5,9483,5,1,0x04,table_run
9F73,5,secondary,9483,5,9483,5,1,0x04,table_run
9F7D,5,secondary,9483,5,9483,5,1,0x04,table_run
9F87,5,secondary,9483,5,9483,5,1,0x04,table_run
A007,5,secondary,9483,5,9483,5,1,0x04,table_run
A02C,5,standalone,A02C,5,9483,5,1,0x04,table_run
A05C,5,secondary,9483,5,9483,5,1,0x04,table_run
A0A1,5,secondary,9483,5,9483,5,1,0x04,table_run
A0F3,5,secondary,9483,5,9483,5,1,0x04,table_run
A15C,5,secondary,9483,5,9483,5,1,0x04,table_run
A188,5,secondary,9483,5,9483,5,1,0x04,table_run
A208,5,secondary,9483,5,9483,5,1,0x04,table_run
A28D,5,secondary,9483,5,9483,5,1,0x04,table_run
A2CC,5,secondary,9483,5,9483,5,1,0x04,table_run
A313,5,secondary,9483,5,9483,5,1,0x04,table_run
A328,5,standalone,A328,5,9483,5,1,0x04,table_run
A38D,5,secondary,9483,5,9483,5,1,0x04,table_run
A392,5,secondary,9483,5,9483,5,1,0x04,table_run
A3A8,5,secondary,9483,5,9483,5,1,0x04,table_run
A3FB,5,secondary,9483,5,9483,5,1,0x04,table_run
A403,5,secondary,9483,5,9483,5,1,0x04,table_run
A408,5,secondary,9483,5,9483,5,1,0x04,table_run
A4C8,5,secondary,9483,5,9483,5,1,0x04,table_run
A5E4,5,secondary,9483,5,9483,5,1,0x04,table_run
A6A0,5,secondary,99A0,5,99A0,5,1,0x04,table_run
A733,5,secondary,99A0,5,99A0,5,1,0x04,table_run
A85B,5,secondary,99A0,5,99A0,5,1,0x04,table_run
A873,5,secondary,99A0,5,99A0,5,1,0x04,table_run
A8F6,5,secondary,99A0,5,99A0,5,1,0x04,table_run
A90A,5,secondary,99A0,5,99A0,5,1,0x04,table_run
9C92,5,secondary,9483,5,9483,5,1,0x04,table_run
A9C2,5,secondary,99A0,5,99A0,5,1,0x04,table_run
AA02,5,secondary,99A0,5,99A0,5,1,0x04,table_run
AA19,5,secondary,99A0,5,99A0,5,1,0x04,table_run
AA52,5,secondary,99A0,5,99A0,5,1,0x04,table_run
AABD,5,secondary,99A0,5,99A0,5,1,0x04,table_run
ABD3,5,standalone,ABD3,5,ABD3,5,1,0x04,table_run
AC59,5,standalone,AC59,5,AC59,5,1,0x04,table_run
AD04,5,standalone,AD04,5,AD04,5,1,0x04,table_run
AD59,5,standalone,AD59,5,AD59,5,1,0x04,table_run
AE05,5,standalone,AE05,5,AE05,5,1,0x04,table_run
AFD3,5,standalone,AFD3,5,AFD3,5,1,0x04,table_run
AFF7,5,secondary,AFF1,5,AFF1,5,1,0x04,table_run
9014,5,secondary,8FC2,5,8FC2,5,1,0x04,table_run
9673,5,secondary,85B9,5,85B9,5,1,0x04,table_run
9681,5,secondary,85B9,5,85B9,5,1,0x04,table_run
96A6,5,standalone,96A6,5,8629,5,1,0x04,table_run
96C0,5,secondary,8629,5,8629,5,1,0x04,table_run
96EA,5,secondary,8629,5,8629,5,1,0x04,table_run
9708,5,secondary,8629,5,8629,5,1,0x04,table_run
9764,5,secondary,9483,5,9483,5,1,0x04,table_run
AFF8,5,standalone,AFF8,5,AFF1,5,1,0x04,table_run
B0A9,5,standalone,B0A9,5,B0A9,5,1,0x04,table_run
B188,5,standalone,B188,5,B188,5,1,0x04,table_run
B362,5,secondary,B212,5,B212,5,1,0x04,table_run
B4A0,5,standalone,B4A0,5,B489,5,1,0x04,table_run
B659,5,secondary,B212,5,B212,5,1,0x04,table_run
B892,5,secondary,B212,5,B212,5,1,0x04,table_run
BA48,5,standalone,BA48,5,B212,5,2,0x05,control|table_run
BBDB,5,standalone,BBDB,5,BBDB,5,1,0x04,table_run
BD2E,5,secondary,BCC4,5,BCC4,5,1,0x04,table_run
BE2C,5,standalone,BE2C,5,BE2C,5,1,0x04,table_run
BEC8,5,standalone,BEC8,5,BCC4,5,1,0x04,table_run
BFC9,5,standalone,BFC9,5,BCC4,5,1,0x04,table_run
93E5,5,standalone,93E5,5,93E5,5,1,0x04,table_run
93F2,5,secondary,8594,5,8594,5,1,0x04,table_run
93FF,5,secondary,8594,5,8594,5,1,0x04,table_run
93B1,5,secondary,8594,5,8594,5,1,0x04,table_run
9432,5,secondary,8594,5,8594,5,1,0x04,table_run
9475,5,secondary,8594,5,8594,5,1,0x04,table_run
93C5,5,standalone,93C5,5,93C5,5,1,0x04,table_run
93D9,5,standalone,93D9,5,93D9,5,1,0x04,table_run
9540,5,secondary,8594,5,8594,5,1,0x04,table_run
954F,5,secondary,8594,5,8594,5,1,0x04,table_run
9578,5,secondary,8594,5,8594,5,1,0x04,table_run
A28E,5,standalone,A28E,5,A28E,5,1,0x04,table_run
87B6,5,standalone,87B6,5,87B6,5,1,0x04,table_run
8787,5,standalone,8787,5,8787,5,1,0x04,table_run
8785,5,standalone,8785,5,8785,5,1,0x04,table_run
9514,5,secondary,94EA,5,94EA,5,1,0x04,table_run
9090,5,standalone,9090,5,9090,5,1,0x04,table_run
9095,5,secondary,9083,5,9083,5,1,0x04,table_run
9695,5,standalone,9695,5,9695,5,1,0x04,table_run
9990,5,standalone,9990,5,9990,5,1,0x04,table_run
9999,5,standalone,9999,5,9999,5,1,0x04,table_run
9700,5,secondary,8629,5,8629,5,1,0x04,table_run
B7A7,5,standalone,B7A7,5,B7A7,5,1,0x04,table_run
9500,5,secondary,94EA,5,94EA,5,1,0x04,table_run
B5A5,5,standalone,B5A5,5,B5A5,5,1,0x04,table_run
B0B5,5,secondary,B0AD,5,B0AD,5,1,0x04,table_run
B099,5,standalone,B099,5,B099,5,4,0x05,control|table_run
A900,5,secondary,99A0,5,99A0,5,1,0x04,table_run
A560,5,secondary,9483,5,9483,5,1,0x04,table_run
8535,5,secondary,8525,5,8525,5,1,0x04,table_run
A533,5,standalone,A533,5,A533,5,1,0x04,table_run
8527,5,standalone,8527,5,8527,5,1,0x04,table_run
A523,5,secondary,A520,5,A520,5,1,0x04,table_run
8528,5,secondary,8525,5,8525,5,1,0x04,table_run
A524,5,standalone,A524,5,A51C,5,1,0x04,table_run
9F29,5,secondary,9483,5,9483,5,1,0x04,table_run
9948,5,standalone,9948,5,9948,5,1,0x04,table_run
A8F0,5,secondary,A8AB,5,A8AB,5,1,0x04,table_run
A960,5,secondary,99A0,5,99A0,5,1,0x04,table_run
9DFF,5,standalone,9DFF,5,9DFF,5,1,0x04,table_run
A04C,5,standalone,A04C,5,A04C,5,1,0x04,table_run
A998,5,secondary,A98F,5,A98F,5,1,0x04,table_run
9D80,5,secondary,9483,5,9483,5,1,0x04,table_run
A13C,5,standalone,A13C,5,A139,5,2,0x05,control|table_run
A1A1,5,standalone,A1A1,5,A1A1,5,1,0x04,table_run
BDA1,5,standalone,BDA1,5,BDA1,5,1,0x04,table_run
A44C,5,standalone,A44C,5,A44C,5,1,0x04,table_run
A99A,5,secondary,99A0,5,99A0,5,1,0x04,table_run
BC04,5,secondary,B212,5,B212,5,1,0x04,table_run
91AC,5,secondary,91A0,5,91A0,5,1,0x04,table_run
B904,5,secondary,B902,5,B902,5,1,0x04,table_run
A4E8,5,secondary,9483,5,9483,5,1,0x04,table_run
9653,5,secondary,9639,5,9639,5,1,0x04,table_run
A740,5,secondary,99A0,5,99A0,5,1,0x04,table_run
A7A7,5,secondary,99A0,5,99A0,5,1,0x04,table_run
A5A8,5,secondary,9483,5,9483,5,1,0x04,table_run
9949,5,standalone,9949,5,9949,5,1,0x04,table_run
A9BD,5,secondary,99A0,5,99A0,5,1,0x04,table_run
A9A9,5,secondary,99A0,5,99A0,5,1,0x04,table_run
8E29,5,standalone,8E29,5,8E29,5,1,0x04,table_run
8209,5,standalone,8209,5,8209,5,1,0x04,table_run
994A,5,secondary,993A,5,993A,5,1,0x04,table_run
B1AC,5,standalone,B1AC,5,B1AC,5,1,0x04,table_run
B905,5,standalone,B905,5,B8A0,5,1,0x04,table_run
AD86,5,secondary,AD85,5,AD85,5,1,0x04,table_run
AE6B,5,standalone,AE6B,5,AE6B,5,1,0x04,table_run
AFAF,5,standalone,AFAF,5,AFAF,5,1,0x04,table_run
AEAF,5,standalone,AEAF,5,AEA7,5,1,0x04,table_run
98FA,5,standalone,98FA,5,98CE,5,21,0x05,control|table_run
B00B,5,standalone,B00B,5,B00B,5,1,0x04,table_run
B4D0,5,standalone,B4D0,5,B212,5,5,0x05,control|table_run
B4E5,5,secondary,B212,5,B212,5,1,0x04,table_run
A934,5,secondary,99A0,5,99A0,5,1,0x04,table_run
8562,5,secondary,8525,5,8525,5,1,0x04,table_run
AD01,5,standalone,AD01,5,AD01,5,1,0x04,table_run
A2B9,5,standalone,A2B9,5,A2B9,5,1,0x04,table_run
85B8,5,standalone,85B8,5,85B8,5,1,0x04,table_run
B923,5,standalone,B923,5,B923,5,1,0x04,table_run
B8A6,5,secondary,B8A0,5,B8A0,5,1,0x04,table_run
9B85,5,standalone,9B85,5,9B85,5,1,0x04,table_run
BAEC,5,standalone,BAEC,5,BAEC,5,1,0x04,table_run
BABA,5,standalone,BABA,5,BABA,5,1,0x04,table_run
ADBA,5,standalone,ADBA,5,ADBA,5,1,0x04,table_run
9282,5,secondary,927D,5,927D,5,1,0x04,table_run
9989,5,secondary,9974,5,9974,5,1,0x04,table_run
9383,5,standalone,9383,5,9383,5,1,0x04,table_run
9A8A,5,standalone,9A8A,5,9A8A,5,1,0x04,table_run
9484,5,secondary,8594,5,8594,5,1,0x04,table_run
9686,5,secondary,85B9,5,85B9,5,1,0x04,table_run
9D8D,5,secondary,9483,5,9483,5,1,0x04,table_run
9787,5,secondary,9483,5,9483,5,1,0x04,table_run
9E8E,5,standalone,9E8E,5,9E8E,5,1,0x04,table_run
B2A5,5,secondary,B250,5,B250,5,1,0x04,table_run
B405,5,standalone,B405,5,B405,5,1,0x04,table_run
BC05,5,standalone,BC05,5,BC05,5,1,0x04,table_run
BD5D,5,secondary,BCC4,5,BCC4,5,1,0x04,table_run
BDBD,5,standalone,BDBD,5,BDBD,5,1,0x04,table_run
ADBD,5,standalone,ADBD,5,ADBD,5,1,0x04,table_run
BDAA,5,standalone,BDAA,5,BDAA,5,1,0x04,table_run
BE28,5,secondary,BCC4,5,BCC4,5,1,0x04,table_run
BD00,5,secondary,BCC4,5,BCC4,5,1,0x04,table_run
BE2A,5,secondary,BCC4,5,BCC4,5,1,0x04,table_run
853A,5,standalone,853A,5,853A,5,1,0x04,table_run
8561,5,secondary,8525,5,8525,5,1,0x04,table_run
A953,5,secondary,99A0,5,99A0,5,1,0x04,table_run
852A,5,secondary,8525,5,8525,5,1,0x04,table_run
A024,5,secondary,A020,5,A020,5,1,0x04,table_run
B100,5,secondary,B0F1,5,B0F1,5,1,0x04,table_run
AA23,5,secondary,99A0,5,99A0,5,1,0x04,table_run
AFA9,5,standalone,AFA9,5,AFA9,5,1,0x04,table_run
9971,5,standalone,9971,5,9971,5,1,0x04,table_run
8F4F,5,secondary,8F29,5,8F29,5,1,0x04,table_run
AF44,5,secondary,AF39,5,AF39,5,1,0x04,table_run
B8BA,5,secondary,B8A0,5,B8A0,5,1,0x04,table_run
AAA8,5,secondary,99A0,5,99A0,5,1,0x04,table_run
AAAA,5,secondary,99A0,5,99A0,5,1,0x04,table_run
B8AA,5,secondary,B8A0,5,B8A0,5,1,0x04,table_run
B4B0,5,standalone,B4B0,5,B4B0,5,1,0x04,table_run
AF4B,5,standalone,AF4B,5,AF4B,5,1,0x04,table_run
AB8A,5,secondary,AB7B,5,AB7B,5,1,0x04,table_run
AA8A,5,secondary,99A0,5,99A0,5,1,0x04,table_run
A470,5,secondary,A457,5,A457,5,1,0x04,table_run
B745,5,standalone,B745,5,B745,5,1,0x04,table_run
AB4A,5,secondary,AB36,5,AB36,5,1,0x04,table_run
BA8F,5,secondary,B212,5,B212,5,1,0x04,table_run
AA88,5,standalone,AA88,5,AA88,5,1,0x04,table_run
A510,5,secondary,A4F8,5,A4F8,5,1,0x04,table_run
850D,5,standalone,850D,5,850D,5,1,0x04,table_run
9D10,5,standalone,9D10,5,9D10,5,1,0x04,table_run
93CD,5,standalone,93CD,5,93CD,5,1,0x04,table_run
9CCD,5,standalone,9CCD,5,9CCD,5,1,0x04,table_run
ACCE,5,standalone,ACCE,5,ACCE,5,1,0x04,table_run
AA03,5,standalone,AA03,5,AA03,5,1,0x04,table_run
98BD,5,standalone,98BD,5,98BD,5,1,0x04,table_run
A6CE,5,standalone,A6CE,5,A6CE,5,1,0x04,table_run
9D0E,5,standalone,9D0E,5,9483,5,1,0x04,table_run
9488,5,secondary,9483,5,9483,5,1,0x04,table_run
A515,5,secondary,A4F8,5,A4F8,5,1,0x04,table_run
A50B,5,secondary,A4F8,5,A4F8,5,1,0x04,table_run
AA00,5,standalone,AA00,5,AA00,5,1,0x04,table_run
A937,5,secondary,99A0,5,99A0,5,1,0x04,table_run
850E,5,standalone,850E,5,850E,5,1,0x04,table_run
A938,5,standalone,A938,5,A938,5,1,0x04,table_run
A00F,5,standalone,A00F,5,A00F,5,1,0x04,table_run
9918,5,secondary,9912,5,9912,5,1,0x04,table_run
A955,5,secondary,99A0,5,99A0,5,1,0x04,table_run
A956,5,secondary,A951,5,A951,5,1,0x04,table_run
85E0,5,standalone,85E0,5,85E0,5,1,0x04,table_run
A958,5,secondary,A951,5,A951,5,1,0x04,table_run
A968,5,secondary,99A0,5,99A0,5,1,0x04,table_run
8510,5,standalone,8510,5,8510,5,1,0x04,table_run
A969,5,secondary,99A0,5,99A0,5,1,0x04,table_run
85A7,5,secondary,8594,5,8594,5,1,0x04,table_run
A96A,5,standalone,A96A,5,A96A,5,1,0x04,table_run
A96B,5,standalone,A96B,5,A96B,5,1,0x04,table_run
85A8,5,secondary,8594,5,8594,5,1,0x04,table_run
A96C,5,secondary,99A0,5,99A0,5,1,0x04,table_run
8596,5,secondary,8594,5,8594,5,1,0x04,table_run
A96D,5,standalone,A96D,5,A96D,5,1,0x04,table_run
8558,5,standalone,8558,5,8558,5,1,0x04,table_run
A555,5,standalone,A555,5,A555,5,1,0x04,table_run
8559,5,secondary,8525,5,8525,5,1,0x04,table_run
853C,5,standalone,853C,5,853C,5,1,0x04,table_run
A53E,5,standalone,A53E,5,A53E,5,1,0x04,table_run
853D,5,secondary,8525,5,8525,5,1,0x04,table_run
A53F,5,secondary,A539,5,A539,5,1,0x04,table_run
A2FF,5,secondary,9483,5,9483,5,1,0x04,table_run
9A81,5,secondary,9A4C,5,9A4C,5,1,0x04,table_run
81AC,5,standalone,81AC,5,81AC,5,1,0x04,table_run
A501,5,secondary,A4F8,5,A4F8,5,1,0x04,table_run
A620,5,secondary,9483,5,9483,5,1,0x04,table_run
9AFF,5,secondary,9AD3,5,9AD3,5,1,0x04,table_run
8D56,5,standalone,8D56,5,8D56,5,1,0x04,table_run
A659,5,secondary,99A0,5,99A0,5,1,0x04,table_run
A840,5,secondary,99A0,5,99A0,5,1,0x04,table_run
A8A8,5,standalone,A8A8,5,A8A8,5,1,0x04,table_run
A002,5,secondary,9483,5,9483,5,1,0x04,table_run
AA6D,5,secondary,99A0,5,99A0,5,1,0x04,table_run
B48E,5,standalone,B48E,5,B48E,5,1,0x04,table_run
97AE,5,secondary,97A8,5,97A8,5,1,0x04,table_run
97C7,5,secondary,97C0,5,97C0,5,1,0x04,table_run
8200,5,secondary,81A4,5,81A4,5,1,0x04,table_run
8E00,5,secondary,8594,5,8594,5,1,0x04,table_run
9800,5,secondary,97E1,5,97E1,5,1,0x04,table_run
A200,5,secondary,9483,5,9483,5,1,0x04,table_run
B400,5,standalone,B400,5,B400,5,1,0x04,table_run
BC00,5,standalone,BC00,5,BC00,5,1,0x04,table_run
80EA,5,standalone,80EA,5,80EA,5,1,0x04,table_run
80E9,5,secondary,80BB,5,80BB,5,1,0x04,table_run
80E8,5,standalone,80E8,5,80E8,5,1,0x04,table_run
80E7,5,secondary,80BB,5,80BB,5,1,0x04,table_run
80E6,5,standalone,80E6,5,80E6,5,1,0x04,table_run
80E4,5,standalone,80E4,5,80E4,5,1,0x04,table_run
80E5,5,secondary,80BB,5,80BB,5,1,0x04,table_run
9FA9,5,standalone,9FA9,5,9FA9,5,1,0x04,table_run
A099,5,standalone,A099,5,A099,5,1,0x04,table_run
9901,5,secondary,98CE,5,98CE,5,1,0x04,table_run
9904,5,standalone,9904,5,9904,5,1,0x04,table_run
9905,5,secondary,98CE,5,98CE,5,1,0x04,table_run
A5F7,5,secondary,9483,5,9483,5,1,0x04,table_run
9523,5,secondary,9518,5,9518,5,1,0x04,table_run
A5D0,5,standalone,A5D0,5,A5D0,5,1,0x04,table_run
9524,5,standalone,9524,5,9524,5,1,0x04,table_run
8FA9,5,secondary,8F9B,5,8F9B,5,1,0x04,table_run
9906,5,secondary,98CE,5,98CE,5,1,0x04,table_run
8C68,6,standalone,8C68,6,8C68,6,1,0x04,table_run
8C8C,6,standalone,8C8C,6,8C8C,6,1,0x04,table_run
8989,6,secondary,8981,6,8981,6,1,0x04,table_run
860F,6,standalone,860F,6,860F,6,1,0x04,table_run
865D,6,standalone,865D,6,865D,6,1,0x04,table_run
863C,6,standalone,863C,6,863C,6,1,0x04,table_run
81B4,6,standalone,81B4,6,81B4,6,1,0x04,table_run
869B,6,standalone,869B,6,869B,6,1,0x04,table_run
8A88,6,secondary,8A5B,6,8A5B,6,1,0x04,table_run
8749,6,standalone,8749,6,8749,6,1,0x04,table_run
A560,6,secondary,A519,6,A519,6,1,0x04,table_run
8781,6,secondary,873A,6,873A,6,1,0x04,table_run
8888,6,secondary,8873,6,8873,6,1,0x04,table_run
8988,6,standalone,8988,6,8988,6,1,0x04,table_run
8987,6,secondary,8981,6,8981,6,1,0x04,table_run
A50B,6,secondary,A500,6,A500,6,1,0x04,table_run
854E,6,secondary,84EA,6,84EA,6,1,0x04,table_run
A92B,6,standalone,A92B,6,A92B,6,1,0x04,table_run
8500,6,secondary,84EA,6,84EA,6,1,0x04,table_run
A926,6,standalone,A926,6,A926,6,1,0x04,table_run
A523,6,standalone,A523,6,A523,6,1,0x04,table_run
A9FA,6,standalone,A9FA,6,A9FA,6,1,0x04,table_run
8583,6,secondary,8567,6,8567,6,1,0x04,table_run
A576,6,standalone,A576,6,A576,6,1,0x04,table_run
8575,6,secondary,8567,6,8567,6,1,0x04,table_run
A901,6,standalone,A901,6,A901,6,1,0x04,table_run
85A3,6,standalone,85A3,6,85A3,6,1,0x04,table_run
8CB3,6,standalone,8CB3,6,8CB3,6,1,0x04,table_run
8CF8,6,standalone,8CF8,6,8CF8,6,1,0x04,table_run
8D4E,6,standalone,8D4E,6,8D4E,6,1,0x04,table_run
8D34,6,standalone,8D34,6,8D34,6,1,0x04,table_run
8040,6,standalone,8040,6,8040,6,1,0x04,table_run
850B,6,secondary,84EA,6,84EA,6,1,0x04,table_run
A955,6,standalone,A955,6,A955,6,1,0x04,table_run
8522,6,secondary,84EA,6,84EA,6,1,0x04,table_run
A956,6,standalone,A956,6,A956,6,1,0x04,table_run
8510,6,standalone,8510,6,8510,6,1,0x04,table_run
8531,6,secondary,84EA,6,84EA,6,1,0x04,table_run
8516,6,standalone,8516,6,8516,6,1,0x04,table_run
8D00,6,secondary,8CFA,6,8CFA,6,1,0x04,table_run
8590,6,secondary,8567,6,8567,6,1,0x04,table_run
8596,6,standalone,8596,6,8596,6,1,0x04,table_run
8D3D,6,standalone,8D3D,6,8D3D,6,1,0x04,table_run
8515,6,secondary,84EA,6,84EA,6,1,0x04,table_run
8D42,6,standalone,8D42,6,8D42,6,1,0x04,table_run
8D4C,6,standalone,8D4C,6,8D4C,6,1,0x04,table_run
8595,6,standalone,8595,6,8595,6,1,0x04,table_run
8502,6,secondary,84EA,6,84EA,6,1,0x04,table_run
A9FE,6,standalone,A9FE,6,A9FE,6,1,0x04,table_run
8D63,6,standalone,8D63,6,8D63,6,1,0x04,table_run
858B,6,standalone,858B,6,858B,6,1,0x04,table_run
8520,6,secondary,84EA,6,84EA,6,1,0x04,table_run
851E,6,secondary,84EA,6,84EA,6,1,0x04,table_run
854C,6,secondary,84EA,6,84EA,6,1,0x04,table_run
8523,6,secondary,84EA,6,84EA,6,1,0x04,table_run
8565,6,standalone,8565,6,8565,6,1,0x04,table_run
8506,6,secondary,84EA,6,84EA,6,1,0x04,table_run
A938,6,standalone,A938,6,A938,6,1,0x04,table_run
8588,6,secondary,8567,6,8567,6,1,0x04,table_run
8761,6,secondary,873A,6,873A,6,1,0x04,table_run
876E,6,secondary,873A,6,873A,6,1,0x04,table_run
877B,6,standalone,877B,6,877B,6,1,0x04,table_run
B2DF,6,standalone,B2DF,6,B2DF,6,1,0x04,table_run
BC41,6,standalone,BC41,6,BC41,6,2,0x04,table_run
BC47,6,standalone,BC47,6,BC47,6,2,0x04,table_run
BC4D,6,standalone,BC4D,6,BC4D,6,2,0x04,table_run
BC53,6,standalone,BC53,6,BC53,6,2,0x04,table_run
BC59,6,standalone,BC59,6,BC59,6,2,0x04,table_run
BC5F,6,standalone,BC5F,6,BC5F,6,1,0x04,table_run
A1B1,6,standalone,A1B1,6,A1B1,6,1,0x04,table_run
8191,6,standalone,8191,6,8191,6,1,0x04,table_run
B302,6,standalone,B302,6,B302,6,1,0x04,table_run
8102,6,standalone,8102,6,8102,6,1,0x04,table_run
A191,6,standalone,A191,6,A191,6,1,0x04,table_run
8702,6,standalone,8702,6,8702,6,1,0x04,table_run
A797,6,standalone,A797,6,A797,6,1,0x04,table_run
A142,6,standalone,A142,6,A142,6,1,0x04,table_run
A302,6,standalone,A302,6,A302,6,1,0x04,table_run
8393,6,standalone,8393,6,8393,6,1,0x04,table_run
A742,6,standalone,A742,6,A742,6,1,0x04,table_run
8797,6,secondary,873A,6,873A,6,1,0x04,table_run
A902,6,standalone,A902,6,A902,6,1,0x04,table_run
8999,6,secondary,8981,6,8981,6,1,0x04,table_run
85FF,6,secondary,8567,6,8567,6,1,0x04,table_run
8504,6,secondary,84EA,6,84EA,6,1,0x04,table_run
A240,6,standalone,A240,6,A240,6,1,0x04,table_run
A001,6,standalone,A001,6,A001,6,1,0x04,table_run
A909,6,standalone,A909,6,A909,6,1,0x04,table_run
A90B,6,standalone,A90B,6,A90B,6,1,0x04,table_run
A515,6,standalone,A515,6,A515,6,1,0x04,table_run
850D,6,secondary,84EA,6,84EA,6,1,0x04,table_run
850C,6,standalone,850C,6,850C,6,1,0x04,table_run
A00A,6,standalone,A00A,6,A00A,6,1,0x04,table_run
8440,6,standalone,8440,6,8440,6,1,0x04,table_run
8403,6,secondary,83AE,6,83AE,6,1,0x04,table_run
8404,6,standalone,8404,6,8404,6,1,0x04,table_run
8802,6,standalone,8802,6,8802,6,1,0x04,table_run
A000,6,standalone,A000,6,A000,6,1,0x04,table_run
9700,6,standalone,9700,6,9700,6,1,0x04,table_run
8E00,6,standalone,8E00,6,8E00,6,1,0x04,table_run
8600,6,standalone,8600,6,8600,6,1,0x04,table_run
AA00,6,standalone,AA00,6,AA00,6,1,0x04,table_run
AAAA,6,standalone,AAAA,6,AAAA,6,1,0x04,table_run
A937,6,standalone,A937,6,A937,6,1,0x04,table_run
850E,6,standalone,850E,6,850E,6,1,0x04,table_run
A00F,6,standalone,A00F,6,A00F,6,1,0x04,table_run
A950,6,standalone,A950,6,A950,6,1,0x04,table_run
8540,6,standalone,8540,6,8540,6,1,0x04,table_run
A551,6,standalone,A551,6,A551,6,1,0x04,table_run
857F,6,secondary,8567,6,8567,6,1,0x04,table_run
8538,6,secondary,84EA,6,84EA,6,1,0x04,table_run
85D0,6,standalone,85D0,6,85D0,6,1,0x04,table_run
A958,6,standalone,A958,6,A958,6,1,0x04,table_run
852B,6,secondary,8529,6,8529,6,1,0x04,table_run
A959,6,standalone,A959,6,A959,6,1,0x04,table_run
A25D,6,standalone,A25D,6,A25D,6,1,0x04,table_run
85E0,6,secondary,8567,6,8567,6,1,0x04,table_run
8601,6,secondary,8567,6,8567,6,1,0x04,table_run
8654,6,standalone,8654,6,8654,6,1,0x04,table_run
8696,6,standalone,8696,6,8696,6,1,0x04,table_run
8693,6,standalone,8693,6,8693,6,1,0x04,table_run
8652,6,standalone,8652,6,8652,6,1,0x04,table_run
A942,6,standalone,A942,6,A942,6,1,0x04,table_run
8542,6,secondary,84EA,6,84EA,6,1,0x04,table_run
A943,6,standalone,A943,6,A943,6,1,0x04,table_run
8527,6,secondary,84EA,6,84EA,6,1,0x04,table_run
A957,6,standalone,A957,6,A957,6,1,0x04,table_run
85A0,6,secondary,8567,6,8567,6,1,0x04,table_run
85E8,6,standalone,85E8,6,85E8,6,1,0x04,table_run
A23D,6,standalone,A23D,6,A23D,6,1,0x04,table_run
864D,6,standalone,864D,6,864D,6,1,0x04,table_run
864E,6,standalone,864E,6,864E,6,1,0x04,table_run
8DEA,6,standalone,8DEA,6,8DEA,6,1,0x04,table_run
8DF6,6,standalone,8DF6,6,8DF6,6,1,0x04,table_run
85CB,6,secondary,8567,6,8567,6,1,0x04,table_run
8D03,6,standalone,8D03,6,8D03,6,1,0x04,table_run
8529,6,standalone,8529,6,84EA,6,15,0x05,control|table_run
8D5D,6,standalone,8D5D,6,8D5D,6,1,0x04,table_run
8549,6,secondary,84EA,6,84EA,6,1,0x04,table_run
8D6C,6,standalone,8D6C,6,8D6C,6,1,0x04,table_run
8501,6,secondary,84EA,6,84EA,6,1,0x04,table_run
A975,6,standalone,A975,6,A975,6,1,0x04,table_run
852F,6,standalone,852F,6,852F,6,1,0x04,table_run
A93B,6,standalone,A93B,6,A93B,6,1,0x04,table_run
8536,6,secondary,84EA,6,84EA,6,1,0x04,table_run
A93D,6,standalone,A93D,6,A93D,6,1,0x04,table_run
A94B,6,standalone,A94B,6,A94B,6,1,0x04,table_run
A500,6,standalone,A500,6,A500,6,3,0x05,control|table_run
A911,6,standalone,A911,6,A911,6,1,0x04,table_run
A93A,6,standalone,A93A,6,A93A,6,1,0x04,table_run
85AE,6,secondary,8567,6,8567,6,1,0x04,table_run
A84C,6,standalone,A84C,6,A84C,6,1,0x04,table_run
A9DE,6,standalone,A9DE,6,A9DE,6,1,0x04,table_run
8D07,6,secondary,8CFA,6,8CFA,6,1,0x04,table_run
8001,6,standalone,8001,6,8001,6,1,0x04,table_run
A680,6,standalone,A680,6,A680,6,1,0x04,table_run
8E64,6,standalone,8E64,6,8E64,6,1,0x04,table_run
B3AE,6,standalone,B3AE,6,B3AE,6,1,0x04,table_run
A948,6,standalone,A948,6,A948,6,1,0x04,table_run
8524,6,standalone,8524,6,8524,6,1,0x04,table_run
8525,6,secondary,84EA,6,84EA,6,1,0x04,table_run
801A,6,standalone,801A,6,801A,6,1,0x04,table_run
8019,6,standalone,8019,6,8019,6,1,0x04,table_run
8017,6,standalone,8017,6,8017,6,1,0x04,table_run
A091,6,secondary,A082,6,A082,6,1,0x04,table_run
8478,6,secondary,8445,6,8445,6,1,0x04,table_run
8460,6,secondary,8445,6,8445,6,1,0x04,table_run
8534,6,secondary,84EA,6,84EA,6,1,0x04,table_run
8533,6,standalone,8533,6,8533,6,1,0x04,table_run
A924,6,standalone,A924,6,A924,6,1,0x04,table_run
9CD0,1,standalone,9CD0,1,9CD0,1,1,0x04,table_run
9CC3,1,standalone,9CC3,1,9CC3,1,1,0x04,table_run
A736,1,standalone,A736,1,A736,1,1,0x04,table_run
A7D5,1,standalone,A7D5,1,A7D5,1,2,0x04,table_run
94F2,4,standalone,94F2,4,94F2,4,2,0x04,table_run
831C,4,standalone,831C,4,831C,4,4,0x04,table_run
91FD,4,standalone,91FD,4,91FD,4,1,0x04,table_run
843D,4,standalone,843D,4,843D,4,1,0x04,table_run
A7FD,5,standalone,A7FD,5,99A0,5,2,0x05,control|table_run
B4BB,5,standalone,B4BB,5,B212,5,4,0x05,control|table_run
949A,5,standalone,949A,5,949A,5,3,0x05,control|table_run
9099,5,standalone,9099,5,9099,5,3,0x05,control|table_run
9191,5,standalone,9191,5,8594,5,23,0x05,control|table_run
9D19,5,standalone,9D19,5,9483,5,15,0x05,control|table_run
998A,5,standalone,998A,5,9483,5,23,0x05,control|table_run
B98A,5,standalone,B98A,5,B212,5,23,0x05,control|table_run
B912,5,standalone,B912,5,B912,5,31,0x05,control|table_run
B93A,5,standalone,B93A,5,B8A0,5,19,0x05,control|table_run
A096,5,standalone,A096,5,9483,5,9,0x05,control|table_run
9962,5,standalone,9962,5,9483,5,42,0x05,control|table_run
B962,5,standalone,B962,5,B212,5,42,0x05,control|table_run
9250,5,standalone,9250,5,8594,5,7,0x05,control|table_run
B250,5,standalone,B250,5,B212,5,7,0x05,control|table_run
92D1,5,standalone,92D1,5,8594,5,19,0x05,control|table_run
B2D1,5,standalone,B2D1,5,B212,5,19,0x05,control|table_run
9B28,5,standalone,9B28,5,9AD3,5,9,0x05,control|table_run
BB28,5,standalone,BB28,5,B212,5,9,0x05,control|table_run
A28F,5,standalone,A28F,5,A28F,5,6,0x05,control|table_run
A291,5,standalone,A291,5,A28F,5,6,0x05,control|table_run
A2B8,5,standalone,A2B8,5,A28F,5,9,0x05,control|table_run
92A7,5,standalone,92A7,5,8594,5,7,0x05,control|table_run
B2A7,5,standalone,B2A7,5,B250,5,7,0x05,control|table_run
B191,5,standalone,B191,5,B191,5,15,0x05,control|table_run
A491,5,standalone,A491,5,9483,5,7,0x05,control|table_run
A457,5,standalone,A457,5,9483,5,7,0x05,control|table_run
A4F8,5,standalone,A4F8,5,A4F8,5,7,0x05,control|table_run
A51C,5,standalone,A51C,5,A51C,5,8,0x05,control|table_run
A520,5,standalone,A520,5,A520,5,8,0x05,control|table_run
A522,5,standalone,A522,5,A522,5,8,0x05,control|table_run
A539,5,standalone,A539,5,9483,5,10,0x05,control|table_run
9EB4,5,standalone,9EB4,5,9483,5,2,0x05,control|table_run
92FB,5,standalone,92FB,5,8594,5,42,0x05,control|table_run
B2FB,5,standalone,B2FB,5,B212,5,42,0x05,control|table_run
A8AB,5,standalone,A8AB,5,99A0,5,5,0x05,control|table_run
A8B6,5,standalone,A8B6,5,A8AB,5,5,0x05,control|table_run
927D,5,standalone,927D,5,8594,5,7,0x05,control|table_run
B27D,5,standalone,B27D,5,B27D,5,7,0x05,control|table_run
9639,5,standalone,9639,5,8594,5,33,0x05,control|table_run
B639,5,standalone,B639,5,B639,5,33,0x05,control|table_run
AB12,5,standalone,AB12,5,99A0,5,5,0x05,control|table_run
ACF3,5,standalone,ACF3,5,ACF3,5,8,0x05,control|table_run
9976,5,standalone,9976,5,9974,5,5,0x05,control|table_run
B976,5,standalone,B976,5,B212,5,5,0x05,control|table_run
AF74,5,standalone,AF74,5,AF74,5,4,0x05,control|table_run
B8FA,5,standalone,B8FA,5,B8FA,5,20,0x05,control|table_run
B05B,5,standalone,B05B,5,B05B,5,7,0x05,control|table_run
B196,5,standalone,B196,5,B191,5,3,0x05,control|table_run
B1B8,5,standalone,B1B8,5,B1B8,5,3,0x05,control|table_run
B1B3,5,standalone,B1B3,5,B1B3,5,3,0x05,control|table_run
B1D7,5,standalone,B1D7,5,B1D7,5,3,0x05,control|table_run
B283,5,standalone,B283,5,B283,5,4,0x05,control|table_run
B207,5,standalone,B207,5,B1D7,5,4,0x05,control|table_run
93EE,5,secondary,8594,5,8594,5,1,0x04,table_run
A160,5,standalone,A160,5,A160,5,1,0x04,table_run
A99D,5,standalone,A99D,5,99A0,5,2,0x05,control|table_run
A9A5,5,standalone,A9A5,5,A99D,5,3,0x05,control|table_run
BC0D,5,standalone,BC0D,5,BC0D,5,1,0x04,table_run
BCE2,5,standalone,BCE2,5,BCE2,5,5,0x05,control|table_run
BD3B,5,secondary,BCC4,5,BCC4,5,1,0x04,table_run
BDBB,5,secondary,BCC4,5,BCC4,5,1,0x04,table_run
A462,5,secondary,A457,5,A457,5,1,0x04,table_run
AB41,5,standalone,AB41,5,AB36,5,2,0x05,control|table_run
94AA,5,standalone,94AA,5,94AA,5,2,0x05,control|table_run
A1D9,5,secondary,9483,5,9483,5,1,0x04,table_run
B520,5,standalone,B520,5,B520,5,1,0x04,table_run
9520,5,secondary,9518,5,9518,5,1,0x04,table_run
8A73,6,secondary,8A5B,6,8A5B,6,1,0x04,table_run
A918,6,standalone,A918,6,A918,6,4,0x04,table_run
A8F9,6,standalone,A8F9,6,A8F9,6,15,0x04,table_run
A9CD,6,standalone,A9CD,6,A9CD,6,4,0x04,table_run
A8FD,6,standalone,A8FD,6,A8FD,6,4,0x04,table_run
A90A,6,standalone,A90A,6,A90A,6,1,0x04,table_run
8763,6,secondary,873A,6,873A,6,1,0x04,table_run
BC3B,6,standalone,BC3B,6,BC3B,6,1,0x04,table_run
86E5,6,standalone,86E5,6,86E5,6,3,0x05,control|table_run
8685,6,standalone,8685,6,8685,6,1,0x04,table_run
A685,6,standalone,A685,6,A685,6,1,0x04,table_run
8DFE,6,standalone,8DFE,6,8DFE,6,1,0x04,table_run
A9A3,6,standalone,A9A3,6,A9A3,6,1,0x04,table_run
AB36,1,standalone,AB36,1,AB36,1,1,0x04,table_run
AB9C,1,standalone,AB9C,1,AB9C,1,2,0x04,table_run
ABB6,1,standalone,ABB6,1,ABB6,1,2,0x04,table_run
ACF4,1,standalone,ACF4,1,ACF4,1,2,0x04,table_run
B989,5,secondary,B212,5,B212,5,1,0x04,table_run
B9A9,5,standalone,B9A9,5,B212,5,12,0x05,control|table_run
B937,5,secondary,B8A0,5,B8A0,5,1,0x04,table_run
B619,5,secondary,B212,5,B212,5,1,0x04,table_run
A78D,6,standalone,A78D,6,A78D,6,1,0x04,table_run
878D,6,secondary,873A,6,873A,6,1,0x04,table_run
B542,1,standalone,B542,1,B542,1,1,0x04,table_run
B598,1,standalone,B598,1,B598,1,1,0x04,table_run
ACAD,1,standalone,ACAD,1,ACAD,1,1,0x04,table_run
B0B9,4,standalone,B0B9,4,B0B9,4,1,0x08,split_table
A80A,4,standalone,A80A,4,A80A,4,1,0x08,split_table
8524,4,standalone,8524,4,8524,4,1,0x08,split_table
8598,4,standalone,8598,4,856F,4,1,0x08,split_table
B7BD,4,standalone,B7BD,4,B7BD,4,1,0x08,split_table
8501,4,standalone,8501,4,8501,4,1,0x08,split_table
A973,4,standalone,A973,4,A973,4,1,0x08,split_table
A909,4,standalone,A909,4,A909,4,1,0x08,split_table
856F,4,standalone,856F,4,856F,4,1,0x08,split_table
A90A,4,standalone,A90A,4,A90A,4,1,0x08,split_table
B38D,4,standalone,B38D,4,B0C6,4,1,0x08,split_table
95B4,4,standalone,95B4,4,95B4,4,1,0x08,split_table
95C5,4,standalone,95C5,4,95C5,4,1,0x08,split_table
95D6,4,standalone,95D6,4,95D6,4,1,0x08,split_table
95E7,4,standalone,95E7,4,95E7,4,1,0x08,split_table
F370,7,standalone,F370,7,F370,7,1,0x08,split_table
FA31,7,standalone,FA31,7,F72F,7,1,0x08,split_table
F81C,7,standalone,F81C,7,F72F,7,1,0x08,split_table
8935,5,standalone,8935,5,8594,5,1,0x08,split_table
BD89,5,standalone,BD89,5,BCC4,5,1,0x08,split_table
AE87,5,standalone,AE87,5,AE87,5,1,0x08,split_table
9028,5,standalone,9028,5,9015,5,1,0x08,split_table
A48B,5,standalone,A48B,5,A48B,5,1,0x08,split_table
A688,5,standalone,A688,5,A688,5,1,0x08,split_table
B290,5,standalone,B290,5,B290,5,1,0x08,split_table
B09A,5,standalone,B09A,5,B05B,5,1,0x08,split_table
B385,5,standalone,B385,5,B385,5,1,0x08,split_table
A880,5,standalone,A880,5,99A0,5,1,0x08,split_table
B6A8,5,standalone,B6A8,5,B6A8,5,1,0x08,split_table
F761,7,standalone,F761,7,F761,7,1,0x08,split_table
F5C6,7,standalone,F5C6,7,F5C6,7,1,0x08,split_table
88D5,5,standalone,88D5,5,88D5,5,1,0x08,split_table
B489,5,standalone,B489,5,B489,5,1,0x08,split_table
81F3,5,standalone,81F3,5,81F3,5,1,0x08,split_table
82D6,5,standalone,82D6,5,82B0,5,1,0x08,split_table
9482,5,standalone,9482,5,9482,5,1,0x08,split_table
823A,5,standalone,823A,5,81A4,5,1,0x08,split_table
8594,5,standalone,8594,5,8594,5,1,0x08,split_table
82DE,5,standalone,82DE,5,82B0,5,1,0x08,split_table
AE83,5,standalone,AE83,5,AE83,5,1,0x08,split_table
BA83,5,standalone,BA83,5,BA83,5,1,0x08,split_table
832A,5,standalone,832A,5,832A,5,1,0x08,split_table
9283,5,standalone,9283,5,9281,5,1,0x08,split_table
9E82,5,standalone,9E82,5,9E82,5,1,0x08,split_table
BE83,5,standalone,BE83,5,BCC4,5,1,0x08,split_table
819E,5,standalone,819E,5,819E,5,1,0x08,split_table
831E,5,standalone,831E,5,82B0,5,1,0x08,split_table
841E,5,standalone,841E,5,841E,5,1,0x08,split_table
84CA,5,standalone,84CA,5,82B0,5,1,0x08,split_table
F661,7,standalone,F661,7,F661,7,1,0x08,split_table
F9D5,7,standalone,F9D5,7,F9A8,7,1,0x08,split_table
CC21,7,standalone,CC21,7,C004,7,1,0x08,split_table
A848,5,standalone,A848,5,A848,5,1,0x08,split_table
B6A2,5,standalone,B6A2,5,B212,5,1,0x08,split_table
9580,5,standalone,9580,5,8594,5,1,0x08,split_table
958E,5,standalone,958E,5,8594,5,1,0x08,split_table
959C,5,standalone,959C,5,8594,5,1,0x08,split_table
95AC,5,standalone,95AC,5,8594,5,1,0x08,split_table
9623,5,standalone,9623,5,8594,5,1,0x08,split_table
99E7,5,standalone,99E7,5,9483,5,1,0x08,split_table
9D4D,5,standalone,9D4D,5,9483,5,1,0x08,split_table
9D5D,5,standalone,9D5D,5,9483,5,1,0x08,split_table
9D6C,5,standalone,9D6C,5,9D6C,5,1,0x08,split_table
9D74,5,standalone,9D74,5,9483,5,1,0x08,split_table
BD9D,5,standalone,BD9D,5,BD9D,5,1,0x08,split_table
80BD,5,standalone,80BD,5,80BB,5,1,0x08,split_table
9051,5,standalone,9051,5,904E,5,1,0x08,split_table
9D90,5,standalone,9D90,5,9D90,5,1,0x08,split_table
911F,5,standalone,911F,5,911A,5,1,0x08,split_table
EAEC,7,standalone,EAEC,7,EAEC,7,1,0x08,split_table
94A9,5,standalone,94A9,5,8594,5,1,0x08,split_table
A994,5,standalone,A994,5,A98F,5,1,0x08,split_table
9DE6,5,standalone,9DE6,5,9483,5,1,0x08,split_table
9160,5,standalone,9160,5,9160,5,1,0x08,split_table
9D85,5,standalone,9D85,5,9483,5,1,0x08,split_table
A26C,5,standalone,A26C,5,9483,5,1,0x08,split_table
B223,5,standalone,B223,5,B223,5,1,0x08,split_table
A100,5,standalone,A100,5,9483,5,1,0x08,split_table
9D92,5,standalone,9D92,5,9483,5,1,0x08,split_table
9DA2,5,standalone,9DA2,5,9483,5,1,0x08,split_table
9DB2,5,standalone,9DB2,5,9483,5,1,0x08,split_table
9DA1,5,standalone,9DA1,5,9483,5,1,0x08,split_table
A908,5,standalone,A908,5,A908,5,1,0x08,split_table
EA60,7,standalone,EA60,7,EA5C,7,1,0x08,split_table
D106,7,standalone,D106,7,D106,7,1,0x08,split_table
BD60,5,standalone,BD60,5,BCC4,5,1,0x08,split_table
A909,5,standalone,A909,5,A908,5,1,0x08,split_table
9F3C,5,standalone,9F3C,5,9F3C,5,1,0x08,split_table
99B5,5,standalone,99B5,5,99B5,5,1,0x08,split_table
B0B0,5,standalone,B0B0,5,B0AD,5,1,0x08,split_table
A99F,5,standalone,A99F,5,A99D,5,1,0x08,split_table
99B0,5,standalone,99B0,5,99B0,5,1,0x08,split_table
A948,5,standalone,A948,5,99A0,5,1,0x08,split_table
91D1,5,standalone,91D1,5,91A0,5,1,0x08,split_table
BD4A,5,standalone,BD4A,5,BD4A,5,1,0x08,split_table
BD04,5,standalone,BD04,5,BD04,5,1,0x08,split_table
BD10,5,standalone,BD10,5,BCC4,5,1,0x08,split_table
AA4A,5,standalone,AA4A,5,99A0,5,1,0x08,split_table
9E07,5,standalone,9E07,5,9483,5,1,0x08,split_table
99AA,5,standalone,99AA,5,99AA,5,1,0x08,split_table
9911,5,standalone,9911,5,98CE,5,1,0x08,split_table
9105,5,standalone,9105,5,9105,5,1,0x08,split_table
9991,5,standalone,9991,5,998A,5,1,0x08,split_table
AA99,5,standalone,AA99,5,99A0,5,1,0x08,split_table
B9FE,5,standalone,B9FE,5,B9B7,5,1,0x08,split_table
9E51,5,standalone,9E51,5,9483,5,1,0x08,split_table
B925,5,standalone,B925,5,B8A0,5,1,0x08,split_table
9E85,5,standalone,9E85,5,9E85,5,1,0x08,split_table
922F,5,standalone,922F,5,922F,5,1,0x08,split_table
9E3D,5,standalone,9E3D,5,9483,5,1,0x08,split_table
9E45,5,standalone,9E45,5,9483,5,1,0x08,split_table
9E8A,5,standalone,9E8A,5,9483,5,1,0x08,split_table
9E92,5,standalone,9E92,5,9483,5,1,0x08,split_table
9E9E,5,standalone,9E9E,5,9E9E,5,1,0x08,split_table
A931,5,standalone,A931,5,99A0,5,1,0x08,split_table
9DD0,5,standalone,9DD0,5,9483,5,1,0x08,split_table
9108,5,standalone,9108,5,9108,5,1,0x08,split_table
A9FE,5,standalone,A9FE,5,99A0,5,1,0x08,split_table
F047,7,standalone,F047,7,F047,7,1,0x08,split_table
EFFE,7,standalone,EFFE,7,EFFE,7,1,0x08,split_table
8F33,5,standalone,8F33,5,8F33,5,1,0x08,split_table
B08F,5,standalone,B08F,5,B05B,5,1,0x08,split_table
A910,5,standalone,A910,5,99A0,5,1,0x08,split_table
A999,5,standalone,A999,5,A999,5,1,0x08,split_table
9E2F,5,standalone,9E2F,5,9E2F,5,1,0x08,split_table
A9DE,5,standalone,A9DE,5,A9DC,5,1,0x08,split_table
9D06,5,standalone,9D06,5,9D06,5,1,0x08,split_table
91D0,5,standalone,91D0,5,91A0,5,1,0x08,split_table
A905,5,standalone,A905,5,99A0,5,1,0x08,split_table
9460,5,standalone,9460,5,943A,5,1,0x08,split_table
F547,7,standalone,F547,7,F53E,7,1,0x08,split_table
EF60,7,standalone,EF60,7,EF3D,7,1,0x08,split_table
BDFE,5,standalone,BDFE,5,BDFE,5,1,0x08,split_table
EA29,7,standalone,EA29,7,EA29,7,1,0x08,split_table
B0EA,5,standalone,B0EA,5,B0D8,5,1,0x08,split_table
8F30,5,standalone,8F30,5,8F29,5,1,0x08,split_table
B029,5,standalone,B029,5,B011,5,1,0x08,split_table
BDA9,5,standalone,BDA9,5,BDA9,5,1,0x08,split_table
BDD1,5,standalone,BDD1,5,BDD1,5,1,0x08,split_table
A991,5,standalone,A991,5,A98F,5,1,0x08,split_table
9DF0,5,standalone,9DF0,5,9DF0,5,1,0x08,split_table
BDFF,5,standalone,BDFF,5,BDFF,5,1,0x08,split_table
BD05,5,standalone,BD05,5,BCC4,5,1,0x08,split_table
BCD0,5,standalone,BCD0,5,BCC4,5,1,0x08,split_table
B1FF,5,standalone,B1FF,5,B1D7,5,1,0x08,split_table
B101,5,standalone,B101,5,B101,5,1,0x08,split_table
BD30,5,standalone,BD30,5,BCC4,5,1,0x08,split_table
B1BD,5,standalone,B1BD,5,B1BD,5,1,0x08,split_table
A0B1,5,standalone,A0B1,5,9483,5,1,0x08,split_table
A004,5,standalone,A004,5,9483,5,1,0x08,split_table
BD4D,5,standalone,BD4D,5,BD4A,5,1,0x08,split_table
B1F0,5,standalone,B1F0,5,B1D7,5,1,0x08,split_table
90BC,5,standalone,90BC,5,9083,5,1,0x08,split_table
B0BD,5,standalone,B0BD,5,B0BD,5,1,0x08,split_table
EAB0,7,standalone,EAB0,7,EAB0,7,1,0x08,split_table
9405,5,standalone,9405,5,9405,5,1,0x08,split_table
BC71,5,standalone,BC71,5,BC71,5,1,0x08,split_table
B14C,5,standalone,B14C,5,B13E,5,1,0x08,split_table
A5F0,5,standalone,A5F0,5,A5F0,5,1,0x08,split_table
9728,5,standalone,9728,5,9728,5,1,0x08,split_table
90A9,5,standalone,90A9,5,9083,5,1,0x08,split_table
B1C0,5,standalone,B1C0,5,B1C0,5,1,0x08,split_table
9DBD,5,standalone,9DBD,5,9483,5,1,0x08,split_table
A029,5,standalone,A029,5,9483,5,1,0x08,split_table
9F9D,5,standalone,9F9D,5,9483,5,1,0x08,split_table
9FA8,5,standalone,9FA8,5,9483,5,1,0x08,split_table
9FC2,5,standalone,9FC2,5,9483,5,1,0x08,split_table
BD9F,5,standalone,BD9F,5,BCC4,5,1,0x08,split_table
A951,5,standalone,A951,5,A951,5,1,0x08,split_table
B5A9,5,standalone,B5A9,5,B595,5,1,0x08,split_table
9A20,5,standalone,9A20,5,9483,5,1,0x08,split_table
9483,5,standalone,9483,5,9483,5,1,0x08,split_table
9D0D,5,standalone,9D0D,5,9D0D,5,1,0x08,split_table
B006,5,standalone,B006,5,AFF1,5,1,0x08,split_table
E931,7,standalone,E931,7,E928,7,1,0x08,split_table
9D20,5,standalone,9D20,5,9D20,5,1,0x08,split_table
B59D,5,standalone,B59D,5,B59D,5,1,0x08,split_table
B031,5,standalone,B031,5,B031,5,1,0x08,split_table
95B0,5,standalone,95B0,5,95B0,5,1,0x08,split_table
9D18,5,standalone,9D18,5,9D18,5,1,0x08,split_table
B011,5,standalone,B011,5,B011,5,1,0x08,split_table
A995,5,standalone,A995,5,99A0,5,1,0x08,split_table
EC70,7,standalone,EC70,7,EC70,7,1,0x08,split_table
BD4C,5,standalone,BD4C,5,BCC4,5,1,0x08,split_table
9177,5,standalone,9177,5,9177,5,1,0x08,split_table
A506,5,standalone,A506,5,A4F8,5,1,0x08,split_table
9703,5,standalone,9703,5,8629,5,1,0x08,split_table
A020,5,standalone,A020,5,A020,5,1,0x08,split_table
A04D,5,standalone,A04D,5,A04D,5,1,0x08,split_table
98F0,5,standalone,98F0,5,98CE,5,1,0x08,split_table
9998,5,standalone,9998,5,998A,5,1,0x08,split_table
9B99,5,standalone,9B99,5,9B6E,5,1,0x08,split_table
9159,5,standalone,9159,5,913C,5,1,0x08,split_table
BDBC,5,standalone,BDBC,5,BDBC,5,1,0x08,split_table
D9BD,7,standalone,D9BD,7,CA16,7,1,0x08,split_table
F0D9,7,standalone,F0D9,7,F0D9,7,1,0x08,split_table
A8FE,5,standalone,A8FE,5,A8FE,5,1,0x08,split_table
BD51,5,standalone,BD51,5,BD51,5,1,0x08,split_table
D331,7,standalone,D331,7,D331,7,1,0x08,split_table
A0D3,5,standalone,A0D3,5,A0D1,5,1,0x08,split_table
989A,5,standalone,989A,5,9483,5,1,0x08,split_table
A94C,5,standalone,A94C,5,99A0,5,1,0x08,split_table
9D98,5,standalone,9D98,5,9D98,5,1,0x08,split_table
BD0B,5,standalone,BD0B,5,BD0B,5,1,0x08,split_table
910B,5,standalone,910B,5,9108,5,1,0x08,split_table
993B,5,standalone,993B,5,993B,5,1,0x08,split_table
BD0F,5,standalone,BD0F,5,BCC4,5,1,0x08,split_table
9702,5,standalone,9702,5,9702,5,1,0x08,split_table
A4FD,5,standalone,A4FD,5,A4FD,5,1,0x08,split_table
9651,5,standalone,9651,5,9651,5,1,0x08,split_table
9D7D,5,standalone,9D7D,5,9483,5,1,0x08,split_table
A09D,5,standalone,A09D,5,A09D,5,1,0x08,split_table
A10F,5,standalone,A10F,5,9483,5,1,0x08,split_table
A121,5,standalone,A121,5,9483,5,1,0x08,split_table
A132,5,standalone,A132,5,9483,5,1,0x08,split_table
A13D,5,standalone,A13D,5,9483,5,1,0x08,split_table
A14C,5,standalone,A14C,5,9483,5,1,0x08,split_table
A9A1,5,standalone,A9A1,5,A9A1,5,1,0x08,split_table
A930,5,standalone,A930,5,A930,5,1,0x08,split_table
9DA9,5,standalone,9DA9,5,9483,5,1,0x08,split_table
9D0B,5,standalone,9D0B,5,9D0B,5,1,0x08,split_table
EA51,7,standalone,EA51,7,EA51,7,1,0x08,split_table
9229,5,standalone,9229,5,9224,5,1,0x08,split_table
A903,5,standalone,A903,5,A901,5,1,0x08,split_table
A902,5,standalone,A902,5,99A0,5,1,0x08,split_table
9195,5,standalone,9195,5,9191,5,1,0x08,split_table
9291,5,standalone,9291,5,927D,5,1,0x08,split_table
A8BD,5,standalone,A8BD,5,A8AB,5,1,0x08,split_table
B991,5,standalone,B991,5,B991,5,1,0x08,split_table
A118,5,standalone,A118,5,9483,5,1,0x08,split_table
9D69,5,standalone,9D69,5,9483,5,1,0x08,split_table
A24D,5,standalone,A24D,5,A24D,5,1,0x08,split_table
A258,5,standalone,A258,5,9483,5,1,0x08,split_table
A9A2,5,standalone,A9A2,5,A99D,5,1,0x08,split_table
90C0,5,standalone,90C0,5,9083,5,1,0x08,split_table
B103,5,standalone,B103,5,B0F1,5,1,0x08,split_table
A829,5,standalone,A829,5,A7FD,5,1,0x08,split_table
B9B1,5,standalone,B9B1,5,B9A9,5,1,0x08,split_table
9D6D,5,standalone,9D6D,5,9D6D,5,1,0x08,split_table
A55B,5,standalone,A55B,5,9483,5,1,0x08,split_table
A566,5,standalone,A566,5,9483,5,1,0x08,split_table
A5A1,5,standalone,A5A1,5,9483,5,1,0x08,split_table
A5AC,5,standalone,A5AC,5,9483,5,1,0x08,split_table
ADA5,5,standalone,ADA5,5,AD85,5,1,0x08,split_table
92D0,5,standalone,92D0,5,92A7,5,1,0x08,split_table
AD4C,5,standalone,AD4C,5,AD06,5,1,0x08,split_table
A9EA,5,standalone,A9EA,5,A9EA,5,1,0x08,split_table
81E9,5,standalone,81E9,5,81E9,5,1,0x08,split_table
9930,5,standalone,9930,5,9912,5,1,0x08,split_table
B02E,5,standalone,B02E,5,B02E,5,1,0x08,split_table
A981,5,standalone,A981,5,99A0,5,1,0x08,split_table
A941,5,standalone,A941,5,99A0,5,1,0x08,split_table
AD4A,5,standalone,AD4A,5,AD4A,5,1,0x08,split_table
A940,5,standalone,A940,5,A940,5,1,0x08,split_table
9931,5,standalone,9931,5,9931,5,1,0x08,split_table
AD99,5,standalone,AD99,5,AD85,5,1,0x08,split_table
EFA0,7,standalone,EFA0,7,EFA0,7,1,0x08,split_table
E99B,7,standalone,E99B,7,E928,7,1,0x08,split_table
B027,5,standalone,B027,5,B027,5,1,0x08,split_table
A98E,5,standalone,A98E,5,A98E,5,1,0x08,split_table
A944,5,standalone,A944,5,A944,5,1,0x08,split_table
EC51,7,standalone,EC51,7,EC36,7,1,0x08,split_table
99F7,5,standalone,99F7,5,9483,5,1,0x08,split_table
BD99,5,standalone,BD99,5,BCC4,5,1,0x08,split_table
91F1,5,standalone,91F1,5,91A0,5,1,0x08,split_table
F091,7,standalone,F091,7,F091,7,1,0x08,split_table
CD14,7,standalone,CD14,7,CD14,7,1,0x08,split_table
9EBD,5,standalone,9EBD,5,9EB4,5,1,0x08,split_table
B9FD,5,standalone,B9FD,5,B9B7,5,1,0x08,split_table
B9D1,5,standalone,B9D1,5,B9D1,5,1,0x08,split_table
A07D,5,standalone,A07D,5,9483,5,1,0x08,split_table
BDA6,5,standalone,BDA6,5,BCC4,5,1,0x08,split_table
A766,5,standalone,A766,5,99A0,5,1,0x08,split_table
A796,5,standalone,A796,5,99A0,5,1,0x08,split_table
A7B6,5,standalone,A7B6,5,A7B6,5,1,0x08,split_table
A7CC,5,standalone,A7CC,5,99A0,5,1,0x08,split_table
A7C1,5,standalone,A7C1,5,99A0,5,1,0x08,split_table
A753,5,standalone,A753,5,99A0,5,1,0x08,split_table
B1A7,5,standalone,B1A7,5,B1A7,5,1,0x08,split_table
ADA7,5,standalone,ADA7,5,ADA7,5,1,0x08,split_table
A98D,5,standalone,A98D,5,99A0,5,1,0x08,split_table
EA78,7,standalone,EA78,7,EA76,7,1,0x08,split_table
EE3C,7,standalone,EE3C,7,EE11,7,1,0x08,split_table
B030,5,standalone,B030,5,B02D,5,1,0x08,split_table
A9EE,5,standalone,A9EE,5,99A0,5,1,0x08,split_table
91A9,5,standalone,91A9,5,91A0,5,1,0x08,split_table
ADA9,5,standalone,ADA9,5,AD85,5,1,0x08,split_table
99D1,5,standalone,99D1,5,99D1,5,1,0x08,split_table
A5D1,5,standalone,A5D1,5,A5D1,5,1,0x08,split_table
99AD,5,standalone,99AD,5,99AD,5,1,0x08,split_table
B151,5,standalone,B151,5,B13E,5,1,0x08,split_table
8D06,5,standalone,8D06,5,8594,5,1,0x08,split_table
9110,5,standalone,9110,5,910A,5,1,0x08,split_table
A851,5,standalone,A851,5,A851,5,1,0x08,split_table
B906,5,standalone,B906,5,B906,5,1,0x08,split_table
B460,5,standalone,B460,5,B459,5,1,0x08,split_table
A7A5,5,standalone,A7A5,5,A7A5,5,1,0x08,split_table
EA91,7,standalone,EA91,7,EA91,7,1,0x08,split_table
9404,5,standalone,9404,5,8594,5,1,0x08,split_table
95EE,5,standalone,95EE,5,8594,5,1,0x08,split_table
A518,5,standalone,A518,5,A518,5,1,0x08,split_table
B195,5,standalone,B195,5,B18A,5,1,0x08,split_table
AD60,5,standalone,AD60,5,AD60,5,1,0x08,split_table
AD51,5,standalone,AD51,5,AD51,5,1,0x08,split_table
A206,5,standalone,A206,5,A206,5,1,0x08,split_table
A901,5,standalone,A901,5,A901,5,1,0x08,split_table
A92C,5,standalone,A92C,5,A92C,5,1,0x08,split_table
A93A,5,standalone,A93A,5,99A0,5,1,0x08,split_table
A942,5,standalone,A942,5,99A0,5,1,0x08,split_table
A9A6,5,standalone,A9A6,5,99A0,5,1,0x08,split_table
9AA9,5,standalone,9AA9,5,9AA4,5,1,0x08,split_table
EA1D,7,standalone,EA1D,7,EA13,7,1,0x08,split_table
9471,5,standalone,9471,5,943A,5,1,0x08,split_table
EA48,7,standalone,EA48,7,EA45,7,1,0x08,split_table
E9BD,7,standalone,E9BD,7,E9BD,7,1,0x08,split_table
B529,5,standalone,B529,5,B4EA,5,1,0x08,split_table
B003,5,standalone,B003,5,AFF1,5,1,0x08,split_table
82EA,5,standalone,82EA,5,82E4,5,1,0x08,split_table
A982,5,standalone,A982,5,A982,5,1,0x08,split_table
99A9,5,standalone,99A9,5,99A9,5,1,0x08,split_table
AA05,5,standalone,AA05,5,99A0,5,1,0x08,split_table
99FE,5,standalone,99FE,5,9483,5,1,0x08,split_table
91BD,5,standalone,91BD,5,91BD,5,1,0x08,split_table
A9DC,5,standalone,A9DC,5,A9DC,5,1,0x08,split_table
A9E4,5,standalone,A9E4,5,A9DC,5,1,0x08,split_table
EA9E,7,standalone,EA9E,7,EA9E,7,1,0x08,split_table
949E,5,standalone,949E,5,949E,5,1,0x08,split_table
A9A0,5,standalone,A9A0,5,A9A0,5,1,0x08,split_table
9650,5,standalone,9650,5,9639,5,1,0x08,split_table
E291,7,standalone,E291,7,E291,7,1,0x08,split_table
ECEC,7,standalone,ECEC,7,ECE2,7,1,0x08,split_table
BDEA,5,standalone,BDEA,5,BDEA,5,1,0x08,split_table
BD06,5,standalone,BD06,5,BD04,5,1,0x08,split_table
8004,5,standalone,8004,5,8004,5,1,0x08,split_table
DE91,7,standalone,DE91,7,DE91,7,1,0x08,split_table
A9F0,5,standalone,A9F0,5,99A0,5,1,0x08,split_table
BCA9,5,standalone,BCA9,5,BCA3,5,1,0x08,split_table
AABC,5,standalone,AABC,5,99A0,5,1,0x08,split_table
B9B9,5,standalone,B9B9,5,B9B7,5,1,0x08,split_table
BD7F,5,standalone,BD7F,5,BD7F,5,1,0x08,split_table
9D04,5,standalone,9D04,5,9483,5,1,0x08,split_table
BDC9,5,standalone,BDC9,5,BDC9,5,1,0x08,split_table
D1C9,7,standalone,D1C9,7,D1C9,7,1,0x08,split_table
9D00,5,standalone,9D00,5,9D00,5,1,0x08,split_table
B0C9,5,standalone,B0C9,5,B0AD,5,1,0x08,split_table
9138,5,standalone,9138,5,9138,5,1,0x08,split_table
EC24,7,standalone,EC24,7,EC24,7,1,0x08,split_table
F723,7,standalone,F723,7,F712,7,1,0x08,split_table
9EEC,5,standalone,9EEC,5,9483,5,1,0x08,split_table
AAD9,5,standalone,AAD9,5,AAD9,5,1,0x08,split_table
AAF7,5,standalone,AAF7,5,99A0,5,1,0x08,split_table
AA7F,5,standalone,AA7F,5,99A0,5,1,0x08,split_table
AA87,5,standalone,AA87,5,99A0,5,1,0x08,split_table
9D02,5,standalone,9D02,5,9D00,5,1,0x08,split_table
F5C9,7,standalone,F5C9,7,F5BD,7,1,0x08,split_table
BDB0,5,standalone,BDB0,5,BCC4,5,1,0x08,split_table
BD08,5,standalone,BD08,5,BCC4,5,1,0x08,split_table
D8F0,7,standalone,D8F0,7,D8F0,7,1,0x08,split_table
9DFD,5,standalone,9DFD,5,9483,5,1,0x08,split_table
B0F0,5,standalone,B0F0,5,B0ED,5,1,0x08,split_table
A9B0,5,standalone,A9B0,5,99A0,5,1,0x08,split_table
9100,5,standalone,9100,5,90E6,5,1,0x08,split_table
BC11,5,standalone,BC11,5,B212,5,1,0x08,split_table
AA06,5,standalone,AA06,5,AA06,5,1,0x08,split_table
85B9,5,standalone,85B9,5,8594,5,1,0x08,split_table
D385,7,standalone,D385,7,C3ED,7,1,0x08,split_table
EC23,7,standalone,EC23,7,EC23,7,1,0x08,split_table
F72F,7,standalone,F72F,7,F72F,7,1,0x08,split_table
9EF7,5,standalone,9EF7,5,9483,5,1,0x08,split_table
AA30,5,standalone,AA30,5,AA30,5,1,0x08,split_table
AA9E,5,standalone,AA9E,5,AA9E,5,1,0x08,split_table
9EAA,5,standalone,9EAA,5,9483,5,1,0x08,split_table
B1D1,5,standalone,B1D1,5,B1D1,5,1,0x08,split_table
9464,5,standalone,9464,5,9464,5,1,0x08,split_table
9960,5,standalone,9960,5,993A,5,1,0x08,split_table
AB99,5,standalone,AB99,5,AB99,5,1,0x08,split_table
B104,5,standalone,B104,5,B102,5,1,0x08,split_table
85BD,5,standalone,85BD,5,8594,5,1,0x08,split_table
ABAB,5,standalone,ABAB,5,AB7B,5,1,0x08,split_table
9DAB,5,standalone,9DAB,5,9DAB,5,1,0x08,split_table
A231,5,standalone,A231,5,A231,5,1,0x08,split_table
9FB4,5,standalone,9FB4,5,9483,5,1,0x08,split_table
B1A9,5,standalone,B1A9,5,B1A7,5,1,0x08,split_table
B1B1,5,standalone,B1B1,5,B1A0,5,1,0x08,split_table
AB07,5,standalone,AB07,5,AB07,5,1,0x08,split_table
99BD,5,standalone,99BD,5,998A,5,1,0x08,split_table
A599,5,standalone,A599,5,A599,5,1,0x08,split_table
AB18,5,standalone,AB18,5,AB12,5,1,0x08,split_table
997D,5,standalone,997D,5,997D,5,1,0x08,split_table
AAEC,5,standalone,AAEC,5,99A0,5,1,0x08,split_table
AB30,5,standalone,AB30,5,99A0,5,1,0x08,split_table
9DFE,5,standalone,9DFE,5,9DFE,5,1,0x08,split_table
DE30,7,standalone,DE30,7,D0F5,7,1,0x08,split_table
AB60,5,standalone,AB60,5,AB60,5,1,0x08,split_table
B1AB,5,standalone,B1AB,5,B1A0,5,1,0x08,split_table
DE38,7,standalone,DE38,7,D0F5,7,1,0x08,split_table
BD25,5,standalone,BD25,5,BD25,5,1,0x08,split_table
E73F,7,standalone,E73F,7,E73F,7,1,0x08,split_table
914C,5,standalone,914C,5,913C,5,1,0x08,split_table
A222,5,standalone,A222,5,A222,5,1,0x08,split_table
B430,5,standalone,B430,5,B430,5,1,0x08,split_table
A98A,5,standalone,A98A,5,99A0,5,1,0x08,split_table
9F48,5,standalone,9F48,5,9F48,5,1,0x08,split_table
99A2,5,standalone,99A2,5,99A0,5,1,0x08,split_table
999F,5,standalone,999F,5,998A,5,1,0x08,split_table
9909,5,standalone,9909,5,9909,5,1,0x08,split_table
AB06,5,standalone,AB06,5,99A0,5,1,0x08,split_table
A5BD,5,standalone,A5BD,5,A5BD,5,1,0x08,split_table
99A5,5,standalone,99A5,5,998A,5,1,0x08,split_table
A57D,5,standalone,A57D,5,A57D,5,1,0x08,split_table
99AB,5,standalone,99AB,5,998A,5,1,0x08,split_table
D526,7,standalone,D526,7,C555,7,1,0x08,split_table
AAF1,5,standalone,AAF1,5,99A0,5,1,0x08,split_table
F8D5,7,standalone,F8D5,7,F72F,7,1,0x08,split_table
B020,5,standalone,B020,5,B011,5,1,0x08,split_table
9FE9,5,standalone,9FE9,5,9FE9,5,1,0x08,split_table
8530,5,standalone,8530,5,8530,5,1,0x08,split_table
A229,5,standalone,A229,5,9483,5,1,0x08,split_table
B485,5,standalone,B485,5,B485,5,1,0x08,split_table
A58A,5,standalone,A58A,5,A58A,5,1,0x08,split_table
994B,5,standalone,994B,5,994B,5,1,0x08,split_table
A504,5,standalone,A504,5,A504,5,1,0x08,split_table
9925,5,standalone,9925,5,9912,5,1,0x08,split_table
AB26,5,standalone,AB26,5,AB12,5,1,0x08,split_table
ABF2,5,standalone,ABF2,5,ABF2,5,1,0x08,split_table
AC00,5,standalone,AC00,5,AC00,5,1,0x08,split_table
AC08,5,standalone,AC08,5,AC08,5,1,0x08,split_table
AC4B,5,standalone,AC4B,5,AC4B,5,1,0x08,split_table
ABFF,5,standalone,ABFF,5,ABFC,5,1,0x08,split_table
A5FE,5,standalone,A5FE,5,9483,5,1,0x08,split_table
BDA8,5,standalone,BDA8,5,BCC4,5,1,0x08,split_table
ACD1,5,standalone,ACD1,5,ACD1,5,1,0x08,split_table
BD49,5,standalone,BD49,5,BCC4,5,1,0x08,split_table
A0D1,5,standalone,A0D1,5,A0D1,5,1,0x08,split_table
BDA0,5,standalone,BDA0,5,BD9D,5,1,0x08,split_table
A505,5,standalone,A505,5,A505,5,1,0x08,split_table
8553,5,standalone,8553,5,8553,5,1,0x08,split_table
FC33,7,standalone,FC33,7,FC33,7,1,0x08,split_table
F031,7,standalone,F031,7,F031,7,1,0x08,split_table
DEF0,7,standalone,DEF0,7,D0F5,7,1,0x08,split_table
9130,5,standalone,9130,5,9130,5,1,0x08,split_table
F3DE,7,standalone,F3DE,7,F3A9,7,1,0x08,split_table
AC91,5,standalone,AC91,5,AC91,5,1,0x08,split_table
99AC,5,standalone,99AC,5,99AA,5,1,0x08,split_table
BD62,5,standalone,BD62,5,BCC4,5,1,0x08,split_table
9310,5,standalone,9310,5,92FB,5,1,0x08,split_table
9760,5,standalone,9760,5,974C,5,1,0x08,split_table
A5A9,5,standalone,A5A9,5,A5A9,5,1,0x08,split_table
BDD0,5,standalone,BDD0,5,BDD0,5,1,0x08,split_table
E915,7,standalone,E915,7,E915,7,1,0x08,split_table
9DE1,5,standalone,9DE1,5,9DE1,5,1,0x08,split_table
A723,5,standalone,A723,5,99A0,5,1,0x08,split_table
AE53,5,standalone,AE53,5,AE53,5,1,0x08,split_table
AEA7,5,standalone,AEA7,5,AEA7,5,1,0x08,split_table
AE0C,5,standalone,AE0C,5,AE0C,5,1,0x08,split_table
BCAE,5,standalone,BCAE,5,BCAE,5,1,0x08,split_table
9DDE,5,standalone,9DDE,5,9DDE,5,1,0x08,split_table
9131,5,standalone,9131,5,911A,5,1,0x08,split_table
A59D,5,standalone,A59D,5,9483,5,1,0x08,split_table
91A5,5,standalone,91A5,5,91A0,5,1,0x08,split_table
BD29,5,standalone,BD29,5,BCC4,5,1,0x08,split_table
BD91,5,standalone,BD91,5,BCC4,5,1,0x08,split_table
E460,7,standalone,E460,7,E460,7,1,0x08,split_table
A5B2,5,standalone,A5B2,5,9483,5,1,0x08,split_table
910D,5,standalone,910D,5,910A,5,1,0x08,split_table
B99D,5,standalone,B99D,5,B99D,5,1,0x08,split_table
AF51,5,standalone,AF51,5,AF39,5,1,0x08,split_table
AF06,5,standalone,AF06,5,AF06,5,1,0x08,split_table
D305,7,standalone,D305,7,C3ED,7,1,0x08,split_table
9AB9,5,standalone,9AB9,5,9AB5,5,1,0x08,split_table
9DA0,5,standalone,9DA0,5,9DA0,5,1,0x08,split_table
BCD3,5,standalone,BCD3,5,BCC4,5,1,0x08,split_table
B19A,5,standalone,B19A,5,B191,5,1,0x08,split_table
AED1,5,standalone,AED1,5,AED1,5,1,0x08,split_table
85C7,5,standalone,85C7,5,8594,5,1,0x08,split_table
AE39,5,standalone,AE39,5,AE39,5,1,0x08,split_table
AF5C,5,standalone,AF5C,5,AF5C,5,1,0x08,split_table
AFD9,5,standalone,AFD9,5,AFD9,5,1,0x08,split_table
AF09,5,standalone,AF09,5,AF09,5,1,0x08,split_table
AF6B,5,standalone,AF6B,5,AF6B,5,1,0x08,split_table
AFAE,5,standalone,AFAE,5,AF74,5,2,0x09,control|split_table
BDAF,5,standalone,BDAF,5,BDAF,5,1,0x08,split_table
90AF,5,standalone,90AF,5,9083,5,1,0x08,split_table
9714,5,standalone,9714,5,9714,5,1,0x08,split_table
90D0,5,standalone,90D0,5,90D0,5,1,0x08,split_table
8597,5,standalone,8597,5,8597,5,1,0x08,split_table
BC21,5,standalone,BC21,5,B212,5,1,0x08,split_table
B18A,5,standalone,B18A,5,B18A,5,1,0x08,split_table
B8B1,5,standalone,B8B1,5,B8B1,5,1,0x08,split_table
AF05,5,standalone,AF05,5,AED1,5,1,0x08,split_table
B806,5,standalone,B806,5,B806,5,1,0x08,split_table
AF18,5,standalone,AF18,5,AF09,5,1,0x08,split_table
9D79,5,standalone,9D79,5,9483,5,1,0x08,split_table
E818,7,standalone,E818,7,E818,7,1,0x08,split_table
B1C6,5,standalone,B1C6,5,B1C6,5,1,0x08,split_table
BDF4,5,standalone,BDF4,5,BDF4,5,1,0x08,split_table
BD33,5,standalone,BD33,5,BCC4,5,1,0x08,split_table
ED33,7,standalone,ED33,7,ED33,7,1,0x08,split_table
B1E8,5,standalone,B1E8,5,B1D7,5,1,0x08,split_table
AED9,5,standalone,AED9,5,AED9,5,1,0x08,split_table
AF39,5,standalone,AF39,5,AF39,5,1,0x08,split_table
BDAE,5,standalone,BDAE,5,BDAE,5,1,0x08,split_table
9704,5,standalone,9704,5,9702,5,1,0x08,split_table
90C9,5,standalone,90C9,5,9083,5,1,0x08,split_table
BC97,5,standalone,BC97,5,B212,5,1,0x08,split_table
B190,5,standalone,B190,5,B18A,5,1,0x08,split_table
B833,5,standalone,B833,5,B833,5,1,0x08,split_table
AFBC,5,standalone,AFBC,5,AFBC,5,1,0x08,split_table
B8BD,5,standalone,B8BD,5,B8A0,5,1,0x08,split_table
AF31,5,standalone,AF31,5,AF09,5,1,0x08,split_table
F4B8,7,standalone,F4B8,7,F459,7,1,0x08,split_table
AA9D,5,standalone,AA9D,5,AA9D,5,1,0x08,split_table
B106,5,standalone,B106,5,B102,5,1,0x08,split_table
A010,5,standalone,A010,5,A010,5,1,0x08,split_table
B58A,5,standalone,B58A,5,B58A,5,1,0x08,split_table
B148,5,standalone,B148,5,B148,5,1,0x08,split_table
E5B1,7,standalone,E5B1,7,E57D,7,1,0x08,split_table
AA33,5,standalone,AA33,5,99A0,5,1,0x08,split_table
B1D0,5,standalone,B1D0,5,B1C0,5,1,0x08,split_table
DE18,7,standalone,DE18,7,D0F5,7,1,0x08,split_table
DE29,7,standalone,DE29,7,DE29,7,1,0x08,split_table
B160,5,standalone,B160,5,B160,5,1,0x08,split_table
B9D0,5,standalone,B9D0,5,B9B7,5,1,0x08,split_table
AF9D,5,standalone,AF9D,5,AF74,5,1,0x08,split_table
8EFD,5,standalone,8EFD,5,8EFD,5,1,0x08,split_table
AFF1,5,standalone,AFF1,5,AFF1,5,1,0x08,split_table
F018,7,standalone,F018,7,EF9B,7,1,0x08,split_table
B02D,5,standalone,B02D,5,B02D,5,1,0x08,split_table
B050,5,standalone,B050,5,B050,5,1,0x08,split_table
ADB0,5,standalone,ADB0,5,AD85,5,1,0x08,split_table
90EE,5,standalone,90EE,5,90EE,5,1,0x08,split_table
CE11,7,standalone,CE11,7,C004,7,1,0x08,split_table
AD11,5,standalone,AD11,5,AD06,5,1,0x08,split_table
CDAD,7,standalone,CDAD,7,C004,7,1,0x08,split_table
EE8D,7,standalone,EE8D,7,EE8D,7,1,0x08,split_table
CEB1,7,standalone,CEB1,7,C004,7,1,0x08,split_table
A5B1,5,standalone,A5B1,5,9483,5,1,0x08,split_table
A94A,5,standalone,A94A,5,A94A,5,1,0x08,split_table
EA04,7,standalone,EA04,7,E9F9,7,1,0x08,split_table
A2EA,5,standalone,A2EA,5,9483,5,1,0x08,split_table
B018,5,standalone,B018,5,B011,5,1,0x08,split_table
A4A9,5,standalone,A4A9,5,A491,5,1,0x08,split_table
9FF1,5,standalone,9FF1,5,9483,5,1,0x08,split_table
B8D0,5,standalone,B8D0,5,B8A0,5,1,0x08,split_table
8598,5,standalone,8598,5,8594,5,1,0x08,split_table
AD08,5,standalone,AD08,5,AD07,5,1,0x08,split_table
A971,5,standalone,A971,5,A971,5,1,0x08,split_table
AC8D,5,standalone,AC8D,5,AC8D,5,1,0x08,split_table
B9AC,5,standalone,B9AC,5,B9AC,5,1,0x08,split_table
CE51,7,standalone,CE51,7,C004,7,1,0x08,split_table
B9B0,5,standalone,B9B0,5,B9B0,5,1,0x08,split_table
B023,5,standalone,B023,5,B011,5,1,0x08,split_table
D86C,7,standalone,D86C,7,C915,7,1,0x08,split_table
B116,5,standalone,B116,5,B116,5,1,0x08,split_table
AD8D,5,standalone,AD8D,5,AD8D,5,1,0x08,split_table
9ED1,5,standalone,9ED1,5,9EB4,5,1,0x08,split_table
EECE,7,standalone,EECE,7,EEB4,7,1,0x08,split_table
9104,5,standalone,9104,5,90E6,5,1,0x08,split_table
B0D8,5,standalone,B0D8,5,B0D8,5,1,0x08,split_table
B0F1,5,standalone,B0F1,5,B0F1,5,1,0x08,split_table
B10B,5,standalone,B10B,5,B10B,5,1,0x08,split_table
B123,5,standalone,B123,5,B123,5,1,0x08,split_table
CD11,7,standalone,CD11,7,CD11,7,1,0x08,split_table
9E06,5,standalone,9E06,5,9E06,5,1,0x08,split_table
EA62,7,standalone,EA62,7,EA5C,7,1,0x08,split_table
9499,5,standalone,9499,5,9499,5,1,0x08,split_table
EE20,7,standalone,EE20,7,EE11,7,1,0x08,split_table
ADCE,5,standalone,ADCE,5,ADCE,5,1,0x08,split_table
B0AD,5,standalone,B0AD,5,B0AD,5,1,0x08,split_table
EA3A,7,standalone,EA3A,7,EA3A,7,1,0x08,split_table
A220,5,standalone,A220,5,9483,5,1,0x08,split_table
AD33,5,standalone,AD33,5,AD33,5,1,0x08,split_table
A96F,5,standalone,A96F,5,99A0,5,1,0x08,split_table
BD7D,5,standalone,BD7D,5,BCC4,5,1,0x08,split_table
99D0,5,standalone,99D0,5,99D0,5,1,0x08,split_table
F11B,7,standalone,F11B,7,F11B,7,1,0x08,split_table
A97F,5,standalone,A97F,5,A97F,5,1,0x08,split_table
B131,5,standalone,B131,5,B123,5,1,0x08,split_table
F0CF,7,standalone,F0CF,7,F0CF,7,1,0x08,split_table
B1A3,5,standalone,B1A3,5,B1A0,5,3,0x09,control|split_table
B1C2,5,standalone,B1C2,5,B1C0,5,1,0x08,split_table
B212,5,standalone,B212,5,B212,5,1,0x08,split_table
AC20,5,standalone,AC20,5,AC08,5,1,0x08,split_table
9803,5,standalone,9803,5,9802,5,1,0x08,split_table
ACBD,5,standalone,ACBD,5,ACBD,5,1,0x08,split_table
AD9D,5,standalone,AD9D,5,AD9D,5,1,0x08,split_table
F01A,7,standalone,F01A,7,F01A,7,1,0x08,split_table
AD72,5,standalone,AD72,5,AD72,5,1,0x08,split_table
9203,5,standalone,9203,5,91A0,5,1,0x08,split_table
BD24,5,standalone,BD24,5,BCC4,5,1,0x08,split_table
9192,5,standalone,9192,5,9191,5,1,0x08,split_table
F06A,7,standalone,F06A,7,F068,7,1,0x08,split_table
A806,5,standalone,A806,5,A7FD,5,1,0x08,split_table
B929,5,standalone,B929,5,B929,5,1,0x08,split_table
B2A8,5,standalone,B2A8,5,B2A8,5,1,0x08,split_table
9143,5,standalone,9143,5,913C,5,1,0x08,split_table
B218,5,standalone,B218,5,B218,5,1,0x08,split_table
B3F3,5,standalone,B3F3,5,B212,5,1,0x08,split_table
B418,5,standalone,B418,5,B212,5,1,0x08,split_table
B432,5,standalone,B432,5,B212,5,1,0x08,split_table
B44E,5,standalone,B44E,5,B212,5,1,0x08,split_table
ADB3,5,standalone,ADB3,5,AD85,5,1,0x08,split_table
A01F,5,standalone,A01F,5,A01F,5,1,0x08,split_table
ADEE,5,standalone,ADEE,5,ADEE,5,1,0x08,split_table
B102,5,standalone,B102,5,B102,5,1,0x08,split_table
CE8D,7,standalone,CE8D,7,C004,7,1,0x08,split_table
A011,5,standalone,A011,5,9483,5,1,0x08,split_table
B9B4,5,standalone,B9B4,5,B9A9,5,1,0x08,split_table
B431,5,standalone,B431,5,B212,5,1,0x08,split_table
F13F,7,standalone,F13F,7,F13F,7,1,0x08,split_table
AD8C,5,standalone,AD8C,5,AD85,5,1,0x08,split_table
EE00,7,standalone,EE00,7,EE00,7,1,0x08,split_table
AD13,5,standalone,AD13,5,AD13,5,1,0x08,split_table
B18D,5,standalone,B18D,5,B18A,5,1,0x08,split_table
B105,5,standalone,B105,5,B0F1,5,1,0x08,split_table
9D07,5,standalone,9D07,5,9483,5,1,0x08,split_table
BDB4,5,standalone,BDB4,5,BCC4,5,1,0x08,split_table
DEFE,7,standalone,DEFE,7,D0F5,7,1,0x08,split_table
B781,5,standalone,B781,5,B212,5,1,0x08,split_table
B7DE,5,standalone,B7DE,5,B212,5,1,0x08,split_table
B83A,5,standalone,B83A,5,B212,5,1,0x08,split_table
ADB7,5,standalone,ADB7,5,ADB7,5,1,0x08,split_table
F94D,7,standalone,F94D,7,F94D,7,1,0x08,split_table
A2F9,5,standalone,A2F9,5,9483,5,1,0x08,split_table
8F08,5,standalone,8F08,5,8F08,5,1,0x08,split_table
99B4,5,standalone,99B4,5,998A,5,1,0x08,split_table
B02A,5,standalone,B02A,5,B02A,5,1,0x08,split_table
A98F,5,standalone,A98F,5,A98F,5,1,0x08,split_table
A945,5,standalone,A945,5,99A0,5,1,0x08,split_table
9805,5,standalone,9805,5,9805,5,1,0x08,split_table
B74A,5,standalone,B74A,5,B212,5,1,0x08,split_table
A0B7,5,standalone,A0B7,5,9483,5,1,0x08,split_table
A820,5,standalone,A820,5,A820,5,1,0x08,split_table
F7EF,7,standalone,F7EF,7,F7DC,7,1,0x08,split_table
D1EC,7,standalone,D1EC,7,C3ED,7,1,0x08,split_table
BCF1,5,standalone,BCF1,5,BCC4,5,1,0x08,split_table
AD48,5,standalone,AD48,5,AD46,5,1,0x08,split_table
B04F,5,standalone,B04F,5,B03F,5,1,0x08,split_table
AD46,5,standalone,AD46,5,AD46,5,1,0x08,split_table
9806,5,standalone,9806,5,9802,5,1,0x08,split_table
990A,5,standalone,990A,5,98CE,5,1,0x08,split_table
B999,5,standalone,B999,5,B98A,5,1,0x08,split_table
EFA8,7,standalone,EFA8,7,EF9B,7,1,0x08,split_table
A0C9,5,standalone,A0C9,5,A0C9,5,1,0x08,split_table
98D0,5,standalone,98D0,5,98CE,5,1,0x08,split_table
AA1F,5,standalone,AA1F,5,99A0,5,1,0x08,split_table
8629,5,standalone,8629,5,8594,5,1,0x08,split_table
B807,5,standalone,B807,5,B807,5,1,0x08,split_table
A907,5,standalone,A907,5,99A0,5,1,0x08,split_table
AA98,5,standalone,AA98,5,AA98,5,1,0x08,split_table
B84A,5,standalone,B84A,5,B843,5,1,0x08,split_table
ADB8,5,standalone,ADB8,5,AD85,5,1,0x08,split_table
AD07,5,standalone,AD07,5,AD07,5,1,0x08,split_table
B966,5,standalone,B966,5,B212,5,1,0x08,split_table
B979,5,standalone,B979,5,B979,5,1,0x08,split_table
AD76,5,standalone,AD76,5,AD69,5,1,0x08,split_table
E9AD,7,standalone,E9AD,7,E9AD,7,1,0x08,split_table
EE32,7,standalone,EE32,7,EE11,7,1,0x08,split_table
AD06,5,standalone,AD06,5,AD06,5,1,0x08,split_table
A0AD,5,standalone,A0AD,5,A0AD,5,1,0x08,split_table
AD24,5,standalone,AD24,5,AD24,5,1,0x08,split_table
80EF,5,standalone,80EF,5,80BB,5,1,0x08,split_table
91C9,5,standalone,91C9,5,91A0,5,1,0x08,split_table
BA71,5,standalone,BA71,5,B212,5,1,0x08,split_table
B911,5,standalone,B911,5,B8A0,5,1,0x08,split_table
93A9,5,standalone,93A9,5,93A9,5,1,0x08,split_table
B120,5,standalone,B120,5,B120,5,1,0x08,split_table
B293,5,standalone,B293,5,B293,5,1,0x08,split_table
AD29,5,standalone,AD29,5,AD06,5,1,0x08,split_table
B738,5,standalone,B738,5,B738,5,1,0x08,split_table
B9E9,5,standalone,B9E9,5,B9B7,5,1,0x08,split_table
98A9,5,standalone,98A9,5,98A0,5,1,0x08,split_table
BACE,5,standalone,BACE,5,B212,5,1,0x08,split_table
A0D0,5,standalone,A0D0,5,9483,5,1,0x08,split_table
B985,5,standalone,B985,5,B985,5,1,0x08,split_table
B9A0,5,standalone,B9A0,5,B98A,5,1,0x08,split_table
B484,5,standalone,B484,5,B212,5,1,0x08,split_table
B38C,5,standalone,B38C,5,B366,5,1,0x08,split_table
BA64,5,standalone,BA64,5,B212,5,1,0x08,split_table
BA85,5,standalone,BA85,5,B212,5,1,0x08,split_table
BA9B,5,standalone,BA9B,5,BA97,5,1,0x08,split_table
90D1,5,standalone,90D1,5,9083,5,1,0x08,split_table
EEFC,7,standalone,EEFC,7,EEFC,7,1,0x08,split_table
98B1,5,standalone,98B1,5,98B1,5,1,0x08,split_table
A811,5,standalone,A811,5,A811,5,1,0x08,split_table
BA4A,5,standalone,BA4A,5,BA48,5,1,0x08,split_table
B969,5,standalone,B969,5,B212,5,1,0x08,split_table
8525,5,standalone,8525,5,8525,5,1,0x08,split_table
BB85,5,standalone,BB85,5,BB85,5,1,0x08,split_table
BABB,5,standalone,BABB,5,BA97,5,1,0x08,split_table
90BA,5,standalone,90BA,5,90BA,5,1,0x08,split_table
A0BA,5,standalone,A0BA,5,9483,5,1,0x08,split_table
9281,5,standalone,9281,5,9281,5,1,0x08,split_table
9392,5,standalone,9392,5,9392,5,1,0x08,split_table
9A99,5,standalone,9A99,5,9A99,5,1,0x08,split_table
9493,5,standalone,9493,5,9493,5,1,0x08,split_table
9B9A,5,standalone,9B9A,5,9B9A,5,1,0x08,split_table
9C9B,5,standalone,9C9B,5,9483,5,1,0x08,split_table
AD85,5,standalone,AD85,5,AD85,5,1,0x08,split_table
B10D,5,standalone,B10D,5,B10B,5,1,0x08,split_table
BB0A,5,standalone,BB0A,5,BB0A,5,1,0x08,split_table
B97F,5,standalone,B97F,5,B97F,5,1,0x08,split_table
80BB,5,standalone,80BB,5,80BB,5,1,0x08,split_table
ADF0,5,standalone,ADF0,5,ADEE,5,1,0x08,split_table
A84A,5,standalone,A84A,5,99A0,5,1,0x08,split_table
B94A,5,standalone,B94A,5,B94A,5,1,0x08,split_table
BF4A,5,standalone,BF4A,5,BCC4,5,1,0x08,split_table
BB4A,5,standalone,BB4A,5,BB28,5,1,0x08,split_table
A026,5,standalone,A026,5,9483,5,1,0x08,split_table
99A0,5,standalone,99A0,5,99A0,5,1,0x08,split_table
D329,7,standalone,D329,7,C3ED,7,1,0x08,split_table
BB07,5,standalone,BB07,5,B212,5,1,0x08,split_table
A985,5,standalone,A985,5,A985,5,1,0x08,split_table
A585,5,standalone,A585,5,9483,5,1,0x08,split_table
A085,5,standalone,A085,5,A085,5,1,0x08,split_table
A546,5,standalone,A546,5,A539,5,1,0x08,split_table
B1A5,5,standalone,B1A5,5,B1A0,5,1,0x08,split_table
BBF6,5,standalone,BBF6,5,B212,5,1,0x08,split_table
BC2A,5,standalone,BC2A,5,B212,5,1,0x08,split_table
D3A0,7,standalone,D3A0,7,C3ED,7,1,0x08,split_table
DD9A,7,standalone,DD9A,7,CD7D,7,1,0x08,split_table
B505,5,standalone,B505,5,B505,5,1,0x08,split_table
AD10,5,standalone,AD10,5,AD10,5,1,0x08,split_table
F0AD,7,standalone,F0AD,7,F0AD,7,1,0x08,split_table
9206,5,standalone,9206,5,9206,5,1,0x08,split_table
AFFB,5,standalone,AFFB,5,AFF1,5,1,0x08,split_table
9892,5,standalone,9892,5,9892,5,1,0x08,split_table
BCA8,5,standalone,BCA8,5,BCA8,5,1,0x08,split_table
9723,5,standalone,9723,5,9483,5,1,0x08,split_table
D845,7,standalone,D845,7,D845,7,1,0x08,split_table
BCD8,5,standalone,BCD8,5,BCD8,5,1,0x08,split_table
A91F,5,standalone,A91F,5,99A0,5,1,0x08,split_table
B4A5,5,standalone,B4A5,5,B4A5,5,1,0x08,split_table
A5C4,5,standalone,A5C4,5,A5C4,5,1,0x08,split_table
BD1F,5,standalone,BD1F,5,BCC4,5,1,0x08,split_table
9202,5,standalone,9202,5,91A0,5,1,0x08,split_table
A3FA,5,standalone,A3FA,5,9483,5,1,0x08,split_table
BC98,5,standalone,BC98,5,BC98,5,1,0x08,split_table
9BBC,5,standalone,9BBC,5,9BBC,5,1,0x08,split_table
BC9B,5,standalone,BC9B,5,BC9B,5,1,0x08,split_table
BC4C,5,standalone,BC4C,5,B212,5,1,0x08,split_table
BBE6,5,standalone,BBE6,5,B212,5,1,0x08,split_table
ADBC,5,standalone,ADBC,5,AD85,5,1,0x08,split_table
BC18,5,standalone,BC18,5,B212,5,1,0x08,split_table
D405,7,standalone,D405,7,D405,7,1,0x08,split_table
BC45,5,standalone,BC45,5,B212,5,1,0x08,split_table
9D38,5,standalone,9D38,5,9483,5,1,0x08,split_table
97A9,5,standalone,97A9,5,97A9,5,1,0x08,split_table
A502,5,standalone,A502,5,A502,5,1,0x08,split_table
B220,5,standalone,B220,5,B220,5,1,0x08,split_table
BCB2,5,standalone,BCB2,5,BCB2,5,1,0x08,split_table
92E9,5,standalone,92E9,5,92E9,5,1,0x08,split_table
BD02,5,standalone,BD02,5,BCC4,5,1,0x08,split_table
9269,5,standalone,9269,5,9250,5,1,0x08,split_table
98FB,5,standalone,98FB,5,98FB,5,1,0x08,split_table
A34C,5,standalone,A34C,5,9483,5,1,0x08,split_table
BCFA,5,standalone,BCFA,5,BCC4,5,1,0x08,split_table
9BA3,5,standalone,9BA3,5,9B6E,5,1,0x08,split_table
BC59,5,standalone,BC59,5,BC59,5,1,0x08,split_table
D451,7,standalone,D451,7,C496,7,1,0x08,split_table
FF9D,7,standalone,FF9D,7,FF9D,7,1,0x08,split_table
BD4F,5,standalone,BD4F,5,BCC4,5,1,0x08,split_table
BDBF,5,standalone,BDBF,5,BCC4,5,1,0x08,split_table
BDCF,5,standalone,BDCF,5,BCC4,5,1,0x08,split_table
EDBD,7,standalone,EDBD,7,EDBD,7,1,0x08,split_table
C9ED,7,standalone,C9ED,7,C004,7,1,0x08,split_table
9001,5,standalone,9001,5,8FC2,5,1,0x08,split_table
AD69,5,standalone,AD69,5,AD69,5,1,0x08,split_table
D109,7,standalone,D109,7,C1B3,7,1,0x08,split_table
F08D,7,standalone,F08D,7,F068,7,1,0x08,split_table
BE44,5,standalone,BE44,5,BE44,5,1,0x08,split_table
BEBA,5,standalone,BEBA,5,BCC4,5,1,0x08,split_table
BE7A,5,standalone,BE7A,5,BCC4,5,1,0x08,split_table
BE79,5,standalone,BE79,5,BCC4,5,1,0x08,split_table
BDBE,5,standalone,BDBE,5,BCC4,5,1,0x08,split_table
A0BE,5,standalone,A0BE,5,A0BE,5,1,0x08,split_table
B9BD,5,standalone,B9BD,5,B9BD,5,1,0x08,split_table
990D,5,standalone,990D,5,98CE,5,1,0x08,split_table
99C9,5,standalone,99C9,5,998A,5,1,0x08,split_table
B1FA,5,standalone,B1FA,5,B1FA,5,1,0x08,split_table
A5EE,5,standalone,A5EE,5,A5EE,5,1,0x08,split_table
A869,5,standalone,A869,5,A869,5,1,0x08,split_table
E485,7,standalone,E485,7,E460,7,1,0x08,split_table
A5E3,5,standalone,A5E3,5,9483,5,1,0x08,split_table
BFD0,5,standalone,BFD0,5,BCC4,5,1,0x08,split_table
A9BF,5,standalone,A9BF,5,99A0,5,1,0x08,split_table
A83A,5,standalone,A83A,5,A7FD,5,1,0x08,split_table
E469,7,standalone,E469,7,E460,7,1,0x08,split_table
A0E4,5,standalone,A0E4,5,9483,5,1,0x08,split_table
8556,5,standalone,8556,5,8525,5,1,0x08,split_table
E085,7,standalone,E085,7,E085,7,1,0x08,split_table
83AE,6,standalone,83AE,6,83AE,6,1,0x08,split_table
8431,6,standalone,8431,6,8431,6,1,0x08,split_table
843C,6,standalone,843C,6,843C,6,1,0x08,split_table
EAA6,7,standalone,EAA6,7,EAA6,7,1,0x08,split_table
8442,6,standalone,8442,6,8442,6,1,0x08,split_table
8445,6,standalone,8445,6,8445,6,1,0x08,split_table
847B,6,standalone,847B,6,847B,6,1,0x08,split_table
8488,6,standalone,8488,6,8488,6,1,0x08,split_table
8493,6,standalone,8493,6,8493,6,1,0x08,split_table
84A0,6,standalone,84A0,6,84A0,6,1,0x08,split_table
84AB,6,standalone,84AB,6,84AB,6,1,0x08,split_table
84C4,6,standalone,84C4,6,84C4,6,1,0x08,split_table
8CEB,6,standalone,8CEB,6,8CEB,6,1,0x08,split_table
C9EB,7,standalone,C9EB,7,C004,7,1,0x08,split_table
85EB,6,standalone,85EB,6,85EB,6,1,0x08,split_table
86EB,6,standalone,86EB,6,86EB,6,1,0x08,split_table
A5EA,6,standalone,A5EA,6,A5BE,6,1,0x08,split_table
84EA,6,standalone,84EA,6,84EA,6,1,0x08,split_table
A055,6,standalone,A055,6,A055,6,1,0x08,split_table
852D,6,standalone,852D,6,8529,6,1,0x08,split_table
852E,6,standalone,852E,6,84EA,6,1,0x08,split_table
8807,6,standalone,8807,6,8801,6,1,0x08,split_table
9C99,6,standalone,9C99,6,9C99,6,1,0x08,split_table
A699,6,standalone,A699,6,A699,6,1,0x08,split_table
8801,6,standalone,8801,6,8801,6,1,0x08,split_table
9885,6,standalone,9885,6,9885,6,1,0x08,split_table
85DD,6,standalone,85DD,6,8567,6,1,0x08,split_table
859F,6,standalone,859F,6,8567,6,1,0x08,split_table
8AE6,6,standalone,8AE6,6,8AE6,6,1,0x08,split_table
8BA9,6,standalone,8BA9,6,8B66,6,1,0x08,split_table
9985,6,standalone,9985,6,9985,6,1,0x08,split_table
A519,6,standalone,A519,6,A519,6,1,0x08,split_table
8D02,6,standalone,8D02,6,8CFA,6,1,0x08,split_table
86E6,6,standalone,86E6,6,86E6,6,1,0x08,split_table
8FA5,6,standalone,8FA5,6,8FA5,6,1,0x08,split_table
A506,6,standalone,A506,6,A500,6,1,0x08,split_table
873A,6,standalone,873A,6,873A,6,1,0x08,split_table
A40F,6,standalone,A40F,6,A40F,6,1,0x08,split_table
8811,6,standalone,8811,6,8811,6,1,0x08,split_table
882F,6,standalone,882F,6,882F,6,1,0x08,split_table
884B,6,standalone,884B,6,884B,6,1,0x08,split_table
8860,6,standalone,8860,6,8860,6,1,0x08,split_table
88C3,6,standalone,88C3,6,88B4,6,1,0x08,split_table
88FE,6,standalone,88FE,6,88FE,6,1,0x08,split_table
88B4,6,standalone,88B4,6,88B4,6,1,0x08,split_table
8971,6,standalone,8971,6,8971,6,1,0x08,split_table
8931,6,standalone,8931,6,8931,6,1,0x08,split_table
8964,6,standalone,8964,6,8964,6,1,0x08,split_table
8981,6,standalone,8981,6,8981,6,1,0x08,split_table
AE80,7,standalone,AE80,7,AE80,7,1,0x08,split_table
AE02,7,standalone,AE02,7,AE02,7,1,0x08,split_table
8DAD,7,standalone,8DAD,7,8DAD,7,1,0x08,split_table
EBAE,7,standalone,EBAE,7,EBAE,7,1,0x08,split_table
EBC7,7,standalone,EBC7,7,EBAE,7,1,0x08,split_table
A903,7,standalone,A903,7,A903,7,1,0x08,split_table
A9E9,7,standalone,A9E9,7,A9E9,7,1,0x08,split_table
990E,7,standalone,990E,7,990E,7,1,0x08,split_table
A999,7,standalone,A999,7,A96C,7,1,0x08,split_table
EA02,7,standalone,EA02,7,E9F9,7,1,0x08,split_table
A9CA,7,standalone,A9CA,7,A9CA,7,1,0x08,split_table
9960,7,standalone,9960,7,9951,7,1,0x08,split_table
A5E9,7,standalone,A5E9,7,A5E9,7,1,0x08,split_table
8B30,7,standalone,8B30,7,8B30,7,1,0x08,split_table
9913,7,standalone,9913,7,98AE,7,1,0x08,split_table
A910,7,standalone,A910,7,A910,7,1,0x08,split_table
F1A9,7,standalone,F1A9,7,F1A9,7,1,0x08,split_table
A505,7,standalone,A505,7,A501,7,1,0x08,split_table
A901,7,standalone,A901,7,A901,7,1,0x08,split_table
B085,7,standalone,B085,7,B085,7,1,0x08,split_table
A936,7,standalone,A936,7,A933,7,1,0x08,split_table
9999,7,standalone,9999,7,9999,7,1,0x08,split_table
9911,7,standalone,9911,7,990E,7,1,0x08,split_table
9951,7,standalone,9951,7,9951,7,1,0x08,split_table
E930,7,standalone,E930,7,E930,7,1,0x08,split_table
9918,7,standalone,9918,7,9918,7,1,0x08,split_table
A503,7,standalone,A503,7,A501,7,1,0x08,split_table
A501,7,standalone,A501,7,A4E9,7,3,0x09,control|split_table
A909,7,standalone,A909,7,A903,7,1,0x08,split_table
8D03,7,standalone,8D03,7,8D03,7,1,0x08,split_table
A520,7,standalone,A520,7,A510,7,1,0x08,split_table
B011,7,standalone,B011,7,B011,7,1,0x08,split_table
A905,7,standalone,A905,7,A905,7,1,0x08,split_table
8D02,7,standalone,8D02,7,8D02,7,1,0x08,split_table
A933,7,standalone,A933,7,A933,7,1,0x08,split_table
AD24,7,standalone,AD24,7,AD24,7,1,0x08,split_table
A526,7,standalone,A526,7,A526,7,1,0x08,split_table
A5EE,7,standalone,A5EE,7,A5EE,7,1,0x08,split_table
9848,7,standalone,9848,7,9848,7,1,0x08,split_table
AA0A,7,standalone,AA0A,7,A9FF,7,1,0x08,split_table
A80A,7,standalone,A80A,7,A80A,7,1,0x08,split_table
A1B9,7,standalone,A1B9,7,A1B9,7,1,0x08,split_table
B925,7,standalone,B925,7,B925,7,1,0x08,split_table
B924,7,standalone,B924,7,B924,7,1,0x08,split_table
9033,7,standalone,9033,7,9033,7,1,0x08,split_table
A50D,7,standalone,A50D,7,A501,7,1,0x08,split_table
F53E,7,standalone,F53E,7,F53E,7,1,0x08,split_table
F6C9,7,standalone,F6C9,7,F6C9,7,1,0x08,split_table
F739,7,standalone,F739,7,F72F,7,1,0x08,split_table
F617,7,standalone,F617,7,F617,7,1,0x08,split_table
A404,7,standalone,A404,7,A404,7,1,0x08,split_table
D28A,7,standalone,D28A,7,D28A,7,1,0x08,split_table
A420,7,standalone,A420,7,A420,7,1,0x08,split_table
B4A4,7,standalone,B4A4,7,B4A4,7,1,0x08,split_table
A9BE,7,standalone,A9BE,7,A9BE,7,1,0x08,split_table
9F14,7,standalone,9F14,7,9EF5,7,1,0x08,split_table
99F5,7,standalone,99F5,7,99F5,7,1,0x08,split_table
A0B4,7,standalone,A0B4,7,A0B4,7,1,0x08,split_table
AD16,7,standalone,AD16,7,AD16,7,1,0x08,split_table
9EF5,7,standalone,9EF5,7,9EF5,7,1,0x08,split_table
99C1,7,standalone,99C1,7,9951,7,1,0x08,split_table
9920,7,standalone,9920,7,9920,7,1,0x08,split_table
A941,7,standalone,A941,7,A933,7,1,0x08,split_table
8DCA,7,standalone,8DCA,7,8DAD,7,1,0x08,split_table
A904,7,standalone,A904,7,A901,7,1,0x08,split_table
A9F6,7,standalone,A9F6,7,A9F6,7,1,0x08,split_table
D2F8,7,standalone,D2F8,7,C3ED,7,1,0x08,split_table
8CD2,7,standalone,8CD2,7,8CA5,7,1,0x08,split_table
A4E9,7,standalone,A4E9,7,A4E9,7,1,0x08,split_table
98F5,7,standalone,98F5,7,98AE,7,1,0x08,split_table
9E20,7,standalone,9E20,7,9E20,7,1,0x08,split_table
E118,7,standalone,E118,7,E118,7,1,0x08,split_table
CB99,7,standalone,CB99,7,C004,7,1,0x08,split_table
A951,7,standalone,A951,7,A951,7,1,0x08,split_table
8CC9,7,standalone,8CC9,7,8CC9,7,1,0x08,split_table
A560,7,standalone,A560,7,A560,7,1,0x08,split_table
8CA5,7,standalone,8CA5,7,8CA5,7,1,0x08,split_table
A98C,7,standalone,A98C,7,A96C,7,1,0x08,split_table
F929,7,standalone,F929,7,F72F,7,1,0x08,split_table
A9D0,7,standalone,A9D0,7,A9D0,7,1,0x08,split_table
B0C6,4,standalone,B0C6,4,B0C6,4,1,0x01,control
84F1,4,standalone,84F1,4,84F1,4,1,0x01,control
901B,5,standalone,901B,5,9015,5,1,0x01,control
B285,5,standalone,B285,5,B250,5,2,0x01,control
AE6C,5,standalone,AE6C,5,AE53,5,1,0x01,control
841C,5,standalone,841C,5,841C,5,1,0x01,control
9D59,5,standalone,9D59,5,9483,5,3,0x01,control
90E6,5,standalone,90E6,5,8594,5,4,0x01,control
EA28,7,standalone,EA28,7,EA22,7,2,0x01,control
B13E,5,standalone,B13E,5,B123,5,4,0x01,control
A139,5,standalone,A139,5,9483,5,1,0x01,control
EA50,7,standalone,EA50,7,EA45,7,1,0x01,control
EA30,7,standalone,EA30,7,EA22,7,1,0x01,control
AA7B,5,standalone,AA7B,5,99A0,5,1,0x01,control
AB8C,5,standalone,AB8C,5,AB7B,5,2,0x01,control
BCC4,5,standalone,BCC4,5,B212,5,1,0x01,control
9974,5,standalone,9974,5,9974,5,2,0x01,control
9963,5,standalone,9963,5,9963,5,2,0x01,control
ABFC,5,standalone,ABFC,5,ABF2,5,2,0x01,control
B7D0,5,standalone,B7D0,5,B7D0,5,1,0x01,control
AFB0,5,standalone,AFB0,5,AFB0,5,1,0x01,control
B519,5,standalone,B519,5,B519,5,1,0x01,control
B03F,5,standalone,B03F,5,AFF1,5,1,0x01,control
B902,5,standalone,B902,5,B902,5,2,0x01,control
BA41,5,standalone,BA41,5,BA41,5,2,0x01,control
A49C,5,standalone,A49C,5,A491,5,1,0x01,control
B0ED,5,standalone,B0ED,5,B0D8,5,1,0x01,control
99D7,5,standalone,99D7,5,99D7,5,1,0x01,control
8F01,5,standalone,8F01,5,8594,5,1,0x01,control
B843,5,standalone,B843,5,B212,5,1,0x01,control
BAFC,5,standalone,BAFC,5,B212,5,2,0x01,control
99CB,5,standalone,99CB,5,99CB,5,1,0x01,control
9B72,5,standalone,9B72,5,9B6E,5,1,0x01,control
BEBD,5,standalone,BEBD,5,BCC4,5,1,0x01,control
8415,6,standalone,8415,6,8415,6,1,0x01,control
8B79,6,standalone,8B79,6,8B66,6,1,0x01,control
A9C9,7,standalone,A9C9,7,A9C9,7,1,0x01,control
A5D8,7,standalone,A5D8,7,A5D8,7,1,0x01,control
A510,7,standalone,A510,7,A510,7,2,0x01,control
A9FF,7,standalone,A9FF,7,A9FF,7,1,0x01,control
A0AC,7,standalone,A0AC,7,A0AC,7,1,0x01,control
98AE,7,standalone,98AE,7,9848,7,1,0x01,control
A553,7,standalone,A553,7,A553,7,1,0x01,control
A96C,7,standalone,A96C,7,A933,7,1,0x01,control
BA3B,5,standalone,BA3B,5,BA35,5,1,0x01,control
99D5,5,standalone,99D5,5,998A,5,1,0x01,control
