=== dispatch fault 1 frame=130 cycles=4082004 ===
target gen=$CDE7 cpu=$CDE7 bank=7 class=CODE call_site=$0000
cpu A=$FF X=$04 Y=$01 P=$00 S=$F6 window=$C000 dispatch_depth=10 vblank_depth=2 ops=2074 budget=29780
mapper type=4 current_bank=3 mirroring=2 select=$07 irq_latch=$00 irq_counter=$00 irq_reload=0 irq_enabled=0
mapper_regs 50 52 00 00 00 00 06 07
caller func_CD7D
caller2 func_CD30
target_bytes 86 0E 29 1F 85 10 0A AA
stack_bytes 00 00 B8 E4 00 00 E0 00 00 00 00 00 00 00 00 00
last_dispatches
  C $DCCE cb=-1 S=$F5 depth=6 wb=$E000
  C $CB25 cb=-1 S=$F5 depth=6 wb=$E000
  C $CD30 cb=-1 S=$F5 depth=7 wb=$C000
  C $CD30 cb=-1 S=$F5 depth=7 wb=$C000
  C $CC71 cb=-1 S=$F5 depth=7 wb=$C000
  T $CC66 cb=-1 S=$F5 depth=8 wb=$C000
  C $CC66 cb=-1 S=$F5 depth=8 wb=$C000
  C $CCDA cb=-1 S=$F5 depth=7 wb=$C000
  C $CC71 cb=-1 S=$F5 depth=7 wb=$C000
  T $CC66 cb=-1 S=$F5 depth=8 wb=$C000
  C $CC66 cb=-1 S=$F5 depth=8 wb=$C000
  C $CCDA cb=-1 S=$F5 depth=7 wb=$C000
  C $CC71 cb=-1 S=$F5 depth=7 wb=$C000
  T $CC66 cb=-1 S=$F5 depth=8 wb=$C000
  C $CC66 cb=-1 S=$F5 depth=8 wb=$C000
  C $CCDA cb=-1 S=$F5 depth=7 wb=$C000
  C $CC71 cb=-1 S=$F5 depth=7 wb=$C000
  T $CC66 cb=-1 S=$F5 depth=8 wb=$C000
  C $CC66 cb=-1 S=$F5 depth=8 wb=$C000
  n $0002 cb=-1 S=$FB depth=6 wb=$E000
  T $D9F0 cb=-1 S=$FE depth=6 wb=$E000
  C $D9F0 cb=-1 S=$FE depth=6 wb=$E000
  N $0002 cb=-1 S=$FB depth=6 wb=$E000
  C $DE39 cb=-1 S=$F5 depth=6 wb=$E000
  C $E1B9 cb=-1 S=$F5 depth=7 wb=$C000
  T $E11E cb=-1 S=$F5 depth=6 wb=$E000
  C $E11E cb=-1 S=$F5 depth=6 wb=$E000
  C $DCCE cb=-1 S=$F5 depth=6 wb=$E000
  C $CB25 cb=-1 S=$F5 depth=6 wb=$E000
  C $CD30 cb=-1 S=$F5 depth=7 wb=$C000
  C $CD30 cb=-1 S=$F5 depth=7 wb=$C000
  C $CC71 cb=-1 S=$F5 depth=7 wb=$C000
  T $CC66 cb=-1 S=$F5 depth=8 wb=$C000
  C $CC66 cb=-1 S=$F5 depth=8 wb=$C000
  C $CCDA cb=-1 S=$F5 depth=7 wb=$C000
  C $CC71 cb=-1 S=$F5 depth=7 wb=$C000
  T $CC66 cb=-1 S=$F5 depth=8 wb=$C000
  C $CC66 cb=-1 S=$F5 depth=8 wb=$C000
  C $CCDA cb=-1 S=$F5 depth=7 wb=$C000
  C $CC71 cb=-1 S=$F5 depth=7 wb=$C000
  T $CC66 cb=-1 S=$F5 depth=8 wb=$C000
  C $CC66 cb=-1 S=$F5 depth=8 wb=$C000
  C $CCDA cb=-1 S=$F5 depth=7 wb=$C000
  C $CC71 cb=-1 S=$F5 depth=7 wb=$C000
  T $CC66 cb=-1 S=$F5 depth=8 wb=$C000
  C $CC66 cb=-1 S=$F5 depth=8 wb=$C000
  n $0002 cb=-1 S=$FB depth=6 wb=$E000
  T $D9F0 cb=-1 S=$FE depth=6 wb=$E000
  C $D9F0 cb=-1 S=$FE depth=6 wb=$E000
  N $0002 cb=-1 S=$FC depth=6 wb=$E000
  C $DE39 cb=-1 S=$F6 depth=6 wb=$E000
  C $E11E cb=-1 S=$F6 depth=7 wb=$C000
  T $E11E cb=-1 S=$F6 depth=6 wb=$E000
  C $E11E cb=-1 S=$F6 depth=6 wb=$E000
  C $DCCE cb=-1 S=$F6 depth=6 wb=$E000
  C $CB25 cb=-1 S=$F6 depth=6 wb=$E000
  C $CF72 cb=-1 S=$F6 depth=7 wb=$C000
  C $CFF3 cb=-1 S=$F6 depth=7 wb=$C000
  C $CF72 cb=-1 S=$F6 depth=7 wb=$C000
  C $CFE4 cb=-1 S=$F6 depth=7 wb=$C000
  C $CD30 cb=-1 S=$F6 depth=7 wb=$C000
  C $CD7D cb=-1 S=$F6 depth=8 wb=$C000
  T $CDE7 cb=-1 S=$F6 depth=9 wb=$C000
  C $CDE7 cb=-1 S=$F6 depth=9 wb=$C000
=== end dispatch fault ===

=== dispatch fault 2 frame=430 cycles=13227799 ===
target gen=$D7D0 cpu=$D7D0 bank=7 class=CODE call_site=$023C
cpu A=$D7 X=$07 Y=$02 P=$00 S=$FD window=$C000 dispatch_depth=5 vblank_depth=0 ops=5254 budget=29781
mapper type=4 current_bank=5 mirroring=3 select=$07 irq_latch=$00 irq_counter=$00 irq_reload=0 irq_enabled=0
mapper_regs 6A 6A 01 05 00 00 0A 0B
caller func_EDF6
caller2 (none)
target_bytes 20 00 80 20 06 80 20 09
stack_bytes 3C 02 00 00 00 00 00 00 00 00 00 00 00 00 00 00
last_dispatches
  C $CD7D cb=-1 S=$F5 depth=5 wb=$C000
  T $CD50 cb=-1 S=$F5 depth=6 wb=$C000
  C $CD50 cb=-1 S=$F5 depth=6 wb=$C000
  C $CC71 cb=-1 S=$F5 depth=4 wb=$C000
  C $CCDA cb=-1 S=$F5 depth=4 wb=$C000
  C $CC71 cb=-1 S=$F5 depth=4 wb=$C000
  C $CCDA cb=-1 S=$F5 depth=4 wb=$C000
  C $CC71 cb=-1 S=$F5 depth=4 wb=$C000
  C $CCDA cb=-1 S=$F5 depth=4 wb=$C000
  C $CC71 cb=-1 S=$F5 depth=4 wb=$C000
  n $0002 cb=-1 S=$FB depth=3 wb=$E000
  T $D9F0 cb=-1 S=$FE depth=3 wb=$E000
  C $D9F0 cb=-1 S=$FE depth=3 wb=$E000
  N $0002 cb=-1 S=$FA depth=3 wb=$E000
  C $DE39 cb=-1 S=$F4 depth=3 wb=$E000
  C $E11E cb=-1 S=$F4 depth=4 wb=$C000
  T $E11E cb=-1 S=$F4 depth=3 wb=$E000
  C $E11E cb=-1 S=$F4 depth=3 wb=$E000
  C $DCCE cb=-1 S=$F4 depth=3 wb=$E000
  C $CB25 cb=-1 S=$F4 depth=3 wb=$E000
  C $CD30 cb=-1 S=$F4 depth=4 wb=$C000
  C $CD7D cb=-1 S=$F4 depth=5 wb=$C000
  T $CD50 cb=-1 S=$F4 depth=6 wb=$C000
  C $CD50 cb=-1 S=$F4 depth=6 wb=$C000
  C $CD7D cb=-1 S=$F4 depth=5 wb=$C000
  T $CD50 cb=-1 S=$F4 depth=6 wb=$C000
  C $CD50 cb=-1 S=$F4 depth=6 wb=$C000
  C $CD7D cb=-1 S=$F4 depth=5 wb=$C000
  T $CD50 cb=-1 S=$F4 depth=6 wb=$C000
  C $CD50 cb=-1 S=$F4 depth=6 wb=$C000
  C $CD7D cb=-1 S=$F4 depth=5 wb=$C000
  T $CD50 cb=-1 S=$F4 depth=6 wb=$C000
  C $CD50 cb=-1 S=$F4 depth=6 wb=$C000
  C $CD7D cb=-1 S=$F4 depth=5 wb=$C000
  T $CD50 cb=-1 S=$F4 depth=6 wb=$C000
  C $CD50 cb=-1 S=$F4 depth=6 wb=$C000
  C $CD30 cb=-1 S=$F4 depth=4 wb=$C000
  C $CD7D cb=-1 S=$F4 depth=5 wb=$C000
  T $CD50 cb=-1 S=$F4 depth=6 wb=$C000
  C $CD50 cb=-1 S=$F4 depth=6 wb=$C000
  C $CD7D cb=-1 S=$F4 depth=5 wb=$C000
  T $CD50 cb=-1 S=$F4 depth=6 wb=$C000
  C $CD50 cb=-1 S=$F4 depth=6 wb=$C000
  C $CD7D cb=-1 S=$F4 depth=5 wb=$C000
  T $CD50 cb=-1 S=$F4 depth=6 wb=$C000
  C $CD50 cb=-1 S=$F4 depth=6 wb=$C000
  C $CD7D cb=-1 S=$F4 depth=5 wb=$C000
  T $CD50 cb=-1 S=$F4 depth=6 wb=$C000
  C $CD50 cb=-1 S=$F4 depth=6 wb=$C000
  C $CD7D cb=-1 S=$F4 depth=5 wb=$C000
  T $CD50 cb=-1 S=$F4 depth=6 wb=$C000
  C $CD50 cb=-1 S=$F4 depth=6 wb=$C000
  C $CC71 cb=-1 S=$F4 depth=4 wb=$C000
  C $CCDA cb=-1 S=$F4 depth=4 wb=$C000
  C $CC71 cb=-1 S=$F4 depth=4 wb=$C000
  C $CCDA cb=-1 S=$F4 depth=4 wb=$C000
  C $CC71 cb=-1 S=$F4 depth=4 wb=$C000
  C $CCDA cb=-1 S=$F4 depth=4 wb=$C000
  C $CC71 cb=-1 S=$F4 depth=4 wb=$C000
  n $0002 cb=-1 S=$FA depth=3 wb=$E000
  T $D9F0 cb=-1 S=$FD depth=3 wb=$E000
  C $D9F0 cb=-1 S=$FD depth=3 wb=$E000
  C $D796 cb=-1 S=$FD depth=3 wb=$C000
  C $D7D0 cb=-1 S=$FD depth=4 wb=$E000
=== end dispatch fault ===

=== dispatch fault 3 frame=432 cycles=13287335 ===
target gen=$D7B8 cpu=$D7B8 bank=7 class=CODE call_site=$023A
cpu A=$D7 X=$07 Y=$00 P=$00 S=$FD window=$C000 dispatch_depth=5 vblank_depth=0 ops=5229 budget=29781
mapper type=4 current_bank=5 mirroring=3 select=$07 irq_latch=$00 irq_counter=$00 irq_reload=0 irq_enabled=0
mapper_regs 6A 6A 01 05 00 00 0A 0B
caller func_EDF6
caller2 (none)
target_bytes 20 00 80 20 09 80 20 03
stack_bytes 3A 02 00 00 00 00 00 00 00 00 00 00 00 00 00 00
last_dispatches
  C $9A69 cb=5 S=$FD depth=9 wb=$8000
  C $913C cb=5 S=$FD depth=7 wb=$8000
  T $917D cb=5 S=$FD depth=8 wb=$8000
  C $917D cb=5 S=$FD depth=8 wb=$8000
  C $911A cb=5 S=$FD depth=7 wb=$8000
  T $9B6E cb=5 S=$FD depth=8 wb=$8000
  C $9B6E cb=5 S=$FD depth=8 wb=$8000
  T $8003 cb=-1 S=$FD depth=5 wb=$C000
  C $8003 cb=-1 S=$FD depth=5 wb=$C000
  T $8F55 cb=5 S=$FD depth=6 wb=$8000
  C $8F55 cb=5 S=$FD depth=6 wb=$8000
  T $D377 cb=-1 S=$FD depth=4 wb=$C000
  C $D377 cb=-1 S=$FD depth=4 wb=$C000
  N $0002 cb=-1 S=$FA depth=3 wb=$E000
  C $DE39 cb=-1 S=$F4 depth=3 wb=$E000
  C $E11E cb=-1 S=$F4 depth=4 wb=$C000
  T $E11E cb=-1 S=$F4 depth=3 wb=$E000
  C $E11E cb=-1 S=$F4 depth=3 wb=$E000
  C $DCCE cb=-1 S=$F4 depth=3 wb=$E000
  C $CB25 cb=-1 S=$F4 depth=3 wb=$E000
  C $CD30 cb=-1 S=$F4 depth=4 wb=$C000
  C $CD7D cb=-1 S=$F4 depth=5 wb=$C000
  T $CD50 cb=-1 S=$F4 depth=6 wb=$C000
  C $CD50 cb=-1 S=$F4 depth=6 wb=$C000
  C $CD7D cb=-1 S=$F4 depth=5 wb=$C000
  T $CD50 cb=-1 S=$F4 depth=6 wb=$C000
  C $CD50 cb=-1 S=$F4 depth=6 wb=$C000
  C $CD7D cb=-1 S=$F4 depth=5 wb=$C000
  T $CD50 cb=-1 S=$F4 depth=6 wb=$C000
  C $CD50 cb=-1 S=$F4 depth=6 wb=$C000
  C $CD7D cb=-1 S=$F4 depth=5 wb=$C000
  T $CD50 cb=-1 S=$F4 depth=6 wb=$C000
  C $CD50 cb=-1 S=$F4 depth=6 wb=$C000
  C $CD7D cb=-1 S=$F4 depth=5 wb=$C000
  T $CD50 cb=-1 S=$F4 depth=6 wb=$C000
  C $CD50 cb=-1 S=$F4 depth=6 wb=$C000
  C $CD30 cb=-1 S=$F4 depth=4 wb=$C000
  C $CD7D cb=-1 S=$F4 depth=5 wb=$C000
  T $CD50 cb=-1 S=$F4 depth=6 wb=$C000
  C $CD50 cb=-1 S=$F4 depth=6 wb=$C000
  C $CD7D cb=-1 S=$F4 depth=5 wb=$C000
  T $CD50 cb=-1 S=$F4 depth=6 wb=$C000
  C $CD50 cb=-1 S=$F4 depth=6 wb=$C000
  C $CD7D cb=-1 S=$F4 depth=5 wb=$C000
  T $CD50 cb=-1 S=$F4 depth=6 wb=$C000
  C $CD50 cb=-1 S=$F4 depth=6 wb=$C000
  C $CD7D cb=-1 S=$F4 depth=5 wb=$C000
  T $CD50 cb=-1 S=$F4 depth=6 wb=$C000
  C $CD50 cb=-1 S=$F4 depth=6 wb=$C000
  C $CD7D cb=-1 S=$F4 depth=5 wb=$C000
  T $CD50 cb=-1 S=$F4 depth=6 wb=$C000
  C $CD50 cb=-1 S=$F4 depth=6 wb=$C000
  C $CC71 cb=-1 S=$F4 depth=4 wb=$C000
  C $CCDA cb=-1 S=$F4 depth=4 wb=$C000
  C $CC71 cb=-1 S=$F4 depth=4 wb=$C000
  C $CCDA cb=-1 S=$F4 depth=4 wb=$C000
  C $CC71 cb=-1 S=$F4 depth=4 wb=$C000
  C $CCDA cb=-1 S=$F4 depth=4 wb=$C000
  C $CC71 cb=-1 S=$F4 depth=4 wb=$C000
  n $0002 cb=-1 S=$FA depth=3 wb=$E000
  T $D9F0 cb=-1 S=$FD depth=3 wb=$E000
  C $D9F0 cb=-1 S=$FD depth=3 wb=$E000
  C $D796 cb=-1 S=$FD depth=3 wb=$C000
  C $D7B8 cb=-1 S=$FD depth=4 wb=$E000
=== end dispatch fault ===

=== dispatch fault 4 frame=433 cycles=13317135 ===
target gen=$D7C4 cpu=$D7C4 bank=7 class=CODE call_site=$0239
cpu A=$D7 X=$07 Y=$01 P=$00 S=$FD window=$C000 dispatch_depth=5 vblank_depth=0 ops=5248 budget=29780
mapper type=4 current_bank=5 mirroring=3 select=$07 irq_latch=$00 irq_counter=$00 irq_reload=0 irq_enabled=0
mapper_regs 6A 6A 01 05 00 00 0A 0B
caller func_EDF6
caller2 (none)
target_bytes 20 09 80 20 00 80 20 03
stack_bytes 39 02 00 00 00 00 00 00 00 00 00 00 00 00 00 00
last_dispatches
  C $CCDA cb=-1 S=$F4 depth=4 wb=$C000
  C $CC71 cb=-1 S=$F4 depth=4 wb=$C000
  C $CCDA cb=-1 S=$F4 depth=4 wb=$C000
  C $CC71 cb=-1 S=$F4 depth=4 wb=$C000
  C $CCDA cb=-1 S=$F4 depth=4 wb=$C000
  C $CC71 cb=-1 S=$F4 depth=4 wb=$C000
  n $0002 cb=-1 S=$FA depth=3 wb=$E000
  T $D9F0 cb=-1 S=$FD depth=3 wb=$E000
  C $D9F0 cb=-1 S=$FD depth=3 wb=$E000
  C $D796 cb=-1 S=$FD depth=3 wb=$C000
  C $D7B8 cb=-1 S=$FD depth=4 wb=$E000
  T $D377 cb=-1 S=$FD depth=4 wb=$C000
  C $D377 cb=-1 S=$FD depth=4 wb=$C000
  N $0002 cb=-1 S=$FA depth=3 wb=$E000
  C $DE39 cb=-1 S=$F4 depth=3 wb=$E000
  C $E11E cb=-1 S=$F4 depth=4 wb=$C000
  T $E11E cb=-1 S=$F4 depth=3 wb=$E000
  C $E11E cb=-1 S=$F4 depth=3 wb=$E000
  C $DCCE cb=-1 S=$F4 depth=3 wb=$E000
  C $CB25 cb=-1 S=$F4 depth=3 wb=$E000
  C $CD30 cb=-1 S=$F4 depth=4 wb=$C000
  C $CD7D cb=-1 S=$F4 depth=5 wb=$C000
  T $CD50 cb=-1 S=$F4 depth=6 wb=$C000
  C $CD50 cb=-1 S=$F4 depth=6 wb=$C000
  C $CD7D cb=-1 S=$F4 depth=5 wb=$C000
  T $CD50 cb=-1 S=$F4 depth=6 wb=$C000
  C $CD50 cb=-1 S=$F4 depth=6 wb=$C000
  C $CD7D cb=-1 S=$F4 depth=5 wb=$C000
  T $CD50 cb=-1 S=$F4 depth=6 wb=$C000
  C $CD50 cb=-1 S=$F4 depth=6 wb=$C000
  C $CD7D cb=-1 S=$F4 depth=5 wb=$C000
  T $CD50 cb=-1 S=$F4 depth=6 wb=$C000
  C $CD50 cb=-1 S=$F4 depth=6 wb=$C000
  C $CD7D cb=-1 S=$F4 depth=5 wb=$C000
  T $CD50 cb=-1 S=$F4 depth=6 wb=$C000
  C $CD50 cb=-1 S=$F4 depth=6 wb=$C000
  C $CD30 cb=-1 S=$F4 depth=4 wb=$C000
  C $CD7D cb=-1 S=$F4 depth=5 wb=$C000
  T $CD50 cb=-1 S=$F4 depth=6 wb=$C000
  C $CD50 cb=-1 S=$F4 depth=6 wb=$C000
  C $CD7D cb=-1 S=$F4 depth=5 wb=$C000
  T $CD50 cb=-1 S=$F4 depth=6 wb=$C000
  C $CD50 cb=-1 S=$F4 depth=6 wb=$C000
  C $CD7D cb=-1 S=$F4 depth=5 wb=$C000
  T $CD50 cb=-1 S=$F4 depth=6 wb=$C000
  C $CD50 cb=-1 S=$F4 depth=6 wb=$C000
  C $CD7D cb=-1 S=$F4 depth=5 wb=$C000
  T $CD50 cb=-1 S=$F4 depth=6 wb=$C000
  C $CD50 cb=-1 S=$F4 depth=6 wb=$C000
  C $CD7D cb=-1 S=$F4 depth=5 wb=$C000
  T $CD50 cb=-1 S=$F4 depth=6 wb=$C000
  C $CD50 cb=-1 S=$F4 depth=6 wb=$C000
  C $CC71 cb=-1 S=$F4 depth=4 wb=$C000
  C $CCDA cb=-1 S=$F4 depth=4 wb=$C000
  C $CC71 cb=-1 S=$F4 depth=4 wb=$C000
  C $CCDA cb=-1 S=$F4 depth=4 wb=$C000
  C $CC71 cb=-1 S=$F4 depth=4 wb=$C000
  C $CCDA cb=-1 S=$F4 depth=4 wb=$C000
  C $CC71 cb=-1 S=$F4 depth=4 wb=$C000
  n $0002 cb=-1 S=$FA depth=3 wb=$E000
  T $D9F0 cb=-1 S=$FD depth=3 wb=$E000
  C $D9F0 cb=-1 S=$FD depth=3 wb=$E000
  C $D796 cb=-1 S=$FD depth=3 wb=$C000
  C $D7C4 cb=-1 S=$FD depth=4 wb=$E000
=== end dispatch fault ===

=== dispatch fault 5 frame=614 cycles=18847430 ===
target gen=$89DD cpu=$89DD bank=6 class=CODE call_site=$0000
cpu A=$89 X=$03 Y=$01 P=$00 S=$FF window=$8000 dispatch_depth=7 vblank_depth=0 ops=26150 budget=29781
mapper type=4 current_bank=6 mirroring=3 select=$06 irq_latch=$00 irq_counter=$00 irq_reload=0 irq_enabled=0
mapper_regs 6A 6A 01 05 00 00 0C 05
caller func_EDF6
caller2 func_89BF_b6
target_bytes 86 33 8A 0A 65 33 A8 A9
stack_bytes 00 00 00 00 00 00 00 00 00 00 00 00 00 00 00 00
last_dispatches
  C $884E cb=6 S=$FF depth=6 wb=$8000
  C $884E cb=6 S=$FF depth=6 wb=$8000
  C $884E cb=6 S=$FF depth=6 wb=$8000
  C $884E cb=6 S=$FF depth=6 wb=$8000
  C $884E cb=6 S=$FF depth=6 wb=$8000
  C $884E cb=6 S=$FF depth=6 wb=$8000
  C $884E cb=6 S=$FF depth=6 wb=$8000
  C $884E cb=6 S=$FF depth=6 wb=$8000
  C $884E cb=6 S=$FF depth=6 wb=$8000
  C $884E cb=6 S=$FF depth=6 wb=$8000
  C $884E cb=6 S=$FF depth=6 wb=$8000
  C $884E cb=6 S=$FF depth=6 wb=$8000
  C $884E cb=6 S=$FF depth=6 wb=$8000
  C $884E cb=6 S=$FF depth=6 wb=$8000
  C $884E cb=6 S=$FF depth=6 wb=$8000
  C $884E cb=6 S=$FF depth=6 wb=$8000
  C $884E cb=6 S=$FF depth=6 wb=$8000
  C $884E cb=6 S=$FF depth=6 wb=$8000
  C $884E cb=6 S=$FF depth=6 wb=$8000
  C $884E cb=6 S=$FF depth=6 wb=$8000
  C $884E cb=6 S=$FF depth=6 wb=$8000
  C $884E cb=6 S=$FF depth=6 wb=$8000
  C $884E cb=6 S=$FF depth=6 wb=$8000
  C $884E cb=6 S=$FF depth=6 wb=$8000
  C $884E cb=6 S=$FF depth=6 wb=$8000
  C $884E cb=6 S=$FF depth=6 wb=$8000
  C $884E cb=6 S=$FF depth=6 wb=$8000
  C $884E cb=6 S=$FF depth=6 wb=$8000
  C $884E cb=6 S=$FF depth=6 wb=$8000
  C $884E cb=6 S=$FF depth=6 wb=$8000
  C $884E cb=6 S=$FF depth=6 wb=$8000
  C $884E cb=6 S=$FF depth=6 wb=$8000
  C $884E cb=6 S=$FF depth=6 wb=$8000
  C $884E cb=6 S=$FF depth=6 wb=$8000
  C $884E cb=6 S=$FF depth=6 wb=$8000
  C $884E cb=6 S=$FF depth=6 wb=$8000
  C $884E cb=6 S=$FF depth=6 wb=$8000
  C $884E cb=6 S=$FF depth=6 wb=$8000
  C $884E cb=6 S=$FF depth=6 wb=$8000
  C $884E cb=6 S=$FF depth=6 wb=$8000
  C $884E cb=6 S=$FF depth=6 wb=$8000
  C $884E cb=6 S=$FF depth=6 wb=$8000
  C $884E cb=6 S=$FF depth=6 wb=$8000
  C $884E cb=6 S=$FF depth=6 wb=$8000
  C $884E cb=6 S=$FF depth=6 wb=$8000
  C $884E cb=6 S=$FF depth=6 wb=$8000
  C $884E cb=6 S=$FF depth=6 wb=$8000
  C $884E cb=6 S=$FF depth=6 wb=$8000
  C $884E cb=6 S=$FF depth=6 wb=$8000
  C $884E cb=6 S=$FF depth=6 wb=$8000
  C $884E cb=6 S=$FF depth=6 wb=$8000
  C $884E cb=6 S=$FF depth=6 wb=$8000
  C $884E cb=6 S=$FF depth=6 wb=$8000
  C $884E cb=6 S=$FF depth=6 wb=$8000
  C $DB92 cb=-1 S=$FF depth=3 wb=$C000
  C $D341 cb=-1 S=$FF depth=4 wb=$C000
  T $D377 cb=-1 S=$FF depth=4 wb=$C000
  C $D377 cb=-1 S=$FF depth=4 wb=$C000
  C $DC27 cb=-1 S=$FF depth=3 wb=$C000
  C $DBAF cb=-1 S=$FF depth=3 wb=$C000
  C $8021 cb=-1 S=$FF depth=4 wb=$C000
  T $89BF cb=6 S=$FF depth=5 wb=$8000
  C $89BF cb=6 S=$FF depth=5 wb=$8000
  C $89DD cb=-1 S=$FF depth=6 wb=$E000
=== end dispatch fault ===

=== dispatch fault 6 frame=614 cycles=18855490 ===
target gen=$E9AE cpu=$E9AE bank=7 class=CODE call_site=$FF00
cpu A=$00 X=$FF Y=$00 P=$00 S=$F9 window=$E000 dispatch_depth=4 vblank_depth=1 ops=4429 budget=29780
mapper type=4 current_bank=6 mirroring=3 select=$07 irq_latch=$7F irq_counter=$00 irq_reload=0 irq_enabled=1
mapper_regs 3C 3E 00 00 00 00 0C 05
caller func_E603
caller2 (none)
target_bytes A9 00 8D 00 E0 A2 07 CA
stack_bytes 00 FF 71 20 00 00 00 00 00 00 00 00 00 00 00 00
last_dispatches
  C $884E cb=6 S=$FF depth=6 wb=$8000
  C $DB92 cb=-1 S=$FF depth=3 wb=$C000
  C $D341 cb=-1 S=$FF depth=4 wb=$C000
  T $D377 cb=-1 S=$FF depth=4 wb=$C000
  C $D377 cb=-1 S=$FF depth=4 wb=$C000
  C $DC27 cb=-1 S=$FF depth=3 wb=$C000
  C $DBAF cb=-1 S=$FF depth=3 wb=$C000
  C $8021 cb=-1 S=$FF depth=4 wb=$C000
  T $89BF cb=6 S=$FF depth=5 wb=$8000
  C $89BF cb=6 S=$FF depth=5 wb=$8000
  C $89DD cb=-1 S=$FF depth=6 wb=$E000
  C $89DD cb=-1 S=$FF depth=6 wb=$E000
  C $89DD cb=-1 S=$FF depth=6 wb=$E000
  C $89DD cb=-1 S=$FF depth=6 wb=$E000
  N $0002 cb=-1 S=$FC depth=3 wb=$E000
  C $DE39 cb=-1 S=$F6 depth=3 wb=$E000
  C $E11E cb=-1 S=$F6 depth=4 wb=$C000
  T $E11E cb=-1 S=$F6 depth=3 wb=$E000
  C $E11E cb=-1 S=$F6 depth=3 wb=$E000
  C $DCCE cb=-1 S=$F6 depth=3 wb=$E000
  C $CB25 cb=-1 S=$F6 depth=3 wb=$E000
  C $CF72 cb=-1 S=$F6 depth=4 wb=$C000
  C $CFF3 cb=-1 S=$F6 depth=4 wb=$C000
  C $CD30 cb=-1 S=$F6 depth=4 wb=$C000
  C $CD7D cb=-1 S=$F6 depth=5 wb=$C000
  T $CDE7 cb=-1 S=$F6 depth=6 wb=$C000
  C $CDE7 cb=-1 S=$F6 depth=6 wb=$C000
  C $CD7D cb=-1 S=$F6 depth=5 wb=$C000
  T $CDE7 cb=-1 S=$F6 depth=6 wb=$C000
  C $CDE7 cb=-1 S=$F6 depth=6 wb=$C000
  C $CD7D cb=-1 S=$F6 depth=5 wb=$C000
  T $CDE7 cb=-1 S=$F6 depth=6 wb=$C000
  C $CDE7 cb=-1 S=$F6 depth=6 wb=$C000
  C $CD7D cb=-1 S=$F6 depth=5 wb=$C000
  T $CDE7 cb=-1 S=$F6 depth=6 wb=$C000
  C $CDE7 cb=-1 S=$F6 depth=6 wb=$C000
  C $CD7D cb=-1 S=$F6 depth=5 wb=$C000
  T $CDE7 cb=-1 S=$F6 depth=6 wb=$C000
  C $CDE7 cb=-1 S=$F6 depth=6 wb=$C000
  C $CD30 cb=-1 S=$F6 depth=4 wb=$C000
  C $CD7D cb=-1 S=$F6 depth=5 wb=$C000
  T $CD50 cb=-1 S=$F6 depth=6 wb=$C000
  C $CD50 cb=-1 S=$F6 depth=6 wb=$C000
  C $CD7D cb=-1 S=$F6 depth=5 wb=$C000
  T $CD50 cb=-1 S=$F6 depth=6 wb=$C000
  C $CD50 cb=-1 S=$F6 depth=6 wb=$C000
  C $CD7D cb=-1 S=$F6 depth=5 wb=$C000
  T $CD50 cb=-1 S=$F6 depth=6 wb=$C000
  C $CD50 cb=-1 S=$F6 depth=6 wb=$C000
  C $CD7D cb=-1 S=$F6 depth=5 wb=$C000
  T $CD50 cb=-1 S=$F6 depth=6 wb=$C000
  C $CD50 cb=-1 S=$F6 depth=6 wb=$C000
  C $CD7D cb=-1 S=$F6 depth=5 wb=$C000
  T $CD50 cb=-1 S=$F6 depth=6 wb=$C000
  C $CD50 cb=-1 S=$F6 depth=6 wb=$C000
  C $CC71 cb=-1 S=$F6 depth=4 wb=$C000
  C $CCDA cb=-1 S=$F6 depth=4 wb=$C000
  C $CC71 cb=-1 S=$F6 depth=4 wb=$C000
  C $CCDA cb=-1 S=$F6 depth=4 wb=$C000
  C $CC71 cb=-1 S=$F6 depth=4 wb=$C000
  C $CCDA cb=-1 S=$F6 depth=4 wb=$C000
  C $CC71 cb=-1 S=$F6 depth=4 wb=$C000
  n $0002 cb=-1 S=$FC depth=3 wb=$E000
  C $E9AE cb=-1 S=$F9 depth=3 wb=$E000
=== end dispatch fault ===

=== dispatch fault 7 frame=617 cycles=18944595 ===
target gen=$CA7D cpu=$CA7D bank=7 class=CODE call_site=$7C00
cpu A=$00 X=$7C Y=$00 P=$00 S=$F9 window=$C000 dispatch_depth=4 vblank_depth=1 ops=4193 budget=29781
mapper type=4 current_bank=6 mirroring=3 select=$07 irq_latch=$7F irq_counter=$00 irq_reload=0 irq_enabled=1
mapper_regs 3C 3E 00 00 00 00 0C 05
caller (none)
caller2 (none)
target_bytes 57 0F 4B AB 0B B5 F0 70
stack_bytes 00 7C CA E0 00 00 00 00 00 00 00 00 00 00 00 00
last_dispatches
  T $D9F0 cb=-1 S=$FF depth=3 wb=$E000
  C $D9F0 cb=-1 S=$FF depth=3 wb=$E000
  C $DBAF cb=-1 S=$FF depth=3 wb=$C000
  C $8021 cb=-1 S=$FF depth=4 wb=$C000
  T $89BF cb=6 S=$FF depth=5 wb=$8000
  C $89BF cb=6 S=$FF depth=5 wb=$8000
  C $89DD cb=-1 S=$FF depth=6 wb=$E000
  C $89DD cb=-1 S=$FF depth=6 wb=$E000
  C $89DD cb=-1 S=$FF depth=6 wb=$E000
  C $89DD cb=-1 S=$FF depth=6 wb=$E000
  C $DB65 cb=-1 S=$FF depth=3 wb=$C000
  C $DB92 cb=-1 S=$FF depth=3 wb=$C000
  C $D341 cb=-1 S=$FF depth=4 wb=$C000
  T $D377 cb=-1 S=$FF depth=4 wb=$C000
  C $D377 cb=-1 S=$FF depth=4 wb=$C000
  N $0002 cb=-1 S=$FC depth=3 wb=$E000
  C $DE39 cb=-1 S=$F6 depth=3 wb=$E000
  C $E11E cb=-1 S=$F6 depth=4 wb=$C000
  T $E11E cb=-1 S=$F6 depth=3 wb=$E000
  C $E11E cb=-1 S=$F6 depth=3 wb=$E000
  C $DCCE cb=-1 S=$F6 depth=3 wb=$E000
  C $CB25 cb=-1 S=$F6 depth=3 wb=$E000
  C $CD30 cb=-1 S=$F6 depth=4 wb=$C000
  C $CD7D cb=-1 S=$F6 depth=5 wb=$C000
  T $CD50 cb=-1 S=$F6 depth=6 wb=$C000
  C $CD50 cb=-1 S=$F6 depth=6 wb=$C000
  C $CD7D cb=-1 S=$F6 depth=5 wb=$C000
  T $CD50 cb=-1 S=$F6 depth=6 wb=$C000
  C $CD50 cb=-1 S=$F6 depth=6 wb=$C000
  C $CD7D cb=-1 S=$F6 depth=5 wb=$C000
  T $CD50 cb=-1 S=$F6 depth=6 wb=$C000
  C $CD50 cb=-1 S=$F6 depth=6 wb=$C000
  C $CD7D cb=-1 S=$F6 depth=5 wb=$C000
  T $CD50 cb=-1 S=$F6 depth=6 wb=$C000
  C $CD50 cb=-1 S=$F6 depth=6 wb=$C000
  C $CD7D cb=-1 S=$F6 depth=5 wb=$C000
  T $CD50 cb=-1 S=$F6 depth=6 wb=$C000
  C $CD50 cb=-1 S=$F6 depth=6 wb=$C000
  C $CD30 cb=-1 S=$F6 depth=4 wb=$C000
  C $CD7D cb=-1 S=$F6 depth=5 wb=$C000
  T $CD50 cb=-1 S=$F6 depth=6 wb=$C000
  C $CD50 cb=-1 S=$F6 depth=6 wb=$C000
  C $CD7D cb=-1 S=$F6 depth=5 wb=$C000
  T $CD50 cb=-1 S=$F6 depth=6 wb=$C000
  C $CD50 cb=-1 S=$F6 depth=6 wb=$C000
  C $CD7D cb=-1 S=$F6 depth=5 wb=$C000
  T $CD50 cb=-1 S=$F6 depth=6 wb=$C000
  C $CD50 cb=-1 S=$F6 depth=6 wb=$C000
  C $CD7D cb=-1 S=$F6 depth=5 wb=$C000
  T $CD50 cb=-1 S=$F6 depth=6 wb=$C000
  C $CD50 cb=-1 S=$F6 depth=6 wb=$C000
  C $CD7D cb=-1 S=$F6 depth=5 wb=$C000
  T $CD50 cb=-1 S=$F6 depth=6 wb=$C000
  C $CD50 cb=-1 S=$F6 depth=6 wb=$C000
  C $CC71 cb=-1 S=$F6 depth=4 wb=$C000
  C $CCDA cb=-1 S=$F6 depth=4 wb=$C000
  C $CC71 cb=-1 S=$F6 depth=4 wb=$C000
  C $CCDA cb=-1 S=$F6 depth=4 wb=$C000
  C $CC71 cb=-1 S=$F6 depth=4 wb=$C000
  C $CCDA cb=-1 S=$F6 depth=4 wb=$C000
  C $CC71 cb=-1 S=$F6 depth=4 wb=$C000
  n $0002 cb=-1 S=$FC depth=3 wb=$E000
  C $E9AE cb=-1 S=$F9 depth=3 wb=$E000
  C $CA7D cb=-1 S=$F9 depth=3 wb=$E000
=== end dispatch fault ===

=== dispatch fault 8 frame=621 cycles=19063717 ===
target gen=$9DED cpu=$9DED bank=6 class=CODE call_site=$EC00
cpu A=$00 X=$EC Y=$00 P=$00 S=$F9 window=$8000 dispatch_depth=4 vblank_depth=1 ops=4193 budget=29781
mapper type=4 current_bank=6 mirroring=3 select=$07 irq_latch=$7F irq_counter=$00 irq_reload=0 irq_enabled=1
mapper_regs 3C 3E 00 00 00 00 0C 05
caller (none)
caller2 (none)
target_bytes 02 00 00 1C 54 C0 28 1D
stack_bytes 00 EC 9D A0 00 00 00 00 00 00 00 00 00 00 00 00
last_dispatches
  T $D9F0 cb=-1 S=$FF depth=3 wb=$E000
  C $D9F0 cb=-1 S=$FF depth=3 wb=$E000
  C $DBAF cb=-1 S=$FF depth=3 wb=$C000
  C $8021 cb=-1 S=$FF depth=4 wb=$C000
  T $89BF cb=6 S=$FF depth=5 wb=$8000
  C $89BF cb=6 S=$FF depth=5 wb=$8000
  C $89DD cb=-1 S=$FF depth=6 wb=$E000
  C $89DD cb=-1 S=$FF depth=6 wb=$E000
  C $89DD cb=-1 S=$FF depth=6 wb=$E000
  C $89DD cb=-1 S=$FF depth=6 wb=$E000
  C $DB65 cb=-1 S=$FF depth=3 wb=$C000
  C $DB92 cb=-1 S=$FF depth=3 wb=$C000
  C $D341 cb=-1 S=$FF depth=4 wb=$C000
  T $D377 cb=-1 S=$FF depth=4 wb=$C000
  C $D377 cb=-1 S=$FF depth=4 wb=$C000
  N $0002 cb=-1 S=$FC depth=3 wb=$E000
  C $DE39 cb=-1 S=$F6 depth=3 wb=$E000
  C $E11E cb=-1 S=$F6 depth=4 wb=$C000
  T $E11E cb=-1 S=$F6 depth=3 wb=$E000
  C $E11E cb=-1 S=$F6 depth=3 wb=$E000
  C $DCCE cb=-1 S=$F6 depth=3 wb=$E000
  C $CB25 cb=-1 S=$F6 depth=3 wb=$E000
  C $CD30 cb=-1 S=$F6 depth=4 wb=$C000
  C $CD7D cb=-1 S=$F6 depth=5 wb=$C000
  T $CD50 cb=-1 S=$F6 depth=6 wb=$C000
  C $CD50 cb=-1 S=$F6 depth=6 wb=$C000
  C $CD7D cb=-1 S=$F6 depth=5 wb=$C000
  T $CD50 cb=-1 S=$F6 depth=6 wb=$C000
  C $CD50 cb=-1 S=$F6 depth=6 wb=$C000
  C $CD7D cb=-1 S=$F6 depth=5 wb=$C000
  T $CD50 cb=-1 S=$F6 depth=6 wb=$C000
  C $CD50 cb=-1 S=$F6 depth=6 wb=$C000
  C $CD7D cb=-1 S=$F6 depth=5 wb=$C000
  T $CD50 cb=-1 S=$F6 depth=6 wb=$C000
  C $CD50 cb=-1 S=$F6 depth=6 wb=$C000
  C $CD7D cb=-1 S=$F6 depth=5 wb=$C000
  T $CD50 cb=-1 S=$F6 depth=6 wb=$C000
  C $CD50 cb=-1 S=$F6 depth=6 wb=$C000
  C $CD30 cb=-1 S=$F6 depth=4 wb=$C000
  C $CD7D cb=-1 S=$F6 depth=5 wb=$C000
  T $CD50 cb=-1 S=$F6 depth=6 wb=$C000
  C $CD50 cb=-1 S=$F6 depth=6 wb=$C000
  C $CD7D cb=-1 S=$F6 depth=5 wb=$C000
  T $CD50 cb=-1 S=$F6 depth=6 wb=$C000
  C $CD50 cb=-1 S=$F6 depth=6 wb=$C000
  C $CD7D cb=-1 S=$F6 depth=5 wb=$C000
  T $CD50 cb=-1 S=$F6 depth=6 wb=$C000
  C $CD50 cb=-1 S=$F6 depth=6 wb=$C000
  C $CD7D cb=-1 S=$F6 depth=5 wb=$C000
  T $CD50 cb=-1 S=$F6 depth=6 wb=$C000
  C $CD50 cb=-1 S=$F6 depth=6 wb=$C000
  C $CD7D cb=-1 S=$F6 depth=5 wb=$C000
  T $CD50 cb=-1 S=$F6 depth=6 wb=$C000
  C $CD50 cb=-1 S=$F6 depth=6 wb=$C000
  C $CC71 cb=-1 S=$F6 depth=4 wb=$C000
  C $CCDA cb=-1 S=$F6 depth=4 wb=$C000
  C $CC71 cb=-1 S=$F6 depth=4 wb=$C000
  C $CCDA cb=-1 S=$F6 depth=4 wb=$C000
  C $CC71 cb=-1 S=$F6 depth=4 wb=$C000
  C $CCDA cb=-1 S=$F6 depth=4 wb=$C000
  C $CC71 cb=-1 S=$F6 depth=4 wb=$C000
  n $0002 cb=-1 S=$FC depth=3 wb=$E000
  C $E9AE cb=-1 S=$F9 depth=3 wb=$E000
  C $9DED cb=-1 S=$F9 depth=3 wb=$E000
=== end dispatch fault ===

=== dispatch fault 9 frame=622 cycles=19093497 ===
target gen=$A409 cpu=$A409 bank=2 class=CODE call_site=$0800
cpu A=$00 X=$08 Y=$00 P=$00 S=$F9 window=$A000 dispatch_depth=4 vblank_depth=1 ops=4192 budget=29780
mapper type=4 current_bank=6 mirroring=3 select=$07 irq_latch=$7F irq_counter=$00 irq_reload=0 irq_enabled=1
mapper_regs 3C 3E 00 00 00 00 0C 05
caller (none)
caller2 (none)
target_bytes 13 11 13 11 13 11 13 12
stack_bytes 00 08 A4 E0 00 00 00 00 00 00 00 00 00 00 00 00
last_dispatches
  T $D9F0 cb=-1 S=$FF depth=3 wb=$E000
  C $D9F0 cb=-1 S=$FF depth=3 wb=$E000
  C $DBAF cb=-1 S=$FF depth=3 wb=$C000
  C $8021 cb=-1 S=$FF depth=4 wb=$C000
  T $89BF cb=6 S=$FF depth=5 wb=$8000
  C $89BF cb=6 S=$FF depth=5 wb=$8000
  C $89DD cb=-1 S=$FF depth=6 wb=$E000
  C $89DD cb=-1 S=$FF depth=6 wb=$E000
  C $89DD cb=-1 S=$FF depth=6 wb=$E000
  C $89DD cb=-1 S=$FF depth=6 wb=$E000
  C $DB65 cb=-1 S=$FF depth=3 wb=$C000
  C $DB92 cb=-1 S=$FF depth=3 wb=$C000
  C $D341 cb=-1 S=$FF depth=4 wb=$C000
  T $D377 cb=-1 S=$FF depth=4 wb=$C000
  C $D377 cb=-1 S=$FF depth=4 wb=$C000
  N $0002 cb=-1 S=$FC depth=3 wb=$E000
  C $DE39 cb=-1 S=$F6 depth=3 wb=$E000
  C $E11E cb=-1 S=$F6 depth=4 wb=$C000
  T $E11E cb=-1 S=$F6 depth=3 wb=$E000
  C $E11E cb=-1 S=$F6 depth=3 wb=$E000
  C $DCCE cb=-1 S=$F6 depth=3 wb=$E000
  C $CB25 cb=-1 S=$F6 depth=3 wb=$E000
  C $CD30 cb=-1 S=$F6 depth=4 wb=$C000
  C $CD7D cb=-1 S=$F6 depth=5 wb=$C000
  T $CD50 cb=-1 S=$F6 depth=6 wb=$C000
  C $CD50 cb=-1 S=$F6 depth=6 wb=$C000
  C $CD7D cb=-1 S=$F6 depth=5 wb=$C000
  T $CD50 cb=-1 S=$F6 depth=6 wb=$C000
  C $CD50 cb=-1 S=$F6 depth=6 wb=$C000
  C $CD7D cb=-1 S=$F6 depth=5 wb=$C000
  T $CD50 cb=-1 S=$F6 depth=6 wb=$C000
  C $CD50 cb=-1 S=$F6 depth=6 wb=$C000
  C $CD7D cb=-1 S=$F6 depth=5 wb=$C000
  T $CD50 cb=-1 S=$F6 depth=6 wb=$C000
  C $CD50 cb=-1 S=$F6 depth=6 wb=$C000
  C $CD7D cb=-1 S=$F6 depth=5 wb=$C000
  T $CD50 cb=-1 S=$F6 depth=6 wb=$C000
  C $CD50 cb=-1 S=$F6 depth=6 wb=$C000
  C $CD30 cb=-1 S=$F6 depth=4 wb=$C000
  C $CD7D cb=-1 S=$F6 depth=5 wb=$C000
  T $CD50 cb=-1 S=$F6 depth=6 wb=$C000
  C $CD50 cb=-1 S=$F6 depth=6 wb=$C000
  C $CD7D cb=-1 S=$F6 depth=5 wb=$C000
  T $CD50 cb=-1 S=$F6 depth=6 wb=$C000
  C $CD50 cb=-1 S=$F6 depth=6 wb=$C000
  C $CD7D cb=-1 S=$F6 depth=5 wb=$C000
  T $CD50 cb=-1 S=$F6 depth=6 wb=$C000
  C $CD50 cb=-1 S=$F6 depth=6 wb=$C000
  C $CD7D cb=-1 S=$F6 depth=5 wb=$C000
  T $CD50 cb=-1 S=$F6 depth=6 wb=$C000
  C $CD50 cb=-1 S=$F6 depth=6 wb=$C000
  C $CD7D cb=-1 S=$F6 depth=5 wb=$C000
  T $CD50 cb=-1 S=$F6 depth=6 wb=$C000
  C $CD50 cb=-1 S=$F6 depth=6 wb=$C000
  C $CC71 cb=-1 S=$F6 depth=4 wb=$C000
  C $CCDA cb=-1 S=$F6 depth=4 wb=$C000
  C $CC71 cb=-1 S=$F6 depth=4 wb=$C000
  C $CCDA cb=-1 S=$F6 depth=4 wb=$C000
  C $CC71 cb=-1 S=$F6 depth=4 wb=$C000
  C $CCDA cb=-1 S=$F6 depth=4 wb=$C000
  C $CC71 cb=-1 S=$F6 depth=4 wb=$C000
  n $0002 cb=-1 S=$FC depth=3 wb=$E000
  C $E9AE cb=-1 S=$F9 depth=3 wb=$E000
  C $A409 cb=-1 S=$F9 depth=3 wb=$E000
=== end dispatch fault ===

=== dispatch fault 10 frame=627 cycles=19242399 ===
target gen=$E195 cpu=$E195 bank=7 class=CODE call_site=$9400
cpu A=$00 X=$94 Y=$00 P=$00 S=$F9 window=$E000 dispatch_depth=4 vblank_depth=1 ops=4192 budget=29781
mapper type=4 current_bank=6 mirroring=3 select=$07 irq_latch=$7F irq_counter=$00 irq_reload=0 irq_enabled=1
mapper_regs 3C 3E 00 00 00 00 0C 05
caller (none)
caller2 (none)
target_bytes 07 20 68 8D 07 20 68 8D
stack_bytes 00 94 E1 E0 00 00 00 00 00 00 00 00 00 00 00 00
last_dispatches
  T $D9F0 cb=-1 S=$FF depth=3 wb=$E000
  C $D9F0 cb=-1 S=$FF depth=3 wb=$E000
  C $DBAF cb=-1 S=$FF depth=3 wb=$C000
  C $8021 cb=-1 S=$FF depth=4 wb=$C000
  T $89BF cb=6 S=$FF depth=5 wb=$8000
  C $89BF cb=6 S=$FF depth=5 wb=$8000
  C $89DD cb=-1 S=$FF depth=6 wb=$E000
  C $89DD cb=-1 S=$FF depth=6 wb=$E000
  C $89DD cb=-1 S=$FF depth=6 wb=$E000
  C $89DD cb=-1 S=$FF depth=6 wb=$E000
  C $DB65 cb=-1 S=$FF depth=3 wb=$C000
  C $DB92 cb=-1 S=$FF depth=3 wb=$C000
  C $D341 cb=-1 S=$FF depth=4 wb=$C000
  T $D377 cb=-1 S=$FF depth=4 wb=$C000
  C $D377 cb=-1 S=$FF depth=4 wb=$C000
  N $0002 cb=-1 S=$FC depth=3 wb=$E000
  C $DE39 cb=-1 S=$F6 depth=3 wb=$E000
  C $E11E cb=-1 S=$F6 depth=4 wb=$C000
  T $E11E cb=-1 S=$F6 depth=3 wb=$E000
  C $E11E cb=-1 S=$F6 depth=3 wb=$E000
  C $DCCE cb=-1 S=$F6 depth=3 wb=$E000
  C $CB25 cb=-1 S=$F6 depth=3 wb=$E000
  C $CD30 cb=-1 S=$F6 depth=4 wb=$C000
  C $CD7D cb=-1 S=$F6 depth=5 wb=$C000
  T $CD50 cb=-1 S=$F6 depth=6 wb=$C000
  C $CD50 cb=-1 S=$F6 depth=6 wb=$C000
  C $CD7D cb=-1 S=$F6 depth=5 wb=$C000
  T $CD50 cb=-1 S=$F6 depth=6 wb=$C000
  C $CD50 cb=-1 S=$F6 depth=6 wb=$C000
  C $CD7D cb=-1 S=$F6 depth=5 wb=$C000
  T $CD50 cb=-1 S=$F6 depth=6 wb=$C000
  C $CD50 cb=-1 S=$F6 depth=6 wb=$C000
  C $CD7D cb=-1 S=$F6 depth=5 wb=$C000
  T $CD50 cb=-1 S=$F6 depth=6 wb=$C000
  C $CD50 cb=-1 S=$F6 depth=6 wb=$C000
  C $CD7D cb=-1 S=$F6 depth=5 wb=$C000
  T $CD50 cb=-1 S=$F6 depth=6 wb=$C000
  C $CD50 cb=-1 S=$F6 depth=6 wb=$C000
  C $CD30 cb=-1 S=$F6 depth=4 wb=$C000
  C $CD7D cb=-1 S=$F6 depth=5 wb=$C000
  T $CD50 cb=-1 S=$F6 depth=6 wb=$C000
  C $CD50 cb=-1 S=$F6 depth=6 wb=$C000
  C $CD7D cb=-1 S=$F6 depth=5 wb=$C000
  T $CD50 cb=-1 S=$F6 depth=6 wb=$C000
  C $CD50 cb=-1 S=$F6 depth=6 wb=$C000
  C $CD7D cb=-1 S=$F6 depth=5 wb=$C000
  T $CD50 cb=-1 S=$F6 depth=6 wb=$C000
  C $CD50 cb=-1 S=$F6 depth=6 wb=$C000
  C $CD7D cb=-1 S=$F6 depth=5 wb=$C000
  T $CD50 cb=-1 S=$F6 depth=6 wb=$C000
  C $CD50 cb=-1 S=$F6 depth=6 wb=$C000
  C $CD7D cb=-1 S=$F6 depth=5 wb=$C000
  T $CD50 cb=-1 S=$F6 depth=6 wb=$C000
  C $CD50 cb=-1 S=$F6 depth=6 wb=$C000
  C $CC71 cb=-1 S=$F6 depth=4 wb=$C000
  C $CCDA cb=-1 S=$F6 depth=4 wb=$C000
  C $CC71 cb=-1 S=$F6 depth=4 wb=$C000
  C $CCDA cb=-1 S=$F6 depth=4 wb=$C000
  C $CC71 cb=-1 S=$F6 depth=4 wb=$C000
  C $CCDA cb=-1 S=$F6 depth=4 wb=$C000
  C $CC71 cb=-1 S=$F6 depth=4 wb=$C000
  n $0002 cb=-1 S=$FC depth=3 wb=$E000
  C $E9AE cb=-1 S=$F9 depth=3 wb=$E000
  C $E195 cb=-1 S=$F9 depth=3 wb=$E000
=== end dispatch fault ===

=== dispatch fault 11 frame=628 cycles=19272183 ===
target gen=$B7B1 cpu=$B7B1 bank=2 class=CODE call_site=$B000
cpu A=$00 X=$B0 Y=$00 P=$00 S=$F9 window=$A000 dispatch_depth=4 vblank_depth=1 ops=4195 budget=29780
mapper type=4 current_bank=6 mirroring=3 select=$07 irq_latch=$7F irq_counter=$00 irq_reload=0 irq_enabled=1
mapper_regs 3C 3E 00 00 00 00 0C 05
caller (none)
caller2 (none)
target_bytes 49 00 00 3F 00 40 4A 41
stack_bytes 00 B0 B7 A0 00 00 00 00 00 00 00 00 00 00 00 00
last_dispatches
  T $D9F0 cb=-1 S=$FF depth=3 wb=$E000
  C $D9F0 cb=-1 S=$FF depth=3 wb=$E000
  C $DBAF cb=-1 S=$FF depth=3 wb=$C000
  C $8021 cb=-1 S=$FF depth=4 wb=$C000
  T $89BF cb=6 S=$FF depth=5 wb=$8000
  C $89BF cb=6 S=$FF depth=5 wb=$8000
  C $89DD cb=-1 S=$FF depth=6 wb=$E000
  C $89DD cb=-1 S=$FF depth=6 wb=$E000
  C $89DD cb=-1 S=$FF depth=6 wb=$E000
  C $89DD cb=-1 S=$FF depth=6 wb=$E000
  C $DB65 cb=-1 S=$FF depth=3 wb=$C000
  C $DB92 cb=-1 S=$FF depth=3 wb=$C000
  C $D341 cb=-1 S=$FF depth=4 wb=$C000
  T $D377 cb=-1 S=$FF depth=4 wb=$C000
  C $D377 cb=-1 S=$FF depth=4 wb=$C000
  N $0002 cb=-1 S=$FC depth=3 wb=$E000
  C $DE39 cb=-1 S=$F6 depth=3 wb=$E000
  C $E11E cb=-1 S=$F6 depth=4 wb=$C000
  T $E11E cb=-1 S=$F6 depth=3 wb=$E000
  C $E11E cb=-1 S=$F6 depth=3 wb=$E000
  C $DCCE cb=-1 S=$F6 depth=3 wb=$E000
  C $CB25 cb=-1 S=$F6 depth=3 wb=$E000
  C $CD30 cb=-1 S=$F6 depth=4 wb=$C000
  C $CD7D cb=-1 S=$F6 depth=5 wb=$C000
  T $CD50 cb=-1 S=$F6 depth=6 wb=$C000
  C $CD50 cb=-1 S=$F6 depth=6 wb=$C000
  C $CD7D cb=-1 S=$F6 depth=5 wb=$C000
  T $CD50 cb=-1 S=$F6 depth=6 wb=$C000
  C $CD50 cb=-1 S=$F6 depth=6 wb=$C000
  C $CD7D cb=-1 S=$F6 depth=5 wb=$C000
  T $CD50 cb=-1 S=$F6 depth=6 wb=$C000
  C $CD50 cb=-1 S=$F6 depth=6 wb=$C000
  C $CD7D cb=-1 S=$F6 depth=5 wb=$C000
  T $CD50 cb=-1 S=$F6 depth=6 wb=$C000
  C $CD50 cb=-1 S=$F6 depth=6 wb=$C000
  C $CD7D cb=-1 S=$F6 depth=5 wb=$C000
  T $CD50 cb=-1 S=$F6 depth=6 wb=$C000
  C $CD50 cb=-1 S=$F6 depth=6 wb=$C000
  C $CD30 cb=-1 S=$F6 depth=4 wb=$C000
  C $CD7D cb=-1 S=$F6 depth=5 wb=$C000
  T $CD50 cb=-1 S=$F6 depth=6 wb=$C000
  C $CD50 cb=-1 S=$F6 depth=6 wb=$C000
  C $CD7D cb=-1 S=$F6 depth=5 wb=$C000
  T $CD50 cb=-1 S=$F6 depth=6 wb=$C000
  C $CD50 cb=-1 S=$F6 depth=6 wb=$C000
  C $CD7D cb=-1 S=$F6 depth=5 wb=$C000
  T $CD50 cb=-1 S=$F6 depth=6 wb=$C000
  C $CD50 cb=-1 S=$F6 depth=6 wb=$C000
  C $CD7D cb=-1 S=$F6 depth=5 wb=$C000
  T $CD50 cb=-1 S=$F6 depth=6 wb=$C000
  C $CD50 cb=-1 S=$F6 depth=6 wb=$C000
  C $CD7D cb=-1 S=$F6 depth=5 wb=$C000
  T $CD50 cb=-1 S=$F6 depth=6 wb=$C000
  C $CD50 cb=-1 S=$F6 depth=6 wb=$C000
  C $CC71 cb=-1 S=$F6 depth=4 wb=$C000
  C $CCDA cb=-1 S=$F6 depth=4 wb=$C000
  C $CC71 cb=-1 S=$F6 depth=4 wb=$C000
  C $CCDA cb=-1 S=$F6 depth=4 wb=$C000
  C $CC71 cb=-1 S=$F6 depth=4 wb=$C000
  C $CCDA cb=-1 S=$F6 depth=4 wb=$C000
  C $CC71 cb=-1 S=$F6 depth=4 wb=$C000
  n $0002 cb=-1 S=$FC depth=3 wb=$E000
  C $E9AE cb=-1 S=$F9 depth=3 wb=$E000
  C $B7B1 cb=-1 S=$F9 depth=3 wb=$E000
=== end dispatch fault ===

=== dispatch fault 12 frame=630 cycles=19331741 ===
target gen=$93E9 cpu=$93E9 bank=6 class=CODE call_site=$E800
cpu A=$00 X=$E8 Y=$00 P=$00 S=$F9 window=$8000 dispatch_depth=4 vblank_depth=1 ops=4192 budget=29780
mapper type=4 current_bank=6 mirroring=3 select=$07 irq_latch=$7F irq_counter=$00 irq_reload=0 irq_enabled=1
mapper_regs 3C 3E 00 00 00 00 0C 05
caller (none)
caller2 (none)
target_bytes 00 F0 05 28 00 F2 A5 D3
stack_bytes 00 E8 93 E0 00 00 00 00 00 00 00 00 00 00 00 00
last_dispatches
  T $D9F0 cb=-1 S=$FF depth=3 wb=$E000
  C $D9F0 cb=-1 S=$FF depth=3 wb=$E000
  C $DBAF cb=-1 S=$FF depth=3 wb=$C000
  C $8021 cb=-1 S=$FF depth=4 wb=$C000
  T $89BF cb=6 S=$FF depth=5 wb=$8000
  C $89BF cb=6 S=$FF depth=5 wb=$8000
  C $89DD cb=-1 S=$FF depth=6 wb=$E000
  C $89DD cb=-1 S=$FF depth=6 wb=$E000
  C $89DD cb=-1 S=$FF depth=6 wb=$E000
  C $89DD cb=-1 S=$FF depth=6 wb=$E000
  C $DB65 cb=-1 S=$FF depth=3 wb=$C000
  C $DB92 cb=-1 S=$FF depth=3 wb=$C000
  C $D341 cb=-1 S=$FF depth=4 wb=$C000
  T $D377 cb=-1 S=$FF depth=4 wb=$C000
  C $D377 cb=-1 S=$FF depth=4 wb=$C000
  N $0002 cb=-1 S=$FC depth=3 wb=$E000
  C $DE39 cb=-1 S=$F6 depth=3 wb=$E000
  C $E11E cb=-1 S=$F6 depth=4 wb=$C000
  T $E11E cb=-1 S=$F6 depth=3 wb=$E000
  C $E11E cb=-1 S=$F6 depth=3 wb=$E000
  C $DCCE cb=-1 S=$F6 depth=3 wb=$E000
  C $CB25 cb=-1 S=$F6 depth=3 wb=$E000
  C $CD30 cb=-1 S=$F6 depth=4 wb=$C000
  C $CD7D cb=-1 S=$F6 depth=5 wb=$C000
  T $CD50 cb=-1 S=$F6 depth=6 wb=$C000
  C $CD50 cb=-1 S=$F6 depth=6 wb=$C000
  C $CD7D cb=-1 S=$F6 depth=5 wb=$C000
  T $CD50 cb=-1 S=$F6 depth=6 wb=$C000
  C $CD50 cb=-1 S=$F6 depth=6 wb=$C000
  C $CD7D cb=-1 S=$F6 depth=5 wb=$C000
  T $CD50 cb=-1 S=$F6 depth=6 wb=$C000
  C $CD50 cb=-1 S=$F6 depth=6 wb=$C000
  C $CD7D cb=-1 S=$F6 depth=5 wb=$C000
  T $CD50 cb=-1 S=$F6 depth=6 wb=$C000
  C $CD50 cb=-1 S=$F6 depth=6 wb=$C000
  C $CD7D cb=-1 S=$F6 depth=5 wb=$C000
  T $CD50 cb=-1 S=$F6 depth=6 wb=$C000
  C $CD50 cb=-1 S=$F6 depth=6 wb=$C000
  C $CD30 cb=-1 S=$F6 depth=4 wb=$C000
  C $CD7D cb=-1 S=$F6 depth=5 wb=$C000
  T $CD50 cb=-1 S=$F6 depth=6 wb=$C000
  C $CD50 cb=-1 S=$F6 depth=6 wb=$C000
  C $CD7D cb=-1 S=$F6 depth=5 wb=$C000
  T $CD50 cb=-1 S=$F6 depth=6 wb=$C000
  C $CD50 cb=-1 S=$F6 depth=6 wb=$C000
  C $CD7D cb=-1 S=$F6 depth=5 wb=$C000
  T $CD50 cb=-1 S=$F6 depth=6 wb=$C000
  C $CD50 cb=-1 S=$F6 depth=6 wb=$C000
  C $CD7D cb=-1 S=$F6 depth=5 wb=$C000
  T $CD50 cb=-1 S=$F6 depth=6 wb=$C000
  C $CD50 cb=-1 S=$F6 depth=6 wb=$C000
  C $CD7D cb=-1 S=$F6 depth=5 wb=$C000
  T $CD50 cb=-1 S=$F6 depth=6 wb=$C000
  C $CD50 cb=-1 S=$F6 depth=6 wb=$C000
  C $CC71 cb=-1 S=$F6 depth=4 wb=$C000
  C $CCDA cb=-1 S=$F6 depth=4 wb=$C000
  C $CC71 cb=-1 S=$F6 depth=4 wb=$C000
  C $CCDA cb=-1 S=$F6 depth=4 wb=$C000
  C $CC71 cb=-1 S=$F6 depth=4 wb=$C000
  C $CCDA cb=-1 S=$F6 depth=4 wb=$C000
  C $CC71 cb=-1 S=$F6 depth=4 wb=$C000
  n $0002 cb=-1 S=$FC depth=3 wb=$E000
  C $E9AE cb=-1 S=$F9 depth=3 wb=$E000
  C $93E9 cb=-1 S=$F9 depth=3 wb=$E000
=== end dispatch fault ===

=== dispatch fault 13 frame=634 cycles=19450867 ===
target gen=$E159 cpu=$E159 bank=7 class=CODE call_site=$5800
cpu A=$00 X=$58 Y=$00 P=$00 S=$F9 window=$E000 dispatch_depth=4 vblank_depth=1 ops=4196 budget=29780
mapper type=4 current_bank=6 mirroring=3 select=$07 irq_latch=$7F irq_counter=$00 irq_reload=0 irq_enabled=1
mapper_regs 3C 3E 00 00 00 00 0C 05
caller (none)
caller2 (none)
target_bytes 07 20 68 8D 07 20 68 8D
stack_bytes 00 58 E1 A0 00 00 00 00 00 00 00 00 00 00 00 00
last_dispatches
  T $D9F0 cb=-1 S=$FF depth=3 wb=$E000
  C $D9F0 cb=-1 S=$FF depth=3 wb=$E000
  C $DBAF cb=-1 S=$FF depth=3 wb=$C000
  C $8021 cb=-1 S=$FF depth=4 wb=$C000
  T $89BF cb=6 S=$FF depth=5 wb=$8000
  C $89BF cb=6 S=$FF depth=5 wb=$8000
  C $89DD cb=-1 S=$FF depth=6 wb=$E000
  C $89DD cb=-1 S=$FF depth=6 wb=$E000
  C $89DD cb=-1 S=$FF depth=6 wb=$E000
  C $89DD cb=-1 S=$FF depth=6 wb=$E000
  C $DB65 cb=-1 S=$FF depth=3 wb=$C000
  C $DB92 cb=-1 S=$FF depth=3 wb=$C000
  C $D341 cb=-1 S=$FF depth=4 wb=$C000
  T $D377 cb=-1 S=$FF depth=4 wb=$C000
  C $D377 cb=-1 S=$FF depth=4 wb=$C000
  N $0002 cb=-1 S=$FC depth=3 wb=$E000
  C $DE39 cb=-1 S=$F6 depth=3 wb=$E000
  C $E11E cb=-1 S=$F6 depth=4 wb=$C000
  T $E11E cb=-1 S=$F6 depth=3 wb=$E000
  C $E11E cb=-1 S=$F6 depth=3 wb=$E000
  C $DCCE cb=-1 S=$F6 depth=3 wb=$E000
  C $CB25 cb=-1 S=$F6 depth=3 wb=$E000
  C $CD30 cb=-1 S=$F6 depth=4 wb=$C000
  C $CD7D cb=-1 S=$F6 depth=5 wb=$C000
  T $CD50 cb=-1 S=$F6 depth=6 wb=$C000
  C $CD50 cb=-1 S=$F6 depth=6 wb=$C000
  C $CD7D cb=-1 S=$F6 depth=5 wb=$C000
  T $CD50 cb=-1 S=$F6 depth=6 wb=$C000
  C $CD50 cb=-1 S=$F6 depth=6 wb=$C000
  C $CD7D cb=-1 S=$F6 depth=5 wb=$C000
  T $CD50 cb=-1 S=$F6 depth=6 wb=$C000
  C $CD50 cb=-1 S=$F6 depth=6 wb=$C000
  C $CD7D cb=-1 S=$F6 depth=5 wb=$C000
  T $CD50 cb=-1 S=$F6 depth=6 wb=$C000
  C $CD50 cb=-1 S=$F6 depth=6 wb=$C000
  C $CD7D cb=-1 S=$F6 depth=5 wb=$C000
  T $CD50 cb=-1 S=$F6 depth=6 wb=$C000
  C $CD50 cb=-1 S=$F6 depth=6 wb=$C000
  C $CD30 cb=-1 S=$F6 depth=4 wb=$C000
  C $CD7D cb=-1 S=$F6 depth=5 wb=$C000
  T $CD50 cb=-1 S=$F6 depth=6 wb=$C000
  C $CD50 cb=-1 S=$F6 depth=6 wb=$C000
  C $CD7D cb=-1 S=$F6 depth=5 wb=$C000
  T $CD50 cb=-1 S=$F6 depth=6 wb=$C000
  C $CD50 cb=-1 S=$F6 depth=6 wb=$C000
  C $CD7D cb=-1 S=$F6 depth=5 wb=$C000
  T $CD50 cb=-1 S=$F6 depth=6 wb=$C000
  C $CD50 cb=-1 S=$F6 depth=6 wb=$C000
  C $CD7D cb=-1 S=$F6 depth=5 wb=$C000
  T $CD50 cb=-1 S=$F6 depth=6 wb=$C000
  C $CD50 cb=-1 S=$F6 depth=6 wb=$C000
  C $CD7D cb=-1 S=$F6 depth=5 wb=$C000
  T $CD50 cb=-1 S=$F6 depth=6 wb=$C000
  C $CD50 cb=-1 S=$F6 depth=6 wb=$C000
  C $CC71 cb=-1 S=$F6 depth=4 wb=$C000
  C $CCDA cb=-1 S=$F6 depth=4 wb=$C000
  C $CC71 cb=-1 S=$F6 depth=4 wb=$C000
  C $CCDA cb=-1 S=$F6 depth=4 wb=$C000
  C $CC71 cb=-1 S=$F6 depth=4 wb=$C000
  C $CCDA cb=-1 S=$F6 depth=4 wb=$C000
  C $CC71 cb=-1 S=$F6 depth=4 wb=$C000
  n $0002 cb=-1 S=$FC depth=3 wb=$E000
  C $E9AE cb=-1 S=$F9 depth=3 wb=$E000
  C $E159 cb=-1 S=$F9 depth=3 wb=$E000
=== end dispatch fault ===

=== dispatch fault 14 frame=645 cycles=19778449 ===
target gen=$A88D cpu=$A88D bank=2 class=CODE call_site=$8C00
cpu A=$00 X=$8C Y=$00 P=$00 S=$F9 window=$A000 dispatch_depth=4 vblank_depth=1 ops=4193 budget=29781
mapper type=4 current_bank=6 mirroring=3 select=$07 irq_latch=$7F irq_counter=$00 irq_reload=0 irq_enabled=1
mapper_regs 3C 3E 00 00 00 00 0C 05
caller (none)
caller2 (none)
target_bytes 1A 18 1A 1C 1D 03 06 19
stack_bytes 00 8C A8 A1 00 00 00 00 00 00 00 00 00 00 00 00
last_dispatches
  T $D9F0 cb=-1 S=$FF depth=3 wb=$E000
  C $D9F0 cb=-1 S=$FF depth=3 wb=$E000
  C $DBAF cb=-1 S=$FF depth=3 wb=$C000
  C $8021 cb=-1 S=$FF depth=4 wb=$C000
  T $89BF cb=6 S=$FF depth=5 wb=$8000
  C $89BF cb=6 S=$FF depth=5 wb=$8000
  C $89DD cb=-1 S=$FF depth=6 wb=$E000
  C $89DD cb=-1 S=$FF depth=6 wb=$E000
  C $89DD cb=-1 S=$FF depth=6 wb=$E000
  C $89DD cb=-1 S=$FF depth=6 wb=$E000
  C $DB65 cb=-1 S=$FF depth=3 wb=$C000
  C $DB92 cb=-1 S=$FF depth=3 wb=$C000
  C $D341 cb=-1 S=$FF depth=4 wb=$C000
  T $D377 cb=-1 S=$FF depth=4 wb=$C000
  C $D377 cb=-1 S=$FF depth=4 wb=$C000
  N $0002 cb=-1 S=$FC depth=3 wb=$E000
  C $DE39 cb=-1 S=$F6 depth=3 wb=$E000
  C $E11E cb=-1 S=$F6 depth=4 wb=$C000
  T $E11E cb=-1 S=$F6 depth=3 wb=$E000
  C $E11E cb=-1 S=$F6 depth=3 wb=$E000
  C $DCCE cb=-1 S=$F6 depth=3 wb=$E000
  C $CB25 cb=-1 S=$F6 depth=3 wb=$E000
  C $CD30 cb=-1 S=$F6 depth=4 wb=$C000
  C $CD7D cb=-1 S=$F6 depth=5 wb=$C000
  T $CD50 cb=-1 S=$F6 depth=6 wb=$C000
  C $CD50 cb=-1 S=$F6 depth=6 wb=$C000
  C $CD7D cb=-1 S=$F6 depth=5 wb=$C000
  T $CD50 cb=-1 S=$F6 depth=6 wb=$C000
  C $CD50 cb=-1 S=$F6 depth=6 wb=$C000
  C $CD7D cb=-1 S=$F6 depth=5 wb=$C000
  T $CD50 cb=-1 S=$F6 depth=6 wb=$C000
  C $CD50 cb=-1 S=$F6 depth=6 wb=$C000
  C $CD7D cb=-1 S=$F6 depth=5 wb=$C000
  T $CD50 cb=-1 S=$F6 depth=6 wb=$C000
  C $CD50 cb=-1 S=$F6 depth=6 wb=$C000
  C $CD7D cb=-1 S=$F6 depth=5 wb=$C000
  T $CD50 cb=-1 S=$F6 depth=6 wb=$C000
  C $CD50 cb=-1 S=$F6 depth=6 wb=$C000
  C $CD30 cb=-1 S=$F6 depth=4 wb=$C000
  C $CD7D cb=-1 S=$F6 depth=5 wb=$C000
  T $CD50 cb=-1 S=$F6 depth=6 wb=$C000
  C $CD50 cb=-1 S=$F6 depth=6 wb=$C000
  C $CD7D cb=-1 S=$F6 depth=5 wb=$C000
  T $CD50 cb=-1 S=$F6 depth=6 wb=$C000
  C $CD50 cb=-1 S=$F6 depth=6 wb=$C000
  C $CD7D cb=-1 S=$F6 depth=5 wb=$C000
  T $CD50 cb=-1 S=$F6 depth=6 wb=$C000
  C $CD50 cb=-1 S=$F6 depth=6 wb=$C000
  C $CD7D cb=-1 S=$F6 depth=5 wb=$C000
  T $CD50 cb=-1 S=$F6 depth=6 wb=$C000
  C $CD50 cb=-1 S=$F6 depth=6 wb=$C000
  C $CD7D cb=-1 S=$F6 depth=5 wb=$C000
  T $CD50 cb=-1 S=$F6 depth=6 wb=$C000
  C $CD50 cb=-1 S=$F6 depth=6 wb=$C000
  C $CC71 cb=-1 S=$F6 depth=4 wb=$C000
  C $CCDA cb=-1 S=$F6 depth=4 wb=$C000
  C $CC71 cb=-1 S=$F6 depth=4 wb=$C000
  C $CCDA cb=-1 S=$F6 depth=4 wb=$C000
  C $CC71 cb=-1 S=$F6 depth=4 wb=$C000
  C $CCDA cb=-1 S=$F6 depth=4 wb=$C000
  C $CC71 cb=-1 S=$F6 depth=4 wb=$C000
  n $0002 cb=-1 S=$FC depth=3 wb=$E000
  C $E9AE cb=-1 S=$F9 depth=3 wb=$E000
  C $A88D cb=-1 S=$F9 depth=3 wb=$E000
=== end dispatch fault ===

=== dispatch fault 15 frame=646 cycles=19808229 ===
target gen=$BFA9 cpu=$BFA9 bank=2 class=CODE call_site=$A800
cpu A=$00 X=$A8 Y=$00 P=$00 S=$F9 window=$A000 dispatch_depth=4 vblank_depth=1 ops=4192 budget=29780
mapper type=4 current_bank=6 mirroring=3 select=$07 irq_latch=$7F irq_counter=$00 irq_reload=0 irq_enabled=1
mapper_regs 3C 3E 00 00 00 00 0C 05
caller (none)
caller2 (none)
target_bytes 00 00 00 00 00 02 00 00
stack_bytes 00 A8 BF A0 00 00 00 00 00 00 00 00 00 00 00 00
last_dispatches
  T $D9F0 cb=-1 S=$FF depth=3 wb=$E000
  C $D9F0 cb=-1 S=$FF depth=3 wb=$E000
  C $DBAF cb=-1 S=$FF depth=3 wb=$C000
  C $8021 cb=-1 S=$FF depth=4 wb=$C000
  T $89BF cb=6 S=$FF depth=5 wb=$8000
  C $89BF cb=6 S=$FF depth=5 wb=$8000
  C $89DD cb=-1 S=$FF depth=6 wb=$E000
  C $89DD cb=-1 S=$FF depth=6 wb=$E000
  C $89DD cb=-1 S=$FF depth=6 wb=$E000
  C $89DD cb=-1 S=$FF depth=6 wb=$E000
  C $DB65 cb=-1 S=$FF depth=3 wb=$C000
  C $DB92 cb=-1 S=$FF depth=3 wb=$C000
  C $D341 cb=-1 S=$FF depth=4 wb=$C000
  T $D377 cb=-1 S=$FF depth=4 wb=$C000
  C $D377 cb=-1 S=$FF depth=4 wb=$C000
  N $0002 cb=-1 S=$FC depth=3 wb=$E000
  C $DE39 cb=-1 S=$F6 depth=3 wb=$E000
  C $E11E cb=-1 S=$F6 depth=4 wb=$C000
  T $E11E cb=-1 S=$F6 depth=3 wb=$E000
  C $E11E cb=-1 S=$F6 depth=3 wb=$E000
  C $DCCE cb=-1 S=$F6 depth=3 wb=$E000
  C $CB25 cb=-1 S=$F6 depth=3 wb=$E000
  C $CD30 cb=-1 S=$F6 depth=4 wb=$C000
  C $CD7D cb=-1 S=$F6 depth=5 wb=$C000
  T $CD50 cb=-1 S=$F6 depth=6 wb=$C000
  C $CD50 cb=-1 S=$F6 depth=6 wb=$C000
  C $CD7D cb=-1 S=$F6 depth=5 wb=$C000
  T $CD50 cb=-1 S=$F6 depth=6 wb=$C000
  C $CD50 cb=-1 S=$F6 depth=6 wb=$C000
  C $CD7D cb=-1 S=$F6 depth=5 wb=$C000
  T $CD50 cb=-1 S=$F6 depth=6 wb=$C000
  C $CD50 cb=-1 S=$F6 depth=6 wb=$C000
  C $CD7D cb=-1 S=$F6 depth=5 wb=$C000
  T $CD50 cb=-1 S=$F6 depth=6 wb=$C000
  C $CD50 cb=-1 S=$F6 depth=6 wb=$C000
  C $CD7D cb=-1 S=$F6 depth=5 wb=$C000
  T $CD50 cb=-1 S=$F6 depth=6 wb=$C000
  C $CD50 cb=-1 S=$F6 depth=6 wb=$C000
  C $CD30 cb=-1 S=$F6 depth=4 wb=$C000
  C $CD7D cb=-1 S=$F6 depth=5 wb=$C000
  T $CD50 cb=-1 S=$F6 depth=6 wb=$C000
  C $CD50 cb=-1 S=$F6 depth=6 wb=$C000
  C $CD7D cb=-1 S=$F6 depth=5 wb=$C000
  T $CD50 cb=-1 S=$F6 depth=6 wb=$C000
  C $CD50 cb=-1 S=$F6 depth=6 wb=$C000
  C $CD7D cb=-1 S=$F6 depth=5 wb=$C000
  T $CD50 cb=-1 S=$F6 depth=6 wb=$C000
  C $CD50 cb=-1 S=$F6 depth=6 wb=$C000
  C $CD7D cb=-1 S=$F6 depth=5 wb=$C000
  T $CD50 cb=-1 S=$F6 depth=6 wb=$C000
  C $CD50 cb=-1 S=$F6 depth=6 wb=$C000
  C $CD7D cb=-1 S=$F6 depth=5 wb=$C000
  T $CD50 cb=-1 S=$F6 depth=6 wb=$C000
  C $CD50 cb=-1 S=$F6 depth=6 wb=$C000
  C $CC71 cb=-1 S=$F6 depth=4 wb=$C000
  C $CCDA cb=-1 S=$F6 depth=4 wb=$C000
  C $CC71 cb=-1 S=$F6 depth=4 wb=$C000
  C $CCDA cb=-1 S=$F6 depth=4 wb=$C000
  C $CC71 cb=-1 S=$F6 depth=4 wb=$C000
  C $CCDA cb=-1 S=$F6 depth=4 wb=$C000
  C $CC71 cb=-1 S=$F6 depth=4 wb=$C000
  n $0002 cb=-1 S=$FC depth=3 wb=$E000
  C $E9AE cb=-1 S=$F9 depth=3 wb=$E000
  C $BFA9 cb=-1 S=$F9 depth=3 wb=$E000
=== end dispatch fault ===

=== dispatch fault 16 frame=649 cycles=19897571 ===
target gen=$B9FD cpu=$B9FD bank=2 class=CODE call_site=$FC00
cpu A=$00 X=$FC Y=$00 P=$00 S=$F9 window=$A000 dispatch_depth=4 vblank_depth=1 ops=4193 budget=29781
mapper type=4 current_bank=6 mirroring=3 select=$07 irq_latch=$7F irq_counter=$00 irq_reload=0 irq_enabled=1
mapper_regs 3C 3E 00 00 00 00 0C 05
caller (none)
caller2 (none)
target_bytes 33 29 34 2A 35 2B 36 2C
stack_bytes 00 FC B9 A0 00 00 00 00 00 00 00 00 00 00 00 00
last_dispatches
  T $D9F0 cb=-1 S=$FF depth=3 wb=$E000
  C $D9F0 cb=-1 S=$FF depth=3 wb=$E000
  C $DBAF cb=-1 S=$FF depth=3 wb=$C000
  C $8021 cb=-1 S=$FF depth=4 wb=$C000
  T $89BF cb=6 S=$FF depth=5 wb=$8000
  C $89BF cb=6 S=$FF depth=5 wb=$8000
  C $89DD cb=-1 S=$FF depth=6 wb=$E000
  C $89DD cb=-1 S=$FF depth=6 wb=$E000
  C $89DD cb=-1 S=$FF depth=6 wb=$E000
  C $89DD cb=-1 S=$FF depth=6 wb=$E000
  C $DB65 cb=-1 S=$FF depth=3 wb=$C000
  C $DB92 cb=-1 S=$FF depth=3 wb=$C000
  C $D341 cb=-1 S=$FF depth=4 wb=$C000
  T $D377 cb=-1 S=$FF depth=4 wb=$C000
  C $D377 cb=-1 S=$FF depth=4 wb=$C000
  N $0002 cb=-1 S=$FC depth=3 wb=$E000
  C $DE39 cb=-1 S=$F6 depth=3 wb=$E000
  C $E11E cb=-1 S=$F6 depth=4 wb=$C000
  T $E11E cb=-1 S=$F6 depth=3 wb=$E000
  C $E11E cb=-1 S=$F6 depth=3 wb=$E000
  C $DCCE cb=-1 S=$F6 depth=3 wb=$E000
  C $CB25 cb=-1 S=$F6 depth=3 wb=$E000
  C $CD30 cb=-1 S=$F6 depth=4 wb=$C000
  C $CD7D cb=-1 S=$F6 depth=5 wb=$C000
  T $CD50 cb=-1 S=$F6 depth=6 wb=$C000
  C $CD50 cb=-1 S=$F6 depth=6 wb=$C000
  C $CD7D cb=-1 S=$F6 depth=5 wb=$C000
  T $CD50 cb=-1 S=$F6 depth=6 wb=$C000
  C $CD50 cb=-1 S=$F6 depth=6 wb=$C000
  C $CD7D cb=-1 S=$F6 depth=5 wb=$C000
  T $CD50 cb=-1 S=$F6 depth=6 wb=$C000
  C $CD50 cb=-1 S=$F6 depth=6 wb=$C000
  C $CD7D cb=-1 S=$F6 depth=5 wb=$C000
  T $CD50 cb=-1 S=$F6 depth=6 wb=$C000
  C $CD50 cb=-1 S=$F6 depth=6 wb=$C000
  C $CD7D cb=-1 S=$F6 depth=5 wb=$C000
  T $CD50 cb=-1 S=$F6 depth=6 wb=$C000
  C $CD50 cb=-1 S=$F6 depth=6 wb=$C000
  C $CD30 cb=-1 S=$F6 depth=4 wb=$C000
  C $CD7D cb=-1 S=$F6 depth=5 wb=$C000
  T $CD50 cb=-1 S=$F6 depth=6 wb=$C000
  C $CD50 cb=-1 S=$F6 depth=6 wb=$C000
  C $CD7D cb=-1 S=$F6 depth=5 wb=$C000
  T $CD50 cb=-1 S=$F6 depth=6 wb=$C000
  C $CD50 cb=-1 S=$F6 depth=6 wb=$C000
  C $CD7D cb=-1 S=$F6 depth=5 wb=$C000
  T $CD50 cb=-1 S=$F6 depth=6 wb=$C000
  C $CD50 cb=-1 S=$F6 depth=6 wb=$C000
  C $CD7D cb=-1 S=$F6 depth=5 wb=$C000
  T $CD50 cb=-1 S=$F6 depth=6 wb=$C000
  C $CD50 cb=-1 S=$F6 depth=6 wb=$C000
  C $CD7D cb=-1 S=$F6 depth=5 wb=$C000
  T $CD50 cb=-1 S=$F6 depth=6 wb=$C000
  C $CD50 cb=-1 S=$F6 depth=6 wb=$C000
  C $CC71 cb=-1 S=$F6 depth=4 wb=$C000
  C $CCDA cb=-1 S=$F6 depth=4 wb=$C000
  C $CC71 cb=-1 S=$F6 depth=4 wb=$C000
  C $CCDA cb=-1 S=$F6 depth=4 wb=$C000
  C $CC71 cb=-1 S=$F6 depth=4 wb=$C000
  C $CCDA cb=-1 S=$F6 depth=4 wb=$C000
  C $CC71 cb=-1 S=$F6 depth=4 wb=$C000
  n $0002 cb=-1 S=$FC depth=3 wb=$E000
  C $E9AE cb=-1 S=$F9 depth=3 wb=$E000
  C $B9FD cb=-1 S=$F9 depth=3 wb=$E000
=== end dispatch fault ===

=== dispatch fault 1 frame=0 cycles=124656 ===
target gen=$A009 cpu=$8009 bank=6 class=CODE call_site=$0000
cpu A=$0D X=$06 Y=$00 P=$00 S=$FF window=$8000 dispatch_depth=3 vblank_depth=0 ops=5534 budget=29781
mapper type=4 current_bank=6 mirroring=2 select=$06 irq_latch=$00 irq_counter=$00 irq_reload=0 irq_enabled=0
mapper_regs 00 00 00 00 00 00 0D 07
caller (none)
caller2 (none)
target_bytes 4C 15 80 4C 50 80 4C F1
stack_bytes 00 00 00 00 00 00 00 00 00 00 00 00 00 00 00 00
last_dispatches
  T $D269 cb=-1 S=$FD depth=0 wb=$E000
  C $D269 cb=-1 S=$FD depth=0 wb=$E000
  C $D2F6 cb=-1 S=$FF depth=1 wb=$C000
  C $CFBF cb=-1 S=$FF depth=1 wb=$C000
  C $CFF3 cb=-1 S=$FF depth=2 wb=$C000
  T $D406 cb=-1 S=$FF depth=1 wb=$C000
  C $D406 cb=-1 S=$FF depth=1 wb=$C000
  C $8009 cb=-1 S=$FF depth=2 wb=$C000
=== end dispatch fault ===

=== dispatch fault 2 frame=0 cycles=191343 ===
target gen=$A003 cpu=$8003 bank=6 class=CODE call_site=$0000
cpu A=$05 X=$10 Y=$00 P=$00 S=$FF window=$8000 dispatch_depth=4 vblank_depth=0 ops=12659 budget=29780
mapper type=4 current_bank=6 mirroring=3 select=$07 irq_latch=$00 irq_counter=$00 irq_reload=0 irq_enabled=0
mapper_regs 00 00 00 00 00 00 0D 05
caller (none)
caller2 (none)
target_bytes 4C 85 86 4C 95 87 4C 15
stack_bytes 00 00 00 00 00 00 00 00 00 00 00 00 00 00 00 00
last_dispatches
  C $884E cb=6 S=$FF depth=6 wb=$8000
  C $884E cb=6 S=$FF depth=6 wb=$8000
  C $884E cb=6 S=$FF depth=6 wb=$8000
  C $884E cb=6 S=$FF depth=6 wb=$8000
  C $884E cb=6 S=$FF depth=6 wb=$8000
  C $884E cb=6 S=$FF depth=6 wb=$8000
  C $884E cb=6 S=$FF depth=6 wb=$8000
  C $884E cb=6 S=$FF depth=6 wb=$8000
  C $884E cb=6 S=$FF depth=6 wb=$8000
  C $884E cb=6 S=$FF depth=6 wb=$8000
  C $884E cb=6 S=$FF depth=6 wb=$8000
  C $884E cb=6 S=$FF depth=6 wb=$8000
  C $884E cb=6 S=$FF depth=6 wb=$8000
  C $884E cb=6 S=$FF depth=6 wb=$8000
  C $884E cb=6 S=$FF depth=6 wb=$8000
  C $884E cb=6 S=$FF depth=6 wb=$8000
  C $884E cb=6 S=$FF depth=6 wb=$8000
  C $884E cb=6 S=$FF depth=6 wb=$8000
  C $884E cb=6 S=$FF depth=6 wb=$8000
  C $884E cb=6 S=$FF depth=6 wb=$8000
  C $884E cb=6 S=$FF depth=6 wb=$8000
  C $884E cb=6 S=$FF depth=6 wb=$8000
  C $884E cb=6 S=$FF depth=6 wb=$8000
  C $884E cb=6 S=$FF depth=6 wb=$8000
  C $884E cb=6 S=$FF depth=6 wb=$8000
  C $884E cb=6 S=$FF depth=6 wb=$8000
  C $884E cb=6 S=$FF depth=6 wb=$8000
  C $884E cb=6 S=$FF depth=6 wb=$8000
  C $884E cb=6 S=$FF depth=6 wb=$8000
  C $884E cb=6 S=$FF depth=6 wb=$8000
  C $884E cb=6 S=$FF depth=6 wb=$8000
  C $884E cb=6 S=$FF depth=6 wb=$8000
  C $884E cb=6 S=$FF depth=6 wb=$8000
  C $884E cb=6 S=$FF depth=6 wb=$8000
  C $884E cb=6 S=$FF depth=6 wb=$8000
  C $884E cb=6 S=$FF depth=6 wb=$8000
  C $884E cb=6 S=$FF depth=6 wb=$8000
  C $884E cb=6 S=$FF depth=6 wb=$8000
  C $884E cb=6 S=$FF depth=6 wb=$8000
  C $884E cb=6 S=$FF depth=6 wb=$8000
  C $884E cb=6 S=$FF depth=6 wb=$8000
  C $884E cb=6 S=$FF depth=6 wb=$8000
  C $884E cb=6 S=$FF depth=6 wb=$8000
  C $884E cb=6 S=$FF depth=6 wb=$8000
  C $884E cb=6 S=$FF depth=6 wb=$8000
  C $884E cb=6 S=$FF depth=6 wb=$8000
  C $884E cb=6 S=$FF depth=6 wb=$8000
  C $884E cb=6 S=$FF depth=6 wb=$8000
  C $884E cb=6 S=$FF depth=6 wb=$8000
  C $884E cb=6 S=$FF depth=6 wb=$8000
  C $884E cb=6 S=$FF depth=6 wb=$8000
  C $884E cb=6 S=$FF depth=6 wb=$8000
  C $884E cb=6 S=$FF depth=6 wb=$8000
  C $884E cb=6 S=$FF depth=6 wb=$8000
  C $884E cb=6 S=$FF depth=6 wb=$8000
  C $884E cb=6 S=$FF depth=6 wb=$8000
  C $884E cb=6 S=$FF depth=6 wb=$8000
  C $884E cb=6 S=$FF depth=6 wb=$8000
  C $884E cb=6 S=$FF depth=6 wb=$8000
  C $884E cb=6 S=$FF depth=6 wb=$8000
  C $884E cb=6 S=$FF depth=6 wb=$8000
  C $884E cb=6 S=$FF depth=6 wb=$8000
  C $884E cb=6 S=$FF depth=6 wb=$8000
  C $8003 cb=-1 S=$FF depth=3 wb=$C000
=== end dispatch fault ===

=== dispatch fault 3 frame=37 cycles=1284326 ===
target gen=$D7C4 cpu=$D7C4 bank=7 class=CODE call_site=$023C
cpu A=$D7 X=$07 Y=$01 P=$00 S=$FD window=$C000 dispatch_depth=5 vblank_depth=0 ops=3763 budget=29780
mapper type=4 current_bank=5 mirroring=3 select=$07 irq_latch=$00 irq_counter=$00 irq_reload=0 irq_enabled=0
mapper_regs 6A 6A 01 05 00 00 0A 0B
caller func_EDF6
caller2 (none)
target_bytes 20 09 80 20 00 80 20 03
stack_bytes 3C 02 00 00 00 00 00 00 00 00 00 00 00 00 00 00
last_dispatches
  T $CC66 cb=-1 S=$F8 depth=5 wb=$C000
  C $CC66 cb=-1 S=$F8 depth=5 wb=$C000
  n $0002 cb=-1 S=$FE depth=3 wb=$E000
  T $D9F0 cb=-1 S=$FE depth=3 wb=$E000
  C $D9F0 cb=-1 S=$FE depth=3 wb=$E000
  N $0002 cb=-1 S=$FB depth=3 wb=$E000
  C $DE39 cb=-1 S=$F8 depth=3 wb=$C000
  T $E11E cb=-1 S=$F8 depth=4 wb=$C000
  C $E11E cb=-1 S=$F8 depth=4 wb=$C000
  T $E11E cb=-1 S=$F8 depth=3 wb=$E000
  C $E11E cb=-1 S=$F8 depth=3 wb=$E000
  C $DCCE cb=-1 S=$F8 depth=3 wb=$C000
  C $CB25 cb=-1 S=$F8 depth=3 wb=$C000
  C $CD30 cb=-1 S=$F8 depth=4 wb=$C000
  C $CD30 cb=-1 S=$F8 depth=4 wb=$C000
  C $CC71 cb=-1 S=$F8 depth=4 wb=$C000
  T $CC66 cb=-1 S=$F8 depth=5 wb=$C000
  C $CC66 cb=-1 S=$F8 depth=5 wb=$C000
  C $CCDA cb=-1 S=$F8 depth=4 wb=$C000
  C $CC71 cb=-1 S=$F8 depth=4 wb=$C000
  T $CC66 cb=-1 S=$F8 depth=5 wb=$C000
  C $CC66 cb=-1 S=$F8 depth=5 wb=$C000
  C $CCDA cb=-1 S=$F8 depth=4 wb=$C000
  C $CC71 cb=-1 S=$F8 depth=4 wb=$C000
  T $CC66 cb=-1 S=$F8 depth=5 wb=$C000
  C $CC66 cb=-1 S=$F8 depth=5 wb=$C000
  C $CCDA cb=-1 S=$F8 depth=4 wb=$C000
  C $CC71 cb=-1 S=$F8 depth=4 wb=$C000
  T $CC66 cb=-1 S=$F8 depth=5 wb=$C000
  C $CC66 cb=-1 S=$F8 depth=5 wb=$C000
  n $0002 cb=-1 S=$FE depth=3 wb=$E000
  T $D9F0 cb=-1 S=$FE depth=3 wb=$E000
  C $D9F0 cb=-1 S=$FE depth=3 wb=$E000
  N $0002 cb=-1 S=$FA depth=3 wb=$E000
  C $DE39 cb=-1 S=$F7 depth=3 wb=$C000
  T $E11E cb=-1 S=$F7 depth=4 wb=$C000
  C $E11E cb=-1 S=$F7 depth=4 wb=$C000
  T $E11E cb=-1 S=$F7 depth=3 wb=$E000
  C $E11E cb=-1 S=$F7 depth=3 wb=$E000
  C $DCCE cb=-1 S=$F7 depth=3 wb=$C000
  C $CB25 cb=-1 S=$F7 depth=3 wb=$C000
  C $CD30 cb=-1 S=$F7 depth=4 wb=$C000
  C $CD30 cb=-1 S=$F7 depth=4 wb=$C000
  C $CC71 cb=-1 S=$F7 depth=4 wb=$C000
  T $CC66 cb=-1 S=$F7 depth=5 wb=$C000
  C $CC66 cb=-1 S=$F7 depth=5 wb=$C000
  C $CCDA cb=-1 S=$F7 depth=4 wb=$C000
  C $CC71 cb=-1 S=$F7 depth=4 wb=$C000
  T $CC66 cb=-1 S=$F7 depth=5 wb=$C000
  C $CC66 cb=-1 S=$F7 depth=5 wb=$C000
  C $CCDA cb=-1 S=$F7 depth=4 wb=$C000
  C $CC71 cb=-1 S=$F7 depth=4 wb=$C000
  T $CC66 cb=-1 S=$F7 depth=5 wb=$C000
  C $CC66 cb=-1 S=$F7 depth=5 wb=$C000
  C $CCDA cb=-1 S=$F7 depth=4 wb=$C000
  C $CC71 cb=-1 S=$F7 depth=4 wb=$C000
  T $CC66 cb=-1 S=$F7 depth=5 wb=$C000
  C $CC66 cb=-1 S=$F7 depth=5 wb=$C000
  n $0002 cb=-1 S=$FD depth=3 wb=$E000
  T $D9F0 cb=-1 S=$FD depth=3 wb=$E000
  C $D9F0 cb=-1 S=$FD depth=3 wb=$E000
  C $D796 cb=-1 S=$FD depth=3 wb=$C000
  T $D7C4 cb=-1 S=$FD depth=4 wb=$E000
  C $D7C4 cb=-1 S=$FD depth=4 wb=$E000
=== end dispatch fault ===

=== dispatch fault 4 frame=40 cycles=1373670 ===
target gen=$D7B8 cpu=$D7B8 bank=7 class=CODE call_site=$0239
cpu A=$D7 X=$07 Y=$00 P=$00 S=$FD window=$C000 dispatch_depth=5 vblank_depth=0 ops=3766 budget=29781
mapper type=4 current_bank=5 mirroring=3 select=$07 irq_latch=$00 irq_counter=$00 irq_reload=0 irq_enabled=0
mapper_regs 6A 6A 01 05 00 00 0A 0B
caller func_EDF6
caller2 (none)
target_bytes 20 00 80 20 09 80 20 03
stack_bytes 39 02 00 00 00 00 00 00 00 00 00 00 00 00 00 00
last_dispatches
  C $911A cb=5 S=$FD depth=7 wb=$8000
  T $9B6E cb=5 S=$FD depth=8 wb=$8000
  C $9B6E cb=5 S=$FD depth=8 wb=$8000
  C $910A cb=5 S=$FD depth=7 wb=$8000
  T $99E7 cb=-1 S=$FD depth=8 wb=$8000
  C $99E7 cb=-1 S=$FD depth=8 wb=$8000
  C $9A4C cb=5 S=$FD depth=9 wb=$8000
  T $9A69 cb=5 S=$FD depth=9 wb=$8000
  C $9A69 cb=5 S=$FD depth=9 wb=$8000
  C $913C cb=5 S=$FD depth=7 wb=$8000
  T $917D cb=5 S=$FD depth=8 wb=$8000
  C $917D cb=5 S=$FD depth=8 wb=$8000
  C $911A cb=5 S=$FD depth=7 wb=$8000
  T $9B6E cb=5 S=$FD depth=8 wb=$8000
  C $9B6E cb=5 S=$FD depth=8 wb=$8000
  C $910A cb=5 S=$FD depth=7 wb=$8000
  T $99E7 cb=-1 S=$FD depth=8 wb=$8000
  C $99E7 cb=-1 S=$FD depth=8 wb=$8000
  C $9A4C cb=5 S=$FD depth=9 wb=$8000
  T $9A69 cb=5 S=$FD depth=9 wb=$8000
  C $9A69 cb=5 S=$FD depth=9 wb=$8000
  C $913C cb=5 S=$FD depth=7 wb=$8000
  T $917D cb=5 S=$FD depth=8 wb=$8000
  C $917D cb=5 S=$FD depth=8 wb=$8000
  C $911A cb=5 S=$FD depth=7 wb=$8000
  T $9B6E cb=5 S=$FD depth=8 wb=$8000
  C $9B6E cb=5 S=$FD depth=8 wb=$8000
  T $8003 cb=-1 S=$FD depth=5 wb=$C000
  C $8003 cb=-1 S=$FD depth=5 wb=$C000
  T $8F55 cb=5 S=$FD depth=6 wb=$8000
  C $8F55 cb=5 S=$FD depth=6 wb=$8000
  T $D377 cb=-1 S=$FD depth=4 wb=$C000
  C $D377 cb=-1 S=$FD depth=4 wb=$C000
  N $0002 cb=-1 S=$FA depth=3 wb=$E000
  C $DE39 cb=-1 S=$F7 depth=3 wb=$C000
  T $E11E cb=-1 S=$F7 depth=4 wb=$C000
  C $E11E cb=-1 S=$F7 depth=4 wb=$C000
  T $E11E cb=-1 S=$F7 depth=3 wb=$E000
  C $E11E cb=-1 S=$F7 depth=3 wb=$E000
  C $DCCE cb=-1 S=$F7 depth=3 wb=$C000
  C $CB25 cb=-1 S=$F7 depth=3 wb=$C000
  C $CD30 cb=-1 S=$F7 depth=4 wb=$C000
  C $CD30 cb=-1 S=$F7 depth=4 wb=$C000
  C $CC71 cb=-1 S=$F7 depth=4 wb=$C000
  T $CC66 cb=-1 S=$F7 depth=5 wb=$C000
  C $CC66 cb=-1 S=$F7 depth=5 wb=$C000
  C $CCDA cb=-1 S=$F7 depth=4 wb=$C000
  C $CC71 cb=-1 S=$F7 depth=4 wb=$C000
  T $CC66 cb=-1 S=$F7 depth=5 wb=$C000
  C $CC66 cb=-1 S=$F7 depth=5 wb=$C000
  C $CCDA cb=-1 S=$F7 depth=4 wb=$C000
  C $CC71 cb=-1 S=$F7 depth=4 wb=$C000
  T $CC66 cb=-1 S=$F7 depth=5 wb=$C000
  C $CC66 cb=-1 S=$F7 depth=5 wb=$C000
  C $CCDA cb=-1 S=$F7 depth=4 wb=$C000
  C $CC71 cb=-1 S=$F7 depth=4 wb=$C000
  T $CC66 cb=-1 S=$F7 depth=5 wb=$C000
  C $CC66 cb=-1 S=$F7 depth=5 wb=$C000
  n $0002 cb=-1 S=$FD depth=3 wb=$E000
  T $D9F0 cb=-1 S=$FD depth=3 wb=$E000
  C $D9F0 cb=-1 S=$FD depth=3 wb=$E000
  C $D796 cb=-1 S=$FD depth=3 wb=$C000
  T $D7B8 cb=-1 S=$FD depth=4 wb=$E000
  C $D7B8 cb=-1 S=$FD depth=4 wb=$E000
=== end dispatch fault ===

=== dispatch fault 5 frame=221 cycles=6851978 ===
target gen=$FF01 cpu=$FF01 bank=7 class=ZERO_FILLED call_site=$2127
cpu A=$00 X=$03 Y=$04 P=$00 S=$FB window=$E000 dispatch_depth=9 vblank_depth=2 ops=2462 budget=29781
mapper type=4 current_bank=3 mirroring=3 select=$07 irq_latch=$7F irq_counter=$00 irq_reload=1 irq_enabled=1
mapper_regs 3C 3E 00 00 00 00 06 07
caller func_CEAC
caller2 func_CDE7
target_bytes 00 00 00 00 00 00 00 00
stack_bytes 27 21 00 00 00 00 00 00 00 00 00 00 00 00 00 00
last_dispatches
  C $884E cb=6 S=$FF depth=6 wb=$8000
  C $884E cb=6 S=$FF depth=6 wb=$8000
  C $884E cb=6 S=$FF depth=6 wb=$8000
  C $884E cb=6 S=$FF depth=6 wb=$8000
  C $884E cb=6 S=$FF depth=6 wb=$8000
  C $884E cb=6 S=$FF depth=6 wb=$8000
  C $884E cb=6 S=$FF depth=6 wb=$8000
  C $884E cb=6 S=$FF depth=6 wb=$8000
  C $DB92 cb=-1 S=$FF depth=3 wb=$C000
  C $D341 cb=-1 S=$FF depth=4 wb=$C000
  T $D377 cb=-1 S=$FF depth=4 wb=$C000
  C $D377 cb=-1 S=$FF depth=4 wb=$C000
  C $DC27 cb=-1 S=$FF depth=3 wb=$C000
  C $DBAF cb=-1 S=$FF depth=3 wb=$C000
  C $8021 cb=-1 S=$FF depth=4 wb=$C000
  T $89BF cb=6 S=$FF depth=5 wb=$8000
  C $89BF cb=6 S=$FF depth=5 wb=$8000
  T $89DD cb=-1 S=$FF depth=6 wb=$E000
  C $89DD cb=-1 S=$FF depth=6 wb=$E000
  T $89DD cb=-1 S=$FF depth=6 wb=$E000
  C $89DD cb=-1 S=$FF depth=6 wb=$E000
  T $89DD cb=-1 S=$FF depth=6 wb=$E000
  C $89DD cb=-1 S=$FF depth=6 wb=$E000
  T $89DD cb=-1 S=$FF depth=6 wb=$E000
  C $89DD cb=-1 S=$FF depth=6 wb=$E000
  N $0002 cb=-1 S=$FC depth=3 wb=$E000
  C $DE39 cb=-1 S=$F9 depth=3 wb=$C000
  T $E11E cb=-1 S=$F9 depth=4 wb=$C000
  C $E11E cb=-1 S=$F9 depth=4 wb=$C000
  T $E11E cb=-1 S=$F9 depth=3 wb=$E000
  C $E11E cb=-1 S=$F9 depth=3 wb=$E000
  C $DCCE cb=-1 S=$F9 depth=3 wb=$C000
  C $CB25 cb=-1 S=$F9 depth=3 wb=$C000
  C $CF72 cb=-1 S=$F9 depth=4 wb=$C000
  C $CFF3 cb=-1 S=$F9 depth=4 wb=$C000
  C $CD30 cb=-1 S=$F9 depth=4 wb=$C000
  C $CD7D cb=-1 S=$F9 depth=5 wb=$C000
  T $CDE7 cb=-1 S=$F9 depth=6 wb=$C000
  C $CDE7 cb=-1 S=$F9 depth=6 wb=$C000
  T $CEAC cb=-1 S=$F9 depth=7 wb=$C000
  C $CEAC cb=-1 S=$F9 depth=7 wb=$C000
  D $CDE7 cb=-1 S=$F9 depth=6 wb=$C000
  C $CDE7 cb=-1 S=$F9 depth=6 wb=$C000
  T $CEF0 cb=-1 S=$F9 depth=7 wb=$C000
  C $CEF0 cb=-1 S=$F9 depth=7 wb=$C000
  C $CD5F cb=-1 S=$F9 depth=8 wb=$C000
  C $CD7D cb=-1 S=$F9 depth=5 wb=$C000
  T $CDE7 cb=-1 S=$F9 depth=6 wb=$C000
  C $CDE7 cb=-1 S=$F9 depth=6 wb=$C000
  T $CE4C cb=-1 S=$F9 depth=7 wb=$C000
  C $CE4C cb=-1 S=$F9 depth=7 wb=$C000
  T $CD93 cb=-1 S=$F9 depth=8 wb=$C000
  C $CD93 cb=-1 S=$F9 depth=8 wb=$C000
  D $CDE7 cb=-1 S=$F9 depth=6 wb=$C000
  C $CDE7 cb=-1 S=$F9 depth=6 wb=$C000
  T $CEF0 cb=-1 S=$F9 depth=7 wb=$C000
  C $CEF0 cb=-1 S=$F9 depth=7 wb=$C000
  D $CDE7 cb=-1 S=$F9 depth=6 wb=$C000
  C $CDE7 cb=-1 S=$F9 depth=6 wb=$C000
  T $CEAC cb=-1 S=$F9 depth=7 wb=$C000
  C $CEAC cb=-1 S=$F9 depth=7 wb=$C000
  C $CD5F cb=-1 S=$F9 depth=8 wb=$C000
  T $FF01 cb=-1 S=$FB depth=8 wb=$C000
  C $FF01 cb=-1 S=$FB depth=8 wb=$C000
=== end dispatch fault ===

=== dispatch fault 6 frame=221 cycles=6852278 ===
target gen=$2128 cpu=$2128 bank=3 class=ZERO_FILLED call_site=$0000
cpu A=$00 X=$02 Y=$04 P=$00 S=$FD window=$C000 dispatch_depth=9 vblank_depth=2 ops=2762 budget=29781
mapper type=4 current_bank=3 mirroring=3 select=$07 irq_latch=$7F irq_counter=$00 irq_reload=1 irq_enabled=1
mapper_regs 3C 3E 00 00 00 00 06 07
caller func_CE78
caller2 func_CDE7
target_bytes 00 00 00 00 00 00 00 00
stack_bytes 00 00 00 00 00 00 00 00 00 00 00 00 00 00 00 00
last_dispatches
  C $DB92 cb=-1 S=$FF depth=3 wb=$C000
  C $D341 cb=-1 S=$FF depth=4 wb=$C000
  T $D377 cb=-1 S=$FF depth=4 wb=$C000
  C $D377 cb=-1 S=$FF depth=4 wb=$C000
  C $DC27 cb=-1 S=$FF depth=3 wb=$C000
  C $DBAF cb=-1 S=$FF depth=3 wb=$C000
  C $8021 cb=-1 S=$FF depth=4 wb=$C000
  T $89BF cb=6 S=$FF depth=5 wb=$8000
  C $89BF cb=6 S=$FF depth=5 wb=$8000
  T $89DD cb=-1 S=$FF depth=6 wb=$E000
  C $89DD cb=-1 S=$FF depth=6 wb=$E000
  T $89DD cb=-1 S=$FF depth=6 wb=$E000
  C $89DD cb=-1 S=$FF depth=6 wb=$E000
  T $89DD cb=-1 S=$FF depth=6 wb=$E000
  C $89DD cb=-1 S=$FF depth=6 wb=$E000
  T $89DD cb=-1 S=$FF depth=6 wb=$E000
  C $89DD cb=-1 S=$FF depth=6 wb=$E000
  N $0002 cb=-1 S=$FC depth=3 wb=$E000
  C $DE39 cb=-1 S=$F9 depth=3 wb=$C000
  T $E11E cb=-1 S=$F9 depth=4 wb=$C000
  C $E11E cb=-1 S=$F9 depth=4 wb=$C000
  T $E11E cb=-1 S=$F9 depth=3 wb=$E000
  C $E11E cb=-1 S=$F9 depth=3 wb=$E000
  C $DCCE cb=-1 S=$F9 depth=3 wb=$C000
  C $CB25 cb=-1 S=$F9 depth=3 wb=$C000
  C $CF72 cb=-1 S=$F9 depth=4 wb=$C000
  C $CFF3 cb=-1 S=$F9 depth=4 wb=$C000
  C $CD30 cb=-1 S=$F9 depth=4 wb=$C000
  C $CD7D cb=-1 S=$F9 depth=5 wb=$C000
  T $CDE7 cb=-1 S=$F9 depth=6 wb=$C000
  C $CDE7 cb=-1 S=$F9 depth=6 wb=$C000
  T $CEAC cb=-1 S=$F9 depth=7 wb=$C000
  C $CEAC cb=-1 S=$F9 depth=7 wb=$C000
  D $CDE7 cb=-1 S=$F9 depth=6 wb=$C000
  C $CDE7 cb=-1 S=$F9 depth=6 wb=$C000
  T $CEF0 cb=-1 S=$F9 depth=7 wb=$C000
  C $CEF0 cb=-1 S=$F9 depth=7 wb=$C000
  C $CD5F cb=-1 S=$F9 depth=8 wb=$C000
  C $CD7D cb=-1 S=$F9 depth=5 wb=$C000
  T $CDE7 cb=-1 S=$F9 depth=6 wb=$C000
  C $CDE7 cb=-1 S=$F9 depth=6 wb=$C000
  T $CE4C cb=-1 S=$F9 depth=7 wb=$C000
  C $CE4C cb=-1 S=$F9 depth=7 wb=$C000
  T $CD93 cb=-1 S=$F9 depth=8 wb=$C000
  C $CD93 cb=-1 S=$F9 depth=8 wb=$C000
  D $CDE7 cb=-1 S=$F9 depth=6 wb=$C000
  C $CDE7 cb=-1 S=$F9 depth=6 wb=$C000
  T $CEF0 cb=-1 S=$F9 depth=7 wb=$C000
  C $CEF0 cb=-1 S=$F9 depth=7 wb=$C000
  D $CDE7 cb=-1 S=$F9 depth=6 wb=$C000
  C $CDE7 cb=-1 S=$F9 depth=6 wb=$C000
  T $CEAC cb=-1 S=$F9 depth=7 wb=$C000
  C $CEAC cb=-1 S=$F9 depth=7 wb=$C000
  C $CD5F cb=-1 S=$F9 depth=8 wb=$C000
  T $FF01 cb=-1 S=$FB depth=8 wb=$C000
  C $FF01 cb=-1 S=$FB depth=8 wb=$C000
  C $CD7D cb=-1 S=$FB depth=5 wb=$C000
  T $CDE7 cb=-1 S=$FB depth=6 wb=$C000
  C $CDE7 cb=-1 S=$FB depth=6 wb=$C000
  T $CE78 cb=-1 S=$FB depth=7 wb=$C000
  C $CE78 cb=-1 S=$FB depth=7 wb=$C000
  C $CD5F cb=-1 S=$FB depth=8 wb=$C000
  T $2128 cb=-1 S=$FD depth=8 wb=$C000
  C $2128 cb=-1 S=$FD depth=8 wb=$C000
=== end dispatch fault ===

=== dispatch fault 7 frame=241 cycles=7447003 ===
target gen=$5C01 cpu=$5C01 bank=3 class=ZERO_FILLED call_site=$212F
cpu A=$00 X=$01 Y=$02 P=$00 S=$FB window=$C000 dispatch_depth=9 vblank_depth=2 ops=1877 budget=29781
mapper type=4 current_bank=3 mirroring=3 select=$07 irq_latch=$7F irq_counter=$00 irq_reload=1 irq_enabled=1
mapper_regs 3C 3E 00 00 00 00 06 07
caller func_CF25
caller2 func_CDE7
target_bytes 00 00 00 00 00 00 00 00
stack_bytes 2F 21 00 00 00 00 00 00 00 00 00 00 00 00 00 00
last_dispatches
  T $CD50 cb=-1 S=$F9 depth=6 wb=$C000
  C $CD50 cb=-1 S=$F9 depth=6 wb=$C000
  C $CD7D cb=-1 S=$F9 depth=5 wb=$C000
  T $CD50 cb=-1 S=$F9 depth=6 wb=$C000
  C $CD50 cb=-1 S=$F9 depth=6 wb=$C000
  C $CD30 cb=-1 S=$F9 depth=4 wb=$C000
  C $CC71 cb=-1 S=$F9 depth=4 wb=$C000
  C $CCDA cb=-1 S=$F9 depth=4 wb=$C000
  C $CC71 cb=-1 S=$F9 depth=4 wb=$C000
  T $CC61 cb=-1 S=$F9 depth=5 wb=$C000
  C $CC61 cb=-1 S=$F9 depth=5 wb=$C000
  C $CCDA cb=-1 S=$F9 depth=4 wb=$C000
  C $CC71 cb=-1 S=$F9 depth=4 wb=$C000
  C $CCDA cb=-1 S=$F9 depth=4 wb=$C000
  C $CC71 cb=-1 S=$F9 depth=4 wb=$C000
  T $CC61 cb=-1 S=$F9 depth=5 wb=$C000
  C $CC61 cb=-1 S=$F9 depth=5 wb=$C000
  n $0002 cb=-1 S=$FF depth=3 wb=$E000
  T $E9AE cb=-1 S=$F9 depth=3 wb=$E000
  C $E9AE cb=-1 S=$F9 depth=3 wb=$E000
  T $D9F0 cb=-1 S=$FF depth=3 wb=$E000
  C $D9F0 cb=-1 S=$FF depth=3 wb=$E000
  C $DBAF cb=-1 S=$FF depth=3 wb=$C000
  C $8021 cb=-1 S=$FF depth=4 wb=$C000
  T $89BF cb=6 S=$FF depth=5 wb=$8000
  C $89BF cb=6 S=$FF depth=5 wb=$8000
  T $8749 cb=-1 S=$FF depth=6 wb=$E000
  C $8749 cb=-1 S=$FF depth=6 wb=$E000
  T $8749 cb=-1 S=$FF depth=6 wb=$E000
  C $8749 cb=-1 S=$FF depth=6 wb=$E000
  T $8749 cb=-1 S=$FF depth=6 wb=$E000
  C $8749 cb=-1 S=$FF depth=6 wb=$E000
  T $8749 cb=-1 S=$FF depth=6 wb=$E000
  C $8749 cb=-1 S=$FF depth=6 wb=$E000
  C $DB65 cb=-1 S=$FF depth=3 wb=$C000
  C $DB92 cb=-1 S=$FF depth=3 wb=$C000
  C $D341 cb=-1 S=$FF depth=4 wb=$C000
  T $D377 cb=-1 S=$FF depth=4 wb=$C000
  C $D377 cb=-1 S=$FF depth=4 wb=$C000
  N $0002 cb=-1 S=$FC depth=3 wb=$E000
  C $DE39 cb=-1 S=$F9 depth=3 wb=$C000
  T $E11E cb=-1 S=$F9 depth=4 wb=$C000
  C $E11E cb=-1 S=$F9 depth=4 wb=$C000
  T $E11E cb=-1 S=$F9 depth=3 wb=$E000
  C $E11E cb=-1 S=$F9 depth=3 wb=$E000
  C $DCCE cb=-1 S=$F9 depth=3 wb=$C000
  C $CB25 cb=-1 S=$F9 depth=3 wb=$C000
  C $CD30 cb=-1 S=$F9 depth=4 wb=$C000
  C $CD7D cb=-1 S=$F9 depth=5 wb=$C000
  T $CD50 cb=-1 S=$F9 depth=6 wb=$C000
  C $CD50 cb=-1 S=$F9 depth=6 wb=$C000
  C $CD7D cb=-1 S=$F9 depth=5 wb=$C000
  T $CD50 cb=-1 S=$F9 depth=6 wb=$C000
  C $CD50 cb=-1 S=$F9 depth=6 wb=$C000
  C $CD7D cb=-1 S=$F9 depth=5 wb=$C000
  C $CD5F cb=-1 S=$F9 depth=6 wb=$C000
  C $CD7D cb=-1 S=$F9 depth=5 wb=$C000
  T $CDE7 cb=-1 S=$F9 depth=6 wb=$C000
  C $CDE7 cb=-1 S=$F9 depth=6 wb=$C000
  T $CF25 cb=-1 S=$F9 depth=7 wb=$C000
  C $CF25 cb=-1 S=$F9 depth=7 wb=$C000
  C $CD5F cb=-1 S=$F9 depth=8 wb=$C000
  T $5C01 cb=-1 S=$FB depth=8 wb=$C000
  C $5C01 cb=-1 S=$FB depth=8 wb=$C000
=== end dispatch fault ===

=== dispatch fault 8 frame=248 cycles=7655201 ===
target gen=$2001 cpu=$2001 bank=3 class=ZERO_FILLED call_site=$2300
cpu A=$00 X=$03 Y=$02 P=$00 S=$FB window=$C000 dispatch_depth=9 vblank_depth=2 ops=1611 budget=29780
mapper type=4 current_bank=3 mirroring=3 select=$07 irq_latch=$7F irq_counter=$00 irq_reload=1 irq_enabled=1
mapper_regs 3C 3E 00 00 00 00 06 07
caller func_CF25
caller2 func_CDE7
target_bytes 00 00 00 00 00 00 00 00
stack_bytes 00 23 00 00 00 00 00 00 00 00 00 00 00 00 00 00
last_dispatches
  C $CD7D cb=-1 S=$F9 depth=5 wb=$C000
  T $CD50 cb=-1 S=$F9 depth=6 wb=$C000
  C $CD50 cb=-1 S=$F9 depth=6 wb=$C000
  C $CD7D cb=-1 S=$F9 depth=5 wb=$C000
  T $CD50 cb=-1 S=$F9 depth=6 wb=$C000
  C $CD50 cb=-1 S=$F9 depth=6 wb=$C000
  C $CD7D cb=-1 S=$F9 depth=5 wb=$C000
  T $CD50 cb=-1 S=$F9 depth=6 wb=$C000
  C $CD50 cb=-1 S=$F9 depth=6 wb=$C000
  C $CD30 cb=-1 S=$F9 depth=4 wb=$C000
  C $CC71 cb=-1 S=$F9 depth=4 wb=$C000
  C $CCDA cb=-1 S=$F9 depth=4 wb=$C000
  C $CC71 cb=-1 S=$F9 depth=4 wb=$C000
  T $CC61 cb=-1 S=$F9 depth=5 wb=$C000
  C $CC61 cb=-1 S=$F9 depth=5 wb=$C000
  C $CCDA cb=-1 S=$F9 depth=4 wb=$C000
  C $CC71 cb=-1 S=$F9 depth=4 wb=$C000
  T $CC61 cb=-1 S=$F9 depth=5 wb=$C000
  C $CC61 cb=-1 S=$F9 depth=5 wb=$C000
  C $CCDA cb=-1 S=$F9 depth=4 wb=$C000
  C $CC71 cb=-1 S=$F9 depth=4 wb=$C000
  T $CC61 cb=-1 S=$F9 depth=5 wb=$C000
  C $CC61 cb=-1 S=$F9 depth=5 wb=$C000
  n $0002 cb=-1 S=$FF depth=3 wb=$E000
  T $E9AE cb=-1 S=$F9 depth=3 wb=$E000
  C $E9AE cb=-1 S=$F9 depth=3 wb=$E000
  T $D9F0 cb=-1 S=$FF depth=3 wb=$E000
  C $D9F0 cb=-1 S=$FF depth=3 wb=$E000
  C $DBAF cb=-1 S=$FF depth=3 wb=$C000
  C $8021 cb=-1 S=$FF depth=4 wb=$C000
  T $89BF cb=6 S=$FF depth=5 wb=$8000
  C $89BF cb=6 S=$FF depth=5 wb=$8000
  T $8749 cb=-1 S=$FF depth=6 wb=$E000
  C $8749 cb=-1 S=$FF depth=6 wb=$E000
  T $8749 cb=-1 S=$FF depth=6 wb=$E000
  C $8749 cb=-1 S=$FF depth=6 wb=$E000
  T $8749 cb=-1 S=$FF depth=6 wb=$E000
  C $8749 cb=-1 S=$FF depth=6 wb=$E000
  T $8749 cb=-1 S=$FF depth=6 wb=$E000
  C $8749 cb=-1 S=$FF depth=6 wb=$E000
  C $DB65 cb=-1 S=$FF depth=3 wb=$C000
  C $DB92 cb=-1 S=$FF depth=3 wb=$C000
  C $D341 cb=-1 S=$FF depth=4 wb=$C000
  T $D377 cb=-1 S=$FF depth=4 wb=$C000
  C $D377 cb=-1 S=$FF depth=4 wb=$C000
  N $0002 cb=-1 S=$FC depth=3 wb=$E000
  C $DE39 cb=-1 S=$F9 depth=3 wb=$C000
  T $E11E cb=-1 S=$F9 depth=4 wb=$C000
  C $E11E cb=-1 S=$F9 depth=4 wb=$C000
  T $E11E cb=-1 S=$F9 depth=3 wb=$E000
  C $E11E cb=-1 S=$F9 depth=3 wb=$E000
  C $DCCE cb=-1 S=$F9 depth=3 wb=$C000
  C $CB25 cb=-1 S=$F9 depth=3 wb=$C000
  C $CD30 cb=-1 S=$F9 depth=4 wb=$C000
  C $CD7D cb=-1 S=$F9 depth=5 wb=$C000
  C $CD5F cb=-1 S=$F9 depth=6 wb=$C000
  C $CD7D cb=-1 S=$F9 depth=5 wb=$C000
  T $CDE7 cb=-1 S=$F9 depth=6 wb=$C000
  C $CDE7 cb=-1 S=$F9 depth=6 wb=$C000
  T $CF25 cb=-1 S=$F9 depth=7 wb=$C000
  C $CF25 cb=-1 S=$F9 depth=7 wb=$C000
  C $CD5F cb=-1 S=$F9 depth=8 wb=$C000
  T $2001 cb=-1 S=$FB depth=8 wb=$C000
  C $2001 cb=-1 S=$FB depth=8 wb=$C000
=== end dispatch fault ===

=== dispatch fault 9 frame=261 cycles=8042607 ===
target gen=$8C01 cpu=$8C01 bank=3 class=CODE call_site=$E0C5
cpu A=$00 X=$01 Y=$02 P=$00 S=$FB window=$8000 dispatch_depth=9 vblank_depth=2 ops=1871 budget=29781
mapper type=4 current_bank=3 mirroring=3 select=$07 irq_latch=$7F irq_counter=$00 irq_reload=1 irq_enabled=1
mapper_regs 3C 3E 00 00 00 00 06 07
caller func_CF25
caller2 func_CDE7
target_bytes EA 8A F0 F4 0F FC FD 8A
stack_bytes C5 E0 00 00 00 00 00 00 00 00 00 00 00 00 00 00
last_dispatches
  C $CD7D cb=-1 S=$F9 depth=5 wb=$C000
  T $CD50 cb=-1 S=$F9 depth=6 wb=$C000
  C $CD50 cb=-1 S=$F9 depth=6 wb=$C000
  C $CD30 cb=-1 S=$F9 depth=4 wb=$C000
  C $CC71 cb=-1 S=$F9 depth=4 wb=$C000
  C $CCDA cb=-1 S=$F9 depth=4 wb=$C000
  C $CC71 cb=-1 S=$F9 depth=4 wb=$C000
  T $CC61 cb=-1 S=$F9 depth=5 wb=$C000
  C $CC61 cb=-1 S=$F9 depth=5 wb=$C000
  C $CCDA cb=-1 S=$F9 depth=4 wb=$C000
  C $CC71 cb=-1 S=$F9 depth=4 wb=$C000
  T $CC61 cb=-1 S=$F9 depth=5 wb=$C000
  C $CC61 cb=-1 S=$F9 depth=5 wb=$C000
  C $CCDA cb=-1 S=$F9 depth=4 wb=$C000
  C $CC71 cb=-1 S=$F9 depth=4 wb=$C000
  T $CC61 cb=-1 S=$F9 depth=5 wb=$C000
  C $CC61 cb=-1 S=$F9 depth=5 wb=$C000
  n $0002 cb=-1 S=$FF depth=3 wb=$E000
  T $E9AE cb=-1 S=$F9 depth=3 wb=$E000
  C $E9AE cb=-1 S=$F9 depth=3 wb=$E000
  T $D9F0 cb=-1 S=$FF depth=3 wb=$E000
  C $D9F0 cb=-1 S=$FF depth=3 wb=$E000
  C $DBAF cb=-1 S=$FF depth=3 wb=$C000
  C $8021 cb=-1 S=$FF depth=4 wb=$C000
  T $89BF cb=6 S=$FF depth=5 wb=$8000
  C $89BF cb=6 S=$FF depth=5 wb=$8000
  T $8749 cb=-1 S=$FF depth=6 wb=$E000
  C $8749 cb=-1 S=$FF depth=6 wb=$E000
  T $8749 cb=-1 S=$FF depth=6 wb=$E000
  C $8749 cb=-1 S=$FF depth=6 wb=$E000
  T $8749 cb=-1 S=$FF depth=6 wb=$E000
  C $8749 cb=-1 S=$FF depth=6 wb=$E000
  T $8749 cb=-1 S=$FF depth=6 wb=$E000
  C $8749 cb=-1 S=$FF depth=6 wb=$E000
  C $DB65 cb=-1 S=$FF depth=3 wb=$C000
  C $DB92 cb=-1 S=$FF depth=3 wb=$C000
  C $D341 cb=-1 S=$FF depth=4 wb=$C000
  T $D377 cb=-1 S=$FF depth=4 wb=$C000
  C $D377 cb=-1 S=$FF depth=4 wb=$C000
  N $0002 cb=-1 S=$FC depth=3 wb=$E000
  C $DE39 cb=-1 S=$F9 depth=3 wb=$C000
  T $E11E cb=-1 S=$F9 depth=4 wb=$C000
  C $E11E cb=-1 S=$F9 depth=4 wb=$C000
  T $E11E cb=-1 S=$F9 depth=3 wb=$E000
  C $E11E cb=-1 S=$F9 depth=3 wb=$E000
  C $DCCE cb=-1 S=$F9 depth=3 wb=$C000
  C $CB25 cb=-1 S=$F9 depth=3 wb=$C000
  C $CD30 cb=-1 S=$F9 depth=4 wb=$C000
  C $CD7D cb=-1 S=$F9 depth=5 wb=$C000
  T $CD50 cb=-1 S=$F9 depth=6 wb=$C000
  C $CD50 cb=-1 S=$F9 depth=6 wb=$C000
  C $CD7D cb=-1 S=$F9 depth=5 wb=$C000
  T $CD50 cb=-1 S=$F9 depth=6 wb=$C000
  C $CD50 cb=-1 S=$F9 depth=6 wb=$C000
  C $CD7D cb=-1 S=$F9 depth=5 wb=$C000
  C $CD5F cb=-1 S=$F9 depth=6 wb=$C000
  C $CD7D cb=-1 S=$F9 depth=5 wb=$C000
  T $CDE7 cb=-1 S=$F9 depth=6 wb=$C000
  C $CDE7 cb=-1 S=$F9 depth=6 wb=$C000
  T $CF25 cb=-1 S=$F9 depth=7 wb=$C000
  C $CF25 cb=-1 S=$F9 depth=7 wb=$C000
  C $CD5F cb=-1 S=$F9 depth=8 wb=$C000
  T $8C01 cb=-1 S=$FB depth=8 wb=$C000
  C $8C01 cb=-1 S=$FB depth=8 wb=$C000
=== end dispatch fault ===

=== dispatch fault 10 frame=281 cycles=8638213 ===
target gen=$BC01 cpu=$BC01 bank=3 class=CODE call_site=$2300
cpu A=$00 X=$01 Y=$02 P=$00 S=$FB window=$A000 dispatch_depth=9 vblank_depth=2 ops=1867 budget=29781
mapper type=4 current_bank=3 mirroring=3 select=$07 irq_latch=$7F irq_counter=$00 irq_reload=1 irq_enabled=1
mapper_regs 3C 3E 00 00 00 00 06 07
caller func_CF25
caller2 func_CDE7
target_bytes 15 83 10 0E 84 0F 00 00
stack_bytes 00 23 00 00 00 00 00 00 00 00 00 00 00 00 00 00
last_dispatches
  T $CD50 cb=-1 S=$F9 depth=6 wb=$C000
  C $CD50 cb=-1 S=$F9 depth=6 wb=$C000
  C $CD7D cb=-1 S=$F9 depth=5 wb=$C000
  T $CD50 cb=-1 S=$F9 depth=6 wb=$C000
  C $CD50 cb=-1 S=$F9 depth=6 wb=$C000
  C $CD30 cb=-1 S=$F9 depth=4 wb=$C000
  C $CC71 cb=-1 S=$F9 depth=4 wb=$C000
  C $CCDA cb=-1 S=$F9 depth=4 wb=$C000
  C $CC71 cb=-1 S=$F9 depth=4 wb=$C000
  T $CC61 cb=-1 S=$F9 depth=5 wb=$C000
  C $CC61 cb=-1 S=$F9 depth=5 wb=$C000
  C $CCDA cb=-1 S=$F9 depth=4 wb=$C000
  C $CC71 cb=-1 S=$F9 depth=4 wb=$C000
  C $CCDA cb=-1 S=$F9 depth=4 wb=$C000
  C $CC71 cb=-1 S=$F9 depth=4 wb=$C000
  T $CC61 cb=-1 S=$F9 depth=5 wb=$C000
  C $CC61 cb=-1 S=$F9 depth=5 wb=$C000
  n $0002 cb=-1 S=$FF depth=3 wb=$E000
  T $E9AE cb=-1 S=$F9 depth=3 wb=$E000
  C $E9AE cb=-1 S=$F9 depth=3 wb=$E000
  T $D9F0 cb=-1 S=$FF depth=3 wb=$E000
  C $D9F0 cb=-1 S=$FF depth=3 wb=$E000
  C $DBAF cb=-1 S=$FF depth=3 wb=$C000
  C $8021 cb=-1 S=$FF depth=4 wb=$C000
  T $89BF cb=6 S=$FF depth=5 wb=$8000
  C $89BF cb=6 S=$FF depth=5 wb=$8000
  T $8749 cb=-1 S=$FF depth=6 wb=$E000
  C $8749 cb=-1 S=$FF depth=6 wb=$E000
  T $8749 cb=-1 S=$FF depth=6 wb=$E000
  C $8749 cb=-1 S=$FF depth=6 wb=$E000
  T $8749 cb=-1 S=$FF depth=6 wb=$E000
  C $8749 cb=-1 S=$FF depth=6 wb=$E000
  T $8749 cb=-1 S=$FF depth=6 wb=$E000
  C $8749 cb=-1 S=$FF depth=6 wb=$E000
  C $DB65 cb=-1 S=$FF depth=3 wb=$C000
  C $DB92 cb=-1 S=$FF depth=3 wb=$C000
  C $D341 cb=-1 S=$FF depth=4 wb=$C000
  T $D377 cb=-1 S=$FF depth=4 wb=$C000
  C $D377 cb=-1 S=$FF depth=4 wb=$C000
  N $0002 cb=-1 S=$FC depth=3 wb=$E000
  C $DE39 cb=-1 S=$F9 depth=3 wb=$C000
  T $E11E cb=-1 S=$F9 depth=4 wb=$C000
  C $E11E cb=-1 S=$F9 depth=4 wb=$C000
  T $E11E cb=-1 S=$F9 depth=3 wb=$E000
  C $E11E cb=-1 S=$F9 depth=3 wb=$E000
  C $DCCE cb=-1 S=$F9 depth=3 wb=$C000
  C $CB25 cb=-1 S=$F9 depth=3 wb=$C000
  C $CD30 cb=-1 S=$F9 depth=4 wb=$C000
  C $CD7D cb=-1 S=$F9 depth=5 wb=$C000
  T $CD50 cb=-1 S=$F9 depth=6 wb=$C000
  C $CD50 cb=-1 S=$F9 depth=6 wb=$C000
  C $CD7D cb=-1 S=$F9 depth=5 wb=$C000
  T $CD50 cb=-1 S=$F9 depth=6 wb=$C000
  C $CD50 cb=-1 S=$F9 depth=6 wb=$C000
  C $CD7D cb=-1 S=$F9 depth=5 wb=$C000
  C $CD5F cb=-1 S=$F9 depth=6 wb=$C000
  C $CD7D cb=-1 S=$F9 depth=5 wb=$C000
  T $CDE7 cb=-1 S=$F9 depth=6 wb=$C000
  C $CDE7 cb=-1 S=$F9 depth=6 wb=$C000
  T $CF25 cb=-1 S=$F9 depth=7 wb=$C000
  C $CF25 cb=-1 S=$F9 depth=7 wb=$C000
  C $CD5F cb=-1 S=$F9 depth=8 wb=$C000
  T $BC01 cb=-1 S=$FB depth=8 wb=$C000
  C $BC01 cb=-1 S=$FB depth=8 wb=$C000
=== end dispatch fault ===

=== dispatch fault 11 frame=301 cycles=9234153 ===
target gen=$E0B9 cpu=$E0B9 bank=7 class=CODE call_site=$0000
cpu A=$00 X=$01 Y=$02 P=$00 S=$FD window=$E000 dispatch_depth=9 vblank_depth=2 ops=2197 budget=29781
mapper type=4 current_bank=3 mirroring=3 select=$07 irq_latch=$7F irq_counter=$00 irq_reload=1 irq_enabled=1
mapper_regs 3C 3E 00 00 00 00 06 07
caller func_CF25
caller2 func_CDE7
target_bytes 06 20 B1 40 8D 07 20 C8
stack_bytes 00 00 00 00 00 00 00 00 00 00 00 00 00 00 00 00
last_dispatches
  C $CD50 cb=-1 S=$F9 depth=6 wb=$C000
  C $CD30 cb=-1 S=$F9 depth=4 wb=$C000
  C $CC71 cb=-1 S=$F9 depth=4 wb=$C000
  C $CCDA cb=-1 S=$F9 depth=4 wb=$C000
  C $CC71 cb=-1 S=$F9 depth=4 wb=$C000
  T $CC61 cb=-1 S=$F9 depth=5 wb=$C000
  C $CC61 cb=-1 S=$F9 depth=5 wb=$C000
  C $CCDA cb=-1 S=$F9 depth=4 wb=$C000
  C $CC71 cb=-1 S=$F9 depth=4 wb=$C000
  C $CCDA cb=-1 S=$F9 depth=4 wb=$C000
  C $CC71 cb=-1 S=$F9 depth=4 wb=$C000
  T $CC61 cb=-1 S=$F9 depth=5 wb=$C000
  C $CC61 cb=-1 S=$F9 depth=5 wb=$C000
  n $0002 cb=-1 S=$FF depth=3 wb=$E000
  T $E9AE cb=-1 S=$F9 depth=3 wb=$E000
  C $E9AE cb=-1 S=$F9 depth=3 wb=$E000
  T $D9F0 cb=-1 S=$FF depth=3 wb=$E000
  C $D9F0 cb=-1 S=$FF depth=3 wb=$E000
  C $DBAF cb=-1 S=$FF depth=3 wb=$C000
  C $8021 cb=-1 S=$FF depth=4 wb=$C000
  T $89BF cb=6 S=$FF depth=5 wb=$8000
  C $89BF cb=6 S=$FF depth=5 wb=$8000
  T $8749 cb=-1 S=$FF depth=6 wb=$E000
  C $8749 cb=-1 S=$FF depth=6 wb=$E000
  T $8749 cb=-1 S=$FF depth=6 wb=$E000
  C $8749 cb=-1 S=$FF depth=6 wb=$E000
  T $8749 cb=-1 S=$FF depth=6 wb=$E000
  C $8749 cb=-1 S=$FF depth=6 wb=$E000
  T $8749 cb=-1 S=$FF depth=6 wb=$E000
  C $8749 cb=-1 S=$FF depth=6 wb=$E000
  C $DB65 cb=-1 S=$FF depth=3 wb=$C000
  C $DB92 cb=-1 S=$FF depth=3 wb=$C000
  C $D341 cb=-1 S=$FF depth=4 wb=$C000
  T $D377 cb=-1 S=$FF depth=4 wb=$C000
  C $D377 cb=-1 S=$FF depth=4 wb=$C000
  N $0002 cb=-1 S=$FC depth=3 wb=$E000
  C $DE39 cb=-1 S=$F9 depth=3 wb=$C000
  T $E11E cb=-1 S=$F9 depth=4 wb=$C000
  C $E11E cb=-1 S=$F9 depth=4 wb=$C000
  T $E11E cb=-1 S=$F9 depth=3 wb=$E000
  C $E11E cb=-1 S=$F9 depth=3 wb=$E000
  C $DCCE cb=-1 S=$F9 depth=3 wb=$C000
  C $CB25 cb=-1 S=$F9 depth=3 wb=$C000
  C $CD30 cb=-1 S=$F9 depth=4 wb=$C000
  C $CD7D cb=-1 S=$F9 depth=5 wb=$C000
  C $CD5F cb=-1 S=$F9 depth=6 wb=$C000
  C $CD7D cb=-1 S=$F9 depth=5 wb=$C000
  T $CDE7 cb=-1 S=$F9 depth=6 wb=$C000
  C $CDE7 cb=-1 S=$F9 depth=6 wb=$C000
  T $CF25 cb=-1 S=$F9 depth=7 wb=$C000
  C $CF25 cb=-1 S=$F9 depth=7 wb=$C000
  C $CD5F cb=-1 S=$F9 depth=8 wb=$C000
  T $EC01 cb=-1 S=$FB depth=8 wb=$C000
  C $EC01 cb=-1 S=$FB depth=8 wb=$C000
  C $CD7D cb=-1 S=$FB depth=5 wb=$C000
  C $CD5F cb=-1 S=$FB depth=6 wb=$C000
  C $CD7D cb=-1 S=$FB depth=5 wb=$C000
  T $CDE7 cb=-1 S=$FB depth=6 wb=$C000
  C $CDE7 cb=-1 S=$FB depth=6 wb=$C000
  T $CF25 cb=-1 S=$FB depth=7 wb=$C000
  C $CF25 cb=-1 S=$FB depth=7 wb=$C000
  C $CD5F cb=-1 S=$FB depth=8 wb=$C000
  T $E0B9 cb=-1 S=$FD depth=8 wb=$C000
  C $E0B9 cb=-1 S=$FD depth=8 wb=$C000
=== end dispatch fault ===

=== dispatch fault 12 frame=328 cycles=10037854 ===
target gen=$E001 cpu=$E001 bank=7 class=CODE call_site=$A0AC
cpu A=$00 X=$03 Y=$02 P=$00 S=$FB window=$E000 dispatch_depth=9 vblank_depth=2 ops=1824 budget=29780
mapper type=4 current_bank=3 mirroring=3 select=$07 irq_latch=$7F irq_counter=$00 irq_reload=1 irq_enabled=1
mapper_regs 3C 3E 00 00 00 00 06 07
caller func_CF25
caller2 func_CDE7
target_bytes 07 20 C8 B1 40 8D 07 20
stack_bytes AC A0 00 00 00 00 00 00 00 00 00 00 00 00 00 00
last_dispatches
  C $CD50 cb=-1 S=$F9 depth=6 wb=$C000
  C $CD30 cb=-1 S=$F9 depth=4 wb=$C000
  C $CC71 cb=-1 S=$F9 depth=4 wb=$C000
  C $CCDA cb=-1 S=$F9 depth=4 wb=$C000
  C $CC71 cb=-1 S=$F9 depth=4 wb=$C000
  T $CC61 cb=-1 S=$F9 depth=5 wb=$C000
  C $CC61 cb=-1 S=$F9 depth=5 wb=$C000
  C $CCDA cb=-1 S=$F9 depth=4 wb=$C000
  C $CC71 cb=-1 S=$F9 depth=4 wb=$C000
  T $CC61 cb=-1 S=$F9 depth=5 wb=$C000
  C $CC61 cb=-1 S=$F9 depth=5 wb=$C000
  C $CCDA cb=-1 S=$F9 depth=4 wb=$C000
  C $CC71 cb=-1 S=$F9 depth=4 wb=$C000
  T $CC61 cb=-1 S=$F9 depth=5 wb=$C000
  C $CC61 cb=-1 S=$F9 depth=5 wb=$C000
  n $0002 cb=-1 S=$FF depth=3 wb=$E000
  T $E9AE cb=-1 S=$F9 depth=3 wb=$E000
  C $E9AE cb=-1 S=$F9 depth=3 wb=$E000
  T $D9F0 cb=-1 S=$FF depth=3 wb=$E000
  C $D9F0 cb=-1 S=$FF depth=3 wb=$E000
  C $DBAF cb=-1 S=$FF depth=3 wb=$C000
  C $8021 cb=-1 S=$FF depth=4 wb=$C000
  T $89BF cb=6 S=$FF depth=5 wb=$8000
  C $89BF cb=6 S=$FF depth=5 wb=$8000
  T $8749 cb=-1 S=$FF depth=6 wb=$E000
  C $8749 cb=-1 S=$FF depth=6 wb=$E000
  T $8749 cb=-1 S=$FF depth=6 wb=$E000
  C $8749 cb=-1 S=$FF depth=6 wb=$E000
  T $8749 cb=-1 S=$FF depth=6 wb=$E000
  C $8749 cb=-1 S=$FF depth=6 wb=$E000
  T $8749 cb=-1 S=$FF depth=6 wb=$E000
  C $8749 cb=-1 S=$FF depth=6 wb=$E000
  C $DB65 cb=-1 S=$FF depth=3 wb=$C000
  C $DB92 cb=-1 S=$FF depth=3 wb=$C000
  C $D341 cb=-1 S=$FF depth=4 wb=$C000
  T $D377 cb=-1 S=$FF depth=4 wb=$C000
  C $D377 cb=-1 S=$FF depth=4 wb=$C000
  N $0002 cb=-1 S=$FC depth=3 wb=$E000
  C $DE39 cb=-1 S=$F9 depth=3 wb=$C000
  T $E11E cb=-1 S=$F9 depth=4 wb=$C000
  C $E11E cb=-1 S=$F9 depth=4 wb=$C000
  T $E11E cb=-1 S=$F9 depth=3 wb=$E000
  C $E11E cb=-1 S=$F9 depth=3 wb=$E000
  C $DCCE cb=-1 S=$F9 depth=3 wb=$C000
  C $CB25 cb=-1 S=$F9 depth=3 wb=$C000
  C $CD30 cb=-1 S=$F9 depth=4 wb=$C000
  C $CD7D cb=-1 S=$F9 depth=5 wb=$C000
  T $CDE7 cb=-1 S=$F9 depth=6 wb=$C000
  C $CDE7 cb=-1 S=$F9 depth=6 wb=$C000
  T $CF25 cb=-1 S=$F9 depth=7 wb=$C000
  C $CF25 cb=-1 S=$F9 depth=7 wb=$C000
  D $CDE7 cb=-1 S=$F9 depth=6 wb=$C000
  C $CDE7 cb=-1 S=$F9 depth=6 wb=$C000
  T $CEF0 cb=-1 S=$F9 depth=7 wb=$C000
  C $CEF0 cb=-1 S=$F9 depth=7 wb=$C000
  C $CD5F cb=-1 S=$F9 depth=8 wb=$C000
  C $CD7D cb=-1 S=$F9 depth=5 wb=$C000
  T $CDE7 cb=-1 S=$F9 depth=6 wb=$C000
  C $CDE7 cb=-1 S=$F9 depth=6 wb=$C000
  T $CF25 cb=-1 S=$F9 depth=7 wb=$C000
  C $CF25 cb=-1 S=$F9 depth=7 wb=$C000
  C $CD5F cb=-1 S=$F9 depth=8 wb=$C000
  T $E001 cb=-1 S=$FB depth=8 wb=$C000
  C $E001 cb=-1 S=$FB depth=8 wb=$C000
=== end dispatch fault ===

=== dispatch fault 13 frame=328 cycles=10038132 ===
target gen=$A0AD cpu=$A0AD bank=3 class=CODE call_site=$0000
cpu A=$00 X=$02 Y=$02 P=$00 S=$FD window=$A000 dispatch_depth=9 vblank_depth=2 ops=2102 budget=29780
mapper type=4 current_bank=3 mirroring=3 select=$07 irq_latch=$7F irq_counter=$00 irq_reload=1 irq_enabled=1
mapper_regs 3C 3E 00 00 00 00 06 07
caller func_CF30
caller2 func_CDE7
target_bytes 02 54 01 1A 02 54 01 F5
stack_bytes 00 00 00 00 00 00 00 00 00 00 00 00 00 00 00 00
last_dispatches
  C $CC71 cb=-1 S=$F9 depth=4 wb=$C000
  T $CC61 cb=-1 S=$F9 depth=5 wb=$C000
  C $CC61 cb=-1 S=$F9 depth=5 wb=$C000
  C $CCDA cb=-1 S=$F9 depth=4 wb=$C000
  C $CC71 cb=-1 S=$F9 depth=4 wb=$C000
  T $CC61 cb=-1 S=$F9 depth=5 wb=$C000
  C $CC61 cb=-1 S=$F9 depth=5 wb=$C000
  n $0002 cb=-1 S=$FF depth=3 wb=$E000
  T $E9AE cb=-1 S=$F9 depth=3 wb=$E000
  C $E9AE cb=-1 S=$F9 depth=3 wb=$E000
  T $D9F0 cb=-1 S=$FF depth=3 wb=$E000
  C $D9F0 cb=-1 S=$FF depth=3 wb=$E000
  C $DBAF cb=-1 S=$FF depth=3 wb=$C000
  C $8021 cb=-1 S=$FF depth=4 wb=$C000
  T $89BF cb=6 S=$FF depth=5 wb=$8000
  C $89BF cb=6 S=$FF depth=5 wb=$8000
  T $8749 cb=-1 S=$FF depth=6 wb=$E000
  C $8749 cb=-1 S=$FF depth=6 wb=$E000
  T $8749 cb=-1 S=$FF depth=6 wb=$E000
  C $8749 cb=-1 S=$FF depth=6 wb=$E000
  T $8749 cb=-1 S=$FF depth=6 wb=$E000
  C $8749 cb=-1 S=$FF depth=6 wb=$E000
  T $8749 cb=-1 S=$FF depth=6 wb=$E000
  C $8749 cb=-1 S=$FF depth=6 wb=$E000
  C $DB65 cb=-1 S=$FF depth=3 wb=$C000
  C $DB92 cb=-1 S=$FF depth=3 wb=$C000
  C $D341 cb=-1 S=$FF depth=4 wb=$C000
  T $D377 cb=-1 S=$FF depth=4 wb=$C000
  C $D377 cb=-1 S=$FF depth=4 wb=$C000
  N $0002 cb=-1 S=$FC depth=3 wb=$E000
  C $DE39 cb=-1 S=$F9 depth=3 wb=$C000
  T $E11E cb=-1 S=$F9 depth=4 wb=$C000
  C $E11E cb=-1 S=$F9 depth=4 wb=$C000
  T $E11E cb=-1 S=$F9 depth=3 wb=$E000
  C $E11E cb=-1 S=$F9 depth=3 wb=$E000
  C $DCCE cb=-1 S=$F9 depth=3 wb=$C000
  C $CB25 cb=-1 S=$F9 depth=3 wb=$C000
  C $CD30 cb=-1 S=$F9 depth=4 wb=$C000
  C $CD7D cb=-1 S=$F9 depth=5 wb=$C000
  T $CDE7 cb=-1 S=$F9 depth=6 wb=$C000
  C $CDE7 cb=-1 S=$F9 depth=6 wb=$C000
  T $CF25 cb=-1 S=$F9 depth=7 wb=$C000
  C $CF25 cb=-1 S=$F9 depth=7 wb=$C000
  D $CDE7 cb=-1 S=$F9 depth=6 wb=$C000
  C $CDE7 cb=-1 S=$F9 depth=6 wb=$C000
  T $CEF0 cb=-1 S=$F9 depth=7 wb=$C000
  C $CEF0 cb=-1 S=$F9 depth=7 wb=$C000
  C $CD5F cb=-1 S=$F9 depth=8 wb=$C000
  C $CD7D cb=-1 S=$F9 depth=5 wb=$C000
  T $CDE7 cb=-1 S=$F9 depth=6 wb=$C000
  C $CDE7 cb=-1 S=$F9 depth=6 wb=$C000
  T $CF25 cb=-1 S=$F9 depth=7 wb=$C000
  C $CF25 cb=-1 S=$F9 depth=7 wb=$C000
  C $CD5F cb=-1 S=$F9 depth=8 wb=$C000
  T $E001 cb=-1 S=$FB depth=8 wb=$C000
  C $E001 cb=-1 S=$FB depth=8 wb=$C000
  C $CD7D cb=-1 S=$FB depth=5 wb=$C000
  T $CDE7 cb=-1 S=$FB depth=6 wb=$C000
  C $CDE7 cb=-1 S=$FB depth=6 wb=$C000
  T $CF30 cb=-1 S=$FB depth=7 wb=$C000
  C $CF30 cb=-1 S=$FB depth=7 wb=$C000
  C $CD5F cb=-1 S=$FB depth=8 wb=$C000
  T $A0AD cb=-1 S=$FD depth=8 wb=$C000
  C $A0AD cb=-1 S=$FD depth=8 wb=$C000
=== end dispatch fault ===

=== dispatch fault 14 frame=341 cycles=10425051 ===
target gen=$4C01 cpu=$4C01 bank=3 class=ZERO_FILLED call_site=$2116
cpu A=$00 X=$01 Y=$02 P=$00 S=$FB window=$C000 dispatch_depth=9 vblank_depth=2 ops=1875 budget=29781
mapper type=4 current_bank=3 mirroring=3 select=$07 irq_latch=$7F irq_counter=$00 irq_reload=1 irq_enabled=1
mapper_regs 3C 3E 00 00 00 00 06 07
caller func_CF25
caller2 func_CDE7
target_bytes 00 00 00 00 00 00 00 00
stack_bytes 16 21 00 00 00 00 00 00 00 00 00 00 00 00 00 00
last_dispatches
  T $CD50 cb=-1 S=$F9 depth=6 wb=$C000
  C $CD50 cb=-1 S=$F9 depth=6 wb=$C000
  C $CD7D cb=-1 S=$F9 depth=5 wb=$C000
  T $CD50 cb=-1 S=$F9 depth=6 wb=$C000
  C $CD50 cb=-1 S=$F9 depth=6 wb=$C000
  C $CD30 cb=-1 S=$F9 depth=4 wb=$C000
  C $CC71 cb=-1 S=$F9 depth=4 wb=$C000
  C $CCDA cb=-1 S=$F9 depth=4 wb=$C000
  C $CC71 cb=-1 S=$F9 depth=4 wb=$C000
  T $CC61 cb=-1 S=$F9 depth=5 wb=$C000
  C $CC61 cb=-1 S=$F9 depth=5 wb=$C000
  C $CCDA cb=-1 S=$F9 depth=4 wb=$C000
  C $CC71 cb=-1 S=$F9 depth=4 wb=$C000
  C $CCDA cb=-1 S=$F9 depth=4 wb=$C000
  C $CC71 cb=-1 S=$F9 depth=4 wb=$C000
  T $CC61 cb=-1 S=$F9 depth=5 wb=$C000
  C $CC61 cb=-1 S=$F9 depth=5 wb=$C000
  n $0002 cb=-1 S=$FF depth=3 wb=$E000
  T $E9AE cb=-1 S=$F9 depth=3 wb=$E000
  C $E9AE cb=-1 S=$F9 depth=3 wb=$E000
  T $D9F0 cb=-1 S=$FF depth=3 wb=$E000
  C $D9F0 cb=-1 S=$FF depth=3 wb=$E000
  C $DBAF cb=-1 S=$FF depth=3 wb=$C000
  C $8021 cb=-1 S=$FF depth=4 wb=$C000
  T $89BF cb=6 S=$FF depth=5 wb=$8000
  C $89BF cb=6 S=$FF depth=5 wb=$8000
  T $8749 cb=-1 S=$FF depth=6 wb=$E000
  C $8749 cb=-1 S=$FF depth=6 wb=$E000
  T $8749 cb=-1 S=$FF depth=6 wb=$E000
  C $8749 cb=-1 S=$FF depth=6 wb=$E000
  T $8749 cb=-1 S=$FF depth=6 wb=$E000
  C $8749 cb=-1 S=$FF depth=6 wb=$E000
  T $8749 cb=-1 S=$FF depth=6 wb=$E000
  C $8749 cb=-1 S=$FF depth=6 wb=$E000
  C $DB65 cb=-1 S=$FF depth=3 wb=$C000
  C $DB92 cb=-1 S=$FF depth=3 wb=$C000
  C $D341 cb=-1 S=$FF depth=4 wb=$C000
  T $D377 cb=-1 S=$FF depth=4 wb=$C000
  C $D377 cb=-1 S=$FF depth=4 wb=$C000
  N $0002 cb=-1 S=$FC depth=3 wb=$E000
  C $DE39 cb=-1 S=$F9 depth=3 wb=$C000
  T $E11E cb=-1 S=$F9 depth=4 wb=$C000
  C $E11E cb=-1 S=$F9 depth=4 wb=$C000
  T $E11E cb=-1 S=$F9 depth=3 wb=$E000
  C $E11E cb=-1 S=$F9 depth=3 wb=$E000
  C $DCCE cb=-1 S=$F9 depth=3 wb=$C000
  C $CB25 cb=-1 S=$F9 depth=3 wb=$C000
  C $CD30 cb=-1 S=$F9 depth=4 wb=$C000
  C $CD7D cb=-1 S=$F9 depth=5 wb=$C000
  T $CD50 cb=-1 S=$F9 depth=6 wb=$C000
  C $CD50 cb=-1 S=$F9 depth=6 wb=$C000
  C $CD7D cb=-1 S=$F9 depth=5 wb=$C000
  T $CD50 cb=-1 S=$F9 depth=6 wb=$C000
  C $CD50 cb=-1 S=$F9 depth=6 wb=$C000
  C $CD7D cb=-1 S=$F9 depth=5 wb=$C000
  C $CD5F cb=-1 S=$F9 depth=6 wb=$C000
  C $CD7D cb=-1 S=$F9 depth=5 wb=$C000
  T $CDE7 cb=-1 S=$F9 depth=6 wb=$C000
  C $CDE7 cb=-1 S=$F9 depth=6 wb=$C000
  T $CF25 cb=-1 S=$F9 depth=7 wb=$C000
  C $CF25 cb=-1 S=$F9 depth=7 wb=$C000
  C $CD5F cb=-1 S=$F9 depth=8 wb=$C000
  T $4C01 cb=-1 S=$FB depth=8 wb=$C000
  C $4C01 cb=-1 S=$FB depth=8 wb=$C000
=== end dispatch fault ===

=== dispatch fault 1 frame=0 cycles=124656 ===
target gen=$A009 cpu=$8009 bank=6 class=CODE call_site=$0000
cpu A=$0D X=$06 Y=$00 P=$00 S=$FF window=$8000 dispatch_depth=3 vblank_depth=0 ops=5534 budget=29781
mapper type=4 current_bank=6 mirroring=2 select=$06 irq_latch=$00 irq_counter=$00 irq_reload=0 irq_enabled=0
mapper_regs 00 00 00 00 00 00 0D 07
caller (none)
caller2 (none)
target_bytes 4C 15 80 4C 50 80 4C F1
stack_bytes 00 00 00 00 00 00 00 00 00 00 00 00 00 00 00 00
last_dispatches
  T $D269 cb=-1 S=$FD depth=0 wb=$E000
  C $D269 cb=-1 S=$FD depth=0 wb=$E000
  C $D2F6 cb=-1 S=$FF depth=1 wb=$C000
  C $CFBF cb=-1 S=$FF depth=1 wb=$C000
  C $CFF3 cb=-1 S=$FF depth=2 wb=$C000
  T $D406 cb=-1 S=$FF depth=1 wb=$C000
  C $D406 cb=-1 S=$FF depth=1 wb=$C000
  C $8009 cb=-1 S=$FF depth=2 wb=$C000
=== end dispatch fault ===

=== dispatch fault 2 frame=0 cycles=191343 ===
target gen=$A003 cpu=$8003 bank=6 class=CODE call_site=$0000
cpu A=$05 X=$10 Y=$00 P=$00 S=$FF window=$8000 dispatch_depth=4 vblank_depth=0 ops=12659 budget=29780
mapper type=4 current_bank=6 mirroring=3 select=$07 irq_latch=$00 irq_counter=$00 irq_reload=0 irq_enabled=0
mapper_regs 00 00 00 00 00 00 0D 05
caller (none)
caller2 (none)
target_bytes 4C 85 86 4C 95 87 4C 15
stack_bytes 00 00 00 00 00 00 00 00 00 00 00 00 00 00 00 00
last_dispatches
  C $884E cb=6 S=$FF depth=6 wb=$8000
  C $884E cb=6 S=$FF depth=6 wb=$8000
  C $884E cb=6 S=$FF depth=6 wb=$8000
  C $884E cb=6 S=$FF depth=6 wb=$8000
  C $884E cb=6 S=$FF depth=6 wb=$8000
  C $884E cb=6 S=$FF depth=6 wb=$8000
  C $884E cb=6 S=$FF depth=6 wb=$8000
  C $884E cb=6 S=$FF depth=6 wb=$8000
  C $884E cb=6 S=$FF depth=6 wb=$8000
  C $884E cb=6 S=$FF depth=6 wb=$8000
  C $884E cb=6 S=$FF depth=6 wb=$8000
  C $884E cb=6 S=$FF depth=6 wb=$8000
  C $884E cb=6 S=$FF depth=6 wb=$8000
  C $884E cb=6 S=$FF depth=6 wb=$8000
  C $884E cb=6 S=$FF depth=6 wb=$8000
  C $884E cb=6 S=$FF depth=6 wb=$8000
  C $884E cb=6 S=$FF depth=6 wb=$8000
  C $884E cb=6 S=$FF depth=6 wb=$8000
  C $884E cb=6 S=$FF depth=6 wb=$8000
  C $884E cb=6 S=$FF depth=6 wb=$8000
  C $884E cb=6 S=$FF depth=6 wb=$8000
  C $884E cb=6 S=$FF depth=6 wb=$8000
  C $884E cb=6 S=$FF depth=6 wb=$8000
  C $884E cb=6 S=$FF depth=6 wb=$8000
  C $884E cb=6 S=$FF depth=6 wb=$8000
  C $884E cb=6 S=$FF depth=6 wb=$8000
  C $884E cb=6 S=$FF depth=6 wb=$8000
  C $884E cb=6 S=$FF depth=6 wb=$8000
  C $884E cb=6 S=$FF depth=6 wb=$8000
  C $884E cb=6 S=$FF depth=6 wb=$8000
  C $884E cb=6 S=$FF depth=6 wb=$8000
  C $884E cb=6 S=$FF depth=6 wb=$8000
  C $884E cb=6 S=$FF depth=6 wb=$8000
  C $884E cb=6 S=$FF depth=6 wb=$8000
  C $884E cb=6 S=$FF depth=6 wb=$8000
  C $884E cb=6 S=$FF depth=6 wb=$8000
  C $884E cb=6 S=$FF depth=6 wb=$8000
  C $884E cb=6 S=$FF depth=6 wb=$8000
  C $884E cb=6 S=$FF depth=6 wb=$8000
  C $884E cb=6 S=$FF depth=6 wb=$8000
  C $884E cb=6 S=$FF depth=6 wb=$8000
  C $884E cb=6 S=$FF depth=6 wb=$8000
  C $884E cb=6 S=$FF depth=6 wb=$8000
  C $884E cb=6 S=$FF depth=6 wb=$8000
  C $884E cb=6 S=$FF depth=6 wb=$8000
  C $884E cb=6 S=$FF depth=6 wb=$8000
  C $884E cb=6 S=$FF depth=6 wb=$8000
  C $884E cb=6 S=$FF depth=6 wb=$8000
  C $884E cb=6 S=$FF depth=6 wb=$8000
  C $884E cb=6 S=$FF depth=6 wb=$8000
  C $884E cb=6 S=$FF depth=6 wb=$8000
  C $884E cb=6 S=$FF depth=6 wb=$8000
  C $884E cb=6 S=$FF depth=6 wb=$8000
  C $884E cb=6 S=$FF depth=6 wb=$8000
  C $884E cb=6 S=$FF depth=6 wb=$8000
  C $884E cb=6 S=$FF depth=6 wb=$8000
  C $884E cb=6 S=$FF depth=6 wb=$8000
  C $884E cb=6 S=$FF depth=6 wb=$8000
  C $884E cb=6 S=$FF depth=6 wb=$8000
  C $884E cb=6 S=$FF depth=6 wb=$8000
  C $884E cb=6 S=$FF depth=6 wb=$8000
  C $884E cb=6 S=$FF depth=6 wb=$8000
  C $884E cb=6 S=$FF depth=6 wb=$8000
  C $8003 cb=-1 S=$FF depth=3 wb=$C000
=== end dispatch fault ===

=== dispatch fault 3 frame=221 cycles=6851978 ===
target gen=$FF01 cpu=$FF01 bank=7 class=ZERO_FILLED call_site=$A0BE
cpu A=$00 X=$03 Y=$04 P=$00 S=$FB window=$E000 dispatch_depth=9 vblank_depth=2 ops=2462 budget=29781
mapper type=4 current_bank=3 mirroring=3 select=$07 irq_latch=$7F irq_counter=$00 irq_reload=1 irq_enabled=1
mapper_regs 3C 3E 00 00 00 00 06 07
caller func_CEAC
caller2 func_CDE7
target_bytes 00 00 00 00 00 00 00 00
stack_bytes BE A0 00 00 00 00 00 00 00 00 00 00 00 00 00 00
last_dispatches
  C $884E cb=6 S=$FF depth=6 wb=$8000
  C $884E cb=6 S=$FF depth=6 wb=$8000
  C $884E cb=6 S=$FF depth=6 wb=$8000
  C $884E cb=6 S=$FF depth=6 wb=$8000
  C $884E cb=6 S=$FF depth=6 wb=$8000
  C $884E cb=6 S=$FF depth=6 wb=$8000
  C $884E cb=6 S=$FF depth=6 wb=$8000
  C $884E cb=6 S=$FF depth=6 wb=$8000
  C $DB92 cb=-1 S=$FF depth=3 wb=$C000
  C $D341 cb=-1 S=$FF depth=4 wb=$C000
  T $D377 cb=-1 S=$FF depth=4 wb=$C000
  C $D377 cb=-1 S=$FF depth=4 wb=$C000
  C $DC27 cb=-1 S=$FF depth=3 wb=$C000
  C $DBAF cb=-1 S=$FF depth=3 wb=$C000
  C $8021 cb=-1 S=$FF depth=4 wb=$C000
  T $89BF cb=6 S=$FF depth=5 wb=$8000
  C $89BF cb=6 S=$FF depth=5 wb=$8000
  T $89DD cb=-1 S=$FF depth=6 wb=$E000
  C $89DD cb=-1 S=$FF depth=6 wb=$E000
  T $89DD cb=-1 S=$FF depth=6 wb=$E000
  C $89DD cb=-1 S=$FF depth=6 wb=$E000
  T $89DD cb=-1 S=$FF depth=6 wb=$E000
  C $89DD cb=-1 S=$FF depth=6 wb=$E000
  T $89DD cb=-1 S=$FF depth=6 wb=$E000
  C $89DD cb=-1 S=$FF depth=6 wb=$E000
  N $0002 cb=-1 S=$FC depth=3 wb=$E000
  C $DE39 cb=-1 S=$F9 depth=3 wb=$C000
  T $E11E cb=-1 S=$F9 depth=4 wb=$C000
  C $E11E cb=-1 S=$F9 depth=4 wb=$C000
  T $E11E cb=-1 S=$F9 depth=3 wb=$E000
  C $E11E cb=-1 S=$F9 depth=3 wb=$E000
  C $DCCE cb=-1 S=$F9 depth=3 wb=$C000
  C $CB25 cb=-1 S=$F9 depth=3 wb=$C000
  C $CF72 cb=-1 S=$F9 depth=4 wb=$C000
  C $CFF3 cb=-1 S=$F9 depth=4 wb=$C000
  C $CD30 cb=-1 S=$F9 depth=4 wb=$C000
  C $CD7D cb=-1 S=$F9 depth=5 wb=$C000
  T $CDE7 cb=-1 S=$F9 depth=6 wb=$C000
  C $CDE7 cb=-1 S=$F9 depth=6 wb=$C000
  T $CEAC cb=-1 S=$F9 depth=7 wb=$C000
  C $CEAC cb=-1 S=$F9 depth=7 wb=$C000
  D $CDE7 cb=-1 S=$F9 depth=6 wb=$C000
  C $CDE7 cb=-1 S=$F9 depth=6 wb=$C000
  T $CEF0 cb=-1 S=$F9 depth=7 wb=$C000
  C $CEF0 cb=-1 S=$F9 depth=7 wb=$C000
  C $CD5F cb=-1 S=$F9 depth=8 wb=$C000
  C $CD7D cb=-1 S=$F9 depth=5 wb=$C000
  T $CDE7 cb=-1 S=$F9 depth=6 wb=$C000
  C $CDE7 cb=-1 S=$F9 depth=6 wb=$C000
  T $CE4C cb=-1 S=$F9 depth=7 wb=$C000
  C $CE4C cb=-1 S=$F9 depth=7 wb=$C000
  T $CD93 cb=-1 S=$F9 depth=8 wb=$C000
  C $CD93 cb=-1 S=$F9 depth=8 wb=$C000
  D $CDE7 cb=-1 S=$F9 depth=6 wb=$C000
  C $CDE7 cb=-1 S=$F9 depth=6 wb=$C000
  T $CEF0 cb=-1 S=$F9 depth=7 wb=$C000
  C $CEF0 cb=-1 S=$F9 depth=7 wb=$C000
  D $CDE7 cb=-1 S=$F9 depth=6 wb=$C000
  C $CDE7 cb=-1 S=$F9 depth=6 wb=$C000
  T $CEAC cb=-1 S=$F9 depth=7 wb=$C000
  C $CEAC cb=-1 S=$F9 depth=7 wb=$C000
  C $CD5F cb=-1 S=$F9 depth=8 wb=$C000
  T $FF01 cb=-1 S=$FB depth=8 wb=$C000
  C $FF01 cb=-1 S=$FB depth=8 wb=$C000
=== end dispatch fault ===

=== dispatch fault 4 frame=221 cycles=6852278 ===
target gen=$A0BF cpu=$A0BF bank=3 class=CODE call_site=$0000
cpu A=$00 X=$02 Y=$04 P=$00 S=$FD window=$A000 dispatch_depth=9 vblank_depth=2 ops=2762 budget=29781
mapper type=4 current_bank=3 mirroring=3 select=$07 irq_latch=$7F irq_counter=$00 irq_reload=1 irq_enabled=1
mapper_regs 3C 3E 00 00 00 00 06 07
caller func_CE78
caller2 func_CDE7
target_bytes 01 18 02 54 01 FC 4E A0
stack_bytes 00 00 00 00 00 00 00 00 00 00 00 00 00 00 00 00
last_dispatches
  C $DB92 cb=-1 S=$FF depth=3 wb=$C000
  C $D341 cb=-1 S=$FF depth=4 wb=$C000
  T $D377 cb=-1 S=$FF depth=4 wb=$C000
  C $D377 cb=-1 S=$FF depth=4 wb=$C000
  C $DC27 cb=-1 S=$FF depth=3 wb=$C000
  C $DBAF cb=-1 S=$FF depth=3 wb=$C000
  C $8021 cb=-1 S=$FF depth=4 wb=$C000
  T $89BF cb=6 S=$FF depth=5 wb=$8000
  C $89BF cb=6 S=$FF depth=5 wb=$8000
  T $89DD cb=-1 S=$FF depth=6 wb=$E000
  C $89DD cb=-1 S=$FF depth=6 wb=$E000
  T $89DD cb=-1 S=$FF depth=6 wb=$E000
  C $89DD cb=-1 S=$FF depth=6 wb=$E000
  T $89DD cb=-1 S=$FF depth=6 wb=$E000
  C $89DD cb=-1 S=$FF depth=6 wb=$E000
  T $89DD cb=-1 S=$FF depth=6 wb=$E000
  C $89DD cb=-1 S=$FF depth=6 wb=$E000
  N $0002 cb=-1 S=$FC depth=3 wb=$E000
  C $DE39 cb=-1 S=$F9 depth=3 wb=$C000
  T $E11E cb=-1 S=$F9 depth=4 wb=$C000
  C $E11E cb=-1 S=$F9 depth=4 wb=$C000
  T $E11E cb=-1 S=$F9 depth=3 wb=$E000
  C $E11E cb=-1 S=$F9 depth=3 wb=$E000
  C $DCCE cb=-1 S=$F9 depth=3 wb=$C000
  C $CB25 cb=-1 S=$F9 depth=3 wb=$C000
  C $CF72 cb=-1 S=$F9 depth=4 wb=$C000
  C $CFF3 cb=-1 S=$F9 depth=4 wb=$C000
  C $CD30 cb=-1 S=$F9 depth=4 wb=$C000
  C $CD7D cb=-1 S=$F9 depth=5 wb=$C000
  T $CDE7 cb=-1 S=$F9 depth=6 wb=$C000
  C $CDE7 cb=-1 S=$F9 depth=6 wb=$C000
  T $CEAC cb=-1 S=$F9 depth=7 wb=$C000
  C $CEAC cb=-1 S=$F9 depth=7 wb=$C000
  D $CDE7 cb=-1 S=$F9 depth=6 wb=$C000
  C $CDE7 cb=-1 S=$F9 depth=6 wb=$C000
  T $CEF0 cb=-1 S=$F9 depth=7 wb=$C000
  C $CEF0 cb=-1 S=$F9 depth=7 wb=$C000
  C $CD5F cb=-1 S=$F9 depth=8 wb=$C000
  C $CD7D cb=-1 S=$F9 depth=5 wb=$C000
  T $CDE7 cb=-1 S=$F9 depth=6 wb=$C000
  C $CDE7 cb=-1 S=$F9 depth=6 wb=$C000
  T $CE4C cb=-1 S=$F9 depth=7 wb=$C000
  C $CE4C cb=-1 S=$F9 depth=7 wb=$C000
  T $CD93 cb=-1 S=$F9 depth=8 wb=$C000
  C $CD93 cb=-1 S=$F9 depth=8 wb=$C000
  D $CDE7 cb=-1 S=$F9 depth=6 wb=$C000
  C $CDE7 cb=-1 S=$F9 depth=6 wb=$C000
  T $CEF0 cb=-1 S=$F9 depth=7 wb=$C000
  C $CEF0 cb=-1 S=$F9 depth=7 wb=$C000
  D $CDE7 cb=-1 S=$F9 depth=6 wb=$C000
  C $CDE7 cb=-1 S=$F9 depth=6 wb=$C000
  T $CEAC cb=-1 S=$F9 depth=7 wb=$C000
  C $CEAC cb=-1 S=$F9 depth=7 wb=$C000
  C $CD5F cb=-1 S=$F9 depth=8 wb=$C000
  T $FF01 cb=-1 S=$FB depth=8 wb=$C000
  C $FF01 cb=-1 S=$FB depth=8 wb=$C000
  C $CD7D cb=-1 S=$FB depth=5 wb=$C000
  T $CDE7 cb=-1 S=$FB depth=6 wb=$C000
  C $CDE7 cb=-1 S=$FB depth=6 wb=$C000
  T $CE78 cb=-1 S=$FB depth=7 wb=$C000
  C $CE78 cb=-1 S=$FB depth=7 wb=$C000
  C $CD5F cb=-1 S=$FB depth=8 wb=$C000
  T $A0BF cb=-1 S=$FD depth=8 wb=$C000
  C $A0BF cb=-1 S=$FD depth=8 wb=$C000
=== end dispatch fault ===

=== dispatch fault 5 frame=241 cycles=7447001 ===
target gen=$5C01 cpu=$5C01 bank=3 class=ZERO_FILLED call_site=$2036
cpu A=$00 X=$01 Y=$02 P=$00 S=$FB window=$C000 dispatch_depth=9 vblank_depth=2 ops=1875 budget=29781
mapper type=4 current_bank=3 mirroring=3 select=$07 irq_latch=$7F irq_counter=$00 irq_reload=1 irq_enabled=1
mapper_regs 3C 3E 00 00 00 00 06 07
caller func_CF25
caller2 func_CDE7
target_bytes 00 00 00 00 00 00 00 00
stack_bytes 36 20 00 00 00 00 00 00 00 00 00 00 00 00 00 00
last_dispatches
  T $CD50 cb=-1 S=$F9 depth=6 wb=$C000
  C $CD50 cb=-1 S=$F9 depth=6 wb=$C000
  C $CD7D cb=-1 S=$F9 depth=5 wb=$C000
  T $CD50 cb=-1 S=$F9 depth=6 wb=$C000
  C $CD50 cb=-1 S=$F9 depth=6 wb=$C000
  C $CD30 cb=-1 S=$F9 depth=4 wb=$C000
  C $CC71 cb=-1 S=$F9 depth=4 wb=$C000
  C $CCDA cb=-1 S=$F9 depth=4 wb=$C000
  C $CC71 cb=-1 S=$F9 depth=4 wb=$C000
  T $CC61 cb=-1 S=$F9 depth=5 wb=$C000
  C $CC61 cb=-1 S=$F9 depth=5 wb=$C000
  C $CCDA cb=-1 S=$F9 depth=4 wb=$C000
  C $CC71 cb=-1 S=$F9 depth=4 wb=$C000
  C $CCDA cb=-1 S=$F9 depth=4 wb=$C000
  C $CC71 cb=-1 S=$F9 depth=4 wb=$C000
  T $CC61 cb=-1 S=$F9 depth=5 wb=$C000
  C $CC61 cb=-1 S=$F9 depth=5 wb=$C000
  n $0002 cb=-1 S=$FF depth=3 wb=$E000
  T $E9AE cb=-1 S=$F9 depth=3 wb=$E000
  C $E9AE cb=-1 S=$F9 depth=3 wb=$E000
  T $D9F0 cb=-1 S=$FF depth=3 wb=$E000
  C $D9F0 cb=-1 S=$FF depth=3 wb=$E000
  C $DBAF cb=-1 S=$FF depth=3 wb=$C000
  C $8021 cb=-1 S=$FF depth=4 wb=$C000
  T $89BF cb=6 S=$FF depth=5 wb=$8000
  C $89BF cb=6 S=$FF depth=5 wb=$8000
  T $8749 cb=-1 S=$FF depth=6 wb=$E000
  C $8749 cb=-1 S=$FF depth=6 wb=$E000
  T $8749 cb=-1 S=$FF depth=6 wb=$E000
  C $8749 cb=-1 S=$FF depth=6 wb=$E000
  T $8749 cb=-1 S=$FF depth=6 wb=$E000
  C $8749 cb=-1 S=$FF depth=6 wb=$E000
  T $8749 cb=-1 S=$FF depth=6 wb=$E000
  C $8749 cb=-1 S=$FF depth=6 wb=$E000
  C $DB65 cb=-1 S=$FF depth=3 wb=$C000
  C $DB92 cb=-1 S=$FF depth=3 wb=$C000
  C $D341 cb=-1 S=$FF depth=4 wb=$C000
  T $D377 cb=-1 S=$FF depth=4 wb=$C000
  C $D377 cb=-1 S=$FF depth=4 wb=$C000
  N $0002 cb=-1 S=$FC depth=3 wb=$E000
  C $DE39 cb=-1 S=$F9 depth=3 wb=$C000
  T $E11E cb=-1 S=$F9 depth=4 wb=$C000
  C $E11E cb=-1 S=$F9 depth=4 wb=$C000
  T $E11E cb=-1 S=$F9 depth=3 wb=$E000
  C $E11E cb=-1 S=$F9 depth=3 wb=$E000
  C $DCCE cb=-1 S=$F9 depth=3 wb=$C000
  C $CB25 cb=-1 S=$F9 depth=3 wb=$C000
  C $CD30 cb=-1 S=$F9 depth=4 wb=$C000
  C $CD7D cb=-1 S=$F9 depth=5 wb=$C000
  T $CD50 cb=-1 S=$F9 depth=6 wb=$C000
  C $CD50 cb=-1 S=$F9 depth=6 wb=$C000
  C $CD7D cb=-1 S=$F9 depth=5 wb=$C000
  T $CD50 cb=-1 S=$F9 depth=6 wb=$C000
  C $CD50 cb=-1 S=$F9 depth=6 wb=$C000
  C $CD7D cb=-1 S=$F9 depth=5 wb=$C000
  C $CD5F cb=-1 S=$F9 depth=6 wb=$C000
  C $CD7D cb=-1 S=$F9 depth=5 wb=$C000
  T $CDE7 cb=-1 S=$F9 depth=6 wb=$C000
  C $CDE7 cb=-1 S=$F9 depth=6 wb=$C000
  T $CF25 cb=-1 S=$F9 depth=7 wb=$C000
  C $CF25 cb=-1 S=$F9 depth=7 wb=$C000
  C $CD5F cb=-1 S=$F9 depth=8 wb=$C000
  T $5C01 cb=-1 S=$FB depth=8 wb=$C000
  C $5C01 cb=-1 S=$FB depth=8 wb=$C000
=== end dispatch fault ===

=== dispatch fault 6 frame=248 cycles=7655201 ===
target gen=$2001 cpu=$2001 bank=3 class=ZERO_FILLED call_site=$2006
cpu A=$00 X=$03 Y=$02 P=$00 S=$FB window=$C000 dispatch_depth=9 vblank_depth=2 ops=1611 budget=29780
mapper type=4 current_bank=3 mirroring=3 select=$07 irq_latch=$7F irq_counter=$00 irq_reload=1 irq_enabled=1
mapper_regs 3C 3E 00 00 00 00 06 07
caller func_CF25
caller2 func_CDE7
target_bytes 00 00 00 00 00 00 00 00
stack_bytes 06 20 00 00 00 00 00 00 00 00 00 00 00 00 00 00
last_dispatches
  C $CD7D cb=-1 S=$F9 depth=5 wb=$C000
  T $CD50 cb=-1 S=$F9 depth=6 wb=$C000
  C $CD50 cb=-1 S=$F9 depth=6 wb=$C000
  C $CD7D cb=-1 S=$F9 depth=5 wb=$C000
  T $CD50 cb=-1 S=$F9 depth=6 wb=$C000
  C $CD50 cb=-1 S=$F9 depth=6 wb=$C000
  C $CD7D cb=-1 S=$F9 depth=5 wb=$C000
  T $CD50 cb=-1 S=$F9 depth=6 wb=$C000
  C $CD50 cb=-1 S=$F9 depth=6 wb=$C000
  C $CD30 cb=-1 S=$F9 depth=4 wb=$C000
  C $CC71 cb=-1 S=$F9 depth=4 wb=$C000
  C $CCDA cb=-1 S=$F9 depth=4 wb=$C000
  C $CC71 cb=-1 S=$F9 depth=4 wb=$C000
  T $CC61 cb=-1 S=$F9 depth=5 wb=$C000
  C $CC61 cb=-1 S=$F9 depth=5 wb=$C000
  C $CCDA cb=-1 S=$F9 depth=4 wb=$C000
  C $CC71 cb=-1 S=$F9 depth=4 wb=$C000
  T $CC61 cb=-1 S=$F9 depth=5 wb=$C000
  C $CC61 cb=-1 S=$F9 depth=5 wb=$C000
  C $CCDA cb=-1 S=$F9 depth=4 wb=$C000
  C $CC71 cb=-1 S=$F9 depth=4 wb=$C000
  T $CC61 cb=-1 S=$F9 depth=5 wb=$C000
  C $CC61 cb=-1 S=$F9 depth=5 wb=$C000
  n $0002 cb=-1 S=$FF depth=3 wb=$E000
  T $E9AE cb=-1 S=$F9 depth=3 wb=$E000
  C $E9AE cb=-1 S=$F9 depth=3 wb=$E000
  T $D9F0 cb=-1 S=$FF depth=3 wb=$E000
  C $D9F0 cb=-1 S=$FF depth=3 wb=$E000
  C $DBAF cb=-1 S=$FF depth=3 wb=$C000
  C $8021 cb=-1 S=$FF depth=4 wb=$C000
  T $89BF cb=6 S=$FF depth=5 wb=$8000
  C $89BF cb=6 S=$FF depth=5 wb=$8000
  T $8749 cb=-1 S=$FF depth=6 wb=$E000
  C $8749 cb=-1 S=$FF depth=6 wb=$E000
  T $8749 cb=-1 S=$FF depth=6 wb=$E000
  C $8749 cb=-1 S=$FF depth=6 wb=$E000
  T $8749 cb=-1 S=$FF depth=6 wb=$E000
  C $8749 cb=-1 S=$FF depth=6 wb=$E000
  T $8749 cb=-1 S=$FF depth=6 wb=$E000
  C $8749 cb=-1 S=$FF depth=6 wb=$E000
  C $DB65 cb=-1 S=$FF depth=3 wb=$C000
  C $DB92 cb=-1 S=$FF depth=3 wb=$C000
  C $D341 cb=-1 S=$FF depth=4 wb=$C000
  T $D377 cb=-1 S=$FF depth=4 wb=$C000
  C $D377 cb=-1 S=$FF depth=4 wb=$C000
  N $0002 cb=-1 S=$FC depth=3 wb=$E000
  C $DE39 cb=-1 S=$F9 depth=3 wb=$C000
  T $E11E cb=-1 S=$F9 depth=4 wb=$C000
  C $E11E cb=-1 S=$F9 depth=4 wb=$C000
  T $E11E cb=-1 S=$F9 depth=3 wb=$E000
  C $E11E cb=-1 S=$F9 depth=3 wb=$E000
  C $DCCE cb=-1 S=$F9 depth=3 wb=$C000
  C $CB25 cb=-1 S=$F9 depth=3 wb=$C000
  C $CD30 cb=-1 S=$F9 depth=4 wb=$C000
  C $CD7D cb=-1 S=$F9 depth=5 wb=$C000
  C $CD5F cb=-1 S=$F9 depth=6 wb=$C000
  C $CD7D cb=-1 S=$F9 depth=5 wb=$C000
  T $CDE7 cb=-1 S=$F9 depth=6 wb=$C000
  C $CDE7 cb=-1 S=$F9 depth=6 wb=$C000
  T $CF25 cb=-1 S=$F9 depth=7 wb=$C000
  C $CF25 cb=-1 S=$F9 depth=7 wb=$C000
  C $CD5F cb=-1 S=$F9 depth=8 wb=$C000
  T $2001 cb=-1 S=$FB depth=8 wb=$C000
  C $2001 cb=-1 S=$FB depth=8 wb=$C000
=== end dispatch fault ===

=== dispatch fault 7 frame=301 cycles=9234153 ===
target gen=$2201 cpu=$2201 bank=3 class=ZERO_FILLED call_site=$0000
cpu A=$00 X=$01 Y=$02 P=$00 S=$FD window=$C000 dispatch_depth=9 vblank_depth=2 ops=2197 budget=29781
mapper type=4 current_bank=3 mirroring=2 select=$07 irq_latch=$7F irq_counter=$00 irq_reload=1 irq_enabled=1
mapper_regs 3C 3E 00 00 00 00 06 07
caller func_CF25
caller2 func_CDE7
target_bytes 00 00 00 00 00 00 00 00
stack_bytes 00 00 00 00 00 00 00 00 00 00 00 00 00 00 00 00
last_dispatches
  C $CD50 cb=-1 S=$F9 depth=6 wb=$C000
  C $CD30 cb=-1 S=$F9 depth=4 wb=$C000
  C $CC71 cb=-1 S=$F9 depth=4 wb=$C000
  C $CCDA cb=-1 S=$F9 depth=4 wb=$C000
  C $CC71 cb=-1 S=$F9 depth=4 wb=$C000
  T $CC61 cb=-1 S=$F9 depth=5 wb=$C000
  C $CC61 cb=-1 S=$F9 depth=5 wb=$C000
  C $CCDA cb=-1 S=$F9 depth=4 wb=$C000
  C $CC71 cb=-1 S=$F9 depth=4 wb=$C000
  C $CCDA cb=-1 S=$F9 depth=4 wb=$C000
  C $CC71 cb=-1 S=$F9 depth=4 wb=$C000
  T $CC61 cb=-1 S=$F9 depth=5 wb=$C000
  C $CC61 cb=-1 S=$F9 depth=5 wb=$C000
  n $0002 cb=-1 S=$FF depth=3 wb=$E000
  T $E9AE cb=-1 S=$F9 depth=3 wb=$E000
  C $E9AE cb=-1 S=$F9 depth=3 wb=$E000
  T $D9F0 cb=-1 S=$FF depth=3 wb=$E000
  C $D9F0 cb=-1 S=$FF depth=3 wb=$E000
  C $DBAF cb=-1 S=$FF depth=3 wb=$C000
  C $8021 cb=-1 S=$FF depth=4 wb=$C000
  T $89BF cb=6 S=$FF depth=5 wb=$8000
  C $89BF cb=6 S=$FF depth=5 wb=$8000
  T $8749 cb=-1 S=$FF depth=6 wb=$E000
  C $8749 cb=-1 S=$FF depth=6 wb=$E000
  T $8749 cb=-1 S=$FF depth=6 wb=$E000
  C $8749 cb=-1 S=$FF depth=6 wb=$E000
  T $8749 cb=-1 S=$FF depth=6 wb=$E000
  C $8749 cb=-1 S=$FF depth=6 wb=$E000
  T $8749 cb=-1 S=$FF depth=6 wb=$E000
  C $8749 cb=-1 S=$FF depth=6 wb=$E000
  C $DB65 cb=-1 S=$FF depth=3 wb=$C000
  C $DB92 cb=-1 S=$FF depth=3 wb=$C000
  C $D341 cb=-1 S=$FF depth=4 wb=$C000
  T $D377 cb=-1 S=$FF depth=4 wb=$C000
  C $D377 cb=-1 S=$FF depth=4 wb=$C000
  N $0002 cb=-1 S=$FC depth=3 wb=$E000
  C $DE39 cb=-1 S=$F9 depth=3 wb=$C000
  T $E11E cb=-1 S=$F9 depth=4 wb=$C000
  C $E11E cb=-1 S=$F9 depth=4 wb=$C000
  T $E11E cb=-1 S=$F9 depth=3 wb=$E000
  C $E11E cb=-1 S=$F9 depth=3 wb=$E000
  C $DCCE cb=-1 S=$F9 depth=3 wb=$C000
  C $CB25 cb=-1 S=$F9 depth=3 wb=$C000
  C $CD30 cb=-1 S=$F9 depth=4 wb=$C000
  C $CD7D cb=-1 S=$F9 depth=5 wb=$C000
  C $CD5F cb=-1 S=$F9 depth=6 wb=$C000
  C $CD7D cb=-1 S=$F9 depth=5 wb=$C000
  T $CDE7 cb=-1 S=$F9 depth=6 wb=$C000
  C $CDE7 cb=-1 S=$F9 depth=6 wb=$C000
  T $CF25 cb=-1 S=$F9 depth=7 wb=$C000
  C $CF25 cb=-1 S=$F9 depth=7 wb=$C000
  C $CD5F cb=-1 S=$F9 depth=8 wb=$C000
  T $EC01 cb=-1 S=$FB depth=8 wb=$C000
  C $EC01 cb=-1 S=$FB depth=8 wb=$C000
  C $CD7D cb=-1 S=$FB depth=5 wb=$C000
  C $CD5F cb=-1 S=$FB depth=6 wb=$C000
  C $CD7D cb=-1 S=$FB depth=5 wb=$C000
  T $CDE7 cb=-1 S=$FB depth=6 wb=$C000
  C $CDE7 cb=-1 S=$FB depth=6 wb=$C000
  T $CF25 cb=-1 S=$FB depth=7 wb=$C000
  C $CF25 cb=-1 S=$FB depth=7 wb=$C000
  C $CD5F cb=-1 S=$FB depth=8 wb=$C000
  T $2201 cb=-1 S=$FD depth=8 wb=$C000
  C $2201 cb=-1 S=$FD depth=8 wb=$C000
=== end dispatch fault ===

=== dispatch fault 1 frame=0 cycles=124656 ===
target gen=$A009 cpu=$8009 bank=6 class=CODE call_site=$0000
cpu A=$0D X=$06 Y=$00 P=$00 S=$FF window=$8000 dispatch_depth=3 vblank_depth=0 ops=5534 budget=29781
mapper type=4 current_bank=6 mirroring=2 select=$06 irq_latch=$00 irq_counter=$00 irq_reload=0 irq_enabled=0
mapper_regs 00 00 00 00 00 00 0D 07
caller (none)
caller2 (none)
target_bytes 4C 15 80 4C 50 80 4C F1
stack_bytes 00 00 00 00 00 00 00 00 00 00 00 00 00 00 00 00
last_dispatches
  T $D269 cb=-1 S=$FD depth=0 wb=$E000
  C $D269 cb=-1 S=$FD depth=0 wb=$E000
  C $D2F6 cb=-1 S=$FF depth=1 wb=$C000
  C $CFBF cb=-1 S=$FF depth=1 wb=$C000
  C $CFF3 cb=-1 S=$FF depth=2 wb=$C000
  T $D406 cb=-1 S=$FF depth=1 wb=$C000
  C $D406 cb=-1 S=$FF depth=1 wb=$C000
  C $8009 cb=-1 S=$FF depth=2 wb=$C000
=== end dispatch fault ===

=== dispatch fault 2 frame=0 cycles=191343 ===
target gen=$A003 cpu=$8003 bank=6 class=CODE call_site=$0000
cpu A=$05 X=$10 Y=$00 P=$00 S=$FF window=$8000 dispatch_depth=4 vblank_depth=0 ops=12659 budget=29780
mapper type=4 current_bank=6 mirroring=3 select=$07 irq_latch=$00 irq_counter=$00 irq_reload=0 irq_enabled=0
mapper_regs 00 00 00 00 00 00 0D 05
caller (none)
caller2 (none)
target_bytes 4C 85 86 4C 95 87 4C 15
stack_bytes 00 00 00 00 00 00 00 00 00 00 00 00 00 00 00 00
last_dispatches
  C $884E cb=6 S=$FF depth=6 wb=$8000
  C $884E cb=6 S=$FF depth=6 wb=$8000
  C $884E cb=6 S=$FF depth=6 wb=$8000
  C $884E cb=6 S=$FF depth=6 wb=$8000
  C $884E cb=6 S=$FF depth=6 wb=$8000
  C $884E cb=6 S=$FF depth=6 wb=$8000
  C $884E cb=6 S=$FF depth=6 wb=$8000
  C $884E cb=6 S=$FF depth=6 wb=$8000
  C $884E cb=6 S=$FF depth=6 wb=$8000
  C $884E cb=6 S=$FF depth=6 wb=$8000
  C $884E cb=6 S=$FF depth=6 wb=$8000
  C $884E cb=6 S=$FF depth=6 wb=$8000
  C $884E cb=6 S=$FF depth=6 wb=$8000
  C $884E cb=6 S=$FF depth=6 wb=$8000
  C $884E cb=6 S=$FF depth=6 wb=$8000
  C $884E cb=6 S=$FF depth=6 wb=$8000
  C $884E cb=6 S=$FF depth=6 wb=$8000
  C $884E cb=6 S=$FF depth=6 wb=$8000
  C $884E cb=6 S=$FF depth=6 wb=$8000
  C $884E cb=6 S=$FF depth=6 wb=$8000
  C $884E cb=6 S=$FF depth=6 wb=$8000
  C $884E cb=6 S=$FF depth=6 wb=$8000
  C $884E cb=6 S=$FF depth=6 wb=$8000
  C $884E cb=6 S=$FF depth=6 wb=$8000
  C $884E cb=6 S=$FF depth=6 wb=$8000
  C $884E cb=6 S=$FF depth=6 wb=$8000
  C $884E cb=6 S=$FF depth=6 wb=$8000
  C $884E cb=6 S=$FF depth=6 wb=$8000
  C $884E cb=6 S=$FF depth=6 wb=$8000
  C $884E cb=6 S=$FF depth=6 wb=$8000
  C $884E cb=6 S=$FF depth=6 wb=$8000
  C $884E cb=6 S=$FF depth=6 wb=$8000
  C $884E cb=6 S=$FF depth=6 wb=$8000
  C $884E cb=6 S=$FF depth=6 wb=$8000
  C $884E cb=6 S=$FF depth=6 wb=$8000
  C $884E cb=6 S=$FF depth=6 wb=$8000
  C $884E cb=6 S=$FF depth=6 wb=$8000
  C $884E cb=6 S=$FF depth=6 wb=$8000
  C $884E cb=6 S=$FF depth=6 wb=$8000
  C $884E cb=6 S=$FF depth=6 wb=$8000
  C $884E cb=6 S=$FF depth=6 wb=$8000
  C $884E cb=6 S=$FF depth=6 wb=$8000
  C $884E cb=6 S=$FF depth=6 wb=$8000
  C $884E cb=6 S=$FF depth=6 wb=$8000
  C $884E cb=6 S=$FF depth=6 wb=$8000
  C $884E cb=6 S=$FF depth=6 wb=$8000
  C $884E cb=6 S=$FF depth=6 wb=$8000
  C $884E cb=6 S=$FF depth=6 wb=$8000
  C $884E cb=6 S=$FF depth=6 wb=$8000
  C $884E cb=6 S=$FF depth=6 wb=$8000
  C $884E cb=6 S=$FF depth=6 wb=$8000
  C $884E cb=6 S=$FF depth=6 wb=$8000
  C $884E cb=6 S=$FF depth=6 wb=$8000
  C $884E cb=6 S=$FF depth=6 wb=$8000
  C $884E cb=6 S=$FF depth=6 wb=$8000
  C $884E cb=6 S=$FF depth=6 wb=$8000
  C $884E cb=6 S=$FF depth=6 wb=$8000
  C $884E cb=6 S=$FF depth=6 wb=$8000
  C $884E cb=6 S=$FF depth=6 wb=$8000
  C $884E cb=6 S=$FF depth=6 wb=$8000
  C $884E cb=6 S=$FF depth=6 wb=$8000
  C $884E cb=6 S=$FF depth=6 wb=$8000
  C $884E cb=6 S=$FF depth=6 wb=$8000
  C $8003 cb=-1 S=$FF depth=3 wb=$C000
=== end dispatch fault ===

=== dispatch fault 3 frame=221 cycles=6851978 ===
target gen=$FF01 cpu=$FF01 bank=7 class=ZERO_FILLED call_site=$A0BE
cpu A=$00 X=$03 Y=$04 P=$00 S=$FB window=$E000 dispatch_depth=9 vblank_depth=2 ops=2462 budget=29781
mapper type=4 current_bank=3 mirroring=3 select=$07 irq_latch=$7F irq_counter=$00 irq_reload=1 irq_enabled=1
mapper_regs 3C 3E 00 00 00 00 06 07
caller func_CEAC
caller2 func_CDE7
target_bytes 00 00 00 00 00 00 00 00
stack_bytes BE A0 00 00 00 00 00 00 00 00 00 00 00 00 00 00
last_dispatches
  C $884E cb=6 S=$FF depth=6 wb=$8000
  C $884E cb=6 S=$FF depth=6 wb=$8000
  C $884E cb=6 S=$FF depth=6 wb=$8000
  C $884E cb=6 S=$FF depth=6 wb=$8000
  C $884E cb=6 S=$FF depth=6 wb=$8000
  C $884E cb=6 S=$FF depth=6 wb=$8000
  C $884E cb=6 S=$FF depth=6 wb=$8000
  C $884E cb=6 S=$FF depth=6 wb=$8000
  C $DB92 cb=-1 S=$FF depth=3 wb=$C000
  C $D341 cb=-1 S=$FF depth=4 wb=$C000
  T $D377 cb=-1 S=$FF depth=4 wb=$C000
  C $D377 cb=-1 S=$FF depth=4 wb=$C000
  C $DC27 cb=-1 S=$FF depth=3 wb=$C000
  C $DBAF cb=-1 S=$FF depth=3 wb=$C000
  C $8021 cb=-1 S=$FF depth=4 wb=$C000
  T $89BF cb=6 S=$FF depth=5 wb=$8000
  C $89BF cb=6 S=$FF depth=5 wb=$8000
  T $89DD cb=-1 S=$FF depth=6 wb=$E000
  C $89DD cb=-1 S=$FF depth=6 wb=$E000
  T $89DD cb=-1 S=$FF depth=6 wb=$E000
  C $89DD cb=-1 S=$FF depth=6 wb=$E000
  T $89DD cb=-1 S=$FF depth=6 wb=$E000
  C $89DD cb=-1 S=$FF depth=6 wb=$E000
  T $89DD cb=-1 S=$FF depth=6 wb=$E000
  C $89DD cb=-1 S=$FF depth=6 wb=$E000
  N $0002 cb=-1 S=$FC depth=3 wb=$E000
  C $DE39 cb=-1 S=$F9 depth=3 wb=$C000
  T $E11E cb=-1 S=$F9 depth=4 wb=$C000
  C $E11E cb=-1 S=$F9 depth=4 wb=$C000
  T $E11E cb=-1 S=$F9 depth=3 wb=$E000
  C $E11E cb=-1 S=$F9 depth=3 wb=$E000
  C $DCCE cb=-1 S=$F9 depth=3 wb=$C000
  C $CB25 cb=-1 S=$F9 depth=3 wb=$C000
  C $CF72 cb=-1 S=$F9 depth=4 wb=$C000
  C $CFF3 cb=-1 S=$F9 depth=4 wb=$C000
  C $CD30 cb=-1 S=$F9 depth=4 wb=$C000
  C $CD7D cb=-1 S=$F9 depth=5 wb=$C000
  T $CDE7 cb=-1 S=$F9 depth=6 wb=$C000
  C $CDE7 cb=-1 S=$F9 depth=6 wb=$C000
  T $CEAC cb=-1 S=$F9 depth=7 wb=$C000
  C $CEAC cb=-1 S=$F9 depth=7 wb=$C000
  D $CDE7 cb=-1 S=$F9 depth=6 wb=$C000
  C $CDE7 cb=-1 S=$F9 depth=6 wb=$C000
  T $CEF0 cb=-1 S=$F9 depth=7 wb=$C000
  C $CEF0 cb=-1 S=$F9 depth=7 wb=$C000
  C $CD5F cb=-1 S=$F9 depth=8 wb=$C000
  C $CD7D cb=-1 S=$F9 depth=5 wb=$C000
  T $CDE7 cb=-1 S=$F9 depth=6 wb=$C000
  C $CDE7 cb=-1 S=$F9 depth=6 wb=$C000
  T $CE4C cb=-1 S=$F9 depth=7 wb=$C000
  C $CE4C cb=-1 S=$F9 depth=7 wb=$C000
  T $CD93 cb=-1 S=$F9 depth=8 wb=$C000
  C $CD93 cb=-1 S=$F9 depth=8 wb=$C000
  D $CDE7 cb=-1 S=$F9 depth=6 wb=$C000
  C $CDE7 cb=-1 S=$F9 depth=6 wb=$C000
  T $CEF0 cb=-1 S=$F9 depth=7 wb=$C000
  C $CEF0 cb=-1 S=$F9 depth=7 wb=$C000
  D $CDE7 cb=-1 S=$F9 depth=6 wb=$C000
  C $CDE7 cb=-1 S=$F9 depth=6 wb=$C000
  T $CEAC cb=-1 S=$F9 depth=7 wb=$C000
  C $CEAC cb=-1 S=$F9 depth=7 wb=$C000
  C $CD5F cb=-1 S=$F9 depth=8 wb=$C000
  T $FF01 cb=-1 S=$FB depth=8 wb=$C000
  C $FF01 cb=-1 S=$FB depth=8 wb=$C000
=== end dispatch fault ===

=== dispatch fault 4 frame=221 cycles=6852278 ===
target gen=$A0BF cpu=$A0BF bank=3 class=CODE call_site=$0000
cpu A=$00 X=$02 Y=$04 P=$00 S=$FD window=$A000 dispatch_depth=9 vblank_depth=2 ops=2762 budget=29781
mapper type=4 current_bank=3 mirroring=3 select=$07 irq_latch=$7F irq_counter=$00 irq_reload=1 irq_enabled=1
mapper_regs 3C 3E 00 00 00 00 06 07
caller func_CE78
caller2 func_CDE7
target_bytes 01 18 02 54 01 FC 4E A0
stack_bytes 00 00 00 00 00 00 00 00 00 00 00 00 00 00 00 00
last_dispatches
  C $DB92 cb=-1 S=$FF depth=3 wb=$C000
  C $D341 cb=-1 S=$FF depth=4 wb=$C000
  T $D377 cb=-1 S=$FF depth=4 wb=$C000
  C $D377 cb=-1 S=$FF depth=4 wb=$C000
  C $DC27 cb=-1 S=$FF depth=3 wb=$C000
  C $DBAF cb=-1 S=$FF depth=3 wb=$C000
  C $8021 cb=-1 S=$FF depth=4 wb=$C000
  T $89BF cb=6 S=$FF depth=5 wb=$8000
  C $89BF cb=6 S=$FF depth=5 wb=$8000
  T $89DD cb=-1 S=$FF depth=6 wb=$E000
  C $89DD cb=-1 S=$FF depth=6 wb=$E000
  T $89DD cb=-1 S=$FF depth=6 wb=$E000
  C $89DD cb=-1 S=$FF depth=6 wb=$E000
  T $89DD cb=-1 S=$FF depth=6 wb=$E000
  C $89DD cb=-1 S=$FF depth=6 wb=$E000
  T $89DD cb=-1 S=$FF depth=6 wb=$E000
  C $89DD cb=-1 S=$FF depth=6 wb=$E000
  N $0002 cb=-1 S=$FC depth=3 wb=$E000
  C $DE39 cb=-1 S=$F9 depth=3 wb=$C000
  T $E11E cb=-1 S=$F9 depth=4 wb=$C000
  C $E11E cb=-1 S=$F9 depth=4 wb=$C000
  T $E11E cb=-1 S=$F9 depth=3 wb=$E000
  C $E11E cb=-1 S=$F9 depth=3 wb=$E000
  C $DCCE cb=-1 S=$F9 depth=3 wb=$C000
  C $CB25 cb=-1 S=$F9 depth=3 wb=$C000
  C $CF72 cb=-1 S=$F9 depth=4 wb=$C000
  C $CFF3 cb=-1 S=$F9 depth=4 wb=$C000
  C $CD30 cb=-1 S=$F9 depth=4 wb=$C000
  C $CD7D cb=-1 S=$F9 depth=5 wb=$C000
  T $CDE7 cb=-1 S=$F9 depth=6 wb=$C000
  C $CDE7 cb=-1 S=$F9 depth=6 wb=$C000
  T $CEAC cb=-1 S=$F9 depth=7 wb=$C000
  C $CEAC cb=-1 S=$F9 depth=7 wb=$C000
  D $CDE7 cb=-1 S=$F9 depth=6 wb=$C000
  C $CDE7 cb=-1 S=$F9 depth=6 wb=$C000
  T $CEF0 cb=-1 S=$F9 depth=7 wb=$C000
  C $CEF0 cb=-1 S=$F9 depth=7 wb=$C000
  C $CD5F cb=-1 S=$F9 depth=8 wb=$C000
  C $CD7D cb=-1 S=$F9 depth=5 wb=$C000
  T $CDE7 cb=-1 S=$F9 depth=6 wb=$C000
  C $CDE7 cb=-1 S=$F9 depth=6 wb=$C000
  T $CE4C cb=-1 S=$F9 depth=7 wb=$C000
  C $CE4C cb=-1 S=$F9 depth=7 wb=$C000
  T $CD93 cb=-1 S=$F9 depth=8 wb=$C000
  C $CD93 cb=-1 S=$F9 depth=8 wb=$C000
  D $CDE7 cb=-1 S=$F9 depth=6 wb=$C000
  C $CDE7 cb=-1 S=$F9 depth=6 wb=$C000
  T $CEF0 cb=-1 S=$F9 depth=7 wb=$C000
  C $CEF0 cb=-1 S=$F9 depth=7 wb=$C000
  D $CDE7 cb=-1 S=$F9 depth=6 wb=$C000
  C $CDE7 cb=-1 S=$F9 depth=6 wb=$C000
  T $CEAC cb=-1 S=$F9 depth=7 wb=$C000
  C $CEAC cb=-1 S=$F9 depth=7 wb=$C000
  C $CD5F cb=-1 S=$F9 depth=8 wb=$C000
  T $FF01 cb=-1 S=$FB depth=8 wb=$C000
  C $FF01 cb=-1 S=$FB depth=8 wb=$C000
  C $CD7D cb=-1 S=$FB depth=5 wb=$C000
  T $CDE7 cb=-1 S=$FB depth=6 wb=$C000
  C $CDE7 cb=-1 S=$FB depth=6 wb=$C000
  T $CE78 cb=-1 S=$FB depth=7 wb=$C000
  C $CE78 cb=-1 S=$FB depth=7 wb=$C000
  C $CD5F cb=-1 S=$FB depth=8 wb=$C000
  T $A0BF cb=-1 S=$FD depth=8 wb=$C000
  C $A0BF cb=-1 S=$FD depth=8 wb=$C000
=== end dispatch fault ===

=== dispatch fault 5 frame=241 cycles=7447001 ===
target gen=$5C01 cpu=$5C01 bank=3 class=ZERO_FILLED call_site=$2036
cpu A=$00 X=$01 Y=$02 P=$00 S=$FB window=$C000 dispatch_depth=9 vblank_depth=2 ops=1875 budget=29781
mapper type=4 current_bank=3 mirroring=3 select=$07 irq_latch=$7F irq_counter=$00 irq_reload=1 irq_enabled=1
mapper_regs 3C 3E 00 00 00 00 06 07
caller func_CF25
caller2 func_CDE7
target_bytes 00 00 00 00 00 00 00 00
stack_bytes 36 20 00 00 00 00 00 00 00 00 00 00 00 00 00 00
last_dispatches
  T $CD50 cb=-1 S=$F9 depth=6 wb=$C000
  C $CD50 cb=-1 S=$F9 depth=6 wb=$C000
  C $CD7D cb=-1 S=$F9 depth=5 wb=$C000
  T $CD50 cb=-1 S=$F9 depth=6 wb=$C000
  C $CD50 cb=-1 S=$F9 depth=6 wb=$C000
  C $CD30 cb=-1 S=$F9 depth=4 wb=$C000
  C $CC71 cb=-1 S=$F9 depth=4 wb=$C000
  C $CCDA cb=-1 S=$F9 depth=4 wb=$C000
  C $CC71 cb=-1 S=$F9 depth=4 wb=$C000
  T $CC61 cb=-1 S=$F9 depth=5 wb=$C000
  C $CC61 cb=-1 S=$F9 depth=5 wb=$C000
  C $CCDA cb=-1 S=$F9 depth=4 wb=$C000
  C $CC71 cb=-1 S=$F9 depth=4 wb=$C000
  C $CCDA cb=-1 S=$F9 depth=4 wb=$C000
  C $CC71 cb=-1 S=$F9 depth=4 wb=$C000
  T $CC61 cb=-1 S=$F9 depth=5 wb=$C000
  C $CC61 cb=-1 S=$F9 depth=5 wb=$C000
  n $0002 cb=-1 S=$FF depth=3 wb=$E000
  T $E9AE cb=-1 S=$F9 depth=3 wb=$E000
  C $E9AE cb=-1 S=$F9 depth=3 wb=$E000
  T $D9F0 cb=-1 S=$FF depth=3 wb=$E000
  C $D9F0 cb=-1 S=$FF depth=3 wb=$E000
  C $DBAF cb=-1 S=$FF depth=3 wb=$C000
  C $8021 cb=-1 S=$FF depth=4 wb=$C000
  T $89BF cb=6 S=$FF depth=5 wb=$8000
  C $89BF cb=6 S=$FF depth=5 wb=$8000
  T $8749 cb=-1 S=$FF depth=6 wb=$E000
  C $8749 cb=-1 S=$FF depth=6 wb=$E000
  T $8749 cb=-1 S=$FF depth=6 wb=$E000
  C $8749 cb=-1 S=$FF depth=6 wb=$E000
  T $8749 cb=-1 S=$FF depth=6 wb=$E000
  C $8749 cb=-1 S=$FF depth=6 wb=$E000
  T $8749 cb=-1 S=$FF depth=6 wb=$E000
  C $8749 cb=-1 S=$FF depth=6 wb=$E000
  C $DB65 cb=-1 S=$FF depth=3 wb=$C000
  C $DB92 cb=-1 S=$FF depth=3 wb=$C000
  C $D341 cb=-1 S=$FF depth=4 wb=$C000
  T $D377 cb=-1 S=$FF depth=4 wb=$C000
  C $D377 cb=-1 S=$FF depth=4 wb=$C000
  N $0002 cb=-1 S=$FC depth=3 wb=$E000
  C $DE39 cb=-1 S=$F9 depth=3 wb=$C000
  T $E11E cb=-1 S=$F9 depth=4 wb=$C000
  C $E11E cb=-1 S=$F9 depth=4 wb=$C000
  T $E11E cb=-1 S=$F9 depth=3 wb=$E000
  C $E11E cb=-1 S=$F9 depth=3 wb=$E000
  C $DCCE cb=-1 S=$F9 depth=3 wb=$C000
  C $CB25 cb=-1 S=$F9 depth=3 wb=$C000
  C $CD30 cb=-1 S=$F9 depth=4 wb=$C000
  C $CD7D cb=-1 S=$F9 depth=5 wb=$C000
  T $CD50 cb=-1 S=$F9 depth=6 wb=$C000
  C $CD50 cb=-1 S=$F9 depth=6 wb=$C000
  C $CD7D cb=-1 S=$F9 depth=5 wb=$C000
  T $CD50 cb=-1 S=$F9 depth=6 wb=$C000
  C $CD50 cb=-1 S=$F9 depth=6 wb=$C000
  C $CD7D cb=-1 S=$F9 depth=5 wb=$C000
  C $CD5F cb=-1 S=$F9 depth=6 wb=$C000
  C $CD7D cb=-1 S=$F9 depth=5 wb=$C000
  T $CDE7 cb=-1 S=$F9 depth=6 wb=$C000
  C $CDE7 cb=-1 S=$F9 depth=6 wb=$C000
  T $CF25 cb=-1 S=$F9 depth=7 wb=$C000
  C $CF25 cb=-1 S=$F9 depth=7 wb=$C000
  C $CD5F cb=-1 S=$F9 depth=8 wb=$C000
  T $5C01 cb=-1 S=$FB depth=8 wb=$C000
  C $5C01 cb=-1 S=$FB depth=8 wb=$C000
=== end dispatch fault ===

=== dispatch fault 6 frame=248 cycles=7655201 ===
target gen=$2001 cpu=$2001 bank=3 class=ZERO_FILLED call_site=$2006
cpu A=$00 X=$03 Y=$02 P=$00 S=$FB window=$C000 dispatch_depth=9 vblank_depth=2 ops=1611 budget=29780
mapper type=4 current_bank=3 mirroring=3 select=$07 irq_latch=$7F irq_counter=$00 irq_reload=1 irq_enabled=1
mapper_regs 3C 3E 00 00 00 00 06 07
caller func_CF25
caller2 func_CDE7
target_bytes 00 00 00 00 00 00 00 00
stack_bytes 06 20 00 00 00 00 00 00 00 00 00 00 00 00 00 00
last_dispatches
  C $CD7D cb=-1 S=$F9 depth=5 wb=$C000
  T $CD50 cb=-1 S=$F9 depth=6 wb=$C000
  C $CD50 cb=-1 S=$F9 depth=6 wb=$C000
  C $CD7D cb=-1 S=$F9 depth=5 wb=$C000
  T $CD50 cb=-1 S=$F9 depth=6 wb=$C000
  C $CD50 cb=-1 S=$F9 depth=6 wb=$C000
  C $CD7D cb=-1 S=$F9 depth=5 wb=$C000
  T $CD50 cb=-1 S=$F9 depth=6 wb=$C000
  C $CD50 cb=-1 S=$F9 depth=6 wb=$C000
  C $CD30 cb=-1 S=$F9 depth=4 wb=$C000
  C $CC71 cb=-1 S=$F9 depth=4 wb=$C000
  C $CCDA cb=-1 S=$F9 depth=4 wb=$C000
  C $CC71 cb=-1 S=$F9 depth=4 wb=$C000
  T $CC61 cb=-1 S=$F9 depth=5 wb=$C000
  C $CC61 cb=-1 S=$F9 depth=5 wb=$C000
  C $CCDA cb=-1 S=$F9 depth=4 wb=$C000
  C $CC71 cb=-1 S=$F9 depth=4 wb=$C000
  T $CC61 cb=-1 S=$F9 depth=5 wb=$C000
  C $CC61 cb=-1 S=$F9 depth=5 wb=$C000
  C $CCDA cb=-1 S=$F9 depth=4 wb=$C000
  C $CC71 cb=-1 S=$F9 depth=4 wb=$C000
  T $CC61 cb=-1 S=$F9 depth=5 wb=$C000
  C $CC61 cb=-1 S=$F9 depth=5 wb=$C000
  n $0002 cb=-1 S=$FF depth=3 wb=$E000
  T $E9AE cb=-1 S=$F9 depth=3 wb=$E000
  C $E9AE cb=-1 S=$F9 depth=3 wb=$E000
  T $D9F0 cb=-1 S=$FF depth=3 wb=$E000
  C $D9F0 cb=-1 S=$FF depth=3 wb=$E000
  C $DBAF cb=-1 S=$FF depth=3 wb=$C000
  C $8021 cb=-1 S=$FF depth=4 wb=$C000
  T $89BF cb=6 S=$FF depth=5 wb=$8000
  C $89BF cb=6 S=$FF depth=5 wb=$8000
  T $8749 cb=-1 S=$FF depth=6 wb=$E000
  C $8749 cb=-1 S=$FF depth=6 wb=$E000
  T $8749 cb=-1 S=$FF depth=6 wb=$E000
  C $8749 cb=-1 S=$FF depth=6 wb=$E000
  T $8749 cb=-1 S=$FF depth=6 wb=$E000
  C $8749 cb=-1 S=$FF depth=6 wb=$E000
  T $8749 cb=-1 S=$FF depth=6 wb=$E000
  C $8749 cb=-1 S=$FF depth=6 wb=$E000
  C $DB65 cb=-1 S=$FF depth=3 wb=$C000
  C $DB92 cb=-1 S=$FF depth=3 wb=$C000
  C $D341 cb=-1 S=$FF depth=4 wb=$C000
  T $D377 cb=-1 S=$FF depth=4 wb=$C000
  C $D377 cb=-1 S=$FF depth=4 wb=$C000
  N $0002 cb=-1 S=$FC depth=3 wb=$E000
  C $DE39 cb=-1 S=$F9 depth=3 wb=$C000
  T $E11E cb=-1 S=$F9 depth=4 wb=$C000
  C $E11E cb=-1 S=$F9 depth=4 wb=$C000
  T $E11E cb=-1 S=$F9 depth=3 wb=$E000
  C $E11E cb=-1 S=$F9 depth=3 wb=$E000
  C $DCCE cb=-1 S=$F9 depth=3 wb=$C000
  C $CB25 cb=-1 S=$F9 depth=3 wb=$C000
  C $CD30 cb=-1 S=$F9 depth=4 wb=$C000
  C $CD7D cb=-1 S=$F9 depth=5 wb=$C000
  C $CD5F cb=-1 S=$F9 depth=6 wb=$C000
  C $CD7D cb=-1 S=$F9 depth=5 wb=$C000
  T $CDE7 cb=-1 S=$F9 depth=6 wb=$C000
  C $CDE7 cb=-1 S=$F9 depth=6 wb=$C000
  T $CF25 cb=-1 S=$F9 depth=7 wb=$C000
  C $CF25 cb=-1 S=$F9 depth=7 wb=$C000
  C $CD5F cb=-1 S=$F9 depth=8 wb=$C000
  T $2001 cb=-1 S=$FB depth=8 wb=$C000
  C $2001 cb=-1 S=$FB depth=8 wb=$C000
=== end dispatch fault ===

=== dispatch fault 7 frame=301 cycles=9234153 ===
target gen=$2201 cpu=$2201 bank=3 class=ZERO_FILLED call_site=$0000
cpu A=$00 X=$01 Y=$02 P=$00 S=$FD window=$C000 dispatch_depth=9 vblank_depth=2 ops=2197 budget=29781
mapper type=4 current_bank=3 mirroring=2 select=$07 irq_latch=$7F irq_counter=$00 irq_reload=1 irq_enabled=1
mapper_regs 3C 3E 00 00 00 00 06 07
caller func_CF25
caller2 func_CDE7
target_bytes 00 00 00 00 00 00 00 00
stack_bytes 00 00 00 00 00 00 00 00 00 00 00 00 00 00 00 00
last_dispatches
  C $CD50 cb=-1 S=$F9 depth=6 wb=$C000
  C $CD30 cb=-1 S=$F9 depth=4 wb=$C000
  C $CC71 cb=-1 S=$F9 depth=4 wb=$C000
  C $CCDA cb=-1 S=$F9 depth=4 wb=$C000
  C $CC71 cb=-1 S=$F9 depth=4 wb=$C000
  T $CC61 cb=-1 S=$F9 depth=5 wb=$C000
  C $CC61 cb=-1 S=$F9 depth=5 wb=$C000
  C $CCDA cb=-1 S=$F9 depth=4 wb=$C000
  C $CC71 cb=-1 S=$F9 depth=4 wb=$C000
  C $CCDA cb=-1 S=$F9 depth=4 wb=$C000
  C $CC71 cb=-1 S=$F9 depth=4 wb=$C000
  T $CC61 cb=-1 S=$F9 depth=5 wb=$C000
  C $CC61 cb=-1 S=$F9 depth=5 wb=$C000
  n $0002 cb=-1 S=$FF depth=3 wb=$E000
  T $E9AE cb=-1 S=$F9 depth=3 wb=$E000
  C $E9AE cb=-1 S=$F9 depth=3 wb=$E000
  T $D9F0 cb=-1 S=$FF depth=3 wb=$E000
  C $D9F0 cb=-1 S=$FF depth=3 wb=$E000
  C $DBAF cb=-1 S=$FF depth=3 wb=$C000
  C $8021 cb=-1 S=$FF depth=4 wb=$C000
  T $89BF cb=6 S=$FF depth=5 wb=$8000
  C $89BF cb=6 S=$FF depth=5 wb=$8000
  T $8749 cb=-1 S=$FF depth=6 wb=$E000
  C $8749 cb=-1 S=$FF depth=6 wb=$E000
  T $8749 cb=-1 S=$FF depth=6 wb=$E000
  C $8749 cb=-1 S=$FF depth=6 wb=$E000
  T $8749 cb=-1 S=$FF depth=6 wb=$E000
  C $8749 cb=-1 S=$FF depth=6 wb=$E000
  T $8749 cb=-1 S=$FF depth=6 wb=$E000
  C $8749 cb=-1 S=$FF depth=6 wb=$E000
  C $DB65 cb=-1 S=$FF depth=3 wb=$C000
  C $DB92 cb=-1 S=$FF depth=3 wb=$C000
  C $D341 cb=-1 S=$FF depth=4 wb=$C000
  T $D377 cb=-1 S=$FF depth=4 wb=$C000
  C $D377 cb=-1 S=$FF depth=4 wb=$C000
  N $0002 cb=-1 S=$FC depth=3 wb=$E000
  C $DE39 cb=-1 S=$F9 depth=3 wb=$C000
  T $E11E cb=-1 S=$F9 depth=4 wb=$C000
  C $E11E cb=-1 S=$F9 depth=4 wb=$C000
  T $E11E cb=-1 S=$F9 depth=3 wb=$E000
  C $E11E cb=-1 S=$F9 depth=3 wb=$E000
  C $DCCE cb=-1 S=$F9 depth=3 wb=$C000
  C $CB25 cb=-1 S=$F9 depth=3 wb=$C000
  C $CD30 cb=-1 S=$F9 depth=4 wb=$C000
  C $CD7D cb=-1 S=$F9 depth=5 wb=$C000
  C $CD5F cb=-1 S=$F9 depth=6 wb=$C000
  C $CD7D cb=-1 S=$F9 depth=5 wb=$C000
  T $CDE7 cb=-1 S=$F9 depth=6 wb=$C000
  C $CDE7 cb=-1 S=$F9 depth=6 wb=$C000
  T $CF25 cb=-1 S=$F9 depth=7 wb=$C000
  C $CF25 cb=-1 S=$F9 depth=7 wb=$C000
  C $CD5F cb=-1 S=$F9 depth=8 wb=$C000
  T $EC01 cb=-1 S=$FB depth=8 wb=$C000
  C $EC01 cb=-1 S=$FB depth=8 wb=$C000
  C $CD7D cb=-1 S=$FB depth=5 wb=$C000
  C $CD5F cb=-1 S=$FB depth=6 wb=$C000
  C $CD7D cb=-1 S=$FB depth=5 wb=$C000
  T $CDE7 cb=-1 S=$FB depth=6 wb=$C000
  C $CDE7 cb=-1 S=$FB depth=6 wb=$C000
  T $CF25 cb=-1 S=$FB depth=7 wb=$C000
  C $CF25 cb=-1 S=$FB depth=7 wb=$C000
  C $CD5F cb=-1 S=$FB depth=8 wb=$C000
  T $2201 cb=-1 S=$FD depth=8 wb=$C000
  C $2201 cb=-1 S=$FD depth=8 wb=$C000
=== end dispatch fault ===

=== dispatch fault 1 frame=0 cycles=124656 ===
target gen=$A009 cpu=$8009 bank=6 class=CODE call_site=$0000
cpu A=$0D X=$06 Y=$00 P=$00 S=$FF window=$8000 dispatch_depth=3 vblank_depth=0 ops=5534 budget=29781
mapper type=4 current_bank=6 mirroring=2 select=$06 irq_latch=$00 irq_counter=$00 irq_reload=0 irq_enabled=0
mapper_regs 00 00 00 00 00 00 0D 07
caller (none)
caller2 (none)
target_bytes 4C 15 80 4C 50 80 4C F1
stack_bytes 00 00 00 00 00 00 00 00 00 00 00 00 00 00 00 00
last_dispatches
  T $D269 cb=-1 S=$FD depth=0 wb=$E000
  C $D269 cb=-1 S=$FD depth=0 wb=$E000
  C $D2F6 cb=-1 S=$FF depth=1 wb=$C000
  C $CFBF cb=-1 S=$FF depth=1 wb=$C000
  C $CFF3 cb=-1 S=$FF depth=2 wb=$C000
  T $D406 cb=-1 S=$FF depth=1 wb=$C000
  C $D406 cb=-1 S=$FF depth=1 wb=$C000
  C $8009 cb=-1 S=$FF depth=2 wb=$C000
=== end dispatch fault ===

=== dispatch fault 2 frame=0 cycles=191343 ===
target gen=$A003 cpu=$8003 bank=6 class=CODE call_site=$0000
cpu A=$05 X=$10 Y=$00 P=$00 S=$FF window=$8000 dispatch_depth=4 vblank_depth=0 ops=12659 budget=29780
mapper type=4 current_bank=6 mirroring=3 select=$07 irq_latch=$00 irq_counter=$00 irq_reload=0 irq_enabled=0
mapper_regs 00 00 00 00 00 00 0D 05
caller (none)
caller2 (none)
target_bytes 4C 85 86 4C 95 87 4C 15
stack_bytes 00 00 00 00 00 00 00 00 00 00 00 00 00 00 00 00
last_dispatches
  C $884E cb=6 S=$FF depth=6 wb=$8000
  C $884E cb=6 S=$FF depth=6 wb=$8000
  C $884E cb=6 S=$FF depth=6 wb=$8000
  C $884E cb=6 S=$FF depth=6 wb=$8000
  C $884E cb=6 S=$FF depth=6 wb=$8000
  C $884E cb=6 S=$FF depth=6 wb=$8000
  C $884E cb=6 S=$FF depth=6 wb=$8000
  C $884E cb=6 S=$FF depth=6 wb=$8000
  C $884E cb=6 S=$FF depth=6 wb=$8000
  C $884E cb=6 S=$FF depth=6 wb=$8000
  C $884E cb=6 S=$FF depth=6 wb=$8000
  C $884E cb=6 S=$FF depth=6 wb=$8000
  C $884E cb=6 S=$FF depth=6 wb=$8000
  C $884E cb=6 S=$FF depth=6 wb=$8000
  C $884E cb=6 S=$FF depth=6 wb=$8000
  C $884E cb=6 S=$FF depth=6 wb=$8000
  C $884E cb=6 S=$FF depth=6 wb=$8000
  C $884E cb=6 S=$FF depth=6 wb=$8000
  C $884E cb=6 S=$FF depth=6 wb=$8000
  C $884E cb=6 S=$FF depth=6 wb=$8000
  C $884E cb=6 S=$FF depth=6 wb=$8000
  C $884E cb=6 S=$FF depth=6 wb=$8000
  C $884E cb=6 S=$FF depth=6 wb=$8000
  C $884E cb=6 S=$FF depth=6 wb=$8000
  C $884E cb=6 S=$FF depth=6 wb=$8000
  C $884E cb=6 S=$FF depth=6 wb=$8000
  C $884E cb=6 S=$FF depth=6 wb=$8000
  C $884E cb=6 S=$FF depth=6 wb=$8000
  C $884E cb=6 S=$FF depth=6 wb=$8000
  C $884E cb=6 S=$FF depth=6 wb=$8000
  C $884E cb=6 S=$FF depth=6 wb=$8000
  C $884E cb=6 S=$FF depth=6 wb=$8000
  C $884E cb=6 S=$FF depth=6 wb=$8000
  C $884E cb=6 S=$FF depth=6 wb=$8000
  C $884E cb=6 S=$FF depth=6 wb=$8000
  C $884E cb=6 S=$FF depth=6 wb=$8000
  C $884E cb=6 S=$FF depth=6 wb=$8000
  C $884E cb=6 S=$FF depth=6 wb=$8000
  C $884E cb=6 S=$FF depth=6 wb=$8000
  C $884E cb=6 S=$FF depth=6 wb=$8000
  C $884E cb=6 S=$FF depth=6 wb=$8000
  C $884E cb=6 S=$FF depth=6 wb=$8000
  C $884E cb=6 S=$FF depth=6 wb=$8000
  C $884E cb=6 S=$FF depth=6 wb=$8000
  C $884E cb=6 S=$FF depth=6 wb=$8000
  C $884E cb=6 S=$FF depth=6 wb=$8000
  C $884E cb=6 S=$FF depth=6 wb=$8000
  C $884E cb=6 S=$FF depth=6 wb=$8000
  C $884E cb=6 S=$FF depth=6 wb=$8000
  C $884E cb=6 S=$FF depth=6 wb=$8000
  C $884E cb=6 S=$FF depth=6 wb=$8000
  C $884E cb=6 S=$FF depth=6 wb=$8000
  C $884E cb=6 S=$FF depth=6 wb=$8000
  C $884E cb=6 S=$FF depth=6 wb=$8000
  C $884E cb=6 S=$FF depth=6 wb=$8000
  C $884E cb=6 S=$FF depth=6 wb=$8000
  C $884E cb=6 S=$FF depth=6 wb=$8000
  C $884E cb=6 S=$FF depth=6 wb=$8000
  C $884E cb=6 S=$FF depth=6 wb=$8000
  C $884E cb=6 S=$FF depth=6 wb=$8000
  C $884E cb=6 S=$FF depth=6 wb=$8000
  C $884E cb=6 S=$FF depth=6 wb=$8000
  C $884E cb=6 S=$FF depth=6 wb=$8000
  C $8003 cb=-1 S=$FF depth=3 wb=$C000
=== end dispatch fault ===

=== dispatch fault 3 frame=126 cycles=4022828 ===
target gen=$FF01 cpu=$FF01 bank=7 class=ZERO_FILLED call_site=$203E
cpu A=$00 X=$03 Y=$04 P=$00 S=$FB window=$E000 dispatch_depth=9 vblank_depth=2 ops=2459 budget=29781
mapper type=4 current_bank=3 mirroring=3 select=$07 irq_latch=$7F irq_counter=$00 irq_reload=1 irq_enabled=1
mapper_regs 3C 3E 00 00 00 00 06 07
caller func_CEAC
caller2 func_CDE7
target_bytes 00 00 00 00 00 00 00 00
stack_bytes 3E 20 00 00 00 00 00 00 00 00 00 00 00 00 00 00
last_dispatches
  C $884E cb=6 S=$FF depth=6 wb=$8000
  C $884E cb=6 S=$FF depth=6 wb=$8000
  C $884E cb=6 S=$FF depth=6 wb=$8000
  C $884E cb=6 S=$FF depth=6 wb=$8000
  C $884E cb=6 S=$FF depth=6 wb=$8000
  C $884E cb=6 S=$FF depth=6 wb=$8000
  C $884E cb=6 S=$FF depth=6 wb=$8000
  C $884E cb=6 S=$FF depth=6 wb=$8000
  C $DB92 cb=-1 S=$FF depth=3 wb=$C000
  C $D341 cb=-1 S=$FF depth=4 wb=$C000
  T $D377 cb=-1 S=$FF depth=4 wb=$C000
  C $D377 cb=-1 S=$FF depth=4 wb=$C000
  C $DC27 cb=-1 S=$FF depth=3 wb=$C000
  C $DBAF cb=-1 S=$FF depth=3 wb=$C000
  C $8021 cb=-1 S=$FF depth=4 wb=$C000
  T $89BF cb=6 S=$FF depth=5 wb=$8000
  C $89BF cb=6 S=$FF depth=5 wb=$8000
  T $89DD cb=-1 S=$FF depth=6 wb=$E000
  C $89DD cb=-1 S=$FF depth=6 wb=$E000
  T $89DD cb=-1 S=$FF depth=6 wb=$E000
  C $89DD cb=-1 S=$FF depth=6 wb=$E000
  T $89DD cb=-1 S=$FF depth=6 wb=$E000
  C $89DD cb=-1 S=$FF depth=6 wb=$E000
  T $89DD cb=-1 S=$FF depth=6 wb=$E000
  C $89DD cb=-1 S=$FF depth=6 wb=$E000
  N $0002 cb=-1 S=$FC depth=3 wb=$E000
  C $DE39 cb=-1 S=$F9 depth=3 wb=$C000
  T $E11E cb=-1 S=$F9 depth=4 wb=$C000
  C $E11E cb=-1 S=$F9 depth=4 wb=$C000
  T $E11E cb=-1 S=$F9 depth=3 wb=$E000
  C $E11E cb=-1 S=$F9 depth=3 wb=$E000
  C $DCCE cb=-1 S=$F9 depth=3 wb=$C000
  C $CB25 cb=-1 S=$F9 depth=3 wb=$C000
  C $CF72 cb=-1 S=$F9 depth=4 wb=$C000
  C $CFF3 cb=-1 S=$F9 depth=4 wb=$C000
  C $CD30 cb=-1 S=$F9 depth=4 wb=$C000
  C $CD7D cb=-1 S=$F9 depth=5 wb=$C000
  T $CDE7 cb=-1 S=$F9 depth=6 wb=$C000
  C $CDE7 cb=-1 S=$F9 depth=6 wb=$C000
  T $CEAC cb=-1 S=$F9 depth=7 wb=$C000
  C $CEAC cb=-1 S=$F9 depth=7 wb=$C000
  D $CDE7 cb=-1 S=$F9 depth=6 wb=$C000
  C $CDE7 cb=-1 S=$F9 depth=6 wb=$C000
  T $CEF0 cb=-1 S=$F9 depth=7 wb=$C000
  C $CEF0 cb=-1 S=$F9 depth=7 wb=$C000
  C $CD5F cb=-1 S=$F9 depth=8 wb=$C000
  C $CD7D cb=-1 S=$F9 depth=5 wb=$C000
  T $CDE7 cb=-1 S=$F9 depth=6 wb=$C000
  C $CDE7 cb=-1 S=$F9 depth=6 wb=$C000
  T $CE4C cb=-1 S=$F9 depth=7 wb=$C000
  C $CE4C cb=-1 S=$F9 depth=7 wb=$C000
  T $CD93 cb=-1 S=$F9 depth=8 wb=$C000
  C $CD93 cb=-1 S=$F9 depth=8 wb=$C000
  D $CDE7 cb=-1 S=$F9 depth=6 wb=$C000
  C $CDE7 cb=-1 S=$F9 depth=6 wb=$C000
  T $CEF0 cb=-1 S=$F9 depth=7 wb=$C000
  C $CEF0 cb=-1 S=$F9 depth=7 wb=$C000
  D $CDE7 cb=-1 S=$F9 depth=6 wb=$C000
  C $CDE7 cb=-1 S=$F9 depth=6 wb=$C000
  T $CEAC cb=-1 S=$F9 depth=7 wb=$C000
  C $CEAC cb=-1 S=$F9 depth=7 wb=$C000
  C $CD5F cb=-1 S=$F9 depth=8 wb=$C000
  T $FF01 cb=-1 S=$FB depth=8 wb=$C000
  C $FF01 cb=-1 S=$FB depth=8 wb=$C000
=== end dispatch fault ===

=== dispatch fault 4 frame=126 cycles=4023128 ===
target gen=$203F cpu=$203F bank=3 class=ZERO_FILLED call_site=$0000
cpu A=$00 X=$02 Y=$04 P=$00 S=$FD window=$C000 dispatch_depth=9 vblank_depth=2 ops=2759 budget=29781
mapper type=4 current_bank=3 mirroring=3 select=$07 irq_latch=$7F irq_counter=$00 irq_reload=1 irq_enabled=1
mapper_regs 3C 3E 00 00 00 00 06 07
caller func_CE78
caller2 func_CDE7
target_bytes 00 00 00 00 00 00 00 00
stack_bytes 00 00 00 00 00 00 00 00 00 00 00 00 00 00 00 00
last_dispatches
  C $DB92 cb=-1 S=$FF depth=3 wb=$C000
  C $D341 cb=-1 S=$FF depth=4 wb=$C000
  T $D377 cb=-1 S=$FF depth=4 wb=$C000
  C $D377 cb=-1 S=$FF depth=4 wb=$C000
  C $DC27 cb=-1 S=$FF depth=3 wb=$C000
  C $DBAF cb=-1 S=$FF depth=3 wb=$C000
  C $8021 cb=-1 S=$FF depth=4 wb=$C000
  T $89BF cb=6 S=$FF depth=5 wb=$8000
  C $89BF cb=6 S=$FF depth=5 wb=$8000
  T $89DD cb=-1 S=$FF depth=6 wb=$E000
  C $89DD cb=-1 S=$FF depth=6 wb=$E000
  T $89DD cb=-1 S=$FF depth=6 wb=$E000
  C $89DD cb=-1 S=$FF depth=6 wb=$E000
  T $89DD cb=-1 S=$FF depth=6 wb=$E000
  C $89DD cb=-1 S=$FF depth=6 wb=$E000
  T $89DD cb=-1 S=$FF depth=6 wb=$E000
  C $89DD cb=-1 S=$FF depth=6 wb=$E000
  N $0002 cb=-1 S=$FC depth=3 wb=$E000
  C $DE39 cb=-1 S=$F9 depth=3 wb=$C000
  T $E11E cb=-1 S=$F9 depth=4 wb=$C000
  C $E11E cb=-1 S=$F9 depth=4 wb=$C000
  T $E11E cb=-1 S=$F9 depth=3 wb=$E000
  C $E11E cb=-1 S=$F9 depth=3 wb=$E000
  C $DCCE cb=-1 S=$F9 depth=3 wb=$C000
  C $CB25 cb=-1 S=$F9 depth=3 wb=$C000
  C $CF72 cb=-1 S=$F9 depth=4 wb=$C000
  C $CFF3 cb=-1 S=$F9 depth=4 wb=$C000
  C $CD30 cb=-1 S=$F9 depth=4 wb=$C000
  C $CD7D cb=-1 S=$F9 depth=5 wb=$C000
  T $CDE7 cb=-1 S=$F9 depth=6 wb=$C000
  C $CDE7 cb=-1 S=$F9 depth=6 wb=$C000
  T $CEAC cb=-1 S=$F9 depth=7 wb=$C000
  C $CEAC cb=-1 S=$F9 depth=7 wb=$C000
  D $CDE7 cb=-1 S=$F9 depth=6 wb=$C000
  C $CDE7 cb=-1 S=$F9 depth=6 wb=$C000
  T $CEF0 cb=-1 S=$F9 depth=7 wb=$C000
  C $CEF0 cb=-1 S=$F9 depth=7 wb=$C000
  C $CD5F cb=-1 S=$F9 depth=8 wb=$C000
  C $CD7D cb=-1 S=$F9 depth=5 wb=$C000
  T $CDE7 cb=-1 S=$F9 depth=6 wb=$C000
  C $CDE7 cb=-1 S=$F9 depth=6 wb=$C000
  T $CE4C cb=-1 S=$F9 depth=7 wb=$C000
  C $CE4C cb=-1 S=$F9 depth=7 wb=$C000
  T $CD93 cb=-1 S=$F9 depth=8 wb=$C000
  C $CD93 cb=-1 S=$F9 depth=8 wb=$C000
  D $CDE7 cb=-1 S=$F9 depth=6 wb=$C000
  C $CDE7 cb=-1 S=$F9 depth=6 wb=$C000
  T $CEF0 cb=-1 S=$F9 depth=7 wb=$C000
  C $CEF0 cb=-1 S=$F9 depth=7 wb=$C000
  D $CDE7 cb=-1 S=$F9 depth=6 wb=$C000
  C $CDE7 cb=-1 S=$F9 depth=6 wb=$C000
  T $CEAC cb=-1 S=$F9 depth=7 wb=$C000
  C $CEAC cb=-1 S=$F9 depth=7 wb=$C000
  C $CD5F cb=-1 S=$F9 depth=8 wb=$C000
  T $FF01 cb=-1 S=$FB depth=8 wb=$C000
  C $FF01 cb=-1 S=$FB depth=8 wb=$C000
  C $CD7D cb=-1 S=$FB depth=5 wb=$C000
  T $CDE7 cb=-1 S=$FB depth=6 wb=$C000
  C $CDE7 cb=-1 S=$FB depth=6 wb=$C000
  T $CE78 cb=-1 S=$FB depth=7 wb=$C000
  C $CE78 cb=-1 S=$FB depth=7 wb=$C000
  C $CD5F cb=-1 S=$FB depth=8 wb=$C000
  T $203F cb=-1 S=$FD depth=8 wb=$C000
  C $203F cb=-1 S=$FD depth=8 wb=$C000
=== end dispatch fault ===

=== dispatch fault 5 frame=166 cycles=5213461 ===
target gen=$2801 cpu=$2801 bank=3 class=ZERO_FILLED call_site=$6200
cpu A=$00 X=$01 Y=$02 P=$00 S=$FB window=$C000 dispatch_depth=9 vblank_depth=2 ops=1872 budget=29781
mapper type=4 current_bank=3 mirroring=3 select=$07 irq_latch=$7F irq_counter=$00 irq_reload=1 irq_enabled=1
mapper_regs 3C 3E 00 00 00 00 06 07
caller func_CF25
caller2 func_CDE7
target_bytes 00 00 00 00 00 00 00 00
stack_bytes 00 62 00 00 00 00 00 00 00 00 00 00 00 00 00 00
last_dispatches
  C $CD7D cb=-1 S=$F9 depth=5 wb=$C000
  T $CD50 cb=-1 S=$F9 depth=6 wb=$C000
  C $CD50 cb=-1 S=$F9 depth=6 wb=$C000
  C $CD30 cb=-1 S=$F9 depth=4 wb=$C000
  C $CC71 cb=-1 S=$F9 depth=4 wb=$C000
  C $CCDA cb=-1 S=$F9 depth=4 wb=$C000
  C $CC71 cb=-1 S=$F9 depth=4 wb=$C000
  T $CC61 cb=-1 S=$F9 depth=5 wb=$C000
  C $CC61 cb=-1 S=$F9 depth=5 wb=$C000
  C $CCDA cb=-1 S=$F9 depth=4 wb=$C000
  C $CC71 cb=-1 S=$F9 depth=4 wb=$C000
  T $CC61 cb=-1 S=$F9 depth=5 wb=$C000
  C $CC61 cb=-1 S=$F9 depth=5 wb=$C000
  C $CCDA cb=-1 S=$F9 depth=4 wb=$C000
  C $CC71 cb=-1 S=$F9 depth=4 wb=$C000
  T $CC61 cb=-1 S=$F9 depth=5 wb=$C000
  C $CC61 cb=-1 S=$F9 depth=5 wb=$C000
  n $0002 cb=-1 S=$FF depth=3 wb=$E000
  T $E9AE cb=-1 S=$F9 depth=3 wb=$E000
  C $E9AE cb=-1 S=$F9 depth=3 wb=$E000
  T $D9F0 cb=-1 S=$FF depth=3 wb=$E000
  C $D9F0 cb=-1 S=$FF depth=3 wb=$E000
  C $DBAF cb=-1 S=$FF depth=3 wb=$C000
  C $8021 cb=-1 S=$FF depth=4 wb=$C000
  T $89BF cb=6 S=$FF depth=5 wb=$8000
  C $89BF cb=6 S=$FF depth=5 wb=$8000
  T $8749 cb=-1 S=$FF depth=6 wb=$E000
  C $8749 cb=-1 S=$FF depth=6 wb=$E000
  T $8749 cb=-1 S=$FF depth=6 wb=$E000
  C $8749 cb=-1 S=$FF depth=6 wb=$E000
  T $8749 cb=-1 S=$FF depth=6 wb=$E000
  C $8749 cb=-1 S=$FF depth=6 wb=$E000
  T $8749 cb=-1 S=$FF depth=6 wb=$E000
  C $8749 cb=-1 S=$FF depth=6 wb=$E000
  C $DB65 cb=-1 S=$FF depth=3 wb=$C000
  C $DB92 cb=-1 S=$FF depth=3 wb=$C000
  C $D341 cb=-1 S=$FF depth=4 wb=$C000
  T $D377 cb=-1 S=$FF depth=4 wb=$C000
  C $D377 cb=-1 S=$FF depth=4 wb=$C000
  N $0002 cb=-1 S=$FC depth=3 wb=$E000
  C $DE39 cb=-1 S=$F9 depth=3 wb=$C000
  T $E11E cb=-1 S=$F9 depth=4 wb=$C000
  C $E11E cb=-1 S=$F9 depth=4 wb=$C000
  T $E11E cb=-1 S=$F9 depth=3 wb=$E000
  C $E11E cb=-1 S=$F9 depth=3 wb=$E000
  C $DCCE cb=-1 S=$F9 depth=3 wb=$C000
  C $CB25 cb=-1 S=$F9 depth=3 wb=$C000
  C $CD30 cb=-1 S=$F9 depth=4 wb=$C000
  C $CD7D cb=-1 S=$F9 depth=5 wb=$C000
  T $CD50 cb=-1 S=$F9 depth=6 wb=$C000
  C $CD50 cb=-1 S=$F9 depth=6 wb=$C000
  C $CD7D cb=-1 S=$F9 depth=5 wb=$C000
  T $CD50 cb=-1 S=$F9 depth=6 wb=$C000
  C $CD50 cb=-1 S=$F9 depth=6 wb=$C000
  C $CD7D cb=-1 S=$F9 depth=5 wb=$C000
  C $CD5F cb=-1 S=$F9 depth=6 wb=$C000
  C $CD7D cb=-1 S=$F9 depth=5 wb=$C000
  T $CDE7 cb=-1 S=$F9 depth=6 wb=$C000
  C $CDE7 cb=-1 S=$F9 depth=6 wb=$C000
  T $CF25 cb=-1 S=$F9 depth=7 wb=$C000
  C $CF25 cb=-1 S=$F9 depth=7 wb=$C000
  C $CD5F cb=-1 S=$F9 depth=8 wb=$C000
  T $2801 cb=-1 S=$FB depth=8 wb=$C000
  C $2801 cb=-1 S=$FB depth=8 wb=$C000
=== end dispatch fault ===

=== dispatch fault 1 frame=0 cycles=124656 ===
target gen=$A009 cpu=$8009 bank=6 class=CODE call_site=$0000
cpu A=$0D X=$06 Y=$00 P=$00 S=$FF window=$8000 dispatch_depth=3 vblank_depth=0 ops=5534 budget=29781
mapper type=4 current_bank=6 mirroring=2 select=$06 irq_latch=$00 irq_counter=$00 irq_reload=0 irq_enabled=0
mapper_regs 00 00 00 00 00 00 0D 07
caller (none)
caller2 (none)
target_bytes 4C 15 80 4C 50 80 4C F1
stack_bytes 00 00 00 00 00 00 00 00 00 00 00 00 00 00 00 00
last_dispatches
  T $D269 cb=-1 S=$FD depth=0 wb=$E000
  C $D269 cb=-1 S=$FD depth=0 wb=$E000
  C $D2F6 cb=-1 S=$FF depth=1 wb=$C000
  C $CFBF cb=-1 S=$FF depth=1 wb=$C000
  C $CFF3 cb=-1 S=$FF depth=2 wb=$C000
  T $D406 cb=-1 S=$FF depth=1 wb=$C000
  C $D406 cb=-1 S=$FF depth=1 wb=$C000
  C $8009 cb=-1 S=$FF depth=2 wb=$C000
=== end dispatch fault ===

=== dispatch fault 2 frame=0 cycles=191343 ===
target gen=$A003 cpu=$8003 bank=6 class=CODE call_site=$0000
cpu A=$05 X=$10 Y=$00 P=$00 S=$FF window=$8000 dispatch_depth=4 vblank_depth=0 ops=12659 budget=29780
mapper type=4 current_bank=6 mirroring=3 select=$07 irq_latch=$00 irq_counter=$00 irq_reload=0 irq_enabled=0
mapper_regs 00 00 00 00 00 00 0D 05
caller (none)
caller2 (none)
target_bytes 4C 85 86 4C 95 87 4C 15
stack_bytes 00 00 00 00 00 00 00 00 00 00 00 00 00 00 00 00
last_dispatches
  C $884E cb=6 S=$FF depth=6 wb=$8000
  C $884E cb=6 S=$FF depth=6 wb=$8000
  C $884E cb=6 S=$FF depth=6 wb=$8000
  C $884E cb=6 S=$FF depth=6 wb=$8000
  C $884E cb=6 S=$FF depth=6 wb=$8000
  C $884E cb=6 S=$FF depth=6 wb=$8000
  C $884E cb=6 S=$FF depth=6 wb=$8000
  C $884E cb=6 S=$FF depth=6 wb=$8000
  C $884E cb=6 S=$FF depth=6 wb=$8000
  C $884E cb=6 S=$FF depth=6 wb=$8000
  C $884E cb=6 S=$FF depth=6 wb=$8000
  C $884E cb=6 S=$FF depth=6 wb=$8000
  C $884E cb=6 S=$FF depth=6 wb=$8000
  C $884E cb=6 S=$FF depth=6 wb=$8000
  C $884E cb=6 S=$FF depth=6 wb=$8000
  C $884E cb=6 S=$FF depth=6 wb=$8000
  C $884E cb=6 S=$FF depth=6 wb=$8000
  C $884E cb=6 S=$FF depth=6 wb=$8000
  C $884E cb=6 S=$FF depth=6 wb=$8000
  C $884E cb=6 S=$FF depth=6 wb=$8000
  C $884E cb=6 S=$FF depth=6 wb=$8000
  C $884E cb=6 S=$FF depth=6 wb=$8000
  C $884E cb=6 S=$FF depth=6 wb=$8000
  C $884E cb=6 S=$FF depth=6 wb=$8000
  C $884E cb=6 S=$FF depth=6 wb=$8000
  C $884E cb=6 S=$FF depth=6 wb=$8000
  C $884E cb=6 S=$FF depth=6 wb=$8000
  C $884E cb=6 S=$FF depth=6 wb=$8000
  C $884E cb=6 S=$FF depth=6 wb=$8000
  C $884E cb=6 S=$FF depth=6 wb=$8000
  C $884E cb=6 S=$FF depth=6 wb=$8000
  C $884E cb=6 S=$FF depth=6 wb=$8000
  C $884E cb=6 S=$FF depth=6 wb=$8000
  C $884E cb=6 S=$FF depth=6 wb=$8000
  C $884E cb=6 S=$FF depth=6 wb=$8000
  C $884E cb=6 S=$FF depth=6 wb=$8000
  C $884E cb=6 S=$FF depth=6 wb=$8000
  C $884E cb=6 S=$FF depth=6 wb=$8000
  C $884E cb=6 S=$FF depth=6 wb=$8000
  C $884E cb=6 S=$FF depth=6 wb=$8000
  C $884E cb=6 S=$FF depth=6 wb=$8000
  C $884E cb=6 S=$FF depth=6 wb=$8000
  C $884E cb=6 S=$FF depth=6 wb=$8000
  C $884E cb=6 S=$FF depth=6 wb=$8000
  C $884E cb=6 S=$FF depth=6 wb=$8000
  C $884E cb=6 S=$FF depth=6 wb=$8000
  C $884E cb=6 S=$FF depth=6 wb=$8000
  C $884E cb=6 S=$FF depth=6 wb=$8000
  C $884E cb=6 S=$FF depth=6 wb=$8000
  C $884E cb=6 S=$FF depth=6 wb=$8000
  C $884E cb=6 S=$FF depth=6 wb=$8000
  C $884E cb=6 S=$FF depth=6 wb=$8000
  C $884E cb=6 S=$FF depth=6 wb=$8000
  C $884E cb=6 S=$FF depth=6 wb=$8000
  C $884E cb=6 S=$FF depth=6 wb=$8000
  C $884E cb=6 S=$FF depth=6 wb=$8000
  C $884E cb=6 S=$FF depth=6 wb=$8000
  C $884E cb=6 S=$FF depth=6 wb=$8000
  C $884E cb=6 S=$FF depth=6 wb=$8000
  C $884E cb=6 S=$FF depth=6 wb=$8000
  C $884E cb=6 S=$FF depth=6 wb=$8000
  C $884E cb=6 S=$FF depth=6 wb=$8000
  C $884E cb=6 S=$FF depth=6 wb=$8000
  C $8003 cb=-1 S=$FF depth=3 wb=$C000
=== end dispatch fault ===

=== dispatch fault 3 frame=126 cycles=4022828 ===
target gen=$FF01 cpu=$FF01 bank=7 class=ZERO_FILLED call_site=$203E
cpu A=$00 X=$03 Y=$04 P=$00 S=$FB window=$E000 dispatch_depth=9 vblank_depth=2 ops=2459 budget=29781
mapper type=4 current_bank=3 mirroring=3 select=$07 irq_latch=$7F irq_counter=$00 irq_reload=1 irq_enabled=1
mapper_regs 3C 3E 00 00 00 00 06 07
caller func_CEAC
caller2 func_CDE7
target_bytes 00 00 00 00 00 00 00 00
stack_bytes 3E 20 00 00 00 00 00 00 00 00 00 00 00 00 00 00
last_dispatches
  C $884E cb=6 S=$FF depth=6 wb=$8000
  C $884E cb=6 S=$FF depth=6 wb=$8000
  C $884E cb=6 S=$FF depth=6 wb=$8000
  C $884E cb=6 S=$FF depth=6 wb=$8000
  C $884E cb=6 S=$FF depth=6 wb=$8000
  C $884E cb=6 S=$FF depth=6 wb=$8000
  C $884E cb=6 S=$FF depth=6 wb=$8000
  C $884E cb=6 S=$FF depth=6 wb=$8000
  C $DB92 cb=-1 S=$FF depth=3 wb=$C000
  C $D341 cb=-1 S=$FF depth=4 wb=$C000
  T $D377 cb=-1 S=$FF depth=4 wb=$C000
  C $D377 cb=-1 S=$FF depth=4 wb=$C000
  C $DC27 cb=-1 S=$FF depth=3 wb=$C000
  C $DBAF cb=-1 S=$FF depth=3 wb=$C000
  C $8021 cb=-1 S=$FF depth=4 wb=$C000
  T $89BF cb=6 S=$FF depth=5 wb=$8000
  C $89BF cb=6 S=$FF depth=5 wb=$8000
  T $89DD cb=-1 S=$FF depth=6 wb=$E000
  C $89DD cb=-1 S=$FF depth=6 wb=$E000
  T $89DD cb=-1 S=$FF depth=6 wb=$E000
  C $89DD cb=-1 S=$FF depth=6 wb=$E000
  T $89DD cb=-1 S=$FF depth=6 wb=$E000
  C $89DD cb=-1 S=$FF depth=6 wb=$E000
  T $89DD cb=-1 S=$FF depth=6 wb=$E000
  C $89DD cb=-1 S=$FF depth=6 wb=$E000
  N $0002 cb=-1 S=$FC depth=3 wb=$E000
  C $DE39 cb=-1 S=$F9 depth=3 wb=$C000
  T $E11E cb=-1 S=$F9 depth=4 wb=$C000
  C $E11E cb=-1 S=$F9 depth=4 wb=$C000
  T $E11E cb=-1 S=$F9 depth=3 wb=$E000
  C $E11E cb=-1 S=$F9 depth=3 wb=$E000
  C $DCCE cb=-1 S=$F9 depth=3 wb=$C000
  C $CB25 cb=-1 S=$F9 depth=3 wb=$C000
  C $CF72 cb=-1 S=$F9 depth=4 wb=$C000
  C $CFF3 cb=-1 S=$F9 depth=4 wb=$C000
  C $CD30 cb=-1 S=$F9 depth=4 wb=$C000
  C $CD7D cb=-1 S=$F9 depth=5 wb=$C000
  T $CDE7 cb=-1 S=$F9 depth=6 wb=$C000
  C $CDE7 cb=-1 S=$F9 depth=6 wb=$C000
  T $CEAC cb=-1 S=$F9 depth=7 wb=$C000
  C $CEAC cb=-1 S=$F9 depth=7 wb=$C000
  D $CDE7 cb=-1 S=$F9 depth=6 wb=$C000
  C $CDE7 cb=-1 S=$F9 depth=6 wb=$C000
  T $CEF0 cb=-1 S=$F9 depth=7 wb=$C000
  C $CEF0 cb=-1 S=$F9 depth=7 wb=$C000
  C $CD5F cb=-1 S=$F9 depth=8 wb=$C000
  C $CD7D cb=-1 S=$F9 depth=5 wb=$C000
  T $CDE7 cb=-1 S=$F9 depth=6 wb=$C000
  C $CDE7 cb=-1 S=$F9 depth=6 wb=$C000
  T $CE4C cb=-1 S=$F9 depth=7 wb=$C000
  C $CE4C cb=-1 S=$F9 depth=7 wb=$C000
  T $CD93 cb=-1 S=$F9 depth=8 wb=$C000
  C $CD93 cb=-1 S=$F9 depth=8 wb=$C000
  D $CDE7 cb=-1 S=$F9 depth=6 wb=$C000
  C $CDE7 cb=-1 S=$F9 depth=6 wb=$C000
  T $CEF0 cb=-1 S=$F9 depth=7 wb=$C000
  C $CEF0 cb=-1 S=$F9 depth=7 wb=$C000
  D $CDE7 cb=-1 S=$F9 depth=6 wb=$C000
  C $CDE7 cb=-1 S=$F9 depth=6 wb=$C000
  T $CEAC cb=-1 S=$F9 depth=7 wb=$C000
  C $CEAC cb=-1 S=$F9 depth=7 wb=$C000
  C $CD5F cb=-1 S=$F9 depth=8 wb=$C000
  T $FF01 cb=-1 S=$FB depth=8 wb=$C000
  C $FF01 cb=-1 S=$FB depth=8 wb=$C000
=== end dispatch fault ===

=== dispatch fault 4 frame=126 cycles=4023128 ===
target gen=$203F cpu=$203F bank=3 class=ZERO_FILLED call_site=$0000
cpu A=$00 X=$02 Y=$04 P=$00 S=$FD window=$C000 dispatch_depth=9 vblank_depth=2 ops=2759 budget=29781
mapper type=4 current_bank=3 mirroring=3 select=$07 irq_latch=$7F irq_counter=$00 irq_reload=1 irq_enabled=1
mapper_regs 3C 3E 00 00 00 00 06 07
caller func_CE78
caller2 func_CDE7
target_bytes 00 00 00 00 00 00 00 00
stack_bytes 00 00 00 00 00 00 00 00 00 00 00 00 00 00 00 00
last_dispatches
  C $DB92 cb=-1 S=$FF depth=3 wb=$C000
  C $D341 cb=-1 S=$FF depth=4 wb=$C000
  T $D377 cb=-1 S=$FF depth=4 wb=$C000
  C $D377 cb=-1 S=$FF depth=4 wb=$C000
  C $DC27 cb=-1 S=$FF depth=3 wb=$C000
  C $DBAF cb=-1 S=$FF depth=3 wb=$C000
  C $8021 cb=-1 S=$FF depth=4 wb=$C000
  T $89BF cb=6 S=$FF depth=5 wb=$8000
  C $89BF cb=6 S=$FF depth=5 wb=$8000
  T $89DD cb=-1 S=$FF depth=6 wb=$E000
  C $89DD cb=-1 S=$FF depth=6 wb=$E000
  T $89DD cb=-1 S=$FF depth=6 wb=$E000
  C $89DD cb=-1 S=$FF depth=6 wb=$E000
  T $89DD cb=-1 S=$FF depth=6 wb=$E000
  C $89DD cb=-1 S=$FF depth=6 wb=$E000
  T $89DD cb=-1 S=$FF depth=6 wb=$E000
  C $89DD cb=-1 S=$FF depth=6 wb=$E000
  N $0002 cb=-1 S=$FC depth=3 wb=$E000
  C $DE39 cb=-1 S=$F9 depth=3 wb=$C000
  T $E11E cb=-1 S=$F9 depth=4 wb=$C000
  C $E11E cb=-1 S=$F9 depth=4 wb=$C000
  T $E11E cb=-1 S=$F9 depth=3 wb=$E000
  C $E11E cb=-1 S=$F9 depth=3 wb=$E000
  C $DCCE cb=-1 S=$F9 depth=3 wb=$C000
  C $CB25 cb=-1 S=$F9 depth=3 wb=$C000
  C $CF72 cb=-1 S=$F9 depth=4 wb=$C000
  C $CFF3 cb=-1 S=$F9 depth=4 wb=$C000
  C $CD30 cb=-1 S=$F9 depth=4 wb=$C000
  C $CD7D cb=-1 S=$F9 depth=5 wb=$C000
  T $CDE7 cb=-1 S=$F9 depth=6 wb=$C000
  C $CDE7 cb=-1 S=$F9 depth=6 wb=$C000
  T $CEAC cb=-1 S=$F9 depth=7 wb=$C000
  C $CEAC cb=-1 S=$F9 depth=7 wb=$C000
  D $CDE7 cb=-1 S=$F9 depth=6 wb=$C000
  C $CDE7 cb=-1 S=$F9 depth=6 wb=$C000
  T $CEF0 cb=-1 S=$F9 depth=7 wb=$C000
  C $CEF0 cb=-1 S=$F9 depth=7 wb=$C000
  C $CD5F cb=-1 S=$F9 depth=8 wb=$C000
  C $CD7D cb=-1 S=$F9 depth=5 wb=$C000
  T $CDE7 cb=-1 S=$F9 depth=6 wb=$C000
  C $CDE7 cb=-1 S=$F9 depth=6 wb=$C000
  T $CE4C cb=-1 S=$F9 depth=7 wb=$C000
  C $CE4C cb=-1 S=$F9 depth=7 wb=$C000
  T $CD93 cb=-1 S=$F9 depth=8 wb=$C000
  C $CD93 cb=-1 S=$F9 depth=8 wb=$C000
  D $CDE7 cb=-1 S=$F9 depth=6 wb=$C000
  C $CDE7 cb=-1 S=$F9 depth=6 wb=$C000
  T $CEF0 cb=-1 S=$F9 depth=7 wb=$C000
  C $CEF0 cb=-1 S=$F9 depth=7 wb=$C000
  D $CDE7 cb=-1 S=$F9 depth=6 wb=$C000
  C $CDE7 cb=-1 S=$F9 depth=6 wb=$C000
  T $CEAC cb=-1 S=$F9 depth=7 wb=$C000
  C $CEAC cb=-1 S=$F9 depth=7 wb=$C000
  C $CD5F cb=-1 S=$F9 depth=8 wb=$C000
  T $FF01 cb=-1 S=$FB depth=8 wb=$C000
  C $FF01 cb=-1 S=$FB depth=8 wb=$C000
  C $CD7D cb=-1 S=$FB depth=5 wb=$C000
  T $CDE7 cb=-1 S=$FB depth=6 wb=$C000
  C $CDE7 cb=-1 S=$FB depth=6 wb=$C000
  T $CE78 cb=-1 S=$FB depth=7 wb=$C000
  C $CE78 cb=-1 S=$FB depth=7 wb=$C000
  C $CD5F cb=-1 S=$FB depth=8 wb=$C000
  T $203F cb=-1 S=$FD depth=8 wb=$C000
  C $203F cb=-1 S=$FD depth=8 wb=$C000
=== end dispatch fault ===

=== dispatch fault 5 frame=166 cycles=5213461 ===
target gen=$2801 cpu=$2801 bank=3 class=ZERO_FILLED call_site=$6200
cpu A=$00 X=$01 Y=$02 P=$00 S=$FB window=$C000 dispatch_depth=9 vblank_depth=2 ops=1872 budget=29781
mapper type=4 current_bank=3 mirroring=3 select=$07 irq_latch=$7F irq_counter=$00 irq_reload=1 irq_enabled=1
mapper_regs 3C 3E 00 00 00 00 06 07
caller func_CF25
caller2 func_CDE7
target_bytes 00 00 00 00 00 00 00 00
stack_bytes 00 62 00 00 00 00 00 00 00 00 00 00 00 00 00 00
last_dispatches
  C $CD7D cb=-1 S=$F9 depth=5 wb=$C000
  T $CD50 cb=-1 S=$F9 depth=6 wb=$C000
  C $CD50 cb=-1 S=$F9 depth=6 wb=$C000
  C $CD30 cb=-1 S=$F9 depth=4 wb=$C000
  C $CC71 cb=-1 S=$F9 depth=4 wb=$C000
  C $CCDA cb=-1 S=$F9 depth=4 wb=$C000
  C $CC71 cb=-1 S=$F9 depth=4 wb=$C000
  T $CC61 cb=-1 S=$F9 depth=5 wb=$C000
  C $CC61 cb=-1 S=$F9 depth=5 wb=$C000
  C $CCDA cb=-1 S=$F9 depth=4 wb=$C000
  C $CC71 cb=-1 S=$F9 depth=4 wb=$C000
  T $CC61 cb=-1 S=$F9 depth=5 wb=$C000
  C $CC61 cb=-1 S=$F9 depth=5 wb=$C000
  C $CCDA cb=-1 S=$F9 depth=4 wb=$C000
  C $CC71 cb=-1 S=$F9 depth=4 wb=$C000
  T $CC61 cb=-1 S=$F9 depth=5 wb=$C000
  C $CC61 cb=-1 S=$F9 depth=5 wb=$C000
  n $0002 cb=-1 S=$FF depth=3 wb=$E000
  T $E9AE cb=-1 S=$F9 depth=3 wb=$E000
  C $E9AE cb=-1 S=$F9 depth=3 wb=$E000
  T $D9F0 cb=-1 S=$FF depth=3 wb=$E000
  C $D9F0 cb=-1 S=$FF depth=3 wb=$E000
  C $DBAF cb=-1 S=$FF depth=3 wb=$C000
  C $8021 cb=-1 S=$FF depth=4 wb=$C000
  T $89BF cb=6 S=$FF depth=5 wb=$8000
  C $89BF cb=6 S=$FF depth=5 wb=$8000
  T $8749 cb=-1 S=$FF depth=6 wb=$E000
  C $8749 cb=-1 S=$FF depth=6 wb=$E000
  T $8749 cb=-1 S=$FF depth=6 wb=$E000
  C $8749 cb=-1 S=$FF depth=6 wb=$E000
  T $8749 cb=-1 S=$FF depth=6 wb=$E000
  C $8749 cb=-1 S=$FF depth=6 wb=$E000
  T $8749 cb=-1 S=$FF depth=6 wb=$E000
  C $8749 cb=-1 S=$FF depth=6 wb=$E000
  C $DB65 cb=-1 S=$FF depth=3 wb=$C000
  C $DB92 cb=-1 S=$FF depth=3 wb=$C000
  C $D341 cb=-1 S=$FF depth=4 wb=$C000
  T $D377 cb=-1 S=$FF depth=4 wb=$C000
  C $D377 cb=-1 S=$FF depth=4 wb=$C000
  N $0002 cb=-1 S=$FC depth=3 wb=$E000
  C $DE39 cb=-1 S=$F9 depth=3 wb=$C000
  T $E11E cb=-1 S=$F9 depth=4 wb=$C000
  C $E11E cb=-1 S=$F9 depth=4 wb=$C000
  T $E11E cb=-1 S=$F9 depth=3 wb=$E000
  C $E11E cb=-1 S=$F9 depth=3 wb=$E000
  C $DCCE cb=-1 S=$F9 depth=3 wb=$C000
  C $CB25 cb=-1 S=$F9 depth=3 wb=$C000
  C $CD30 cb=-1 S=$F9 depth=4 wb=$C000
  C $CD7D cb=-1 S=$F9 depth=5 wb=$C000
  T $CD50 cb=-1 S=$F9 depth=6 wb=$C000
  C $CD50 cb=-1 S=$F9 depth=6 wb=$C000
  C $CD7D cb=-1 S=$F9 depth=5 wb=$C000
  T $CD50 cb=-1 S=$F9 depth=6 wb=$C000
  C $CD50 cb=-1 S=$F9 depth=6 wb=$C000
  C $CD7D cb=-1 S=$F9 depth=5 wb=$C000
  C $CD5F cb=-1 S=$F9 depth=6 wb=$C000
  C $CD7D cb=-1 S=$F9 depth=5 wb=$C000
  T $CDE7 cb=-1 S=$F9 depth=6 wb=$C000
  C $CDE7 cb=-1 S=$F9 depth=6 wb=$C000
  T $CF25 cb=-1 S=$F9 depth=7 wb=$C000
  C $CF25 cb=-1 S=$F9 depth=7 wb=$C000
  C $CD5F cb=-1 S=$F9 depth=8 wb=$C000
  T $2801 cb=-1 S=$FB depth=8 wb=$C000
  C $2801 cb=-1 S=$FB depth=8 wb=$C000
=== end dispatch fault ===

=== dispatch fault 1 frame=0 cycles=124656 ===
target gen=$A009 cpu=$8009 bank=6 class=CODE call_site=$0000
cpu A=$0D X=$06 Y=$00 P=$00 S=$FF window=$8000 dispatch_depth=3 vblank_depth=0 ops=5534 budget=29781
mapper type=4 current_bank=6 mirroring=2 select=$06 irq_latch=$00 irq_counter=$00 irq_reload=0 irq_enabled=0
mapper_regs 00 00 00 00 00 00 0D 07
caller (none)
caller2 (none)
target_bytes 4C 15 80 4C 50 80 4C F1
stack_bytes 00 00 00 00 00 00 00 00 00 00 00 00 00 00 00 00
last_dispatches
  T $D269 cb=-1 S=$FD depth=0 wb=$E000
  C $D269 cb=-1 S=$FD depth=0 wb=$E000
  C $D2F6 cb=-1 S=$FF depth=1 wb=$C000
  C $CFBF cb=-1 S=$FF depth=1 wb=$C000
  C $CFF3 cb=-1 S=$FF depth=2 wb=$C000
  T $D406 cb=-1 S=$FF depth=1 wb=$C000
  C $D406 cb=-1 S=$FF depth=1 wb=$C000
  C $8009 cb=-1 S=$FF depth=2 wb=$C000
=== end dispatch fault ===

=== dispatch fault 2 frame=0 cycles=191343 ===
target gen=$A003 cpu=$8003 bank=6 class=CODE call_site=$0000
cpu A=$05 X=$10 Y=$00 P=$00 S=$FF window=$8000 dispatch_depth=4 vblank_depth=0 ops=12659 budget=29780
mapper type=4 current_bank=6 mirroring=3 select=$07 irq_latch=$00 irq_counter=$00 irq_reload=0 irq_enabled=0
mapper_regs 00 00 00 00 00 00 0D 05
caller (none)
caller2 (none)
target_bytes 4C 85 86 4C 95 87 4C 15
stack_bytes 00 00 00 00 00 00 00 00 00 00 00 00 00 00 00 00
last_dispatches
  C $884E cb=6 S=$FF depth=6 wb=$8000
  C $884E cb=6 S=$FF depth=6 wb=$8000
  C $884E cb=6 S=$FF depth=6 wb=$8000
  C $884E cb=6 S=$FF depth=6 wb=$8000
  C $884E cb=6 S=$FF depth=6 wb=$8000
  C $884E cb=6 S=$FF depth=6 wb=$8000
  C $884E cb=6 S=$FF depth=6 wb=$8000
  C $884E cb=6 S=$FF depth=6 wb=$8000
  C $884E cb=6 S=$FF depth=6 wb=$8000
  C $884E cb=6 S=$FF depth=6 wb=$8000
  C $884E cb=6 S=$FF depth=6 wb=$8000
  C $884E cb=6 S=$FF depth=6 wb=$8000
  C $884E cb=6 S=$FF depth=6 wb=$8000
  C $884E cb=6 S=$FF depth=6 wb=$8000
  C $884E cb=6 S=$FF depth=6 wb=$8000
  C $884E cb=6 S=$FF depth=6 wb=$8000
  C $884E cb=6 S=$FF depth=6 wb=$8000
  C $884E cb=6 S=$FF depth=6 wb=$8000
  C $884E cb=6 S=$FF depth=6 wb=$8000
  C $884E cb=6 S=$FF depth=6 wb=$8000
  C $884E cb=6 S=$FF depth=6 wb=$8000
  C $884E cb=6 S=$FF depth=6 wb=$8000
  C $884E cb=6 S=$FF depth=6 wb=$8000
  C $884E cb=6 S=$FF depth=6 wb=$8000
  C $884E cb=6 S=$FF depth=6 wb=$8000
  C $884E cb=6 S=$FF depth=6 wb=$8000
  C $884E cb=6 S=$FF depth=6 wb=$8000
  C $884E cb=6 S=$FF depth=6 wb=$8000
  C $884E cb=6 S=$FF depth=6 wb=$8000
  C $884E cb=6 S=$FF depth=6 wb=$8000
  C $884E cb=6 S=$FF depth=6 wb=$8000
  C $884E cb=6 S=$FF depth=6 wb=$8000
  C $884E cb=6 S=$FF depth=6 wb=$8000
  C $884E cb=6 S=$FF depth=6 wb=$8000
  C $884E cb=6 S=$FF depth=6 wb=$8000
  C $884E cb=6 S=$FF depth=6 wb=$8000
  C $884E cb=6 S=$FF depth=6 wb=$8000
  C $884E cb=6 S=$FF depth=6 wb=$8000
  C $884E cb=6 S=$FF depth=6 wb=$8000
  C $884E cb=6 S=$FF depth=6 wb=$8000
  C $884E cb=6 S=$FF depth=6 wb=$8000
  C $884E cb=6 S=$FF depth=6 wb=$8000
  C $884E cb=6 S=$FF depth=6 wb=$8000
  C $884E cb=6 S=$FF depth=6 wb=$8000
  C $884E cb=6 S=$FF depth=6 wb=$8000
  C $884E cb=6 S=$FF depth=6 wb=$8000
  C $884E cb=6 S=$FF depth=6 wb=$8000
  C $884E cb=6 S=$FF depth=6 wb=$8000
  C $884E cb=6 S=$FF depth=6 wb=$8000
  C $884E cb=6 S=$FF depth=6 wb=$8000
  C $884E cb=6 S=$FF depth=6 wb=$8000
  C $884E cb=6 S=$FF depth=6 wb=$8000
  C $884E cb=6 S=$FF depth=6 wb=$8000
  C $884E cb=6 S=$FF depth=6 wb=$8000
  C $884E cb=6 S=$FF depth=6 wb=$8000
  C $884E cb=6 S=$FF depth=6 wb=$8000
  C $884E cb=6 S=$FF depth=6 wb=$8000
  C $884E cb=6 S=$FF depth=6 wb=$8000
  C $884E cb=6 S=$FF depth=6 wb=$8000
  C $884E cb=6 S=$FF depth=6 wb=$8000
  C $884E cb=6 S=$FF depth=6 wb=$8000
  C $884E cb=6 S=$FF depth=6 wb=$8000
  C $884E cb=6 S=$FF depth=6 wb=$8000
  C $8003 cb=-1 S=$FF depth=3 wb=$C000
=== end dispatch fault ===

=== dispatch fault 3 frame=126 cycles=4022828 ===
target gen=$FF01 cpu=$FF01 bank=7 class=ZERO_FILLED call_site=$203E
cpu A=$00 X=$03 Y=$04 P=$00 S=$FB window=$E000 dispatch_depth=9 vblank_depth=2 ops=2459 budget=29781
mapper type=4 current_bank=3 mirroring=3 select=$07 irq_latch=$7F irq_counter=$00 irq_reload=1 irq_enabled=1
mapper_regs 3C 3E 00 00 00 00 06 07
caller func_CEAC
caller2 func_CDE7
target_bytes 00 00 00 00 00 00 00 00
stack_bytes 3E 20 00 00 00 00 00 00 00 00 00 00 00 00 00 00
last_dispatches
  C $884E cb=6 S=$FF depth=6 wb=$8000
  C $884E cb=6 S=$FF depth=6 wb=$8000
  C $884E cb=6 S=$FF depth=6 wb=$8000
  C $884E cb=6 S=$FF depth=6 wb=$8000
  C $884E cb=6 S=$FF depth=6 wb=$8000
  C $884E cb=6 S=$FF depth=6 wb=$8000
  C $884E cb=6 S=$FF depth=6 wb=$8000
  C $884E cb=6 S=$FF depth=6 wb=$8000
  C $DB92 cb=-1 S=$FF depth=3 wb=$C000
  C $D341 cb=-1 S=$FF depth=4 wb=$C000
  T $D377 cb=-1 S=$FF depth=4 wb=$C000
  C $D377 cb=-1 S=$FF depth=4 wb=$C000
  C $DC27 cb=-1 S=$FF depth=3 wb=$C000
  C $DBAF cb=-1 S=$FF depth=3 wb=$C000
  C $8021 cb=-1 S=$FF depth=4 wb=$C000
  T $89BF cb=6 S=$FF depth=5 wb=$8000
  C $89BF cb=6 S=$FF depth=5 wb=$8000
  T $89DD cb=-1 S=$FF depth=6 wb=$E000
  C $89DD cb=-1 S=$FF depth=6 wb=$E000
  T $89DD cb=-1 S=$FF depth=6 wb=$E000
  C $89DD cb=-1 S=$FF depth=6 wb=$E000
  T $89DD cb=-1 S=$FF depth=6 wb=$E000
  C $89DD cb=-1 S=$FF depth=6 wb=$E000
  T $89DD cb=-1 S=$FF depth=6 wb=$E000
  C $89DD cb=-1 S=$FF depth=6 wb=$E000
  N $0002 cb=-1 S=$FC depth=3 wb=$E000
  C $DE39 cb=-1 S=$F9 depth=3 wb=$C000
  T $E11E cb=-1 S=$F9 depth=4 wb=$C000
  C $E11E cb=-1 S=$F9 depth=4 wb=$C000
  T $E11E cb=-1 S=$F9 depth=3 wb=$E000
  C $E11E cb=-1 S=$F9 depth=3 wb=$E000
  C $DCCE cb=-1 S=$F9 depth=3 wb=$C000
  C $CB25 cb=-1 S=$F9 depth=3 wb=$C000
  C $CF72 cb=-1 S=$F9 depth=4 wb=$C000
  C $CFF3 cb=-1 S=$F9 depth=4 wb=$C000
  C $CD30 cb=-1 S=$F9 depth=4 wb=$C000
  C $CD7D cb=-1 S=$F9 depth=5 wb=$C000
  T $CDE7 cb=-1 S=$F9 depth=6 wb=$C000
  C $CDE7 cb=-1 S=$F9 depth=6 wb=$C000
  T $CEAC cb=-1 S=$F9 depth=7 wb=$C000
  C $CEAC cb=-1 S=$F9 depth=7 wb=$C000
  D $CDE7 cb=-1 S=$F9 depth=6 wb=$C000
  C $CDE7 cb=-1 S=$F9 depth=6 wb=$C000
  T $CEF0 cb=-1 S=$F9 depth=7 wb=$C000
  C $CEF0 cb=-1 S=$F9 depth=7 wb=$C000
  C $CD5F cb=-1 S=$F9 depth=8 wb=$C000
  C $CD7D cb=-1 S=$F9 depth=5 wb=$C000
  T $CDE7 cb=-1 S=$F9 depth=6 wb=$C000
  C $CDE7 cb=-1 S=$F9 depth=6 wb=$C000
  T $CE4C cb=-1 S=$F9 depth=7 wb=$C000
  C $CE4C cb=-1 S=$F9 depth=7 wb=$C000
  T $CD93 cb=-1 S=$F9 depth=8 wb=$C000
  C $CD93 cb=-1 S=$F9 depth=8 wb=$C000
  D $CDE7 cb=-1 S=$F9 depth=6 wb=$C000
  C $CDE7 cb=-1 S=$F9 depth=6 wb=$C000
  T $CEF0 cb=-1 S=$F9 depth=7 wb=$C000
  C $CEF0 cb=-1 S=$F9 depth=7 wb=$C000
  D $CDE7 cb=-1 S=$F9 depth=6 wb=$C000
  C $CDE7 cb=-1 S=$F9 depth=6 wb=$C000
  T $CEAC cb=-1 S=$F9 depth=7 wb=$C000
  C $CEAC cb=-1 S=$F9 depth=7 wb=$C000
  C $CD5F cb=-1 S=$F9 depth=8 wb=$C000
  T $FF01 cb=-1 S=$FB depth=8 wb=$C000
  C $FF01 cb=-1 S=$FB depth=8 wb=$C000
=== end dispatch fault ===

=== dispatch fault 4 frame=126 cycles=4023128 ===
target gen=$203F cpu=$203F bank=3 class=ZERO_FILLED call_site=$0000
cpu A=$00 X=$02 Y=$04 P=$00 S=$FD window=$C000 dispatch_depth=9 vblank_depth=2 ops=2759 budget=29781
mapper type=4 current_bank=3 mirroring=3 select=$07 irq_latch=$7F irq_counter=$00 irq_reload=1 irq_enabled=1
mapper_regs 3C 3E 00 00 00 00 06 07
caller func_CE78
caller2 func_CDE7
target_bytes 00 00 00 00 00 00 00 00
stack_bytes 00 00 00 00 00 00 00 00 00 00 00 00 00 00 00 00
last_dispatches
  C $DB92 cb=-1 S=$FF depth=3 wb=$C000
  C $D341 cb=-1 S=$FF depth=4 wb=$C000
  T $D377 cb=-1 S=$FF depth=4 wb=$C000
  C $D377 cb=-1 S=$FF depth=4 wb=$C000
  C $DC27 cb=-1 S=$FF depth=3 wb=$C000
  C $DBAF cb=-1 S=$FF depth=3 wb=$C000
  C $8021 cb=-1 S=$FF depth=4 wb=$C000
  T $89BF cb=6 S=$FF depth=5 wb=$8000
  C $89BF cb=6 S=$FF depth=5 wb=$8000
  T $89DD cb=-1 S=$FF depth=6 wb=$E000
  C $89DD cb=-1 S=$FF depth=6 wb=$E000
  T $89DD cb=-1 S=$FF depth=6 wb=$E000
  C $89DD cb=-1 S=$FF depth=6 wb=$E000
  T $89DD cb=-1 S=$FF depth=6 wb=$E000
  C $89DD cb=-1 S=$FF depth=6 wb=$E000
  T $89DD cb=-1 S=$FF depth=6 wb=$E000
  C $89DD cb=-1 S=$FF depth=6 wb=$E000
  N $0002 cb=-1 S=$FC depth=3 wb=$E000
  C $DE39 cb=-1 S=$F9 depth=3 wb=$C000
  T $E11E cb=-1 S=$F9 depth=4 wb=$C000
  C $E11E cb=-1 S=$F9 depth=4 wb=$C000
  T $E11E cb=-1 S=$F9 depth=3 wb=$E000
  C $E11E cb=-1 S=$F9 depth=3 wb=$E000
  C $DCCE cb=-1 S=$F9 depth=3 wb=$C000
  C $CB25 cb=-1 S=$F9 depth=3 wb=$C000
  C $CF72 cb=-1 S=$F9 depth=4 wb=$C000
  C $CFF3 cb=-1 S=$F9 depth=4 wb=$C000
  C $CD30 cb=-1 S=$F9 depth=4 wb=$C000
  C $CD7D cb=-1 S=$F9 depth=5 wb=$C000
  T $CDE7 cb=-1 S=$F9 depth=6 wb=$C000
  C $CDE7 cb=-1 S=$F9 depth=6 wb=$C000
  T $CEAC cb=-1 S=$F9 depth=7 wb=$C000
  C $CEAC cb=-1 S=$F9 depth=7 wb=$C000
  D $CDE7 cb=-1 S=$F9 depth=6 wb=$C000
  C $CDE7 cb=-1 S=$F9 depth=6 wb=$C000
  T $CEF0 cb=-1 S=$F9 depth=7 wb=$C000
  C $CEF0 cb=-1 S=$F9 depth=7 wb=$C000
  C $CD5F cb=-1 S=$F9 depth=8 wb=$C000
  C $CD7D cb=-1 S=$F9 depth=5 wb=$C000
  T $CDE7 cb=-1 S=$F9 depth=6 wb=$C000
  C $CDE7 cb=-1 S=$F9 depth=6 wb=$C000
  T $CE4C cb=-1 S=$F9 depth=7 wb=$C000
  C $CE4C cb=-1 S=$F9 depth=7 wb=$C000
  T $CD93 cb=-1 S=$F9 depth=8 wb=$C000
  C $CD93 cb=-1 S=$F9 depth=8 wb=$C000
  D $CDE7 cb=-1 S=$F9 depth=6 wb=$C000
  C $CDE7 cb=-1 S=$F9 depth=6 wb=$C000
  T $CEF0 cb=-1 S=$F9 depth=7 wb=$C000
  C $CEF0 cb=-1 S=$F9 depth=7 wb=$C000
  D $CDE7 cb=-1 S=$F9 depth=6 wb=$C000
  C $CDE7 cb=-1 S=$F9 depth=6 wb=$C000
  T $CEAC cb=-1 S=$F9 depth=7 wb=$C000
  C $CEAC cb=-1 S=$F9 depth=7 wb=$C000
  C $CD5F cb=-1 S=$F9 depth=8 wb=$C000
  T $FF01 cb=-1 S=$FB depth=8 wb=$C000
  C $FF01 cb=-1 S=$FB depth=8 wb=$C000
  C $CD7D cb=-1 S=$FB depth=5 wb=$C000
  T $CDE7 cb=-1 S=$FB depth=6 wb=$C000
  C $CDE7 cb=-1 S=$FB depth=6 wb=$C000
  T $CE78 cb=-1 S=$FB depth=7 wb=$C000
  C $CE78 cb=-1 S=$FB depth=7 wb=$C000
  C $CD5F cb=-1 S=$FB depth=8 wb=$C000
  T $203F cb=-1 S=$FD depth=8 wb=$C000
  C $203F cb=-1 S=$FD depth=8 wb=$C000
=== end dispatch fault ===

=== dispatch fault 5 frame=166 cycles=5213461 ===
target gen=$2801 cpu=$2801 bank=3 class=ZERO_FILLED call_site=$6200
cpu A=$00 X=$01 Y=$02 P=$00 S=$FB window=$C000 dispatch_depth=9 vblank_depth=2 ops=1872 budget=29781
mapper type=4 current_bank=3 mirroring=3 select=$07 irq_latch=$7F irq_counter=$00 irq_reload=1 irq_enabled=1
mapper_regs 3C 3E 00 00 00 00 06 07
caller func_CF25
caller2 func_CDE7
target_bytes 00 00 00 00 00 00 00 00
stack_bytes 00 62 00 00 00 00 00 00 00 00 00 00 00 00 00 00
last_dispatches
  C $CD7D cb=-1 S=$F9 depth=5 wb=$C000
  T $CD50 cb=-1 S=$F9 depth=6 wb=$C000
  C $CD50 cb=-1 S=$F9 depth=6 wb=$C000
  C $CD30 cb=-1 S=$F9 depth=4 wb=$C000
  C $CC71 cb=-1 S=$F9 depth=4 wb=$C000
  C $CCDA cb=-1 S=$F9 depth=4 wb=$C000
  C $CC71 cb=-1 S=$F9 depth=4 wb=$C000
  T $CC61 cb=-1 S=$F9 depth=5 wb=$C000
  C $CC61 cb=-1 S=$F9 depth=5 wb=$C000
  C $CCDA cb=-1 S=$F9 depth=4 wb=$C000
  C $CC71 cb=-1 S=$F9 depth=4 wb=$C000
  T $CC61 cb=-1 S=$F9 depth=5 wb=$C000
  C $CC61 cb=-1 S=$F9 depth=5 wb=$C000
  C $CCDA cb=-1 S=$F9 depth=4 wb=$C000
  C $CC71 cb=-1 S=$F9 depth=4 wb=$C000
  T $CC61 cb=-1 S=$F9 depth=5 wb=$C000
  C $CC61 cb=-1 S=$F9 depth=5 wb=$C000
  n $0002 cb=-1 S=$FF depth=3 wb=$E000
  T $E9AE cb=-1 S=$F9 depth=3 wb=$E000
  C $E9AE cb=-1 S=$F9 depth=3 wb=$E000
  T $D9F0 cb=-1 S=$FF depth=3 wb=$E000
  C $D9F0 cb=-1 S=$FF depth=3 wb=$E000
  C $DBAF cb=-1 S=$FF depth=3 wb=$C000
  C $8021 cb=-1 S=$FF depth=4 wb=$C000
  T $89BF cb=6 S=$FF depth=5 wb=$8000
  C $89BF cb=6 S=$FF depth=5 wb=$8000
  T $8749 cb=-1 S=$FF depth=6 wb=$E000
  C $8749 cb=-1 S=$FF depth=6 wb=$E000
  T $8749 cb=-1 S=$FF depth=6 wb=$E000
  C $8749 cb=-1 S=$FF depth=6 wb=$E000
  T $8749 cb=-1 S=$FF depth=6 wb=$E000
  C $8749 cb=-1 S=$FF depth=6 wb=$E000
  T $8749 cb=-1 S=$FF depth=6 wb=$E000
  C $8749 cb=-1 S=$FF depth=6 wb=$E000
  C $DB65 cb=-1 S=$FF depth=3 wb=$C000
  C $DB92 cb=-1 S=$FF depth=3 wb=$C000
  C $D341 cb=-1 S=$FF depth=4 wb=$C000
  T $D377 cb=-1 S=$FF depth=4 wb=$C000
  C $D377 cb=-1 S=$FF depth=4 wb=$C000
  N $0002 cb=-1 S=$FC depth=3 wb=$E000
  C $DE39 cb=-1 S=$F9 depth=3 wb=$C000
  T $E11E cb=-1 S=$F9 depth=4 wb=$C000
  C $E11E cb=-1 S=$F9 depth=4 wb=$C000
  T $E11E cb=-1 S=$F9 depth=3 wb=$E000
  C $E11E cb=-1 S=$F9 depth=3 wb=$E000
  C $DCCE cb=-1 S=$F9 depth=3 wb=$C000
  C $CB25 cb=-1 S=$F9 depth=3 wb=$C000
  C $CD30 cb=-1 S=$F9 depth=4 wb=$C000
  C $CD7D cb=-1 S=$F9 depth=5 wb=$C000
  T $CD50 cb=-1 S=$F9 depth=6 wb=$C000
  C $CD50 cb=-1 S=$F9 depth=6 wb=$C000
  C $CD7D cb=-1 S=$F9 depth=5 wb=$C000
  T $CD50 cb=-1 S=$F9 depth=6 wb=$C000
  C $CD50 cb=-1 S=$F9 depth=6 wb=$C000
  C $CD7D cb=-1 S=$F9 depth=5 wb=$C000
  C $CD5F cb=-1 S=$F9 depth=6 wb=$C000
  C $CD7D cb=-1 S=$F9 depth=5 wb=$C000
  T $CDE7 cb=-1 S=$F9 depth=6 wb=$C000
  C $CDE7 cb=-1 S=$F9 depth=6 wb=$C000
  T $CF25 cb=-1 S=$F9 depth=7 wb=$C000
  C $CF25 cb=-1 S=$F9 depth=7 wb=$C000
  C $CD5F cb=-1 S=$F9 depth=8 wb=$C000
  T $2801 cb=-1 S=$FB depth=8 wb=$C000
  C $2801 cb=-1 S=$FB depth=8 wb=$C000
=== end dispatch fault ===

=== dispatch fault 1 frame=0 cycles=124656 ===
target gen=$A009 cpu=$8009 bank=6 class=CODE call_site=$0000
cpu A=$0D X=$06 Y=$00 P=$00 S=$FF window=$8000 dispatch_depth=3 vblank_depth=0 ops=5534 budget=29781
mapper type=4 current_bank=6 mirroring=2 select=$06 irq_latch=$00 irq_counter=$00 irq_reload=0 irq_enabled=0
mapper_regs 00 00 00 00 00 00 0D 07
caller (none)
caller2 (none)
target_bytes 4C 15 80 4C 50 80 4C F1
stack_bytes 00 00 00 00 00 00 00 00 00 00 00 00 00 00 00 00
last_dispatches
  T $D269 cb=-1 S=$FD depth=0 wb=$E000
  C $D269 cb=-1 S=$FD depth=0 wb=$E000
  C $D2F6 cb=-1 S=$FF depth=1 wb=$C000
  C $CFBF cb=-1 S=$FF depth=1 wb=$C000
  C $CFF3 cb=-1 S=$FF depth=2 wb=$C000
  T $D406 cb=-1 S=$FF depth=1 wb=$C000
  C $D406 cb=-1 S=$FF depth=1 wb=$C000
  C $8009 cb=-1 S=$FF depth=2 wb=$C000
=== end dispatch fault ===

=== dispatch fault 2 frame=0 cycles=191343 ===
target gen=$A003 cpu=$8003 bank=6 class=CODE call_site=$0000
cpu A=$05 X=$10 Y=$00 P=$00 S=$FF window=$8000 dispatch_depth=4 vblank_depth=0 ops=12659 budget=29780
mapper type=4 current_bank=6 mirroring=3 select=$07 irq_latch=$00 irq_counter=$00 irq_reload=0 irq_enabled=0
mapper_regs 00 00 00 00 00 00 0D 05
caller (none)
caller2 (none)
target_bytes 4C 85 86 4C 95 87 4C 15
stack_bytes 00 00 00 00 00 00 00 00 00 00 00 00 00 00 00 00
last_dispatches
  C $884E cb=6 S=$FF depth=6 wb=$8000
  C $884E cb=6 S=$FF depth=6 wb=$8000
  C $884E cb=6 S=$FF depth=6 wb=$8000
  C $884E cb=6 S=$FF depth=6 wb=$8000
  C $884E cb=6 S=$FF depth=6 wb=$8000
  C $884E cb=6 S=$FF depth=6 wb=$8000
  C $884E cb=6 S=$FF depth=6 wb=$8000
  C $884E cb=6 S=$FF depth=6 wb=$8000
  C $884E cb=6 S=$FF depth=6 wb=$8000
  C $884E cb=6 S=$FF depth=6 wb=$8000
  C $884E cb=6 S=$FF depth=6 wb=$8000
  C $884E cb=6 S=$FF depth=6 wb=$8000
  C $884E cb=6 S=$FF depth=6 wb=$8000
  C $884E cb=6 S=$FF depth=6 wb=$8000
  C $884E cb=6 S=$FF depth=6 wb=$8000
  C $884E cb=6 S=$FF depth=6 wb=$8000
  C $884E cb=6 S=$FF depth=6 wb=$8000
  C $884E cb=6 S=$FF depth=6 wb=$8000
  C $884E cb=6 S=$FF depth=6 wb=$8000
  C $884E cb=6 S=$FF depth=6 wb=$8000
  C $884E cb=6 S=$FF depth=6 wb=$8000
  C $884E cb=6 S=$FF depth=6 wb=$8000
  C $884E cb=6 S=$FF depth=6 wb=$8000
  C $884E cb=6 S=$FF depth=6 wb=$8000
  C $884E cb=6 S=$FF depth=6 wb=$8000
  C $884E cb=6 S=$FF depth=6 wb=$8000
  C $884E cb=6 S=$FF depth=6 wb=$8000
  C $884E cb=6 S=$FF depth=6 wb=$8000
  C $884E cb=6 S=$FF depth=6 wb=$8000
  C $884E cb=6 S=$FF depth=6 wb=$8000
  C $884E cb=6 S=$FF depth=6 wb=$8000
  C $884E cb=6 S=$FF depth=6 wb=$8000
  C $884E cb=6 S=$FF depth=6 wb=$8000
  C $884E cb=6 S=$FF depth=6 wb=$8000
  C $884E cb=6 S=$FF depth=6 wb=$8000
  C $884E cb=6 S=$FF depth=6 wb=$8000
  C $884E cb=6 S=$FF depth=6 wb=$8000
  C $884E cb=6 S=$FF depth=6 wb=$8000
  C $884E cb=6 S=$FF depth=6 wb=$8000
  C $884E cb=6 S=$FF depth=6 wb=$8000
  C $884E cb=6 S=$FF depth=6 wb=$8000
  C $884E cb=6 S=$FF depth=6 wb=$8000
  C $884E cb=6 S=$FF depth=6 wb=$8000
  C $884E cb=6 S=$FF depth=6 wb=$8000
  C $884E cb=6 S=$FF depth=6 wb=$8000
  C $884E cb=6 S=$FF depth=6 wb=$8000
  C $884E cb=6 S=$FF depth=6 wb=$8000
  C $884E cb=6 S=$FF depth=6 wb=$8000
  C $884E cb=6 S=$FF depth=6 wb=$8000
  C $884E cb=6 S=$FF depth=6 wb=$8000
  C $884E cb=6 S=$FF depth=6 wb=$8000
  C $884E cb=6 S=$FF depth=6 wb=$8000
  C $884E cb=6 S=$FF depth=6 wb=$8000
  C $884E cb=6 S=$FF depth=6 wb=$8000
  C $884E cb=6 S=$FF depth=6 wb=$8000
  C $884E cb=6 S=$FF depth=6 wb=$8000
  C $884E cb=6 S=$FF depth=6 wb=$8000
  C $884E cb=6 S=$FF depth=6 wb=$8000
  C $884E cb=6 S=$FF depth=6 wb=$8000
  C $884E cb=6 S=$FF depth=6 wb=$8000
  C $884E cb=6 S=$FF depth=6 wb=$8000
  C $884E cb=6 S=$FF depth=6 wb=$8000
  C $884E cb=6 S=$FF depth=6 wb=$8000
  C $8003 cb=-1 S=$FF depth=3 wb=$C000
=== end dispatch fault ===

=== dispatch fault 3 frame=126 cycles=4022828 ===
target gen=$FF01 cpu=$FF01 bank=7 class=ZERO_FILLED call_site=$203E
cpu A=$00 X=$03 Y=$04 P=$00 S=$FB window=$E000 dispatch_depth=9 vblank_depth=2 ops=2459 budget=29781
mapper type=4 current_bank=3 mirroring=3 select=$07 irq_latch=$7F irq_counter=$00 irq_reload=1 irq_enabled=1
mapper_regs 3C 3E 00 00 00 00 06 07
caller func_CEAC
caller2 func_CDE7
target_bytes 00 00 00 00 00 00 00 00
stack_bytes 3E 20 00 00 00 00 00 00 00 00 00 00 00 00 00 00
last_dispatches
  C $884E cb=6 S=$FF depth=6 wb=$8000
  C $884E cb=6 S=$FF depth=6 wb=$8000
  C $884E cb=6 S=$FF depth=6 wb=$8000
  C $884E cb=6 S=$FF depth=6 wb=$8000
  C $884E cb=6 S=$FF depth=6 wb=$8000
  C $884E cb=6 S=$FF depth=6 wb=$8000
  C $884E cb=6 S=$FF depth=6 wb=$8000
  C $884E cb=6 S=$FF depth=6 wb=$8000
  C $DB92 cb=-1 S=$FF depth=3 wb=$C000
  C $D341 cb=-1 S=$FF depth=4 wb=$C000
  T $D377 cb=-1 S=$FF depth=4 wb=$C000
  C $D377 cb=-1 S=$FF depth=4 wb=$C000
  C $DC27 cb=-1 S=$FF depth=3 wb=$C000
  C $DBAF cb=-1 S=$FF depth=3 wb=$C000
  C $8021 cb=-1 S=$FF depth=4 wb=$C000
  T $89BF cb=6 S=$FF depth=5 wb=$8000
  C $89BF cb=6 S=$FF depth=5 wb=$8000
  T $89DD cb=-1 S=$FF depth=6 wb=$E000
  C $89DD cb=-1 S=$FF depth=6 wb=$E000
  T $89DD cb=-1 S=$FF depth=6 wb=$E000
  C $89DD cb=-1 S=$FF depth=6 wb=$E000
  T $89DD cb=-1 S=$FF depth=6 wb=$E000
  C $89DD cb=-1 S=$FF depth=6 wb=$E000
  T $89DD cb=-1 S=$FF depth=6 wb=$E000
  C $89DD cb=-1 S=$FF depth=6 wb=$E000
  N $0002 cb=-1 S=$FC depth=3 wb=$E000
  C $DE39 cb=-1 S=$F9 depth=3 wb=$C000
  T $E11E cb=-1 S=$F9 depth=4 wb=$C000
  C $E11E cb=-1 S=$F9 depth=4 wb=$C000
  T $E11E cb=-1 S=$F9 depth=3 wb=$E000
  C $E11E cb=-1 S=$F9 depth=3 wb=$E000
  C $DCCE cb=-1 S=$F9 depth=3 wb=$C000
  C $CB25 cb=-1 S=$F9 depth=3 wb=$C000
  C $CF72 cb=-1 S=$F9 depth=4 wb=$C000
  C $CFF3 cb=-1 S=$F9 depth=4 wb=$C000
  C $CD30 cb=-1 S=$F9 depth=4 wb=$C000
  C $CD7D cb=-1 S=$F9 depth=5 wb=$C000
  T $CDE7 cb=-1 S=$F9 depth=6 wb=$C000
  C $CDE7 cb=-1 S=$F9 depth=6 wb=$C000
  T $CEAC cb=-1 S=$F9 depth=7 wb=$C000
  C $CEAC cb=-1 S=$F9 depth=7 wb=$C000
  D $CDE7 cb=-1 S=$F9 depth=6 wb=$C000
  C $CDE7 cb=-1 S=$F9 depth=6 wb=$C000
  T $CEF0 cb=-1 S=$F9 depth=7 wb=$C000
  C $CEF0 cb=-1 S=$F9 depth=7 wb=$C000
  C $CD5F cb=-1 S=$F9 depth=8 wb=$C000
  C $CD7D cb=-1 S=$F9 depth=5 wb=$C000
  T $CDE7 cb=-1 S=$F9 depth=6 wb=$C000
  C $CDE7 cb=-1 S=$F9 depth=6 wb=$C000
  T $CE4C cb=-1 S=$F9 depth=7 wb=$C000
  C $CE4C cb=-1 S=$F9 depth=7 wb=$C000
  T $CD93 cb=-1 S=$F9 depth=8 wb=$C000
  C $CD93 cb=-1 S=$F9 depth=8 wb=$C000
  D $CDE7 cb=-1 S=$F9 depth=6 wb=$C000
  C $CDE7 cb=-1 S=$F9 depth=6 wb=$C000
  T $CEF0 cb=-1 S=$F9 depth=7 wb=$C000
  C $CEF0 cb=-1 S=$F9 depth=7 wb=$C000
  D $CDE7 cb=-1 S=$F9 depth=6 wb=$C000
  C $CDE7 cb=-1 S=$F9 depth=6 wb=$C000
  T $CEAC cb=-1 S=$F9 depth=7 wb=$C000
  C $CEAC cb=-1 S=$F9 depth=7 wb=$C000
  C $CD5F cb=-1 S=$F9 depth=8 wb=$C000
  T $FF01 cb=-1 S=$FB depth=8 wb=$C000
  C $FF01 cb=-1 S=$FB depth=8 wb=$C000
=== end dispatch fault ===

=== dispatch fault 4 frame=126 cycles=4023128 ===
target gen=$203F cpu=$203F bank=3 class=ZERO_FILLED call_site=$0000
cpu A=$00 X=$02 Y=$04 P=$00 S=$FD window=$C000 dispatch_depth=9 vblank_depth=2 ops=2759 budget=29781
mapper type=4 current_bank=3 mirroring=3 select=$07 irq_latch=$7F irq_counter=$00 irq_reload=1 irq_enabled=1
mapper_regs 3C 3E 00 00 00 00 06 07
caller func_CE78
caller2 func_CDE7
target_bytes 00 00 00 00 00 00 00 00
stack_bytes 00 00 00 00 00 00 00 00 00 00 00 00 00 00 00 00
last_dispatches
  C $DB92 cb=-1 S=$FF depth=3 wb=$C000
  C $D341 cb=-1 S=$FF depth=4 wb=$C000
  T $D377 cb=-1 S=$FF depth=4 wb=$C000
  C $D377 cb=-1 S=$FF depth=4 wb=$C000
  C $DC27 cb=-1 S=$FF depth=3 wb=$C000
  C $DBAF cb=-1 S=$FF depth=3 wb=$C000
  C $8021 cb=-1 S=$FF depth=4 wb=$C000
  T $89BF cb=6 S=$FF depth=5 wb=$8000
  C $89BF cb=6 S=$FF depth=5 wb=$8000
  T $89DD cb=-1 S=$FF depth=6 wb=$E000
  C $89DD cb=-1 S=$FF depth=6 wb=$E000
  T $89DD cb=-1 S=$FF depth=6 wb=$E000
  C $89DD cb=-1 S=$FF depth=6 wb=$E000
  T $89DD cb=-1 S=$FF depth=6 wb=$E000
  C $89DD cb=-1 S=$FF depth=6 wb=$E000
  T $89DD cb=-1 S=$FF depth=6 wb=$E000
  C $89DD cb=-1 S=$FF depth=6 wb=$E000
  N $0002 cb=-1 S=$FC depth=3 wb=$E000
  C $DE39 cb=-1 S=$F9 depth=3 wb=$C000
  T $E11E cb=-1 S=$F9 depth=4 wb=$C000
  C $E11E cb=-1 S=$F9 depth=4 wb=$C000
  T $E11E cb=-1 S=$F9 depth=3 wb=$E000
  C $E11E cb=-1 S=$F9 depth=3 wb=$E000
  C $DCCE cb=-1 S=$F9 depth=3 wb=$C000
  C $CB25 cb=-1 S=$F9 depth=3 wb=$C000
  C $CF72 cb=-1 S=$F9 depth=4 wb=$C000
  C $CFF3 cb=-1 S=$F9 depth=4 wb=$C000
  C $CD30 cb=-1 S=$F9 depth=4 wb=$C000
  C $CD7D cb=-1 S=$F9 depth=5 wb=$C000
  T $CDE7 cb=-1 S=$F9 depth=6 wb=$C000
  C $CDE7 cb=-1 S=$F9 depth=6 wb=$C000
  T $CEAC cb=-1 S=$F9 depth=7 wb=$C000
  C $CEAC cb=-1 S=$F9 depth=7 wb=$C000
  D $CDE7 cb=-1 S=$F9 depth=6 wb=$C000
  C $CDE7 cb=-1 S=$F9 depth=6 wb=$C000
  T $CEF0 cb=-1 S=$F9 depth=7 wb=$C000
  C $CEF0 cb=-1 S=$F9 depth=7 wb=$C000
  C $CD5F cb=-1 S=$F9 depth=8 wb=$C000
  C $CD7D cb=-1 S=$F9 depth=5 wb=$C000
  T $CDE7 cb=-1 S=$F9 depth=6 wb=$C000
  C $CDE7 cb=-1 S=$F9 depth=6 wb=$C000
  T $CE4C cb=-1 S=$F9 depth=7 wb=$C000
  C $CE4C cb=-1 S=$F9 depth=7 wb=$C000
  T $CD93 cb=-1 S=$F9 depth=8 wb=$C000
  C $CD93 cb=-1 S=$F9 depth=8 wb=$C000
  D $CDE7 cb=-1 S=$F9 depth=6 wb=$C000
  C $CDE7 cb=-1 S=$F9 depth=6 wb=$C000
  T $CEF0 cb=-1 S=$F9 depth=7 wb=$C000
  C $CEF0 cb=-1 S=$F9 depth=7 wb=$C000
  D $CDE7 cb=-1 S=$F9 depth=6 wb=$C000
  C $CDE7 cb=-1 S=$F9 depth=6 wb=$C000
  T $CEAC cb=-1 S=$F9 depth=7 wb=$C000
  C $CEAC cb=-1 S=$F9 depth=7 wb=$C000
  C $CD5F cb=-1 S=$F9 depth=8 wb=$C000
  T $FF01 cb=-1 S=$FB depth=8 wb=$C000
  C $FF01 cb=-1 S=$FB depth=8 wb=$C000
  C $CD7D cb=-1 S=$FB depth=5 wb=$C000
  T $CDE7 cb=-1 S=$FB depth=6 wb=$C000
  C $CDE7 cb=-1 S=$FB depth=6 wb=$C000
  T $CE78 cb=-1 S=$FB depth=7 wb=$C000
  C $CE78 cb=-1 S=$FB depth=7 wb=$C000
  C $CD5F cb=-1 S=$FB depth=8 wb=$C000
  T $203F cb=-1 S=$FD depth=8 wb=$C000
  C $203F cb=-1 S=$FD depth=8 wb=$C000
=== end dispatch fault ===

=== dispatch fault 5 frame=166 cycles=5213461 ===
target gen=$2801 cpu=$2801 bank=3 class=ZERO_FILLED call_site=$6200
cpu A=$00 X=$01 Y=$02 P=$00 S=$FB window=$C000 dispatch_depth=9 vblank_depth=2 ops=1872 budget=29781
mapper type=4 current_bank=3 mirroring=3 select=$07 irq_latch=$7F irq_counter=$00 irq_reload=1 irq_enabled=1
mapper_regs 3C 3E 00 00 00 00 06 07
caller func_CF25
caller2 func_CDE7
target_bytes 00 00 00 00 00 00 00 00
stack_bytes 00 62 00 00 00 00 00 00 00 00 00 00 00 00 00 00
last_dispatches
  C $CD7D cb=-1 S=$F9 depth=5 wb=$C000
  T $CD50 cb=-1 S=$F9 depth=6 wb=$C000
  C $CD50 cb=-1 S=$F9 depth=6 wb=$C000
  C $CD30 cb=-1 S=$F9 depth=4 wb=$C000
  C $CC71 cb=-1 S=$F9 depth=4 wb=$C000
  C $CCDA cb=-1 S=$F9 depth=4 wb=$C000
  C $CC71 cb=-1 S=$F9 depth=4 wb=$C000
  T $CC61 cb=-1 S=$F9 depth=5 wb=$C000
  C $CC61 cb=-1 S=$F9 depth=5 wb=$C000
  C $CCDA cb=-1 S=$F9 depth=4 wb=$C000
  C $CC71 cb=-1 S=$F9 depth=4 wb=$C000
  T $CC61 cb=-1 S=$F9 depth=5 wb=$C000
  C $CC61 cb=-1 S=$F9 depth=5 wb=$C000
  C $CCDA cb=-1 S=$F9 depth=4 wb=$C000
  C $CC71 cb=-1 S=$F9 depth=4 wb=$C000
  T $CC61 cb=-1 S=$F9 depth=5 wb=$C000
  C $CC61 cb=-1 S=$F9 depth=5 wb=$C000
  n $0002 cb=-1 S=$FF depth=3 wb=$E000
  T $E9AE cb=-1 S=$F9 depth=3 wb=$E000
  C $E9AE cb=-1 S=$F9 depth=3 wb=$E000
  T $D9F0 cb=-1 S=$FF depth=3 wb=$E000
  C $D9F0 cb=-1 S=$FF depth=3 wb=$E000
  C $DBAF cb=-1 S=$FF depth=3 wb=$C000
  C $8021 cb=-1 S=$FF depth=4 wb=$C000
  T $89BF cb=6 S=$FF depth=5 wb=$8000
  C $89BF cb=6 S=$FF depth=5 wb=$8000
  T $8749 cb=-1 S=$FF depth=6 wb=$E000
  C $8749 cb=-1 S=$FF depth=6 wb=$E000
  T $8749 cb=-1 S=$FF depth=6 wb=$E000
  C $8749 cb=-1 S=$FF depth=6 wb=$E000
  T $8749 cb=-1 S=$FF depth=6 wb=$E000
  C $8749 cb=-1 S=$FF depth=6 wb=$E000
  T $8749 cb=-1 S=$FF depth=6 wb=$E000
  C $8749 cb=-1 S=$FF depth=6 wb=$E000
  C $DB65 cb=-1 S=$FF depth=3 wb=$C000
  C $DB92 cb=-1 S=$FF depth=3 wb=$C000
  C $D341 cb=-1 S=$FF depth=4 wb=$C000
  T $D377 cb=-1 S=$FF depth=4 wb=$C000
  C $D377 cb=-1 S=$FF depth=4 wb=$C000
  N $0002 cb=-1 S=$FC depth=3 wb=$E000
  C $DE39 cb=-1 S=$F9 depth=3 wb=$C000
  T $E11E cb=-1 S=$F9 depth=4 wb=$C000
  C $E11E cb=-1 S=$F9 depth=4 wb=$C000
  T $E11E cb=-1 S=$F9 depth=3 wb=$E000
  C $E11E cb=-1 S=$F9 depth=3 wb=$E000
  C $DCCE cb=-1 S=$F9 depth=3 wb=$C000
  C $CB25 cb=-1 S=$F9 depth=3 wb=$C000
  C $CD30 cb=-1 S=$F9 depth=4 wb=$C000
  C $CD7D cb=-1 S=$F9 depth=5 wb=$C000
  T $CD50 cb=-1 S=$F9 depth=6 wb=$C000
  C $CD50 cb=-1 S=$F9 depth=6 wb=$C000
  C $CD7D cb=-1 S=$F9 depth=5 wb=$C000
  T $CD50 cb=-1 S=$F9 depth=6 wb=$C000
  C $CD50 cb=-1 S=$F9 depth=6 wb=$C000
  C $CD7D cb=-1 S=$F9 depth=5 wb=$C000
  C $CD5F cb=-1 S=$F9 depth=6 wb=$C000
  C $CD7D cb=-1 S=$F9 depth=5 wb=$C000
  T $CDE7 cb=-1 S=$F9 depth=6 wb=$C000
  C $CDE7 cb=-1 S=$F9 depth=6 wb=$C000
  T $CF25 cb=-1 S=$F9 depth=7 wb=$C000
  C $CF25 cb=-1 S=$F9 depth=7 wb=$C000
  C $CD5F cb=-1 S=$F9 depth=8 wb=$C000
  T $2801 cb=-1 S=$FB depth=8 wb=$C000
  C $2801 cb=-1 S=$FB depth=8 wb=$C000
=== end dispatch fault ===

=== dispatch fault 1 frame=0 cycles=124656 ===
target gen=$A009 cpu=$8009 bank=6 class=CODE call_site=$0000
cpu A=$0D X=$06 Y=$00 P=$00 S=$FF window=$8000 dispatch_depth=3 vblank_depth=0 ops=5534 budget=29781
mapper type=4 current_bank=6 mirroring=2 select=$06 irq_latch=$00 irq_counter=$00 irq_reload=0 irq_enabled=0
mapper_regs 00 00 00 00 00 00 0D 07
caller (none)
caller2 (none)
target_bytes 4C 15 80 4C 50 80 4C F1
stack_bytes 00 00 00 00 00 00 00 00 00 00 00 00 00 00 00 00
last_dispatches
  T $D269 cb=-1 S=$FD depth=0 wb=$E000
  C $D269 cb=-1 S=$FD depth=0 wb=$E000
  C $D2F6 cb=-1 S=$FF depth=1 wb=$C000
  C $CFBF cb=-1 S=$FF depth=1 wb=$C000
  C $CFF3 cb=-1 S=$FF depth=2 wb=$C000
  T $D406 cb=-1 S=$FF depth=1 wb=$C000
  C $D406 cb=-1 S=$FF depth=1 wb=$C000
  C $8009 cb=-1 S=$FF depth=2 wb=$C000
=== end dispatch fault ===

=== dispatch fault 2 frame=0 cycles=191343 ===
target gen=$A003 cpu=$8003 bank=6 class=CODE call_site=$0000
cpu A=$05 X=$10 Y=$00 P=$00 S=$FF window=$8000 dispatch_depth=4 vblank_depth=0 ops=12659 budget=29780
mapper type=4 current_bank=6 mirroring=3 select=$07 irq_latch=$00 irq_counter=$00 irq_reload=0 irq_enabled=0
mapper_regs 00 00 00 00 00 00 0D 05
caller (none)
caller2 (none)
target_bytes 4C 85 86 4C 95 87 4C 15
stack_bytes 00 00 00 00 00 00 00 00 00 00 00 00 00 00 00 00
last_dispatches
  C $884E cb=6 S=$FF depth=6 wb=$8000
  C $884E cb=6 S=$FF depth=6 wb=$8000
  C $884E cb=6 S=$FF depth=6 wb=$8000
  C $884E cb=6 S=$FF depth=6 wb=$8000
  C $884E cb=6 S=$FF depth=6 wb=$8000
  C $884E cb=6 S=$FF depth=6 wb=$8000
  C $884E cb=6 S=$FF depth=6 wb=$8000
  C $884E cb=6 S=$FF depth=6 wb=$8000
  C $884E cb=6 S=$FF depth=6 wb=$8000
  C $884E cb=6 S=$FF depth=6 wb=$8000
  C $884E cb=6 S=$FF depth=6 wb=$8000
  C $884E cb=6 S=$FF depth=6 wb=$8000
  C $884E cb=6 S=$FF depth=6 wb=$8000
  C $884E cb=6 S=$FF depth=6 wb=$8000
  C $884E cb=6 S=$FF depth=6 wb=$8000
  C $884E cb=6 S=$FF depth=6 wb=$8000
  C $884E cb=6 S=$FF depth=6 wb=$8000
  C $884E cb=6 S=$FF depth=6 wb=$8000
  C $884E cb=6 S=$FF depth=6 wb=$8000
  C $884E cb=6 S=$FF depth=6 wb=$8000
  C $884E cb=6 S=$FF depth=6 wb=$8000
  C $884E cb=6 S=$FF depth=6 wb=$8000
  C $884E cb=6 S=$FF depth=6 wb=$8000
  C $884E cb=6 S=$FF depth=6 wb=$8000
  C $884E cb=6 S=$FF depth=6 wb=$8000
  C $884E cb=6 S=$FF depth=6 wb=$8000
  C $884E cb=6 S=$FF depth=6 wb=$8000
  C $884E cb=6 S=$FF depth=6 wb=$8000
  C $884E cb=6 S=$FF depth=6 wb=$8000
  C $884E cb=6 S=$FF depth=6 wb=$8000
  C $884E cb=6 S=$FF depth=6 wb=$8000
  C $884E cb=6 S=$FF depth=6 wb=$8000
  C $884E cb=6 S=$FF depth=6 wb=$8000
  C $884E cb=6 S=$FF depth=6 wb=$8000
  C $884E cb=6 S=$FF depth=6 wb=$8000
  C $884E cb=6 S=$FF depth=6 wb=$8000
  C $884E cb=6 S=$FF depth=6 wb=$8000
  C $884E cb=6 S=$FF depth=6 wb=$8000
  C $884E cb=6 S=$FF depth=6 wb=$8000
  C $884E cb=6 S=$FF depth=6 wb=$8000
  C $884E cb=6 S=$FF depth=6 wb=$8000
  C $884E cb=6 S=$FF depth=6 wb=$8000
  C $884E cb=6 S=$FF depth=6 wb=$8000
  C $884E cb=6 S=$FF depth=6 wb=$8000
  C $884E cb=6 S=$FF depth=6 wb=$8000
  C $884E cb=6 S=$FF depth=6 wb=$8000
  C $884E cb=6 S=$FF depth=6 wb=$8000
  C $884E cb=6 S=$FF depth=6 wb=$8000
  C $884E cb=6 S=$FF depth=6 wb=$8000
  C $884E cb=6 S=$FF depth=6 wb=$8000
  C $884E cb=6 S=$FF depth=6 wb=$8000
  C $884E cb=6 S=$FF depth=6 wb=$8000
  C $884E cb=6 S=$FF depth=6 wb=$8000
  C $884E cb=6 S=$FF depth=6 wb=$8000
  C $884E cb=6 S=$FF depth=6 wb=$8000
  C $884E cb=6 S=$FF depth=6 wb=$8000
  C $884E cb=6 S=$FF depth=6 wb=$8000
  C $884E cb=6 S=$FF depth=6 wb=$8000
  C $884E cb=6 S=$FF depth=6 wb=$8000
  C $884E cb=6 S=$FF depth=6 wb=$8000
  C $884E cb=6 S=$FF depth=6 wb=$8000
  C $884E cb=6 S=$FF depth=6 wb=$8000
  C $884E cb=6 S=$FF depth=6 wb=$8000
  C $8003 cb=-1 S=$FF depth=3 wb=$C000
=== end dispatch fault ===

=== dispatch fault 3 frame=221 cycles=6851978 ===
target gen=$FF01 cpu=$FF01 bank=7 class=ZERO_FILLED call_site=$A0BE
cpu A=$00 X=$03 Y=$04 P=$00 S=$FB window=$E000 dispatch_depth=9 vblank_depth=2 ops=2462 budget=29781
mapper type=4 current_bank=3 mirroring=3 select=$07 irq_latch=$7F irq_counter=$00 irq_reload=1 irq_enabled=1
mapper_regs 3C 3E 00 00 00 00 06 07
caller func_CEAC
caller2 func_CDE7
target_bytes 00 00 00 00 00 00 00 00
stack_bytes BE A0 00 00 00 00 00 00 00 00 00 00 00 00 00 00
last_dispatches
  C $884E cb=6 S=$FF depth=6 wb=$8000
  C $884E cb=6 S=$FF depth=6 wb=$8000
  C $884E cb=6 S=$FF depth=6 wb=$8000
  C $884E cb=6 S=$FF depth=6 wb=$8000
  C $884E cb=6 S=$FF depth=6 wb=$8000
  C $884E cb=6 S=$FF depth=6 wb=$8000
  C $884E cb=6 S=$FF depth=6 wb=$8000
  C $884E cb=6 S=$FF depth=6 wb=$8000
  C $DB92 cb=-1 S=$FF depth=3 wb=$C000
  C $D341 cb=-1 S=$FF depth=4 wb=$C000
  T $D377 cb=-1 S=$FF depth=4 wb=$C000
  C $D377 cb=-1 S=$FF depth=4 wb=$C000
  C $DC27 cb=-1 S=$FF depth=3 wb=$C000
  C $DBAF cb=-1 S=$FF depth=3 wb=$C000
  C $8021 cb=-1 S=$FF depth=4 wb=$C000
  T $89BF cb=6 S=$FF depth=5 wb=$8000
  C $89BF cb=6 S=$FF depth=5 wb=$8000
  T $89DD cb=-1 S=$FF depth=6 wb=$E000
  C $89DD cb=-1 S=$FF depth=6 wb=$E000
  T $89DD cb=-1 S=$FF depth=6 wb=$E000
  C $89DD cb=-1 S=$FF depth=6 wb=$E000
  T $89DD cb=-1 S=$FF depth=6 wb=$E000
  C $89DD cb=-1 S=$FF depth=6 wb=$E000
  T $89DD cb=-1 S=$FF depth=6 wb=$E000
  C $89DD cb=-1 S=$FF depth=6 wb=$E000
  N $0002 cb=-1 S=$FC depth=3 wb=$E000
  C $DE39 cb=-1 S=$F9 depth=3 wb=$C000
  T $E11E cb=-1 S=$F9 depth=4 wb=$C000
  C $E11E cb=-1 S=$F9 depth=4 wb=$C000
  T $E11E cb=-1 S=$F9 depth=3 wb=$E000
  C $E11E cb=-1 S=$F9 depth=3 wb=$E000
  C $DCCE cb=-1 S=$F9 depth=3 wb=$C000
  C $CB25 cb=-1 S=$F9 depth=3 wb=$C000
  C $CF72 cb=-1 S=$F9 depth=4 wb=$C000
  C $CFF3 cb=-1 S=$F9 depth=4 wb=$C000
  C $CD30 cb=-1 S=$F9 depth=4 wb=$C000
  C $CD7D cb=-1 S=$F9 depth=5 wb=$C000
  T $CDE7 cb=-1 S=$F9 depth=6 wb=$C000
  C $CDE7 cb=-1 S=$F9 depth=6 wb=$C000
  T $CEAC cb=-1 S=$F9 depth=7 wb=$C000
  C $CEAC cb=-1 S=$F9 depth=7 wb=$C000
  D $CDE7 cb=-1 S=$F9 depth=6 wb=$C000
  C $CDE7 cb=-1 S=$F9 depth=6 wb=$C000
  T $CEF0 cb=-1 S=$F9 depth=7 wb=$C000
  C $CEF0 cb=-1 S=$F9 depth=7 wb=$C000
  C $CD5F cb=-1 S=$F9 depth=8 wb=$C000
  C $CD7D cb=-1 S=$F9 depth=5 wb=$C000
  T $CDE7 cb=-1 S=$F9 depth=6 wb=$C000
  C $CDE7 cb=-1 S=$F9 depth=6 wb=$C000
  T $CE4C cb=-1 S=$F9 depth=7 wb=$C000
  C $CE4C cb=-1 S=$F9 depth=7 wb=$C000
  T $CD93 cb=-1 S=$F9 depth=8 wb=$C000
  C $CD93 cb=-1 S=$F9 depth=8 wb=$C000
  D $CDE7 cb=-1 S=$F9 depth=6 wb=$C000
  C $CDE7 cb=-1 S=$F9 depth=6 wb=$C000
  T $CEF0 cb=-1 S=$F9 depth=7 wb=$C000
  C $CEF0 cb=-1 S=$F9 depth=7 wb=$C000
  D $CDE7 cb=-1 S=$F9 depth=6 wb=$C000
  C $CDE7 cb=-1 S=$F9 depth=6 wb=$C000
  T $CEAC cb=-1 S=$F9 depth=7 wb=$C000
  C $CEAC cb=-1 S=$F9 depth=7 wb=$C000
  C $CD5F cb=-1 S=$F9 depth=8 wb=$C000
  T $FF01 cb=-1 S=$FB depth=8 wb=$C000
  C $FF01 cb=-1 S=$FB depth=8 wb=$C000
=== end dispatch fault ===

=== dispatch fault 4 frame=222 cycles=6882000 ===
target gen=$4801 cpu=$4801 bank=3 class=ZERO_FILLED call_site=$204C
cpu A=$00 X=$00 Y=$15 P=$00 S=$FB window=$C000 dispatch_depth=9 vblank_depth=2 ops=2703 budget=29780
mapper type=4 current_bank=3 mirroring=3 select=$07 irq_latch=$7F irq_counter=$00 irq_reload=1 irq_enabled=1
mapper_regs 3C 3E 00 00 00 00 06 07
caller func_CEAC
caller2 func_CDE7
target_bytes 00 00 00 00 00 00 00 00
stack_bytes 4C 20 00 00 00 00 00 00 00 00 00 00 00 00 00 00
last_dispatches
  C $CB25 cb=-1 S=$F9 depth=3 wb=$C000
  C $CD30 cb=-1 S=$F9 depth=4 wb=$C000
  C $CD7D cb=-1 S=$F9 depth=5 wb=$C000
  T $CD50 cb=-1 S=$F9 depth=6 wb=$C000
  C $CD50 cb=-1 S=$F9 depth=6 wb=$C000
  C $CD7D cb=-1 S=$F9 depth=5 wb=$C000
  T $CD50 cb=-1 S=$F9 depth=6 wb=$C000
  C $CD50 cb=-1 S=$F9 depth=6 wb=$C000
  C $CD7D cb=-1 S=$F9 depth=5 wb=$C000
  T $CD50 cb=-1 S=$F9 depth=6 wb=$C000
  C $CD50 cb=-1 S=$F9 depth=6 wb=$C000
  C $CD7D cb=-1 S=$F9 depth=5 wb=$C000
  T $CD50 cb=-1 S=$F9 depth=6 wb=$C000
  C $CD50 cb=-1 S=$F9 depth=6 wb=$C000
  C $CD7D cb=-1 S=$F9 depth=5 wb=$C000
  T $CDE7 cb=-1 S=$F9 depth=6 wb=$C000
  C $CDE7 cb=-1 S=$F9 depth=6 wb=$C000
  T $CED7 cb=-1 S=$F9 depth=7 wb=$C000
  C $CED7 cb=-1 S=$F9 depth=7 wb=$C000
  D $CDE7 cb=-1 S=$F9 depth=6 wb=$C000
  C $CDE7 cb=-1 S=$F9 depth=6 wb=$C000
  T $CE4C cb=-1 S=$F9 depth=7 wb=$C000
  C $CE4C cb=-1 S=$F9 depth=7 wb=$C000
  T $CD93 cb=-1 S=$F9 depth=8 wb=$C000
  C $CD93 cb=-1 S=$F9 depth=8 wb=$C000
  D $CDE7 cb=-1 S=$F9 depth=6 wb=$C000
  C $CDE7 cb=-1 S=$F9 depth=6 wb=$C000
  T $CE4C cb=-1 S=$F9 depth=7 wb=$C000
  C $CE4C cb=-1 S=$F9 depth=7 wb=$C000
  T $CD93 cb=-1 S=$F9 depth=8 wb=$C000
  C $CD93 cb=-1 S=$F9 depth=8 wb=$C000
  D $CDE7 cb=-1 S=$F9 depth=6 wb=$C000
  C $CDE7 cb=-1 S=$F9 depth=6 wb=$C000
  T $CE4C cb=-1 S=$F9 depth=7 wb=$C000
  C $CE4C cb=-1 S=$F9 depth=7 wb=$C000
  T $CD93 cb=-1 S=$F9 depth=8 wb=$C000
  C $CD93 cb=-1 S=$F9 depth=8 wb=$C000
  D $CDE7 cb=-1 S=$F9 depth=6 wb=$C000
  C $CDE7 cb=-1 S=$F9 depth=6 wb=$C000
  T $CE78 cb=-1 S=$F9 depth=7 wb=$C000
  C $CE78 cb=-1 S=$F9 depth=7 wb=$C000
  D $CDE7 cb=-1 S=$F9 depth=6 wb=$C000
  C $CDE7 cb=-1 S=$F9 depth=6 wb=$C000
  T $CE78 cb=-1 S=$F9 depth=7 wb=$C000
  C $CE78 cb=-1 S=$F9 depth=7 wb=$C000
  D $CDE7 cb=-1 S=$F9 depth=6 wb=$C000
  C $CDE7 cb=-1 S=$F9 depth=6 wb=$C000
  T $CECE cb=-1 S=$F9 depth=7 wb=$C000
  C $CECE cb=-1 S=$F9 depth=7 wb=$C000
  D $CDE7 cb=-1 S=$F9 depth=6 wb=$C000
  C $CDE7 cb=-1 S=$F9 depth=6 wb=$C000
  T $CE9C cb=-1 S=$F9 depth=7 wb=$C000
  C $CE9C cb=-1 S=$F9 depth=7 wb=$C000
  D $CDE7 cb=-1 S=$F9 depth=6 wb=$C000
  C $CDE7 cb=-1 S=$F9 depth=6 wb=$C000
  T $CEAC cb=-1 S=$F9 depth=7 wb=$C000
  C $CEAC cb=-1 S=$F9 depth=7 wb=$C000
  D $CDE7 cb=-1 S=$F9 depth=6 wb=$C000
  C $CDE7 cb=-1 S=$F9 depth=6 wb=$C000
  T $CEAC cb=-1 S=$F9 depth=7 wb=$C000
  C $CEAC cb=-1 S=$F9 depth=7 wb=$C000
  C $CD5F cb=-1 S=$F9 depth=8 wb=$C000
  T $4801 cb=-1 S=$FB depth=8 wb=$C000
  C $4801 cb=-1 S=$FB depth=8 wb=$C000
=== end dispatch fault ===

=== dispatch fault 5 frame=1908 cycles=63830833 ===
target gen=$8A35 cpu=$8A35 bank=6 class=CODE call_site=$140D
cpu A=$8A X=$02 Y=$03 P=$00 S=$FF window=$8000 dispatch_depth=10 vblank_depth=0 ops=11217 budget=29781
mapper type=4 current_bank=6 mirroring=2 select=$06 irq_latch=$17 irq_counter=$0F irq_reload=0 irq_enabled=0
mapper_regs 02 02 00 00 2B 05 0C 0B
caller func_EDF6
caller2 func_EDF6
target_bytes BD AD 03 10 18 20 0C 8A
stack_bytes 0D 14 1D 25 2C 32 35 39 39 3F 43 47 4B 4F 43 47
last_dispatches
  C $D756 cb=-1 S=$FF depth=5 wb=$C000
  C $D796 cb=-1 S=$FF depth=6 wb=$C000
  T $D7C4 cb=-1 S=$FF depth=7 wb=$E000
  C $D7C4 cb=-1 S=$FF depth=7 wb=$E000
  C $8009 cb=-1 S=$FF depth=8 wb=$C000
  T $90D6 cb=5 S=$FF depth=9 wb=$8000
  C $90D6 cb=5 S=$FF depth=9 wb=$8000
  C $8000 cb=-1 S=$FF depth=8 wb=$C000
  T $8EFF cb=5 S=$FF depth=9 wb=$8000
  C $8EFF cb=5 S=$FF depth=9 wb=$8000
  C $8F19 cb=5 S=$FF depth=10 wb=$8000
  T $F370 cb=-1 S=$FF depth=11 wb=$8000
  C $F370 cb=-1 S=$FF depth=11 wb=$8000
  T $F3F2 cb=-1 S=$FF depth=12 wb=$E000
  C $F3F2 cb=-1 S=$FF depth=12 wb=$E000
  T $F458 cb=-1 S=$FF depth=12 wb=$E000
  C $F458 cb=-1 S=$FF depth=12 wb=$E000
  T $E11E cb=-1 S=$FF depth=12 wb=$E000
  C $E11E cb=-1 S=$FF depth=12 wb=$E000
  C $8F29 cb=5 S=$FF depth=10 wb=$8000
  T $9B6E cb=5 S=$FF depth=11 wb=$8000
  C $9B6E cb=5 S=$FF depth=11 wb=$8000
  C $8F19 cb=5 S=$FF depth=10 wb=$8000
  T $F321 cb=-1 S=$FF depth=11 wb=$8000
  C $F321 cb=-1 S=$FF depth=11 wb=$8000
  C $8F29 cb=5 S=$FF depth=10 wb=$8000
  T $8F18 cb=5 S=$FF depth=11 wb=$8000
  C $8F18 cb=5 S=$FF depth=11 wb=$8000
  C $8003 cb=-1 S=$FF depth=8 wb=$C000
  T $8F55 cb=5 S=$FF depth=9 wb=$8000
  C $8F55 cb=5 S=$FF depth=9 wb=$8000
  T $8006 cb=-1 S=$FF depth=8 wb=$C000
  C $8006 cb=-1 S=$FF depth=8 wb=$C000
  T $9015 cb=5 S=$FF depth=9 wb=$8000
  C $9015 cb=5 S=$FF depth=9 wb=$8000
  C $904E cb=5 S=$FF depth=10 wb=$8000
  T $9014 cb=-1 S=$FF depth=11 wb=$8000
  C $9014 cb=-1 S=$FF depth=11 wb=$8000
  C $9083 cb=5 S=$FF depth=10 wb=$8000
  C $904E cb=5 S=$FF depth=10 wb=$8000
  T $9014 cb=-1 S=$FF depth=11 wb=$8000
  C $9014 cb=-1 S=$FF depth=11 wb=$8000
  C $9083 cb=5 S=$FF depth=10 wb=$8000
  C $9060 cb=5 S=$FF depth=10 wb=$8000
  T $9B6E cb=5 S=$FF depth=11 wb=$8000
  C $9B6E cb=5 S=$FF depth=11 wb=$8000
  C $9060 cb=5 S=$FF depth=10 wb=$8000
  T $9B6E cb=5 S=$FF depth=11 wb=$8000
  C $9B6E cb=5 S=$FF depth=11 wb=$8000
  T $D377 cb=-1 S=$FF depth=7 wb=$C000
  C $D377 cb=-1 S=$FF depth=7 wb=$C000
  C $8000 cb=-1 S=$FF depth=6 wb=$C000
  T $871D cb=6 S=$FF depth=7 wb=$8000
  C $871D cb=6 S=$FF depth=7 wb=$8000
  C $8BBE cb=6 S=$FF depth=8 wb=$8000
  C $874A cb=6 S=$FF depth=8 wb=$8000
  T $8749 cb=-1 S=$FF depth=9 wb=$8000
  C $8749 cb=-1 S=$FF depth=9 wb=$8000
  T $89BF cb=-1 S=$FF depth=8 wb=$8000
  C $89BF cb=-1 S=$FF depth=8 wb=$8000
  T $8749 cb=-1 S=$FF depth=9 wb=$E000
  C $8749 cb=-1 S=$FF depth=9 wb=$E000
  T $8A35 cb=-1 S=$FF depth=9 wb=$E000
  C $8A35 cb=-1 S=$FF depth=9 wb=$E000
=== end dispatch fault ===

=== dispatch fault 1 frame=0 cycles=124656 ===
target gen=$A009 cpu=$8009 bank=6 class=CODE call_site=$0000
cpu A=$0D X=$06 Y=$00 P=$00 S=$FF window=$8000 dispatch_depth=3 vblank_depth=0 ops=5534 budget=29781
mapper type=4 current_bank=6 mirroring=2 select=$06 irq_latch=$00 irq_counter=$00 irq_reload=0 irq_enabled=0
mapper_regs 00 00 00 00 00 00 0D 07
caller (none)
caller2 (none)
target_bytes 4C 15 80 4C 50 80 4C F1
stack_bytes 00 00 00 00 00 00 00 00 00 00 00 00 00 00 00 00
last_dispatches
  T $D269 cb=-1 S=$FD depth=0 wb=$E000
  C $D269 cb=-1 S=$FD depth=0 wb=$E000
  C $D2F6 cb=-1 S=$FF depth=1 wb=$C000
  C $CFBF cb=-1 S=$FF depth=1 wb=$C000
  C $CFF3 cb=-1 S=$FF depth=2 wb=$C000
  T $D406 cb=-1 S=$FF depth=1 wb=$C000
  C $D406 cb=-1 S=$FF depth=1 wb=$C000
  C $8009 cb=-1 S=$FF depth=2 wb=$C000
=== end dispatch fault ===

=== dispatch fault 2 frame=0 cycles=191343 ===
target gen=$A003 cpu=$8003 bank=6 class=CODE call_site=$0000
cpu A=$05 X=$10 Y=$00 P=$00 S=$FF window=$8000 dispatch_depth=4 vblank_depth=0 ops=12659 budget=29780
mapper type=4 current_bank=6 mirroring=3 select=$07 irq_latch=$00 irq_counter=$00 irq_reload=0 irq_enabled=0
mapper_regs 00 00 00 00 00 00 0D 05
caller (none)
caller2 (none)
target_bytes 4C 85 86 4C 95 87 4C 15
stack_bytes 00 00 00 00 00 00 00 00 00 00 00 00 00 00 00 00
last_dispatches
  C $884E cb=6 S=$FF depth=6 wb=$8000
  C $884E cb=6 S=$FF depth=6 wb=$8000
  C $884E cb=6 S=$FF depth=6 wb=$8000
  C $884E cb=6 S=$FF depth=6 wb=$8000
  C $884E cb=6 S=$FF depth=6 wb=$8000
  C $884E cb=6 S=$FF depth=6 wb=$8000
  C $884E cb=6 S=$FF depth=6 wb=$8000
  C $884E cb=6 S=$FF depth=6 wb=$8000
  C $884E cb=6 S=$FF depth=6 wb=$8000
  C $884E cb=6 S=$FF depth=6 wb=$8000
  C $884E cb=6 S=$FF depth=6 wb=$8000
  C $884E cb=6 S=$FF depth=6 wb=$8000
  C $884E cb=6 S=$FF depth=6 wb=$8000
  C $884E cb=6 S=$FF depth=6 wb=$8000
  C $884E cb=6 S=$FF depth=6 wb=$8000
  C $884E cb=6 S=$FF depth=6 wb=$8000
  C $884E cb=6 S=$FF depth=6 wb=$8000
  C $884E cb=6 S=$FF depth=6 wb=$8000
  C $884E cb=6 S=$FF depth=6 wb=$8000
  C $884E cb=6 S=$FF depth=6 wb=$8000
  C $884E cb=6 S=$FF depth=6 wb=$8000
  C $884E cb=6 S=$FF depth=6 wb=$8000
  C $884E cb=6 S=$FF depth=6 wb=$8000
  C $884E cb=6 S=$FF depth=6 wb=$8000
  C $884E cb=6 S=$FF depth=6 wb=$8000
  C $884E cb=6 S=$FF depth=6 wb=$8000
  C $884E cb=6 S=$FF depth=6 wb=$8000
  C $884E cb=6 S=$FF depth=6 wb=$8000
  C $884E cb=6 S=$FF depth=6 wb=$8000
  C $884E cb=6 S=$FF depth=6 wb=$8000
  C $884E cb=6 S=$FF depth=6 wb=$8000
  C $884E cb=6 S=$FF depth=6 wb=$8000
  C $884E cb=6 S=$FF depth=6 wb=$8000
  C $884E cb=6 S=$FF depth=6 wb=$8000
  C $884E cb=6 S=$FF depth=6 wb=$8000
  C $884E cb=6 S=$FF depth=6 wb=$8000
  C $884E cb=6 S=$FF depth=6 wb=$8000
  C $884E cb=6 S=$FF depth=6 wb=$8000
  C $884E cb=6 S=$FF depth=6 wb=$8000
  C $884E cb=6 S=$FF depth=6 wb=$8000
  C $884E cb=6 S=$FF depth=6 wb=$8000
  C $884E cb=6 S=$FF depth=6 wb=$8000
  C $884E cb=6 S=$FF depth=6 wb=$8000
  C $884E cb=6 S=$FF depth=6 wb=$8000
  C $884E cb=6 S=$FF depth=6 wb=$8000
  C $884E cb=6 S=$FF depth=6 wb=$8000
  C $884E cb=6 S=$FF depth=6 wb=$8000
  C $884E cb=6 S=$FF depth=6 wb=$8000
  C $884E cb=6 S=$FF depth=6 wb=$8000
  C $884E cb=6 S=$FF depth=6 wb=$8000
  C $884E cb=6 S=$FF depth=6 wb=$8000
  C $884E cb=6 S=$FF depth=6 wb=$8000
  C $884E cb=6 S=$FF depth=6 wb=$8000
  C $884E cb=6 S=$FF depth=6 wb=$8000
  C $884E cb=6 S=$FF depth=6 wb=$8000
  C $884E cb=6 S=$FF depth=6 wb=$8000
  C $884E cb=6 S=$FF depth=6 wb=$8000
  C $884E cb=6 S=$FF depth=6 wb=$8000
  C $884E cb=6 S=$FF depth=6 wb=$8000
  C $884E cb=6 S=$FF depth=6 wb=$8000
  C $884E cb=6 S=$FF depth=6 wb=$8000
  C $884E cb=6 S=$FF depth=6 wb=$8000
  C $884E cb=6 S=$FF depth=6 wb=$8000
  C $8003 cb=-1 S=$FF depth=3 wb=$C000
=== end dispatch fault ===

=== dispatch fault 3 frame=221 cycles=6851978 ===
target gen=$FF01 cpu=$FF01 bank=7 class=ZERO_FILLED call_site=$A0BE
cpu A=$00 X=$03 Y=$04 P=$00 S=$FB window=$E000 dispatch_depth=9 vblank_depth=2 ops=2462 budget=29781
mapper type=4 current_bank=3 mirroring=3 select=$07 irq_latch=$7F irq_counter=$00 irq_reload=1 irq_enabled=1
mapper_regs 3C 3E 00 00 00 00 06 07
caller func_CEAC
caller2 func_CDE7
target_bytes 00 00 00 00 00 00 00 00
stack_bytes BE A0 00 00 00 00 00 00 00 00 00 00 00 00 00 00
last_dispatches
  C $884E cb=6 S=$FF depth=6 wb=$8000
  C $884E cb=6 S=$FF depth=6 wb=$8000
  C $884E cb=6 S=$FF depth=6 wb=$8000
  C $884E cb=6 S=$FF depth=6 wb=$8000
  C $884E cb=6 S=$FF depth=6 wb=$8000
  C $884E cb=6 S=$FF depth=6 wb=$8000
  C $884E cb=6 S=$FF depth=6 wb=$8000
  C $884E cb=6 S=$FF depth=6 wb=$8000
  C $DB92 cb=-1 S=$FF depth=3 wb=$C000
  C $D341 cb=-1 S=$FF depth=4 wb=$C000
  T $D377 cb=-1 S=$FF depth=4 wb=$C000
  C $D377 cb=-1 S=$FF depth=4 wb=$C000
  C $DC27 cb=-1 S=$FF depth=3 wb=$C000
  C $DBAF cb=-1 S=$FF depth=3 wb=$C000
  C $8021 cb=-1 S=$FF depth=4 wb=$C000
  T $89BF cb=6 S=$FF depth=5 wb=$8000
  C $89BF cb=6 S=$FF depth=5 wb=$8000
  T $89DD cb=-1 S=$FF depth=6 wb=$E000
  C $89DD cb=-1 S=$FF depth=6 wb=$E000
  T $89DD cb=-1 S=$FF depth=6 wb=$E000
  C $89DD cb=-1 S=$FF depth=6 wb=$E000
  T $89DD cb=-1 S=$FF depth=6 wb=$E000
  C $89DD cb=-1 S=$FF depth=6 wb=$E000
  T $89DD cb=-1 S=$FF depth=6 wb=$E000
  C $89DD cb=-1 S=$FF depth=6 wb=$E000
  N $0002 cb=-1 S=$FC depth=3 wb=$E000
  C $DE39 cb=-1 S=$F9 depth=3 wb=$C000
  T $E11E cb=-1 S=$F9 depth=4 wb=$C000
  C $E11E cb=-1 S=$F9 depth=4 wb=$C000
  T $E11E cb=-1 S=$F9 depth=3 wb=$E000
  C $E11E cb=-1 S=$F9 depth=3 wb=$E000
  C $DCCE cb=-1 S=$F9 depth=3 wb=$C000
  C $CB25 cb=-1 S=$F9 depth=3 wb=$C000
  C $CF72 cb=-1 S=$F9 depth=4 wb=$C000
  C $CFF3 cb=-1 S=$F9 depth=4 wb=$C000
  C $CD30 cb=-1 S=$F9 depth=4 wb=$C000
  C $CD7D cb=-1 S=$F9 depth=5 wb=$C000
  T $CDE7 cb=-1 S=$F9 depth=6 wb=$C000
  C $CDE7 cb=-1 S=$F9 depth=6 wb=$C000
  T $CEAC cb=-1 S=$F9 depth=7 wb=$C000
  C $CEAC cb=-1 S=$F9 depth=7 wb=$C000
  D $CDE7 cb=-1 S=$F9 depth=6 wb=$C000
  C $CDE7 cb=-1 S=$F9 depth=6 wb=$C000
  T $CEF0 cb=-1 S=$F9 depth=7 wb=$C000
  C $CEF0 cb=-1 S=$F9 depth=7 wb=$C000
  C $CD5F cb=-1 S=$F9 depth=8 wb=$C000
  C $CD7D cb=-1 S=$F9 depth=5 wb=$C000
  T $CDE7 cb=-1 S=$F9 depth=6 wb=$C000
  C $CDE7 cb=-1 S=$F9 depth=6 wb=$C000
  T $CE4C cb=-1 S=$F9 depth=7 wb=$C000
  C $CE4C cb=-1 S=$F9 depth=7 wb=$C000
  T $CD93 cb=-1 S=$F9 depth=8 wb=$C000
  C $CD93 cb=-1 S=$F9 depth=8 wb=$C000
  D $CDE7 cb=-1 S=$F9 depth=6 wb=$C000
  C $CDE7 cb=-1 S=$F9 depth=6 wb=$C000
  T $CEF0 cb=-1 S=$F9 depth=7 wb=$C000
  C $CEF0 cb=-1 S=$F9 depth=7 wb=$C000
  D $CDE7 cb=-1 S=$F9 depth=6 wb=$C000
  C $CDE7 cb=-1 S=$F9 depth=6 wb=$C000
  T $CEAC cb=-1 S=$F9 depth=7 wb=$C000
  C $CEAC cb=-1 S=$F9 depth=7 wb=$C000
  C $CD5F cb=-1 S=$F9 depth=8 wb=$C000
  T $FF01 cb=-1 S=$FB depth=8 wb=$C000
  C $FF01 cb=-1 S=$FB depth=8 wb=$C000
=== end dispatch fault ===

=== dispatch fault 4 frame=222 cycles=6882000 ===
target gen=$4801 cpu=$4801 bank=3 class=ZERO_FILLED call_site=$204C
cpu A=$00 X=$00 Y=$15 P=$00 S=$FB window=$C000 dispatch_depth=9 vblank_depth=2 ops=2703 budget=29780
mapper type=4 current_bank=3 mirroring=3 select=$07 irq_latch=$7F irq_counter=$00 irq_reload=1 irq_enabled=1
mapper_regs 3C 3E 00 00 00 00 06 07
caller func_CEAC
caller2 func_CDE7
target_bytes 00 00 00 00 00 00 00 00
stack_bytes 4C 20 00 00 00 00 00 00 00 00 00 00 00 00 00 00
last_dispatches
  C $CB25 cb=-1 S=$F9 depth=3 wb=$C000
  C $CD30 cb=-1 S=$F9 depth=4 wb=$C000
  C $CD7D cb=-1 S=$F9 depth=5 wb=$C000
  T $CD50 cb=-1 S=$F9 depth=6 wb=$C000
  C $CD50 cb=-1 S=$F9 depth=6 wb=$C000
  C $CD7D cb=-1 S=$F9 depth=5 wb=$C000
  T $CD50 cb=-1 S=$F9 depth=6 wb=$C000
  C $CD50 cb=-1 S=$F9 depth=6 wb=$C000
  C $CD7D cb=-1 S=$F9 depth=5 wb=$C000
  T $CD50 cb=-1 S=$F9 depth=6 wb=$C000
  C $CD50 cb=-1 S=$F9 depth=6 wb=$C000
  C $CD7D cb=-1 S=$F9 depth=5 wb=$C000
  T $CD50 cb=-1 S=$F9 depth=6 wb=$C000
  C $CD50 cb=-1 S=$F9 depth=6 wb=$C000
  C $CD7D cb=-1 S=$F9 depth=5 wb=$C000
  T $CDE7 cb=-1 S=$F9 depth=6 wb=$C000
  C $CDE7 cb=-1 S=$F9 depth=6 wb=$C000
  T $CED7 cb=-1 S=$F9 depth=7 wb=$C000
  C $CED7 cb=-1 S=$F9 depth=7 wb=$C000
  D $CDE7 cb=-1 S=$F9 depth=6 wb=$C000
  C $CDE7 cb=-1 S=$F9 depth=6 wb=$C000
  T $CE4C cb=-1 S=$F9 depth=7 wb=$C000
  C $CE4C cb=-1 S=$F9 depth=7 wb=$C000
  T $CD93 cb=-1 S=$F9 depth=8 wb=$C000
  C $CD93 cb=-1 S=$F9 depth=8 wb=$C000
  D $CDE7 cb=-1 S=$F9 depth=6 wb=$C000
  C $CDE7 cb=-1 S=$F9 depth=6 wb=$C000
  T $CE4C cb=-1 S=$F9 depth=7 wb=$C000
  C $CE4C cb=-1 S=$F9 depth=7 wb=$C000
  T $CD93 cb=-1 S=$F9 depth=8 wb=$C000
  C $CD93 cb=-1 S=$F9 depth=8 wb=$C000
  D $CDE7 cb=-1 S=$F9 depth=6 wb=$C000
  C $CDE7 cb=-1 S=$F9 depth=6 wb=$C000
  T $CE4C cb=-1 S=$F9 depth=7 wb=$C000
  C $CE4C cb=-1 S=$F9 depth=7 wb=$C000
  T $CD93 cb=-1 S=$F9 depth=8 wb=$C000
  C $CD93 cb=-1 S=$F9 depth=8 wb=$C000
  D $CDE7 cb=-1 S=$F9 depth=6 wb=$C000
  C $CDE7 cb=-1 S=$F9 depth=6 wb=$C000
  T $CE78 cb=-1 S=$F9 depth=7 wb=$C000
  C $CE78 cb=-1 S=$F9 depth=7 wb=$C000
  D $CDE7 cb=-1 S=$F9 depth=6 wb=$C000
  C $CDE7 cb=-1 S=$F9 depth=6 wb=$C000
  T $CE78 cb=-1 S=$F9 depth=7 wb=$C000
  C $CE78 cb=-1 S=$F9 depth=7 wb=$C000
  D $CDE7 cb=-1 S=$F9 depth=6 wb=$C000
  C $CDE7 cb=-1 S=$F9 depth=6 wb=$C000
  T $CECE cb=-1 S=$F9 depth=7 wb=$C000
  C $CECE cb=-1 S=$F9 depth=7 wb=$C000
  D $CDE7 cb=-1 S=$F9 depth=6 wb=$C000
  C $CDE7 cb=-1 S=$F9 depth=6 wb=$C000
  T $CE9C cb=-1 S=$F9 depth=7 wb=$C000
  C $CE9C cb=-1 S=$F9 depth=7 wb=$C000
  D $CDE7 cb=-1 S=$F9 depth=6 wb=$C000
  C $CDE7 cb=-1 S=$F9 depth=6 wb=$C000
  T $CEAC cb=-1 S=$F9 depth=7 wb=$C000
  C $CEAC cb=-1 S=$F9 depth=7 wb=$C000
  D $CDE7 cb=-1 S=$F9 depth=6 wb=$C000
  C $CDE7 cb=-1 S=$F9 depth=6 wb=$C000
  T $CEAC cb=-1 S=$F9 depth=7 wb=$C000
  C $CEAC cb=-1 S=$F9 depth=7 wb=$C000
  C $CD5F cb=-1 S=$F9 depth=8 wb=$C000
  T $4801 cb=-1 S=$FB depth=8 wb=$C000
  C $4801 cb=-1 S=$FB depth=8 wb=$C000
=== end dispatch fault ===

=== dispatch fault 1 frame=0 cycles=124656 ===
target gen=$A009 cpu=$8009 bank=6 class=CODE call_site=$0000
cpu A=$0D X=$06 Y=$00 P=$00 S=$FF window=$8000 dispatch_depth=3 vblank_depth=0 ops=5534 budget=29781
mapper type=4 current_bank=6 mirroring=2 select=$06 irq_latch=$00 irq_counter=$00 irq_reload=0 irq_enabled=0
mapper_regs 00 00 00 00 00 00 0D 07
caller (none)
caller2 (none)
target_bytes 4C 15 80 4C 50 80 4C F1
stack_bytes 00 00 00 00 00 00 00 00 00 00 00 00 00 00 00 00
last_dispatches
  T $D269 cb=-1 S=$FD depth=0 wb=$E000
  C $D269 cb=-1 S=$FD depth=0 wb=$E000
  C $D2F6 cb=-1 S=$FF depth=1 wb=$C000
  C $CFBF cb=-1 S=$FF depth=1 wb=$C000
  C $CFF3 cb=-1 S=$FF depth=2 wb=$C000
  T $D406 cb=-1 S=$FF depth=1 wb=$C000
  C $D406 cb=-1 S=$FF depth=1 wb=$C000
  C $8009 cb=-1 S=$FF depth=2 wb=$C000
=== end dispatch fault ===

=== dispatch fault 2 frame=0 cycles=191343 ===
target gen=$A003 cpu=$8003 bank=6 class=CODE call_site=$0000
cpu A=$05 X=$10 Y=$00 P=$00 S=$FF window=$8000 dispatch_depth=4 vblank_depth=0 ops=12659 budget=29780
mapper type=4 current_bank=6 mirroring=3 select=$07 irq_latch=$00 irq_counter=$00 irq_reload=0 irq_enabled=0
mapper_regs 00 00 00 00 00 00 0D 05
caller (none)
caller2 (none)
target_bytes 4C 85 86 4C 95 87 4C 15
stack_bytes 00 00 00 00 00 00 00 00 00 00 00 00 00 00 00 00
last_dispatches
  C $884E cb=6 S=$FF depth=6 wb=$8000
  C $884E cb=6 S=$FF depth=6 wb=$8000
  C $884E cb=6 S=$FF depth=6 wb=$8000
  C $884E cb=6 S=$FF depth=6 wb=$8000
  C $884E cb=6 S=$FF depth=6 wb=$8000
  C $884E cb=6 S=$FF depth=6 wb=$8000
  C $884E cb=6 S=$FF depth=6 wb=$8000
  C $884E cb=6 S=$FF depth=6 wb=$8000
  C $884E cb=6 S=$FF depth=6 wb=$8000
  C $884E cb=6 S=$FF depth=6 wb=$8000
  C $884E cb=6 S=$FF depth=6 wb=$8000
  C $884E cb=6 S=$FF depth=6 wb=$8000
  C $884E cb=6 S=$FF depth=6 wb=$8000
  C $884E cb=6 S=$FF depth=6 wb=$8000
  C $884E cb=6 S=$FF depth=6 wb=$8000
  C $884E cb=6 S=$FF depth=6 wb=$8000
  C $884E cb=6 S=$FF depth=6 wb=$8000
  C $884E cb=6 S=$FF depth=6 wb=$8000
  C $884E cb=6 S=$FF depth=6 wb=$8000
  C $884E cb=6 S=$FF depth=6 wb=$8000
  C $884E cb=6 S=$FF depth=6 wb=$8000
  C $884E cb=6 S=$FF depth=6 wb=$8000
  C $884E cb=6 S=$FF depth=6 wb=$8000
  C $884E cb=6 S=$FF depth=6 wb=$8000
  C $884E cb=6 S=$FF depth=6 wb=$8000
  C $884E cb=6 S=$FF depth=6 wb=$8000
  C $884E cb=6 S=$FF depth=6 wb=$8000
  C $884E cb=6 S=$FF depth=6 wb=$8000
  C $884E cb=6 S=$FF depth=6 wb=$8000
  C $884E cb=6 S=$FF depth=6 wb=$8000
  C $884E cb=6 S=$FF depth=6 wb=$8000
  C $884E cb=6 S=$FF depth=6 wb=$8000
  C $884E cb=6 S=$FF depth=6 wb=$8000
  C $884E cb=6 S=$FF depth=6 wb=$8000
  C $884E cb=6 S=$FF depth=6 wb=$8000
  C $884E cb=6 S=$FF depth=6 wb=$8000
  C $884E cb=6 S=$FF depth=6 wb=$8000
  C $884E cb=6 S=$FF depth=6 wb=$8000
  C $884E cb=6 S=$FF depth=6 wb=$8000
  C $884E cb=6 S=$FF depth=6 wb=$8000
  C $884E cb=6 S=$FF depth=6 wb=$8000
  C $884E cb=6 S=$FF depth=6 wb=$8000
  C $884E cb=6 S=$FF depth=6 wb=$8000
  C $884E cb=6 S=$FF depth=6 wb=$8000
  C $884E cb=6 S=$FF depth=6 wb=$8000
  C $884E cb=6 S=$FF depth=6 wb=$8000
  C $884E cb=6 S=$FF depth=6 wb=$8000
  C $884E cb=6 S=$FF depth=6 wb=$8000
  C $884E cb=6 S=$FF depth=6 wb=$8000
  C $884E cb=6 S=$FF depth=6 wb=$8000
  C $884E cb=6 S=$FF depth=6 wb=$8000
  C $884E cb=6 S=$FF depth=6 wb=$8000
  C $884E cb=6 S=$FF depth=6 wb=$8000
  C $884E cb=6 S=$FF depth=6 wb=$8000
  C $884E cb=6 S=$FF depth=6 wb=$8000
  C $884E cb=6 S=$FF depth=6 wb=$8000
  C $884E cb=6 S=$FF depth=6 wb=$8000
  C $884E cb=6 S=$FF depth=6 wb=$8000
  C $884E cb=6 S=$FF depth=6 wb=$8000
  C $884E cb=6 S=$FF depth=6 wb=$8000
  C $884E cb=6 S=$FF depth=6 wb=$8000
  C $884E cb=6 S=$FF depth=6 wb=$8000
  C $884E cb=6 S=$FF depth=6 wb=$8000
  C $8003 cb=-1 S=$FF depth=3 wb=$C000
=== end dispatch fault ===

=== dispatch fault 3 frame=221 cycles=6851978 ===
target gen=$FF01 cpu=$FF01 bank=7 class=ZERO_FILLED call_site=$A0BE
cpu A=$00 X=$03 Y=$04 P=$00 S=$FB window=$E000 dispatch_depth=9 vblank_depth=2 ops=2462 budget=29781
mapper type=4 current_bank=3 mirroring=3 select=$07 irq_latch=$7F irq_counter=$00 irq_reload=1 irq_enabled=1
mapper_regs 3C 3E 00 00 00 00 06 07
caller func_CEAC
caller2 func_CDE7
target_bytes 00 00 00 00 00 00 00 00
stack_bytes BE A0 00 00 00 00 00 00 00 00 00 00 00 00 00 00
last_dispatches
  C $884E cb=6 S=$FF depth=6 wb=$8000
  C $884E cb=6 S=$FF depth=6 wb=$8000
  C $884E cb=6 S=$FF depth=6 wb=$8000
  C $884E cb=6 S=$FF depth=6 wb=$8000
  C $884E cb=6 S=$FF depth=6 wb=$8000
  C $884E cb=6 S=$FF depth=6 wb=$8000
  C $884E cb=6 S=$FF depth=6 wb=$8000
  C $884E cb=6 S=$FF depth=6 wb=$8000
  C $DB92 cb=-1 S=$FF depth=3 wb=$C000
  C $D341 cb=-1 S=$FF depth=4 wb=$C000
  T $D377 cb=-1 S=$FF depth=4 wb=$C000
  C $D377 cb=-1 S=$FF depth=4 wb=$C000
  C $DC27 cb=-1 S=$FF depth=3 wb=$C000
  C $DBAF cb=-1 S=$FF depth=3 wb=$C000
  C $8021 cb=-1 S=$FF depth=4 wb=$C000
  T $89BF cb=6 S=$FF depth=5 wb=$8000
  C $89BF cb=6 S=$FF depth=5 wb=$8000
  T $89DD cb=-1 S=$FF depth=6 wb=$E000
  C $89DD cb=-1 S=$FF depth=6 wb=$E000
  T $89DD cb=-1 S=$FF depth=6 wb=$E000
  C $89DD cb=-1 S=$FF depth=6 wb=$E000
  T $89DD cb=-1 S=$FF depth=6 wb=$E000
  C $89DD cb=-1 S=$FF depth=6 wb=$E000
  T $89DD cb=-1 S=$FF depth=6 wb=$E000
  C $89DD cb=-1 S=$FF depth=6 wb=$E000
  N $0002 cb=-1 S=$FC depth=3 wb=$E000
  C $DE39 cb=-1 S=$F9 depth=3 wb=$C000
  T $E11E cb=-1 S=$F9 depth=4 wb=$C000
  C $E11E cb=-1 S=$F9 depth=4 wb=$C000
  T $E11E cb=-1 S=$F9 depth=3 wb=$E000
  C $E11E cb=-1 S=$F9 depth=3 wb=$E000
  C $DCCE cb=-1 S=$F9 depth=3 wb=$C000
  C $CB25 cb=-1 S=$F9 depth=3 wb=$C000
  C $CF72 cb=-1 S=$F9 depth=4 wb=$C000
  C $CFF3 cb=-1 S=$F9 depth=4 wb=$C000
  C $CD30 cb=-1 S=$F9 depth=4 wb=$C000
  C $CD7D cb=-1 S=$F9 depth=5 wb=$C000
  T $CDE7 cb=-1 S=$F9 depth=6 wb=$C000
  C $CDE7 cb=-1 S=$F9 depth=6 wb=$C000
  T $CEAC cb=-1 S=$F9 depth=7 wb=$C000
  C $CEAC cb=-1 S=$F9 depth=7 wb=$C000
  D $CDE7 cb=-1 S=$F9 depth=6 wb=$C000
  C $CDE7 cb=-1 S=$F9 depth=6 wb=$C000
  T $CEF0 cb=-1 S=$F9 depth=7 wb=$C000
  C $CEF0 cb=-1 S=$F9 depth=7 wb=$C000
  C $CD5F cb=-1 S=$F9 depth=8 wb=$C000
  C $CD7D cb=-1 S=$F9 depth=5 wb=$C000
  T $CDE7 cb=-1 S=$F9 depth=6 wb=$C000
  C $CDE7 cb=-1 S=$F9 depth=6 wb=$C000
  T $CE4C cb=-1 S=$F9 depth=7 wb=$C000
  C $CE4C cb=-1 S=$F9 depth=7 wb=$C000
  T $CD93 cb=-1 S=$F9 depth=8 wb=$C000
  C $CD93 cb=-1 S=$F9 depth=8 wb=$C000
  D $CDE7 cb=-1 S=$F9 depth=6 wb=$C000
  C $CDE7 cb=-1 S=$F9 depth=6 wb=$C000
  T $CEF0 cb=-1 S=$F9 depth=7 wb=$C000
  C $CEF0 cb=-1 S=$F9 depth=7 wb=$C000
  D $CDE7 cb=-1 S=$F9 depth=6 wb=$C000
  C $CDE7 cb=-1 S=$F9 depth=6 wb=$C000
  T $CEAC cb=-1 S=$F9 depth=7 wb=$C000
  C $CEAC cb=-1 S=$F9 depth=7 wb=$C000
  C $CD5F cb=-1 S=$F9 depth=8 wb=$C000
  T $FF01 cb=-1 S=$FB depth=8 wb=$C000
  C $FF01 cb=-1 S=$FB depth=8 wb=$C000
=== end dispatch fault ===

=== dispatch fault 4 frame=222 cycles=6882000 ===
target gen=$4801 cpu=$4801 bank=3 class=ZERO_FILLED call_site=$204C
cpu A=$00 X=$00 Y=$15 P=$00 S=$FB window=$C000 dispatch_depth=9 vblank_depth=2 ops=2703 budget=29780
mapper type=4 current_bank=3 mirroring=3 select=$07 irq_latch=$7F irq_counter=$00 irq_reload=1 irq_enabled=1
mapper_regs 3C 3E 00 00 00 00 06 07
caller func_CEAC
caller2 func_CDE7
target_bytes 00 00 00 00 00 00 00 00
stack_bytes 4C 20 00 00 00 00 00 00 00 00 00 00 00 00 00 00
last_dispatches
  C $CB25 cb=-1 S=$F9 depth=3 wb=$C000
  C $CD30 cb=-1 S=$F9 depth=4 wb=$C000
  C $CD7D cb=-1 S=$F9 depth=5 wb=$C000
  T $CD50 cb=-1 S=$F9 depth=6 wb=$C000
  C $CD50 cb=-1 S=$F9 depth=6 wb=$C000
  C $CD7D cb=-1 S=$F9 depth=5 wb=$C000
  T $CD50 cb=-1 S=$F9 depth=6 wb=$C000
  C $CD50 cb=-1 S=$F9 depth=6 wb=$C000
  C $CD7D cb=-1 S=$F9 depth=5 wb=$C000
  T $CD50 cb=-1 S=$F9 depth=6 wb=$C000
  C $CD50 cb=-1 S=$F9 depth=6 wb=$C000
  C $CD7D cb=-1 S=$F9 depth=5 wb=$C000
  T $CD50 cb=-1 S=$F9 depth=6 wb=$C000
  C $CD50 cb=-1 S=$F9 depth=6 wb=$C000
  C $CD7D cb=-1 S=$F9 depth=5 wb=$C000
  T $CDE7 cb=-1 S=$F9 depth=6 wb=$C000
  C $CDE7 cb=-1 S=$F9 depth=6 wb=$C000
  T $CED7 cb=-1 S=$F9 depth=7 wb=$C000
  C $CED7 cb=-1 S=$F9 depth=7 wb=$C000
  D $CDE7 cb=-1 S=$F9 depth=6 wb=$C000
  C $CDE7 cb=-1 S=$F9 depth=6 wb=$C000
  T $CE4C cb=-1 S=$F9 depth=7 wb=$C000
  C $CE4C cb=-1 S=$F9 depth=7 wb=$C000
  T $CD93 cb=-1 S=$F9 depth=8 wb=$C000
  C $CD93 cb=-1 S=$F9 depth=8 wb=$C000
  D $CDE7 cb=-1 S=$F9 depth=6 wb=$C000
  C $CDE7 cb=-1 S=$F9 depth=6 wb=$C000
  T $CE4C cb=-1 S=$F9 depth=7 wb=$C000
  C $CE4C cb=-1 S=$F9 depth=7 wb=$C000
  T $CD93 cb=-1 S=$F9 depth=8 wb=$C000
  C $CD93 cb=-1 S=$F9 depth=8 wb=$C000
  D $CDE7 cb=-1 S=$F9 depth=6 wb=$C000
  C $CDE7 cb=-1 S=$F9 depth=6 wb=$C000
  T $CE4C cb=-1 S=$F9 depth=7 wb=$C000
  C $CE4C cb=-1 S=$F9 depth=7 wb=$C000
  T $CD93 cb=-1 S=$F9 depth=8 wb=$C000
  C $CD93 cb=-1 S=$F9 depth=8 wb=$C000
  D $CDE7 cb=-1 S=$F9 depth=6 wb=$C000
  C $CDE7 cb=-1 S=$F9 depth=6 wb=$C000
  T $CE78 cb=-1 S=$F9 depth=7 wb=$C000
  C $CE78 cb=-1 S=$F9 depth=7 wb=$C000
  D $CDE7 cb=-1 S=$F9 depth=6 wb=$C000
  C $CDE7 cb=-1 S=$F9 depth=6 wb=$C000
  T $CE78 cb=-1 S=$F9 depth=7 wb=$C000
  C $CE78 cb=-1 S=$F9 depth=7 wb=$C000
  D $CDE7 cb=-1 S=$F9 depth=6 wb=$C000
  C $CDE7 cb=-1 S=$F9 depth=6 wb=$C000
  T $CECE cb=-1 S=$F9 depth=7 wb=$C000
  C $CECE cb=-1 S=$F9 depth=7 wb=$C000
  D $CDE7 cb=-1 S=$F9 depth=6 wb=$C000
  C $CDE7 cb=-1 S=$F9 depth=6 wb=$C000
  T $CE9C cb=-1 S=$F9 depth=7 wb=$C000
  C $CE9C cb=-1 S=$F9 depth=7 wb=$C000
  D $CDE7 cb=-1 S=$F9 depth=6 wb=$C000
  C $CDE7 cb=-1 S=$F9 depth=6 wb=$C000
  T $CEAC cb=-1 S=$F9 depth=7 wb=$C000
  C $CEAC cb=-1 S=$F9 depth=7 wb=$C000
  D $CDE7 cb=-1 S=$F9 depth=6 wb=$C000
  C $CDE7 cb=-1 S=$F9 depth=6 wb=$C000
  T $CEAC cb=-1 S=$F9 depth=7 wb=$C000
  C $CEAC cb=-1 S=$F9 depth=7 wb=$C000
  C $CD5F cb=-1 S=$F9 depth=8 wb=$C000
  T $4801 cb=-1 S=$FB depth=8 wb=$C000
  C $4801 cb=-1 S=$FB depth=8 wb=$C000
=== end dispatch fault ===

=== dispatch fault 5 frame=1908 cycles=63830833 ===
target gen=$8A35 cpu=$8A35 bank=6 class=CODE call_site=$140D
cpu A=$8A X=$02 Y=$03 P=$00 S=$FF window=$8000 dispatch_depth=10 vblank_depth=0 ops=11217 budget=29781
mapper type=4 current_bank=6 mirroring=2 select=$06 irq_latch=$17 irq_counter=$0F irq_reload=0 irq_enabled=0
mapper_regs 02 02 00 00 2B 05 0C 0B
caller func_EDF6
caller2 func_EDF6
target_bytes BD AD 03 10 18 20 0C 8A
stack_bytes 0D 14 1D 25 2C 32 35 39 39 3F 43 47 4B 4F 43 47
last_dispatches
  C $D756 cb=-1 S=$FF depth=5 wb=$C000
  C $D796 cb=-1 S=$FF depth=6 wb=$C000
  T $D7C4 cb=-1 S=$FF depth=7 wb=$E000
  C $D7C4 cb=-1 S=$FF depth=7 wb=$E000
  C $8009 cb=-1 S=$FF depth=8 wb=$C000
  T $90D6 cb=5 S=$FF depth=9 wb=$8000
  C $90D6 cb=5 S=$FF depth=9 wb=$8000
  C $8000 cb=-1 S=$FF depth=8 wb=$C000
  T $8EFF cb=5 S=$FF depth=9 wb=$8000
  C $8EFF cb=5 S=$FF depth=9 wb=$8000
  C $8F19 cb=5 S=$FF depth=10 wb=$8000
  T $F370 cb=-1 S=$FF depth=11 wb=$8000
  C $F370 cb=-1 S=$FF depth=11 wb=$8000
  T $F3F2 cb=-1 S=$FF depth=12 wb=$E000
  C $F3F2 cb=-1 S=$FF depth=12 wb=$E000
  T $F458 cb=-1 S=$FF depth=12 wb=$E000
  C $F458 cb=-1 S=$FF depth=12 wb=$E000
  T $E11E cb=-1 S=$FF depth=12 wb=$E000
  C $E11E cb=-1 S=$FF depth=12 wb=$E000
  C $8F29 cb=5 S=$FF depth=10 wb=$8000
  T $9B6E cb=5 S=$FF depth=11 wb=$8000
  C $9B6E cb=5 S=$FF depth=11 wb=$8000
  C $8F19 cb=5 S=$FF depth=10 wb=$8000
  T $F321 cb=-1 S=$FF depth=11 wb=$8000
  C $F321 cb=-1 S=$FF depth=11 wb=$8000
  C $8F29 cb=5 S=$FF depth=10 wb=$8000
  T $8F18 cb=5 S=$FF depth=11 wb=$8000
  C $8F18 cb=5 S=$FF depth=11 wb=$8000
  C $8003 cb=-1 S=$FF depth=8 wb=$C000
  T $8F55 cb=5 S=$FF depth=9 wb=$8000
  C $8F55 cb=5 S=$FF depth=9 wb=$8000
  T $8006 cb=-1 S=$FF depth=8 wb=$C000
  C $8006 cb=-1 S=$FF depth=8 wb=$C000
  T $9015 cb=5 S=$FF depth=9 wb=$8000
  C $9015 cb=5 S=$FF depth=9 wb=$8000
  C $904E cb=5 S=$FF depth=10 wb=$8000
  T $9014 cb=-1 S=$FF depth=11 wb=$8000
  C $9014 cb=-1 S=$FF depth=11 wb=$8000
  C $9083 cb=5 S=$FF depth=10 wb=$8000
  C $904E cb=5 S=$FF depth=10 wb=$8000
  T $9014 cb=-1 S=$FF depth=11 wb=$8000
  C $9014 cb=-1 S=$FF depth=11 wb=$8000
  C $9083 cb=5 S=$FF depth=10 wb=$8000
  C $9060 cb=5 S=$FF depth=10 wb=$8000
  T $9B6E cb=5 S=$FF depth=11 wb=$8000
  C $9B6E cb=5 S=$FF depth=11 wb=$8000
  C $9060 cb=5 S=$FF depth=10 wb=$8000
  T $9B6E cb=5 S=$FF depth=11 wb=$8000
  C $9B6E cb=5 S=$FF depth=11 wb=$8000
  T $D377 cb=-1 S=$FF depth=7 wb=$C000
  C $D377 cb=-1 S=$FF depth=7 wb=$C000
  C $8000 cb=-1 S=$FF depth=6 wb=$C000
  T $871D cb=6 S=$FF depth=7 wb=$8000
  C $871D cb=6 S=$FF depth=7 wb=$8000
  C $8BBE cb=6 S=$FF depth=8 wb=$8000
  C $874A cb=6 S=$FF depth=8 wb=$8000
  T $8749 cb=-1 S=$FF depth=9 wb=$8000
  C $8749 cb=-1 S=$FF depth=9 wb=$8000
  T $89BF cb=-1 S=$FF depth=8 wb=$8000
  C $89BF cb=-1 S=$FF depth=8 wb=$8000
  T $8749 cb=-1 S=$FF depth=9 wb=$E000
  C $8749 cb=-1 S=$FF depth=9 wb=$E000
  T $8A35 cb=-1 S=$FF depth=9 wb=$E000
  C $8A35 cb=-1 S=$FF depth=9 wb=$E000
=== end dispatch fault ===

=== dispatch fault 1 frame=0 cycles=124656 ===
target gen=$A009 cpu=$8009 bank=6 class=CODE call_site=$0000
cpu A=$0D X=$06 Y=$00 P=$00 S=$FF window=$8000 dispatch_depth=3 vblank_depth=0 ops=5534 budget=29781
mapper type=4 current_bank=6 mirroring=2 select=$06 irq_latch=$00 irq_counter=$00 irq_reload=0 irq_enabled=0
mapper_regs 00 00 00 00 00 00 0D 07
caller (none)
caller2 (none)
target_bytes 4C 15 80 4C 50 80 4C F1
stack_bytes 00 00 00 00 00 00 00 00 00 00 00 00 00 00 00 00
last_dispatches
  T $D269 cb=-1 S=$FD depth=0 wb=$E000
  C $D269 cb=-1 S=$FD depth=0 wb=$E000
  C $D2F6 cb=-1 S=$FF depth=1 wb=$C000
  C $CFBF cb=-1 S=$FF depth=1 wb=$C000
  C $CFF3 cb=-1 S=$FF depth=2 wb=$C000
  T $D406 cb=-1 S=$FF depth=1 wb=$C000
  C $D406 cb=-1 S=$FF depth=1 wb=$C000
  C $8009 cb=-1 S=$FF depth=2 wb=$C000
=== end dispatch fault ===

=== dispatch fault 2 frame=0 cycles=191343 ===
target gen=$A003 cpu=$8003 bank=6 class=CODE call_site=$0000
cpu A=$05 X=$10 Y=$00 P=$00 S=$FF window=$8000 dispatch_depth=4 vblank_depth=0 ops=12659 budget=29780
mapper type=4 current_bank=6 mirroring=3 select=$07 irq_latch=$00 irq_counter=$00 irq_reload=0 irq_enabled=0
mapper_regs 00 00 00 00 00 00 0D 05
caller (none)
caller2 (none)
target_bytes 4C 85 86 4C 95 87 4C 15
stack_bytes 00 00 00 00 00 00 00 00 00 00 00 00 00 00 00 00
last_dispatches
  C $884E cb=6 S=$FF depth=6 wb=$8000
  C $884E cb=6 S=$FF depth=6 wb=$8000
  C $884E cb=6 S=$FF depth=6 wb=$8000
  C $884E cb=6 S=$FF depth=6 wb=$8000
  C $884E cb=6 S=$FF depth=6 wb=$8000
  C $884E cb=6 S=$FF depth=6 wb=$8000
  C $884E cb=6 S=$FF depth=6 wb=$8000
  C $884E cb=6 S=$FF depth=6 wb=$8000
  C $884E cb=6 S=$FF depth=6 wb=$8000
  C $884E cb=6 S=$FF depth=6 wb=$8000
  C $884E cb=6 S=$FF depth=6 wb=$8000
  C $884E cb=6 S=$FF depth=6 wb=$8000
  C $884E cb=6 S=$FF depth=6 wb=$8000
  C $884E cb=6 S=$FF depth=6 wb=$8000
  C $884E cb=6 S=$FF depth=6 wb=$8000
  C $884E cb=6 S=$FF depth=6 wb=$8000
  C $884E cb=6 S=$FF depth=6 wb=$8000
  C $884E cb=6 S=$FF depth=6 wb=$8000
  C $884E cb=6 S=$FF depth=6 wb=$8000
  C $884E cb=6 S=$FF depth=6 wb=$8000
  C $884E cb=6 S=$FF depth=6 wb=$8000
  C $884E cb=6 S=$FF depth=6 wb=$8000
  C $884E cb=6 S=$FF depth=6 wb=$8000
  C $884E cb=6 S=$FF depth=6 wb=$8000
  C $884E cb=6 S=$FF depth=6 wb=$8000
  C $884E cb=6 S=$FF depth=6 wb=$8000
  C $884E cb=6 S=$FF depth=6 wb=$8000
  C $884E cb=6 S=$FF depth=6 wb=$8000
  C $884E cb=6 S=$FF depth=6 wb=$8000
  C $884E cb=6 S=$FF depth=6 wb=$8000
  C $884E cb=6 S=$FF depth=6 wb=$8000
  C $884E cb=6 S=$FF depth=6 wb=$8000
  C $884E cb=6 S=$FF depth=6 wb=$8000
  C $884E cb=6 S=$FF depth=6 wb=$8000
  C $884E cb=6 S=$FF depth=6 wb=$8000
  C $884E cb=6 S=$FF depth=6 wb=$8000
  C $884E cb=6 S=$FF depth=6 wb=$8000
  C $884E cb=6 S=$FF depth=6 wb=$8000
  C $884E cb=6 S=$FF depth=6 wb=$8000
  C $884E cb=6 S=$FF depth=6 wb=$8000
  C $884E cb=6 S=$FF depth=6 wb=$8000
  C $884E cb=6 S=$FF depth=6 wb=$8000
  C $884E cb=6 S=$FF depth=6 wb=$8000
  C $884E cb=6 S=$FF depth=6 wb=$8000
  C $884E cb=6 S=$FF depth=6 wb=$8000
  C $884E cb=6 S=$FF depth=6 wb=$8000
  C $884E cb=6 S=$FF depth=6 wb=$8000
  C $884E cb=6 S=$FF depth=6 wb=$8000
  C $884E cb=6 S=$FF depth=6 wb=$8000
  C $884E cb=6 S=$FF depth=6 wb=$8000
  C $884E cb=6 S=$FF depth=6 wb=$8000
  C $884E cb=6 S=$FF depth=6 wb=$8000
  C $884E cb=6 S=$FF depth=6 wb=$8000
  C $884E cb=6 S=$FF depth=6 wb=$8000
  C $884E cb=6 S=$FF depth=6 wb=$8000
  C $884E cb=6 S=$FF depth=6 wb=$8000
  C $884E cb=6 S=$FF depth=6 wb=$8000
  C $884E cb=6 S=$FF depth=6 wb=$8000
  C $884E cb=6 S=$FF depth=6 wb=$8000
  C $884E cb=6 S=$FF depth=6 wb=$8000
  C $884E cb=6 S=$FF depth=6 wb=$8000
  C $884E cb=6 S=$FF depth=6 wb=$8000
  C $884E cb=6 S=$FF depth=6 wb=$8000
  C $8003 cb=-1 S=$FF depth=3 wb=$C000
=== end dispatch fault ===

=== dispatch fault 3 frame=186 cycles=5809662 ===
target gen=$FF01 cpu=$FF01 bank=7 class=ZERO_FILLED call_site=$2200
cpu A=$00 X=$03 Y=$04 P=$00 S=$FB window=$E000 dispatch_depth=9 vblank_depth=2 ops=2463 budget=29781
mapper type=4 current_bank=3 mirroring=3 select=$07 irq_latch=$7F irq_counter=$00 irq_reload=1 irq_enabled=1
mapper_regs 3C 3E 00 00 00 00 06 07
caller func_CEAC
caller2 func_CDE7
target_bytes 00 00 00 00 00 00 00 00
stack_bytes 00 22 00 00 00 00 00 00 00 00 00 00 00 00 00 00
last_dispatches
  C $884E cb=6 S=$FF depth=6 wb=$8000
  C $884E cb=6 S=$FF depth=6 wb=$8000
  C $884E cb=6 S=$FF depth=6 wb=$8000
  C $884E cb=6 S=$FF depth=6 wb=$8000
  C $884E cb=6 S=$FF depth=6 wb=$8000
  C $884E cb=6 S=$FF depth=6 wb=$8000
  C $884E cb=6 S=$FF depth=6 wb=$8000
  C $884E cb=6 S=$FF depth=6 wb=$8000
  C $DB92 cb=-1 S=$FF depth=3 wb=$C000
  C $D341 cb=-1 S=$FF depth=4 wb=$C000
  T $D377 cb=-1 S=$FF depth=4 wb=$C000
  C $D377 cb=-1 S=$FF depth=4 wb=$C000
  C $DC27 cb=-1 S=$FF depth=3 wb=$C000
  C $DBAF cb=-1 S=$FF depth=3 wb=$C000
  C $8021 cb=-1 S=$FF depth=4 wb=$C000
  T $89BF cb=6 S=$FF depth=5 wb=$8000
  C $89BF cb=6 S=$FF depth=5 wb=$8000
  T $89DD cb=-1 S=$FF depth=6 wb=$E000
  C $89DD cb=-1 S=$FF depth=6 wb=$E000
  T $89DD cb=-1 S=$FF depth=6 wb=$E000
  C $89DD cb=-1 S=$FF depth=6 wb=$E000
  T $89DD cb=-1 S=$FF depth=6 wb=$E000
  C $89DD cb=-1 S=$FF depth=6 wb=$E000
  T $89DD cb=-1 S=$FF depth=6 wb=$E000
  C $89DD cb=-1 S=$FF depth=6 wb=$E000
  N $0002 cb=-1 S=$FC depth=3 wb=$E000
  C $DE39 cb=-1 S=$F9 depth=3 wb=$C000
  T $E11E cb=-1 S=$F9 depth=4 wb=$C000
  C $E11E cb=-1 S=$F9 depth=4 wb=$C000
  T $E11E cb=-1 S=$F9 depth=3 wb=$E000
  C $E11E cb=-1 S=$F9 depth=3 wb=$E000
  C $DCCE cb=-1 S=$F9 depth=3 wb=$C000
  C $CB25 cb=-1 S=$F9 depth=3 wb=$C000
  C $CF72 cb=-1 S=$F9 depth=4 wb=$C000
  C $CFF3 cb=-1 S=$F9 depth=4 wb=$C000
  C $CD30 cb=-1 S=$F9 depth=4 wb=$C000
  C $CD7D cb=-1 S=$F9 depth=5 wb=$C000
  T $CDE7 cb=-1 S=$F9 depth=6 wb=$C000
  C $CDE7 cb=-1 S=$F9 depth=6 wb=$C000
  T $CEAC cb=-1 S=$F9 depth=7 wb=$C000
  C $CEAC cb=-1 S=$F9 depth=7 wb=$C000
  D $CDE7 cb=-1 S=$F9 depth=6 wb=$C000
  C $CDE7 cb=-1 S=$F9 depth=6 wb=$C000
  T $CEF0 cb=-1 S=$F9 depth=7 wb=$C000
  C $CEF0 cb=-1 S=$F9 depth=7 wb=$C000
  C $CD5F cb=-1 S=$F9 depth=8 wb=$C000
  C $CD7D cb=-1 S=$F9 depth=5 wb=$C000
  T $CDE7 cb=-1 S=$F9 depth=6 wb=$C000
  C $CDE7 cb=-1 S=$F9 depth=6 wb=$C000
  T $CE4C cb=-1 S=$F9 depth=7 wb=$C000
  C $CE4C cb=-1 S=$F9 depth=7 wb=$C000
  T $CD93 cb=-1 S=$F9 depth=8 wb=$C000
  C $CD93 cb=-1 S=$F9 depth=8 wb=$C000
  D $CDE7 cb=-1 S=$F9 depth=6 wb=$C000
  C $CDE7 cb=-1 S=$F9 depth=6 wb=$C000
  T $CEF0 cb=-1 S=$F9 depth=7 wb=$C000
  C $CEF0 cb=-1 S=$F9 depth=7 wb=$C000
  D $CDE7 cb=-1 S=$F9 depth=6 wb=$C000
  C $CDE7 cb=-1 S=$F9 depth=6 wb=$C000
  T $CEAC cb=-1 S=$F9 depth=7 wb=$C000
  C $CEAC cb=-1 S=$F9 depth=7 wb=$C000
  C $CD5F cb=-1 S=$F9 depth=8 wb=$C000
  T $FF01 cb=-1 S=$FB depth=8 wb=$C000
  C $FF01 cb=-1 S=$FB depth=8 wb=$C000
=== end dispatch fault ===

=== dispatch fault 4 frame=186 cycles=5809962 ===
target gen=$2201 cpu=$2201 bank=3 class=ZERO_FILLED call_site=$0000
cpu A=$00 X=$02 Y=$04 P=$00 S=$FD window=$C000 dispatch_depth=9 vblank_depth=2 ops=2763 budget=29781
mapper type=4 current_bank=3 mirroring=3 select=$07 irq_latch=$7F irq_counter=$00 irq_reload=1 irq_enabled=1
mapper_regs 3C 3E 00 00 00 00 06 07
caller func_CE78
caller2 func_CDE7
target_bytes 00 00 00 00 00 00 00 00
stack_bytes 00 00 00 00 00 00 00 00 00 00 00 00 00 00 00 00
last_dispatches
  C $DB92 cb=-1 S=$FF depth=3 wb=$C000
  C $D341 cb=-1 S=$FF depth=4 wb=$C000
  T $D377 cb=-1 S=$FF depth=4 wb=$C000
  C $D377 cb=-1 S=$FF depth=4 wb=$C000
  C $DC27 cb=-1 S=$FF depth=3 wb=$C000
  C $DBAF cb=-1 S=$FF depth=3 wb=$C000
  C $8021 cb=-1 S=$FF depth=4 wb=$C000
  T $89BF cb=6 S=$FF depth=5 wb=$8000
  C $89BF cb=6 S=$FF depth=5 wb=$8000
  T $89DD cb=-1 S=$FF depth=6 wb=$E000
  C $89DD cb=-1 S=$FF depth=6 wb=$E000
  T $89DD cb=-1 S=$FF depth=6 wb=$E000
  C $89DD cb=-1 S=$FF depth=6 wb=$E000
  T $89DD cb=-1 S=$FF depth=6 wb=$E000
  C $89DD cb=-1 S=$FF depth=6 wb=$E000
  T $89DD cb=-1 S=$FF depth=6 wb=$E000
  C $89DD cb=-1 S=$FF depth=6 wb=$E000
  N $0002 cb=-1 S=$FC depth=3 wb=$E000
  C $DE39 cb=-1 S=$F9 depth=3 wb=$C000
  T $E11E cb=-1 S=$F9 depth=4 wb=$C000
  C $E11E cb=-1 S=$F9 depth=4 wb=$C000
  T $E11E cb=-1 S=$F9 depth=3 wb=$E000
  C $E11E cb=-1 S=$F9 depth=3 wb=$E000
  C $DCCE cb=-1 S=$F9 depth=3 wb=$C000
  C $CB25 cb=-1 S=$F9 depth=3 wb=$C000
  C $CF72 cb=-1 S=$F9 depth=4 wb=$C000
  C $CFF3 cb=-1 S=$F9 depth=4 wb=$C000
  C $CD30 cb=-1 S=$F9 depth=4 wb=$C000
  C $CD7D cb=-1 S=$F9 depth=5 wb=$C000
  T $CDE7 cb=-1 S=$F9 depth=6 wb=$C000
  C $CDE7 cb=-1 S=$F9 depth=6 wb=$C000
  T $CEAC cb=-1 S=$F9 depth=7 wb=$C000
  C $CEAC cb=-1 S=$F9 depth=7 wb=$C000
  D $CDE7 cb=-1 S=$F9 depth=6 wb=$C000
  C $CDE7 cb=-1 S=$F9 depth=6 wb=$C000
  T $CEF0 cb=-1 S=$F9 depth=7 wb=$C000
  C $CEF0 cb=-1 S=$F9 depth=7 wb=$C000
  C $CD5F cb=-1 S=$F9 depth=8 wb=$C000
  C $CD7D cb=-1 S=$F9 depth=5 wb=$C000
  T $CDE7 cb=-1 S=$F9 depth=6 wb=$C000
  C $CDE7 cb=-1 S=$F9 depth=6 wb=$C000
  T $CE4C cb=-1 S=$F9 depth=7 wb=$C000
  C $CE4C cb=-1 S=$F9 depth=7 wb=$C000
  T $CD93 cb=-1 S=$F9 depth=8 wb=$C000
  C $CD93 cb=-1 S=$F9 depth=8 wb=$C000
  D $CDE7 cb=-1 S=$F9 depth=6 wb=$C000
  C $CDE7 cb=-1 S=$F9 depth=6 wb=$C000
  T $CEF0 cb=-1 S=$F9 depth=7 wb=$C000
  C $CEF0 cb=-1 S=$F9 depth=7 wb=$C000
  D $CDE7 cb=-1 S=$F9 depth=6 wb=$C000
  C $CDE7 cb=-1 S=$F9 depth=6 wb=$C000
  T $CEAC cb=-1 S=$F9 depth=7 wb=$C000
  C $CEAC cb=-1 S=$F9 depth=7 wb=$C000
  C $CD5F cb=-1 S=$F9 depth=8 wb=$C000
  T $FF01 cb=-1 S=$FB depth=8 wb=$C000
  C $FF01 cb=-1 S=$FB depth=8 wb=$C000
  C $CD7D cb=-1 S=$FB depth=5 wb=$C000
  T $CDE7 cb=-1 S=$FB depth=6 wb=$C000
  C $CDE7 cb=-1 S=$FB depth=6 wb=$C000
  T $CE78 cb=-1 S=$FB depth=7 wb=$C000
  C $CE78 cb=-1 S=$FB depth=7 wb=$C000
  C $CD5F cb=-1 S=$FB depth=8 wb=$C000
  T $2201 cb=-1 S=$FD depth=8 wb=$C000
  C $2201 cb=-1 S=$FD depth=8 wb=$C000
=== end dispatch fault ===

=== dispatch fault 5 frame=206 cycles=6404687 ===
target gen=$8801 cpu=$8801 bank=3 class=CODE call_site=$6200
cpu A=$00 X=$01 Y=$02 P=$00 S=$FB window=$8000 dispatch_depth=9 vblank_depth=2 ops=1878 budget=29781
mapper type=4 current_bank=3 mirroring=3 select=$07 irq_latch=$7F irq_counter=$00 irq_reload=1 irq_enabled=1
mapper_regs 3C 3E 00 00 00 00 06 07
caller func_CF25
caller2 func_CDE7
target_bytes F5 FB 87 FC 8D 88 F4 1C
stack_bytes 00 62 00 00 00 00 00 00 00 00 00 00 00 00 00 00
last_dispatches
  T $CD50 cb=-1 S=$F9 depth=6 wb=$C000
  C $CD50 cb=-1 S=$F9 depth=6 wb=$C000
  C $CD7D cb=-1 S=$F9 depth=5 wb=$C000
  T $CD50 cb=-1 S=$F9 depth=6 wb=$C000
  C $CD50 cb=-1 S=$F9 depth=6 wb=$C000
  C $CD30 cb=-1 S=$F9 depth=4 wb=$C000
  C $CC71 cb=-1 S=$F9 depth=4 wb=$C000
  C $CCDA cb=-1 S=$F9 depth=4 wb=$C000
  C $CC71 cb=-1 S=$F9 depth=4 wb=$C000
  T $CC61 cb=-1 S=$F9 depth=5 wb=$C000
  C $CC61 cb=-1 S=$F9 depth=5 wb=$C000
  C $CCDA cb=-1 S=$F9 depth=4 wb=$C000
  C $CC71 cb=-1 S=$F9 depth=4 wb=$C000
  C $CCDA cb=-1 S=$F9 depth=4 wb=$C000
  C $CC71 cb=-1 S=$F9 depth=4 wb=$C000
  T $CC61 cb=-1 S=$F9 depth=5 wb=$C000
  C $CC61 cb=-1 S=$F9 depth=5 wb=$C000
  n $0002 cb=-1 S=$FF depth=3 wb=$E000
  T $E9AE cb=-1 S=$F9 depth=3 wb=$E000
  C $E9AE cb=-1 S=$F9 depth=3 wb=$E000
  T $D9F0 cb=-1 S=$FF depth=3 wb=$E000
  C $D9F0 cb=-1 S=$FF depth=3 wb=$E000
  C $DBAF cb=-1 S=$FF depth=3 wb=$C000
  C $8021 cb=-1 S=$FF depth=4 wb=$C000
  T $89BF cb=6 S=$FF depth=5 wb=$8000
  C $89BF cb=6 S=$FF depth=5 wb=$8000
  T $8749 cb=-1 S=$FF depth=6 wb=$E000
  C $8749 cb=-1 S=$FF depth=6 wb=$E000
  T $8749 cb=-1 S=$FF depth=6 wb=$E000
  C $8749 cb=-1 S=$FF depth=6 wb=$E000
  T $8749 cb=-1 S=$FF depth=6 wb=$E000
  C $8749 cb=-1 S=$FF depth=6 wb=$E000
  T $8749 cb=-1 S=$FF depth=6 wb=$E000
  C $8749 cb=-1 S=$FF depth=6 wb=$E000
  C $DB65 cb=-1 S=$FF depth=3 wb=$C000
  C $DB92 cb=-1 S=$FF depth=3 wb=$C000
  C $D341 cb=-1 S=$FF depth=4 wb=$C000
  T $D377 cb=-1 S=$FF depth=4 wb=$C000
  C $D377 cb=-1 S=$FF depth=4 wb=$C000
  N $0002 cb=-1 S=$FC depth=3 wb=$E000
  C $DE39 cb=-1 S=$F9 depth=3 wb=$C000
  T $E11E cb=-1 S=$F9 depth=4 wb=$C000
  C $E11E cb=-1 S=$F9 depth=4 wb=$C000
  T $E11E cb=-1 S=$F9 depth=3 wb=$E000
  C $E11E cb=-1 S=$F9 depth=3 wb=$E000
  C $DCCE cb=-1 S=$F9 depth=3 wb=$C000
  C $CB25 cb=-1 S=$F9 depth=3 wb=$C000
  C $CD30 cb=-1 S=$F9 depth=4 wb=$C000
  C $CD7D cb=-1 S=$F9 depth=5 wb=$C000
  T $CD50 cb=-1 S=$F9 depth=6 wb=$C000
  C $CD50 cb=-1 S=$F9 depth=6 wb=$C000
  C $CD7D cb=-1 S=$F9 depth=5 wb=$C000
  T $CD50 cb=-1 S=$F9 depth=6 wb=$C000
  C $CD50 cb=-1 S=$F9 depth=6 wb=$C000
  C $CD7D cb=-1 S=$F9 depth=5 wb=$C000
  C $CD5F cb=-1 S=$F9 depth=6 wb=$C000
  C $CD7D cb=-1 S=$F9 depth=5 wb=$C000
  T $CDE7 cb=-1 S=$F9 depth=6 wb=$C000
  C $CDE7 cb=-1 S=$F9 depth=6 wb=$C000
  T $CF25 cb=-1 S=$F9 depth=7 wb=$C000
  C $CF25 cb=-1 S=$F9 depth=7 wb=$C000
  C $CD5F cb=-1 S=$F9 depth=8 wb=$C000
  T $8801 cb=-1 S=$FB depth=8 wb=$C000
  C $8801 cb=-1 S=$FB depth=8 wb=$C000
=== end dispatch fault ===

=== dispatch fault 6 frame=213 cycles=6612883 ===
target gen=$4C01 cpu=$4C01 bank=3 class=ZERO_FILLED call_site=$603F
cpu A=$00 X=$03 Y=$02 P=$00 S=$FB window=$C000 dispatch_depth=9 vblank_depth=2 ops=1610 budget=29780
mapper type=4 current_bank=3 mirroring=3 select=$07 irq_latch=$7F irq_counter=$00 irq_reload=1 irq_enabled=1
mapper_regs 3C 3E 00 00 00 00 06 07
caller func_CF25
caller2 func_CDE7
target_bytes 00 00 00 00 00 00 00 00
stack_bytes 3F 60 00 00 00 00 00 00 00 00 00 00 00 00 00 00
last_dispatches
  C $CD7D cb=-1 S=$F9 depth=5 wb=$C000
  T $CD50 cb=-1 S=$F9 depth=6 wb=$C000
  C $CD50 cb=-1 S=$F9 depth=6 wb=$C000
  C $CD7D cb=-1 S=$F9 depth=5 wb=$C000
  T $CD50 cb=-1 S=$F9 depth=6 wb=$C000
  C $CD50 cb=-1 S=$F9 depth=6 wb=$C000
  C $CD7D cb=-1 S=$F9 depth=5 wb=$C000
  T $CD50 cb=-1 S=$F9 depth=6 wb=$C000
  C $CD50 cb=-1 S=$F9 depth=6 wb=$C000
  C $CD30 cb=-1 S=$F9 depth=4 wb=$C000
  C $CC71 cb=-1 S=$F9 depth=4 wb=$C000
  C $CCDA cb=-1 S=$F9 depth=4 wb=$C000
  C $CC71 cb=-1 S=$F9 depth=4 wb=$C000
  T $CC61 cb=-1 S=$F9 depth=5 wb=$C000
  C $CC61 cb=-1 S=$F9 depth=5 wb=$C000
  C $CCDA cb=-1 S=$F9 depth=4 wb=$C000
  C $CC71 cb=-1 S=$F9 depth=4 wb=$C000
  T $CC61 cb=-1 S=$F9 depth=5 wb=$C000
  C $CC61 cb=-1 S=$F9 depth=5 wb=$C000
  C $CCDA cb=-1 S=$F9 depth=4 wb=$C000
  C $CC71 cb=-1 S=$F9 depth=4 wb=$C000
  T $CC61 cb=-1 S=$F9 depth=5 wb=$C000
  C $CC61 cb=-1 S=$F9 depth=5 wb=$C000
  n $0002 cb=-1 S=$FF depth=3 wb=$E000
  T $E9AE cb=-1 S=$F9 depth=3 wb=$E000
  C $E9AE cb=-1 S=$F9 depth=3 wb=$E000
  T $D9F0 cb=-1 S=$FF depth=3 wb=$E000
  C $D9F0 cb=-1 S=$FF depth=3 wb=$E000
  C $DBAF cb=-1 S=$FF depth=3 wb=$C000
  C $8021 cb=-1 S=$FF depth=4 wb=$C000
  T $89BF cb=6 S=$FF depth=5 wb=$8000
  C $89BF cb=6 S=$FF depth=5 wb=$8000
  T $8749 cb=-1 S=$FF depth=6 wb=$E000
  C $8749 cb=-1 S=$FF depth=6 wb=$E000
  T $8749 cb=-1 S=$FF depth=6 wb=$E000
  C $8749 cb=-1 S=$FF depth=6 wb=$E000
  T $8749 cb=-1 S=$FF depth=6 wb=$E000
  C $8749 cb=-1 S=$FF depth=6 wb=$E000
  T $8749 cb=-1 S=$FF depth=6 wb=$E000
  C $8749 cb=-1 S=$FF depth=6 wb=$E000
  C $DB65 cb=-1 S=$FF depth=3 wb=$C000
  C $DB92 cb=-1 S=$FF depth=3 wb=$C000
  C $D341 cb=-1 S=$FF depth=4 wb=$C000
  T $D377 cb=-1 S=$FF depth=4 wb=$C000
  C $D377 cb=-1 S=$FF depth=4 wb=$C000
  N $0002 cb=-1 S=$FC depth=3 wb=$E000
  C $DE39 cb=-1 S=$F9 depth=3 wb=$C000
  T $E11E cb=-1 S=$F9 depth=4 wb=$C000
  C $E11E cb=-1 S=$F9 depth=4 wb=$C000
  T $E11E cb=-1 S=$F9 depth=3 wb=$E000
  C $E11E cb=-1 S=$F9 depth=3 wb=$E000
  C $DCCE cb=-1 S=$F9 depth=3 wb=$C000
  C $CB25 cb=-1 S=$F9 depth=3 wb=$C000
  C $CD30 cb=-1 S=$F9 depth=4 wb=$C000
  C $CD7D cb=-1 S=$F9 depth=5 wb=$C000
  C $CD5F cb=-1 S=$F9 depth=6 wb=$C000
  C $CD7D cb=-1 S=$F9 depth=5 wb=$C000
  T $CDE7 cb=-1 S=$F9 depth=6 wb=$C000
  C $CDE7 cb=-1 S=$F9 depth=6 wb=$C000
  T $CF25 cb=-1 S=$F9 depth=7 wb=$C000
  C $CF25 cb=-1 S=$F9 depth=7 wb=$C000
  C $CD5F cb=-1 S=$F9 depth=8 wb=$C000
  T $4C01 cb=-1 S=$FB depth=8 wb=$C000
  C $4C01 cb=-1 S=$FB depth=8 wb=$C000
=== end dispatch fault ===

=== dispatch fault 7 frame=226 cycles=7000289 ===
target gen=$B801 cpu=$B801 bank=3 class=CODE call_site=$E08B
cpu A=$00 X=$01 Y=$02 P=$00 S=$FB window=$A000 dispatch_depth=9 vblank_depth=2 ops=1870 budget=29781
mapper type=4 current_bank=3 mirroring=3 select=$07 irq_latch=$7F irq_counter=$00 irq_reload=1 irq_enabled=1
mapper_regs 3C 3E 00 00 00 00 06 07
caller func_CF25
caller2 func_CDE7
target_bytes 06 00 28 46 A0 30 02 00
stack_bytes 8B E0 00 00 00 00 00 00 00 00 00 00 00 00 00 00
last_dispatches
  C $CD7D cb=-1 S=$F9 depth=5 wb=$C000
  T $CD50 cb=-1 S=$F9 depth=6 wb=$C000
  C $CD50 cb=-1 S=$F9 depth=6 wb=$C000
  C $CD30 cb=-1 S=$F9 depth=4 wb=$C000
  C $CC71 cb=-1 S=$F9 depth=4 wb=$C000
  C $CCDA cb=-1 S=$F9 depth=4 wb=$C000
  C $CC71 cb=-1 S=$F9 depth=4 wb=$C000
  T $CC61 cb=-1 S=$F9 depth=5 wb=$C000
  C $CC61 cb=-1 S=$F9 depth=5 wb=$C000
  C $CCDA cb=-1 S=$F9 depth=4 wb=$C000
  C $CC71 cb=-1 S=$F9 depth=4 wb=$C000
  T $CC61 cb=-1 S=$F9 depth=5 wb=$C000
  C $CC61 cb=-1 S=$F9 depth=5 wb=$C000
  C $CCDA cb=-1 S=$F9 depth=4 wb=$C000
  C $CC71 cb=-1 S=$F9 depth=4 wb=$C000
  T $CC61 cb=-1 S=$F9 depth=5 wb=$C000
  C $CC61 cb=-1 S=$F9 depth=5 wb=$C000
  n $0002 cb=-1 S=$FF depth=3 wb=$E000
  T $E9AE cb=-1 S=$F9 depth=3 wb=$E000
  C $E9AE cb=-1 S=$F9 depth=3 wb=$E000
  T $D9F0 cb=-1 S=$FF depth=3 wb=$E000
  C $D9F0 cb=-1 S=$FF depth=3 wb=$E000
  C $DBAF cb=-1 S=$FF depth=3 wb=$C000
  C $8021 cb=-1 S=$FF depth=4 wb=$C000
  T $89BF cb=6 S=$FF depth=5 wb=$8000
  C $89BF cb=6 S=$FF depth=5 wb=$8000
  T $8749 cb=-1 S=$FF depth=6 wb=$E000
  C $8749 cb=-1 S=$FF depth=6 wb=$E000
  T $8749 cb=-1 S=$FF depth=6 wb=$E000
  C $8749 cb=-1 S=$FF depth=6 wb=$E000
  T $8749 cb=-1 S=$FF depth=6 wb=$E000
  C $8749 cb=-1 S=$FF depth=6 wb=$E000
  T $8749 cb=-1 S=$FF depth=6 wb=$E000
  C $8749 cb=-1 S=$FF depth=6 wb=$E000
  C $DB65 cb=-1 S=$FF depth=3 wb=$C000
  C $DB92 cb=-1 S=$FF depth=3 wb=$C000
  C $D341 cb=-1 S=$FF depth=4 wb=$C000
  T $D377 cb=-1 S=$FF depth=4 wb=$C000
  C $D377 cb=-1 S=$FF depth=4 wb=$C000
  N $0002 cb=-1 S=$FC depth=3 wb=$E000
  C $DE39 cb=-1 S=$F9 depth=3 wb=$C000
  T $E11E cb=-1 S=$F9 depth=4 wb=$C000
  C $E11E cb=-1 S=$F9 depth=4 wb=$C000
  T $E11E cb=-1 S=$F9 depth=3 wb=$E000
  C $E11E cb=-1 S=$F9 depth=3 wb=$E000
  C $DCCE cb=-1 S=$F9 depth=3 wb=$C000
  C $CB25 cb=-1 S=$F9 depth=3 wb=$C000
  C $CD30 cb=-1 S=$F9 depth=4 wb=$C000
  C $CD7D cb=-1 S=$F9 depth=5 wb=$C000
  T $CD50 cb=-1 S=$F9 depth=6 wb=$C000
  C $CD50 cb=-1 S=$F9 depth=6 wb=$C000
  C $CD7D cb=-1 S=$F9 depth=5 wb=$C000
  T $CD50 cb=-1 S=$F9 depth=6 wb=$C000
  C $CD50 cb=-1 S=$F9 depth=6 wb=$C000
  C $CD7D cb=-1 S=$F9 depth=5 wb=$C000
  C $CD5F cb=-1 S=$F9 depth=6 wb=$C000
  C $CD7D cb=-1 S=$F9 depth=5 wb=$C000
  T $CDE7 cb=-1 S=$F9 depth=6 wb=$C000
  C $CDE7 cb=-1 S=$F9 depth=6 wb=$C000
  T $CF25 cb=-1 S=$F9 depth=7 wb=$C000
  C $CF25 cb=-1 S=$F9 depth=7 wb=$C000
  C $CD5F cb=-1 S=$F9 depth=8 wb=$C000
  T $B801 cb=-1 S=$FB depth=8 wb=$C000
  C $B801 cb=-1 S=$FB depth=8 wb=$C000
=== end dispatch fault ===

=== dispatch fault 8 frame=240 cycles=7417038 ===
target gen=$4001 cpu=$4001 bank=3 class=ZERO_FILLED call_site=$A084
cpu A=$00 X=$03 Y=$02 P=$00 S=$FB window=$C000 dispatch_depth=9 vblank_depth=2 ops=1692 budget=29781
mapper type=4 current_bank=3 mirroring=3 select=$07 irq_latch=$7F irq_counter=$00 irq_reload=1 irq_enabled=1
mapper_regs 3C 3E 00 00 00 00 06 07
caller func_CF25
caller2 func_CDE7
target_bytes 00 00 00 00 00 00 00 00
stack_bytes 84 A0 00 00 00 00 00 00 00 00 00 00 00 00 00 00
last_dispatches
  C $CD50 cb=-1 S=$F9 depth=6 wb=$C000
  C $CD7D cb=-1 S=$F9 depth=5 wb=$C000
  T $CD50 cb=-1 S=$F9 depth=6 wb=$C000
  C $CD50 cb=-1 S=$F9 depth=6 wb=$C000
  C $CD7D cb=-1 S=$F9 depth=5 wb=$C000
  T $CD50 cb=-1 S=$F9 depth=6 wb=$C000
  C $CD50 cb=-1 S=$F9 depth=6 wb=$C000
  C $CD30 cb=-1 S=$F9 depth=4 wb=$C000
  C $CC71 cb=-1 S=$F9 depth=4 wb=$C000
  C $CCDA cb=-1 S=$F9 depth=4 wb=$C000
  C $CC71 cb=-1 S=$F9 depth=4 wb=$C000
  T $CC61 cb=-1 S=$F9 depth=5 wb=$C000
  C $CC61 cb=-1 S=$F9 depth=5 wb=$C000
  C $CCDA cb=-1 S=$F9 depth=4 wb=$C000
  C $CC71 cb=-1 S=$F9 depth=4 wb=$C000
  C $CCDA cb=-1 S=$F9 depth=4 wb=$C000
  C $CC71 cb=-1 S=$F9 depth=4 wb=$C000
  T $CC61 cb=-1 S=$F9 depth=5 wb=$C000
  C $CC61 cb=-1 S=$F9 depth=5 wb=$C000
  n $0002 cb=-1 S=$FF depth=3 wb=$E000
  T $E9AE cb=-1 S=$F9 depth=3 wb=$E000
  C $E9AE cb=-1 S=$F9 depth=3 wb=$E000
  T $D9F0 cb=-1 S=$FF depth=3 wb=$E000
  C $D9F0 cb=-1 S=$FF depth=3 wb=$E000
  C $DBAF cb=-1 S=$FF depth=3 wb=$C000
  C $8021 cb=-1 S=$FF depth=4 wb=$C000
  T $89BF cb=6 S=$FF depth=5 wb=$8000
  C $89BF cb=6 S=$FF depth=5 wb=$8000
  T $8749 cb=-1 S=$FF depth=6 wb=$E000
  C $8749 cb=-1 S=$FF depth=6 wb=$E000
  T $8749 cb=-1 S=$FF depth=6 wb=$E000
  C $8749 cb=-1 S=$FF depth=6 wb=$E000
  T $8749 cb=-1 S=$FF depth=6 wb=$E000
  C $8749 cb=-1 S=$FF depth=6 wb=$E000
  T $8749 cb=-1 S=$FF depth=6 wb=$E000
  C $8749 cb=-1 S=$FF depth=6 wb=$E000
  C $DB65 cb=-1 S=$FF depth=3 wb=$C000
  C $DB92 cb=-1 S=$FF depth=3 wb=$C000
  C $D341 cb=-1 S=$FF depth=4 wb=$C000
  T $D377 cb=-1 S=$FF depth=4 wb=$C000
  C $D377 cb=-1 S=$FF depth=4 wb=$C000
  N $0002 cb=-1 S=$FC depth=3 wb=$E000
  C $DE39 cb=-1 S=$F9 depth=3 wb=$C000
  T $E11E cb=-1 S=$F9 depth=4 wb=$C000
  C $E11E cb=-1 S=$F9 depth=4 wb=$C000
  T $E11E cb=-1 S=$F9 depth=3 wb=$E000
  C $E11E cb=-1 S=$F9 depth=3 wb=$E000
  C $DCCE cb=-1 S=$F9 depth=3 wb=$C000
  C $CB25 cb=-1 S=$F9 depth=3 wb=$C000
  C $CD30 cb=-1 S=$F9 depth=4 wb=$C000
  C $CD7D cb=-1 S=$F9 depth=5 wb=$C000
  T $CDE7 cb=-1 S=$F9 depth=6 wb=$C000
  C $CDE7 cb=-1 S=$F9 depth=6 wb=$C000
  T $CF40 cb=-1 S=$F9 depth=7 wb=$C000
  C $CF40 cb=-1 S=$F9 depth=7 wb=$C000
  C $CD5F cb=-1 S=$F9 depth=8 wb=$C000
  C $CD7D cb=-1 S=$F9 depth=5 wb=$C000
  T $CDE7 cb=-1 S=$F9 depth=6 wb=$C000
  C $CDE7 cb=-1 S=$F9 depth=6 wb=$C000
  T $CF25 cb=-1 S=$F9 depth=7 wb=$C000
  C $CF25 cb=-1 S=$F9 depth=7 wb=$C000
  C $CD5F cb=-1 S=$F9 depth=8 wb=$C000
  T $4001 cb=-1 S=$FB depth=8 wb=$C000
  C $4001 cb=-1 S=$FB depth=8 wb=$C000
=== end dispatch fault ===

=== dispatch fault 9 frame=266 cycles=8191797 ===
target gen=$2301 cpu=$2301 bank=3 class=ZERO_FILLED call_site=$0000
cpu A=$00 X=$01 Y=$02 P=$00 S=$FD window=$C000 dispatch_depth=9 vblank_depth=2 ops=2158 budget=29781
mapper type=4 current_bank=3 mirroring=3 select=$07 irq_latch=$7F irq_counter=$00 irq_reload=1 irq_enabled=1
mapper_regs 3C 3E 00 00 00 00 06 07
caller func_CF25
caller2 func_CDE7
target_bytes 00 00 00 00 00 00 00 00
stack_bytes 00 00 00 00 00 00 00 00 00 00 00 00 00 00 00 00
last_dispatches
  C $CD30 cb=-1 S=$F9 depth=4 wb=$C000
  C $CC71 cb=-1 S=$F9 depth=4 wb=$C000
  C $CCDA cb=-1 S=$F9 depth=4 wb=$C000
  C $CC71 cb=-1 S=$F9 depth=4 wb=$C000
  T $CC61 cb=-1 S=$F9 depth=5 wb=$C000
  C $CC61 cb=-1 S=$F9 depth=5 wb=$C000
  C $CCDA cb=-1 S=$F9 depth=4 wb=$C000
  C $CC71 cb=-1 S=$F9 depth=4 wb=$C000
  C $CCDA cb=-1 S=$F9 depth=4 wb=$C000
  C $CC71 cb=-1 S=$F9 depth=4 wb=$C000
  T $CC61 cb=-1 S=$F9 depth=5 wb=$C000
  C $CC61 cb=-1 S=$F9 depth=5 wb=$C000
  n $0002 cb=-1 S=$FF depth=3 wb=$E000
  T $E9AE cb=-1 S=$F9 depth=3 wb=$E000
  C $E9AE cb=-1 S=$F9 depth=3 wb=$E000
  T $D9F0 cb=-1 S=$FF depth=3 wb=$E000
  C $D9F0 cb=-1 S=$FF depth=3 wb=$E000
  C $DBAF cb=-1 S=$FF depth=3 wb=$C000
  C $8021 cb=-1 S=$FF depth=4 wb=$C000
  T $89BF cb=6 S=$FF depth=5 wb=$8000
  C $89BF cb=6 S=$FF depth=5 wb=$8000
  T $8749 cb=-1 S=$FF depth=6 wb=$E000
  C $8749 cb=-1 S=$FF depth=6 wb=$E000
  T $8749 cb=-1 S=$FF depth=6 wb=$E000
  C $8749 cb=-1 S=$FF depth=6 wb=$E000
  T $8749 cb=-1 S=$FF depth=6 wb=$E000
  C $8749 cb=-1 S=$FF depth=6 wb=$E000
  T $8749 cb=-1 S=$FF depth=6 wb=$E000
  C $8749 cb=-1 S=$FF depth=6 wb=$E000
  C $DB65 cb=-1 S=$FF depth=3 wb=$C000
  C $DB92 cb=-1 S=$FF depth=3 wb=$C000
  C $D341 cb=-1 S=$FF depth=4 wb=$C000
  T $D377 cb=-1 S=$FF depth=4 wb=$C000
  C $D377 cb=-1 S=$FF depth=4 wb=$C000
  N $0002 cb=-1 S=$FC depth=3 wb=$E000
  C $DE39 cb=-1 S=$F9 depth=3 wb=$C000
  T $E11E cb=-1 S=$F9 depth=4 wb=$C000
  C $E11E cb=-1 S=$F9 depth=4 wb=$C000
  T $E11E cb=-1 S=$F9 depth=3 wb=$E000
  C $E11E cb=-1 S=$F9 depth=3 wb=$E000
  C $DCCE cb=-1 S=$F9 depth=3 wb=$C000
  C $CB25 cb=-1 S=$F9 depth=3 wb=$C000
  C $CD30 cb=-1 S=$F9 depth=4 wb=$C000
  C $CD7D cb=-1 S=$F9 depth=5 wb=$C000
  C $CD5F cb=-1 S=$F9 depth=6 wb=$C000
  C $CD7D cb=-1 S=$F9 depth=5 wb=$C000
  T $CDE7 cb=-1 S=$F9 depth=6 wb=$C000
  C $CDE7 cb=-1 S=$F9 depth=6 wb=$C000
  T $CF25 cb=-1 S=$F9 depth=7 wb=$C000
  C $CF25 cb=-1 S=$F9 depth=7 wb=$C000
  C $CD5F cb=-1 S=$F9 depth=8 wb=$C000
  T $1801 cb=-1 S=$FB depth=8 wb=$C000
  C $1801 cb=-1 S=$FB depth=8 wb=$C000
  I $1801 cb=-1 S=$FB depth=9 wb=$C000
  C $CD7D cb=-1 S=$FB depth=5 wb=$C000
  C $CD5F cb=-1 S=$FB depth=6 wb=$C000
  C $CD7D cb=-1 S=$FB depth=5 wb=$C000
  T $CDE7 cb=-1 S=$FB depth=6 wb=$C000
  C $CDE7 cb=-1 S=$FB depth=6 wb=$C000
  T $CF25 cb=-1 S=$FB depth=7 wb=$C000
  C $CF25 cb=-1 S=$FB depth=7 wb=$C000
  C $CD5F cb=-1 S=$FB depth=8 wb=$C000
  T $2301 cb=-1 S=$FD depth=8 wb=$C000
  C $2301 cb=-1 S=$FD depth=8 wb=$C000
=== end dispatch fault ===

=== dispatch fault 10 frame=286 cycles=8787115 ===
target gen=$4801 cpu=$4801 bank=3 class=ZERO_FILLED call_site=$2300
cpu A=$00 X=$01 Y=$02 P=$00 S=$FB window=$C000 dispatch_depth=9 vblank_depth=2 ops=1866 budget=29781
mapper type=4 current_bank=3 mirroring=3 select=$07 irq_latch=$7F irq_counter=$00 irq_reload=1 irq_enabled=1
mapper_regs 3C 3E 00 00 00 00 06 07
caller func_CF25
caller2 func_CDE7
target_bytes 00 00 00 00 00 00 00 00
stack_bytes 00 23 00 00 00 00 00 00 00 00 00 00 00 00 00 00
last_dispatches
  T $CD50 cb=-1 S=$F9 depth=6 wb=$C000
  C $CD50 cb=-1 S=$F9 depth=6 wb=$C000
  C $CD7D cb=-1 S=$F9 depth=5 wb=$C000
  T $CD50 cb=-1 S=$F9 depth=6 wb=$C000
  C $CD50 cb=-1 S=$F9 depth=6 wb=$C000
  C $CD30 cb=-1 S=$F9 depth=4 wb=$C000
  C $CC71 cb=-1 S=$F9 depth=4 wb=$C000
  C $CCDA cb=-1 S=$F9 depth=4 wb=$C000
  C $CC71 cb=-1 S=$F9 depth=4 wb=$C000
  T $CC61 cb=-1 S=$F9 depth=5 wb=$C000
  C $CC61 cb=-1 S=$F9 depth=5 wb=$C000
  C $CCDA cb=-1 S=$F9 depth=4 wb=$C000
  C $CC71 cb=-1 S=$F9 depth=4 wb=$C000
  C $CCDA cb=-1 S=$F9 depth=4 wb=$C000
  C $CC71 cb=-1 S=$F9 depth=4 wb=$C000
  T $CC61 cb=-1 S=$F9 depth=5 wb=$C000
  C $CC61 cb=-1 S=$F9 depth=5 wb=$C000
  n $0002 cb=-1 S=$FF depth=3 wb=$E000
  T $E9AE cb=-1 S=$F9 depth=3 wb=$E000
  C $E9AE cb=-1 S=$F9 depth=3 wb=$E000
  T $D9F0 cb=-1 S=$FF depth=3 wb=$E000
  C $D9F0 cb=-1 S=$FF depth=3 wb=$E000
  C $DBAF cb=-1 S=$FF depth=3 wb=$C000
  C $8021 cb=-1 S=$FF depth=4 wb=$C000
  T $89BF cb=6 S=$FF depth=5 wb=$8000
  C $89BF cb=6 S=$FF depth=5 wb=$8000
  T $8749 cb=-1 S=$FF depth=6 wb=$E000
  C $8749 cb=-1 S=$FF depth=6 wb=$E000
  T $8749 cb=-1 S=$FF depth=6 wb=$E000
  C $8749 cb=-1 S=$FF depth=6 wb=$E000
  T $8749 cb=-1 S=$FF depth=6 wb=$E000
  C $8749 cb=-1 S=$FF depth=6 wb=$E000
  T $8749 cb=-1 S=$FF depth=6 wb=$E000
  C $8749 cb=-1 S=$FF depth=6 wb=$E000
  C $DB65 cb=-1 S=$FF depth=3 wb=$C000
  C $DB92 cb=-1 S=$FF depth=3 wb=$C000
  C $D341 cb=-1 S=$FF depth=4 wb=$C000
  T $D377 cb=-1 S=$FF depth=4 wb=$C000
  C $D377 cb=-1 S=$FF depth=4 wb=$C000
  N $0002 cb=-1 S=$FC depth=3 wb=$E000
  C $DE39 cb=-1 S=$F9 depth=3 wb=$C000
  T $E11E cb=-1 S=$F9 depth=4 wb=$C000
  C $E11E cb=-1 S=$F9 depth=4 wb=$C000
  T $E11E cb=-1 S=$F9 depth=3 wb=$E000
  C $E11E cb=-1 S=$F9 depth=3 wb=$E000
  C $DCCE cb=-1 S=$F9 depth=3 wb=$C000
  C $CB25 cb=-1 S=$F9 depth=3 wb=$C000
  C $CD30 cb=-1 S=$F9 depth=4 wb=$C000
  C $CD7D cb=-1 S=$F9 depth=5 wb=$C000
  T $CD50 cb=-1 S=$F9 depth=6 wb=$C000
  C $CD50 cb=-1 S=$F9 depth=6 wb=$C000
  C $CD7D cb=-1 S=$F9 depth=5 wb=$C000
  T $CD50 cb=-1 S=$F9 depth=6 wb=$C000
  C $CD50 cb=-1 S=$F9 depth=6 wb=$C000
  C $CD7D cb=-1 S=$F9 depth=5 wb=$C000
  C $CD5F cb=-1 S=$F9 depth=6 wb=$C000
  C $CD7D cb=-1 S=$F9 depth=5 wb=$C000
  T $CDE7 cb=-1 S=$F9 depth=6 wb=$C000
  C $CDE7 cb=-1 S=$F9 depth=6 wb=$C000
  T $CF25 cb=-1 S=$F9 depth=7 wb=$C000
  C $CF25 cb=-1 S=$F9 depth=7 wb=$C000
  C $CD5F cb=-1 S=$F9 depth=8 wb=$C000
  T $4801 cb=-1 S=$FB depth=8 wb=$C000
  C $4801 cb=-1 S=$FB depth=8 wb=$C000
=== end dispatch fault ===

=== dispatch fault 11 frame=293 cycles=8995825 ===
target gen=$2062 cpu=$2062 bank=3 class=ZERO_FILLED call_site=$0000
cpu A=$00 X=$02 Y=$02 P=$00 S=$FD window=$C000 dispatch_depth=9 vblank_depth=2 ops=2112 budget=29780
mapper type=4 current_bank=3 mirroring=3 select=$07 irq_latch=$7F irq_counter=$00 irq_reload=1 irq_enabled=1
mapper_regs 3C 3E 00 00 00 00 06 07
caller func_CF30
caller2 func_CDE7
target_bytes 00 00 00 00 00 00 00 00
stack_bytes 00 00 00 00 00 00 00 00 00 00 00 00 00 00 00 00
last_dispatches
  T $CC61 cb=-1 S=$F9 depth=5 wb=$C000
  C $CC61 cb=-1 S=$F9 depth=5 wb=$C000
  C $CCDA cb=-1 S=$F9 depth=4 wb=$C000
  C $CC71 cb=-1 S=$F9 depth=4 wb=$C000
  T $CC61 cb=-1 S=$F9 depth=5 wb=$C000
  C $CC61 cb=-1 S=$F9 depth=5 wb=$C000
  n $0002 cb=-1 S=$FF depth=3 wb=$E000
  T $E9AE cb=-1 S=$F9 depth=3 wb=$E000
  C $E9AE cb=-1 S=$F9 depth=3 wb=$E000
  T $D9F0 cb=-1 S=$FF depth=3 wb=$E000
  C $D9F0 cb=-1 S=$FF depth=3 wb=$E000
  C $DBAF cb=-1 S=$FF depth=3 wb=$C000
  C $8021 cb=-1 S=$FF depth=4 wb=$C000
  T $89BF cb=6 S=$FF depth=5 wb=$8000
  C $89BF cb=6 S=$FF depth=5 wb=$8000
  T $8749 cb=-1 S=$FF depth=6 wb=$E000
  C $8749 cb=-1 S=$FF depth=6 wb=$E000
  T $8749 cb=-1 S=$FF depth=6 wb=$E000
  C $8749 cb=-1 S=$FF depth=6 wb=$E000
  T $8749 cb=-1 S=$FF depth=6 wb=$E000
  C $8749 cb=-1 S=$FF depth=6 wb=$E000
  T $8749 cb=-1 S=$FF depth=6 wb=$E000
  C $8749 cb=-1 S=$FF depth=6 wb=$E000
  C $DB65 cb=-1 S=$FF depth=3 wb=$C000
  C $DB92 cb=-1 S=$FF depth=3 wb=$C000
  C $D341 cb=-1 S=$FF depth=4 wb=$C000
  T $D377 cb=-1 S=$FF depth=4 wb=$C000
  C $D377 cb=-1 S=$FF depth=4 wb=$C000
  N $0002 cb=-1 S=$FC depth=3 wb=$E000
  C $DE39 cb=-1 S=$F9 depth=3 wb=$C000
  T $E11E cb=-1 S=$F9 depth=4 wb=$C000
  C $E11E cb=-1 S=$F9 depth=4 wb=$C000
  T $E11E cb=-1 S=$F9 depth=3 wb=$E000
  C $E11E cb=-1 S=$F9 depth=3 wb=$E000
  C $DCCE cb=-1 S=$F9 depth=3 wb=$C000
  C $CB25 cb=-1 S=$F9 depth=3 wb=$C000
  C $CD30 cb=-1 S=$F9 depth=4 wb=$C000
  C $CD7D cb=-1 S=$F9 depth=5 wb=$C000
  T $CDE7 cb=-1 S=$F9 depth=6 wb=$C000
  C $CDE7 cb=-1 S=$F9 depth=6 wb=$C000
  T $CF25 cb=-1 S=$F9 depth=7 wb=$C000
  C $CF25 cb=-1 S=$F9 depth=7 wb=$C000
  D $CDE7 cb=-1 S=$F9 depth=6 wb=$C000
  C $CDE7 cb=-1 S=$F9 depth=6 wb=$C000
  T $CEF0 cb=-1 S=$F9 depth=7 wb=$C000
  C $CEF0 cb=-1 S=$F9 depth=7 wb=$C000
  C $CD5F cb=-1 S=$F9 depth=8 wb=$C000
  C $CD7D cb=-1 S=$F9 depth=5 wb=$C000
  T $CDE7 cb=-1 S=$F9 depth=6 wb=$C000
  C $CDE7 cb=-1 S=$F9 depth=6 wb=$C000
  T $CF25 cb=-1 S=$F9 depth=7 wb=$C000
  C $CF25 cb=-1 S=$F9 depth=7 wb=$C000
  C $CD5F cb=-1 S=$F9 depth=8 wb=$C000
  T $0C01 cb=-1 S=$FB depth=8 wb=$C000
  C $0C01 cb=-1 S=$FB depth=8 wb=$C000
  I $0C01 cb=-1 S=$FB depth=9 wb=$C000
  C $CD7D cb=-1 S=$FB depth=5 wb=$C000
  T $CDE7 cb=-1 S=$FB depth=6 wb=$C000
  C $CDE7 cb=-1 S=$FB depth=6 wb=$C000
  T $CF30 cb=-1 S=$FB depth=7 wb=$C000
  C $CF30 cb=-1 S=$FB depth=7 wb=$C000
  C $CD5F cb=-1 S=$FB depth=8 wb=$C000
  T $2062 cb=-1 S=$FD depth=8 wb=$C000
  C $2062 cb=-1 S=$FD depth=8 wb=$C000
=== end dispatch fault ===

=== dispatch fault 12 frame=310 cycles=16203664 ===
target gen=$2064 cpu=$2064 bank=3 class=ZERO_FILLED call_site=$0000
cpu A=$00 X=$06 Y=$0A P=$00 S=$FD window=$C000 dispatch_depth=16 vblank_depth=2 ops=3070 budget=29780
mapper type=4 current_bank=3 mirroring=3 select=$07 irq_latch=$7F irq_counter=$00 irq_reload=1 irq_enabled=1
mapper_regs 3C 3E 00 00 00 00 06 07
caller func_CE78
caller2 func_CDE7
target_bytes 00 00 00 00 00 00 00 00
stack_bytes 00 00 00 00 00 00 00 00 00 00 00 00 00 00 00 00
last_dispatches
  C $8749 cb=-1 S=$FF depth=6 wb=$E000
  C $DB65 cb=-1 S=$FF depth=3 wb=$C000
  C $DB92 cb=-1 S=$FF depth=3 wb=$C000
  C $D341 cb=-1 S=$FF depth=4 wb=$C000
  T $D377 cb=-1 S=$FF depth=4 wb=$C000
  C $D377 cb=-1 S=$FF depth=4 wb=$C000
  N $0002 cb=-1 S=$FC depth=3 wb=$E000
  C $DE39 cb=-1 S=$F9 depth=3 wb=$C000
  T $E11E cb=-1 S=$F9 depth=4 wb=$C000
  C $E11E cb=-1 S=$F9 depth=4 wb=$C000
  T $E11E cb=-1 S=$F9 depth=3 wb=$E000
  C $E11E cb=-1 S=$F9 depth=3 wb=$E000
  C $DCCE cb=-1 S=$F9 depth=3 wb=$C000
  C $CB25 cb=-1 S=$F9 depth=3 wb=$C000
  C $CF72 cb=-1 S=$F9 depth=4 wb=$C000
  C $CFE4 cb=-1 S=$F9 depth=4 wb=$C000
  C $CD30 cb=-1 S=$F9 depth=4 wb=$C000
  C $CD30 cb=-1 S=$F9 depth=4 wb=$C000
  C $CD7D cb=-1 S=$F9 depth=5 wb=$C000
  T $CDE7 cb=-1 S=$F9 depth=6 wb=$C000
  C $CDE7 cb=-1 S=$F9 depth=6 wb=$C000
  T $CED7 cb=-1 S=$F9 depth=7 wb=$C000
  C $CED7 cb=-1 S=$F9 depth=7 wb=$C000
  D $CDE7 cb=-1 S=$F9 depth=6 wb=$C000
  C $CDE7 cb=-1 S=$F9 depth=6 wb=$C000
  T $CE78 cb=-1 S=$F9 depth=7 wb=$C000
  C $CE78 cb=-1 S=$F9 depth=7 wb=$C000
  C $CD5F cb=-1 S=$F9 depth=8 wb=$C000
  T $CC01 cb=-1 S=$FB depth=8 wb=$C000
  C $CC01 cb=-1 S=$FB depth=8 wb=$C000
  T $CBA8 cb=-1 S=$FB depth=9 wb=$C000
  C $CBA8 cb=-1 S=$FB depth=9 wb=$C000
  T $CB37 cb=-1 S=$FB depth=10 wb=$C000
  C $CB37 cb=-1 S=$FB depth=10 wb=$C000
  C $CD30 cb=-1 S=$FB depth=11 wb=$C000
  C $CD30 cb=-1 S=$FB depth=11 wb=$C000
  C $CD7D cb=-1 S=$FB depth=12 wb=$C000
  C $CD5F cb=-1 S=$FB depth=13 wb=$C000
  C $CD7D cb=-1 S=$FB depth=12 wb=$C000
  T $CDE7 cb=-1 S=$FB depth=13 wb=$C000
  C $CDE7 cb=-1 S=$FB depth=13 wb=$C000
  T $CE4C cb=-1 S=$FB depth=14 wb=$C000
  C $CE4C cb=-1 S=$FB depth=14 wb=$C000
  T $CD93 cb=-1 S=$FB depth=15 wb=$C000
  C $CD93 cb=-1 S=$FB depth=15 wb=$C000
  D $CDE7 cb=-1 S=$FB depth=13 wb=$C000
  C $CDE7 cb=-1 S=$FB depth=13 wb=$C000
  T $CE4C cb=-1 S=$FB depth=14 wb=$C000
  C $CE4C cb=-1 S=$FB depth=14 wb=$C000
  T $CD93 cb=-1 S=$FB depth=15 wb=$C000
  C $CD93 cb=-1 S=$FB depth=15 wb=$C000
  D $CDE7 cb=-1 S=$FB depth=13 wb=$C000
  C $CDE7 cb=-1 S=$FB depth=13 wb=$C000
  T $CE4C cb=-1 S=$FB depth=14 wb=$C000
  C $CE4C cb=-1 S=$FB depth=14 wb=$C000
  T $CD93 cb=-1 S=$FB depth=15 wb=$C000
  C $CD93 cb=-1 S=$FB depth=15 wb=$C000
  D $CDE7 cb=-1 S=$FB depth=13 wb=$C000
  C $CDE7 cb=-1 S=$FB depth=13 wb=$C000
  T $CE78 cb=-1 S=$FB depth=14 wb=$C000
  C $CE78 cb=-1 S=$FB depth=14 wb=$C000
  C $CD5F cb=-1 S=$FB depth=15 wb=$C000
  T $2064 cb=-1 S=$FD depth=15 wb=$C000
  C $2064 cb=-1 S=$FD depth=15 wb=$C000
=== end dispatch fault ===

=== dispatch fault 1 frame=0 cycles=124656 ===
target gen=$A009 cpu=$8009 bank=6 class=CODE call_site=$0000
cpu A=$0D X=$06 Y=$00 P=$00 S=$FF window=$8000 dispatch_depth=3 vblank_depth=0 ops=5534 budget=29781
mapper type=4 current_bank=6 mirroring=2 select=$06 irq_latch=$00 irq_counter=$00 irq_reload=0 irq_enabled=0
mapper_regs 00 00 00 00 00 00 0D 07
caller (none)
caller2 (none)
target_bytes 4C 15 80 4C 50 80 4C F1
stack_bytes 00 00 00 00 00 00 00 00 00 00 00 00 00 00 00 00
last_dispatches
  T $D269 cb=-1 S=$FD depth=0 wb=$E000
  C $D269 cb=-1 S=$FD depth=0 wb=$E000
  C $D2F6 cb=-1 S=$FF depth=1 wb=$C000
  C $CFBF cb=-1 S=$FF depth=1 wb=$C000
  C $CFF3 cb=-1 S=$FF depth=2 wb=$C000
  T $D406 cb=-1 S=$FF depth=1 wb=$C000
  C $D406 cb=-1 S=$FF depth=1 wb=$C000
  C $8009 cb=-1 S=$FF depth=2 wb=$C000
=== end dispatch fault ===

=== dispatch fault 2 frame=0 cycles=191343 ===
target gen=$A003 cpu=$8003 bank=6 class=CODE call_site=$0000
cpu A=$05 X=$10 Y=$00 P=$00 S=$FF window=$8000 dispatch_depth=4 vblank_depth=0 ops=12659 budget=29780
mapper type=4 current_bank=6 mirroring=3 select=$07 irq_latch=$00 irq_counter=$00 irq_reload=0 irq_enabled=0
mapper_regs 00 00 00 00 00 00 0D 05
caller (none)
caller2 (none)
target_bytes 4C 85 86 4C 95 87 4C 15
stack_bytes 00 00 00 00 00 00 00 00 00 00 00 00 00 00 00 00
last_dispatches
  C $884E cb=6 S=$FF depth=6 wb=$8000
  C $884E cb=6 S=$FF depth=6 wb=$8000
  C $884E cb=6 S=$FF depth=6 wb=$8000
  C $884E cb=6 S=$FF depth=6 wb=$8000
  C $884E cb=6 S=$FF depth=6 wb=$8000
  C $884E cb=6 S=$FF depth=6 wb=$8000
  C $884E cb=6 S=$FF depth=6 wb=$8000
  C $884E cb=6 S=$FF depth=6 wb=$8000
  C $884E cb=6 S=$FF depth=6 wb=$8000
  C $884E cb=6 S=$FF depth=6 wb=$8000
  C $884E cb=6 S=$FF depth=6 wb=$8000
  C $884E cb=6 S=$FF depth=6 wb=$8000
  C $884E cb=6 S=$FF depth=6 wb=$8000
  C $884E cb=6 S=$FF depth=6 wb=$8000
  C $884E cb=6 S=$FF depth=6 wb=$8000
  C $884E cb=6 S=$FF depth=6 wb=$8000
  C $884E cb=6 S=$FF depth=6 wb=$8000
  C $884E cb=6 S=$FF depth=6 wb=$8000
  C $884E cb=6 S=$FF depth=6 wb=$8000
  C $884E cb=6 S=$FF depth=6 wb=$8000
  C $884E cb=6 S=$FF depth=6 wb=$8000
  C $884E cb=6 S=$FF depth=6 wb=$8000
  C $884E cb=6 S=$FF depth=6 wb=$8000
  C $884E cb=6 S=$FF depth=6 wb=$8000
  C $884E cb=6 S=$FF depth=6 wb=$8000
  C $884E cb=6 S=$FF depth=6 wb=$8000
  C $884E cb=6 S=$FF depth=6 wb=$8000
  C $884E cb=6 S=$FF depth=6 wb=$8000
  C $884E cb=6 S=$FF depth=6 wb=$8000
  C $884E cb=6 S=$FF depth=6 wb=$8000
  C $884E cb=6 S=$FF depth=6 wb=$8000
  C $884E cb=6 S=$FF depth=6 wb=$8000
  C $884E cb=6 S=$FF depth=6 wb=$8000
  C $884E cb=6 S=$FF depth=6 wb=$8000
  C $884E cb=6 S=$FF depth=6 wb=$8000
  C $884E cb=6 S=$FF depth=6 wb=$8000
  C $884E cb=6 S=$FF depth=6 wb=$8000
  C $884E cb=6 S=$FF depth=6 wb=$8000
  C $884E cb=6 S=$FF depth=6 wb=$8000
  C $884E cb=6 S=$FF depth=6 wb=$8000
  C $884E cb=6 S=$FF depth=6 wb=$8000
  C $884E cb=6 S=$FF depth=6 wb=$8000
  C $884E cb=6 S=$FF depth=6 wb=$8000
  C $884E cb=6 S=$FF depth=6 wb=$8000
  C $884E cb=6 S=$FF depth=6 wb=$8000
  C $884E cb=6 S=$FF depth=6 wb=$8000
  C $884E cb=6 S=$FF depth=6 wb=$8000
  C $884E cb=6 S=$FF depth=6 wb=$8000
  C $884E cb=6 S=$FF depth=6 wb=$8000
  C $884E cb=6 S=$FF depth=6 wb=$8000
  C $884E cb=6 S=$FF depth=6 wb=$8000
  C $884E cb=6 S=$FF depth=6 wb=$8000
  C $884E cb=6 S=$FF depth=6 wb=$8000
  C $884E cb=6 S=$FF depth=6 wb=$8000
  C $884E cb=6 S=$FF depth=6 wb=$8000
  C $884E cb=6 S=$FF depth=6 wb=$8000
  C $884E cb=6 S=$FF depth=6 wb=$8000
  C $884E cb=6 S=$FF depth=6 wb=$8000
  C $884E cb=6 S=$FF depth=6 wb=$8000
  C $884E cb=6 S=$FF depth=6 wb=$8000
  C $884E cb=6 S=$FF depth=6 wb=$8000
  C $884E cb=6 S=$FF depth=6 wb=$8000
  C $884E cb=6 S=$FF depth=6 wb=$8000
  C $8003 cb=-1 S=$FF depth=3 wb=$C000
=== end dispatch fault ===

=== dispatch fault 3 frame=221 cycles=6851978 ===
target gen=$FF01 cpu=$FF01 bank=7 class=ZERO_FILLED call_site=$A0BE
cpu A=$00 X=$03 Y=$04 P=$00 S=$FB window=$E000 dispatch_depth=9 vblank_depth=2 ops=2462 budget=29781
mapper type=4 current_bank=3 mirroring=3 select=$07 irq_latch=$7F irq_counter=$00 irq_reload=1 irq_enabled=1
mapper_regs 3C 3E 00 00 00 00 06 07
caller func_CEAC
caller2 func_CDE7
target_bytes 00 00 00 00 00 00 00 00
stack_bytes BE A0 00 00 00 00 00 00 00 00 00 00 00 00 00 00
last_dispatches
  C $884E cb=6 S=$FF depth=6 wb=$8000
  C $884E cb=6 S=$FF depth=6 wb=$8000
  C $884E cb=6 S=$FF depth=6 wb=$8000
  C $884E cb=6 S=$FF depth=6 wb=$8000
  C $884E cb=6 S=$FF depth=6 wb=$8000
  C $884E cb=6 S=$FF depth=6 wb=$8000
  C $884E cb=6 S=$FF depth=6 wb=$8000
  C $884E cb=6 S=$FF depth=6 wb=$8000
  C $DB92 cb=-1 S=$FF depth=3 wb=$C000
  C $D341 cb=-1 S=$FF depth=4 wb=$C000
  T $D377 cb=-1 S=$FF depth=4 wb=$C000
  C $D377 cb=-1 S=$FF depth=4 wb=$C000
  C $DC27 cb=-1 S=$FF depth=3 wb=$C000
  C $DBAF cb=-1 S=$FF depth=3 wb=$C000
  C $8021 cb=-1 S=$FF depth=4 wb=$C000
  T $89BF cb=6 S=$FF depth=5 wb=$8000
  C $89BF cb=6 S=$FF depth=5 wb=$8000
  T $89DD cb=-1 S=$FF depth=6 wb=$E000
  C $89DD cb=-1 S=$FF depth=6 wb=$E000
  T $89DD cb=-1 S=$FF depth=6 wb=$E000
  C $89DD cb=-1 S=$FF depth=6 wb=$E000
  T $89DD cb=-1 S=$FF depth=6 wb=$E000
  C $89DD cb=-1 S=$FF depth=6 wb=$E000
  T $89DD cb=-1 S=$FF depth=6 wb=$E000
  C $89DD cb=-1 S=$FF depth=6 wb=$E000
  N $0002 cb=-1 S=$FC depth=3 wb=$E000
  C $DE39 cb=-1 S=$F9 depth=3 wb=$C000
  T $E11E cb=-1 S=$F9 depth=4 wb=$C000
  C $E11E cb=-1 S=$F9 depth=4 wb=$C000
  T $E11E cb=-1 S=$F9 depth=3 wb=$E000
  C $E11E cb=-1 S=$F9 depth=3 wb=$E000
  C $DCCE cb=-1 S=$F9 depth=3 wb=$C000
  C $CB25 cb=-1 S=$F9 depth=3 wb=$C000
  C $CF72 cb=-1 S=$F9 depth=4 wb=$C000
  C $CFF3 cb=-1 S=$F9 depth=4 wb=$C000
  C $CD30 cb=-1 S=$F9 depth=4 wb=$C000
  C $CD7D cb=-1 S=$F9 depth=5 wb=$C000
  T $CDE7 cb=-1 S=$F9 depth=6 wb=$C000
  C $CDE7 cb=-1 S=$F9 depth=6 wb=$C000
  T $CEAC cb=-1 S=$F9 depth=7 wb=$C000
  C $CEAC cb=-1 S=$F9 depth=7 wb=$C000
  D $CDE7 cb=-1 S=$F9 depth=6 wb=$C000
  C $CDE7 cb=-1 S=$F9 depth=6 wb=$C000
  T $CEF0 cb=-1 S=$F9 depth=7 wb=$C000
  C $CEF0 cb=-1 S=$F9 depth=7 wb=$C000
  C $CD5F cb=-1 S=$F9 depth=8 wb=$C000
  C $CD7D cb=-1 S=$F9 depth=5 wb=$C000
  T $CDE7 cb=-1 S=$F9 depth=6 wb=$C000
  C $CDE7 cb=-1 S=$F9 depth=6 wb=$C000
  T $CE4C cb=-1 S=$F9 depth=7 wb=$C000
  C $CE4C cb=-1 S=$F9 depth=7 wb=$C000
  T $CD93 cb=-1 S=$F9 depth=8 wb=$C000
  C $CD93 cb=-1 S=$F9 depth=8 wb=$C000
  D $CDE7 cb=-1 S=$F9 depth=6 wb=$C000
  C $CDE7 cb=-1 S=$F9 depth=6 wb=$C000
  T $CEF0 cb=-1 S=$F9 depth=7 wb=$C000
  C $CEF0 cb=-1 S=$F9 depth=7 wb=$C000
  D $CDE7 cb=-1 S=$F9 depth=6 wb=$C000
  C $CDE7 cb=-1 S=$F9 depth=6 wb=$C000
  T $CEAC cb=-1 S=$F9 depth=7 wb=$C000
  C $CEAC cb=-1 S=$F9 depth=7 wb=$C000
  C $CD5F cb=-1 S=$F9 depth=8 wb=$C000
  T $FF01 cb=-1 S=$FB depth=8 wb=$C000
  C $FF01 cb=-1 S=$FB depth=8 wb=$C000
=== end dispatch fault ===

=== dispatch fault 4 frame=222 cycles=6882000 ===
target gen=$4801 cpu=$4801 bank=3 class=ZERO_FILLED call_site=$204C
cpu A=$00 X=$00 Y=$15 P=$00 S=$FB window=$C000 dispatch_depth=9 vblank_depth=2 ops=2703 budget=29780
mapper type=4 current_bank=3 mirroring=3 select=$07 irq_latch=$7F irq_counter=$00 irq_reload=1 irq_enabled=1
mapper_regs 3C 3E 00 00 00 00 06 07
caller func_CEAC
caller2 func_CDE7
target_bytes 00 00 00 00 00 00 00 00
stack_bytes 4C 20 00 00 00 00 00 00 00 00 00 00 00 00 00 00
last_dispatches
  C $CB25 cb=-1 S=$F9 depth=3 wb=$C000
  C $CD30 cb=-1 S=$F9 depth=4 wb=$C000
  C $CD7D cb=-1 S=$F9 depth=5 wb=$C000
  T $CD50 cb=-1 S=$F9 depth=6 wb=$C000
  C $CD50 cb=-1 S=$F9 depth=6 wb=$C000
  C $CD7D cb=-1 S=$F9 depth=5 wb=$C000
  T $CD50 cb=-1 S=$F9 depth=6 wb=$C000
  C $CD50 cb=-1 S=$F9 depth=6 wb=$C000
  C $CD7D cb=-1 S=$F9 depth=5 wb=$C000
  T $CD50 cb=-1 S=$F9 depth=6 wb=$C000
  C $CD50 cb=-1 S=$F9 depth=6 wb=$C000
  C $CD7D cb=-1 S=$F9 depth=5 wb=$C000
  T $CD50 cb=-1 S=$F9 depth=6 wb=$C000
  C $CD50 cb=-1 S=$F9 depth=6 wb=$C000
  C $CD7D cb=-1 S=$F9 depth=5 wb=$C000
  T $CDE7 cb=-1 S=$F9 depth=6 wb=$C000
  C $CDE7 cb=-1 S=$F9 depth=6 wb=$C000
  T $CED7 cb=-1 S=$F9 depth=7 wb=$C000
  C $CED7 cb=-1 S=$F9 depth=7 wb=$C000
  D $CDE7 cb=-1 S=$F9 depth=6 wb=$C000
  C $CDE7 cb=-1 S=$F9 depth=6 wb=$C000
  T $CE4C cb=-1 S=$F9 depth=7 wb=$C000
  C $CE4C cb=-1 S=$F9 depth=7 wb=$C000
  T $CD93 cb=-1 S=$F9 depth=8 wb=$C000
  C $CD93 cb=-1 S=$F9 depth=8 wb=$C000
  D $CDE7 cb=-1 S=$F9 depth=6 wb=$C000
  C $CDE7 cb=-1 S=$F9 depth=6 wb=$C000
  T $CE4C cb=-1 S=$F9 depth=7 wb=$C000
  C $CE4C cb=-1 S=$F9 depth=7 wb=$C000
  T $CD93 cb=-1 S=$F9 depth=8 wb=$C000
  C $CD93 cb=-1 S=$F9 depth=8 wb=$C000
  D $CDE7 cb=-1 S=$F9 depth=6 wb=$C000
  C $CDE7 cb=-1 S=$F9 depth=6 wb=$C000
  T $CE4C cb=-1 S=$F9 depth=7 wb=$C000
  C $CE4C cb=-1 S=$F9 depth=7 wb=$C000
  T $CD93 cb=-1 S=$F9 depth=8 wb=$C000
  C $CD93 cb=-1 S=$F9 depth=8 wb=$C000
  D $CDE7 cb=-1 S=$F9 depth=6 wb=$C000
  C $CDE7 cb=-1 S=$F9 depth=6 wb=$C000
  T $CE78 cb=-1 S=$F9 depth=7 wb=$C000
  C $CE78 cb=-1 S=$F9 depth=7 wb=$C000
  D $CDE7 cb=-1 S=$F9 depth=6 wb=$C000
  C $CDE7 cb=-1 S=$F9 depth=6 wb=$C000
  T $CE78 cb=-1 S=$F9 depth=7 wb=$C000
  C $CE78 cb=-1 S=$F9 depth=7 wb=$C000
  D $CDE7 cb=-1 S=$F9 depth=6 wb=$C000
  C $CDE7 cb=-1 S=$F9 depth=6 wb=$C000
  T $CECE cb=-1 S=$F9 depth=7 wb=$C000
  C $CECE cb=-1 S=$F9 depth=7 wb=$C000
  D $CDE7 cb=-1 S=$F9 depth=6 wb=$C000
  C $CDE7 cb=-1 S=$F9 depth=6 wb=$C000
  T $CE9C cb=-1 S=$F9 depth=7 wb=$C000
  C $CE9C cb=-1 S=$F9 depth=7 wb=$C000
  D $CDE7 cb=-1 S=$F9 depth=6 wb=$C000
  C $CDE7 cb=-1 S=$F9 depth=6 wb=$C000
  T $CEAC cb=-1 S=$F9 depth=7 wb=$C000
  C $CEAC cb=-1 S=$F9 depth=7 wb=$C000
  D $CDE7 cb=-1 S=$F9 depth=6 wb=$C000
  C $CDE7 cb=-1 S=$F9 depth=6 wb=$C000
  T $CEAC cb=-1 S=$F9 depth=7 wb=$C000
  C $CEAC cb=-1 S=$F9 depth=7 wb=$C000
  C $CD5F cb=-1 S=$F9 depth=8 wb=$C000
  T $4801 cb=-1 S=$FB depth=8 wb=$C000
  C $4801 cb=-1 S=$FB depth=8 wb=$C000
=== end dispatch fault ===

=== dispatch fault 5 frame=1908 cycles=63830833 ===
target gen=$8A35 cpu=$8A35 bank=6 class=CODE call_site=$140D
cpu A=$8A X=$02 Y=$03 P=$00 S=$FF window=$8000 dispatch_depth=10 vblank_depth=0 ops=11217 budget=29781
mapper type=4 current_bank=6 mirroring=2 select=$06 irq_latch=$17 irq_counter=$0F irq_reload=0 irq_enabled=0
mapper_regs 02 02 00 00 2B 05 0C 0B
caller func_EDF6
caller2 func_EDF6
target_bytes BD AD 03 10 18 20 0C 8A
stack_bytes 0D 14 1D 25 2C 32 35 39 39 3F 43 47 4B 4F 43 47
last_dispatches
  C $D756 cb=-1 S=$FF depth=5 wb=$C000
  C $D796 cb=-1 S=$FF depth=6 wb=$C000
  T $D7C4 cb=-1 S=$FF depth=7 wb=$E000
  C $D7C4 cb=-1 S=$FF depth=7 wb=$E000
  C $8009 cb=-1 S=$FF depth=8 wb=$C000
  T $90D6 cb=5 S=$FF depth=9 wb=$8000
  C $90D6 cb=5 S=$FF depth=9 wb=$8000
  C $8000 cb=-1 S=$FF depth=8 wb=$C000
  T $8EFF cb=5 S=$FF depth=9 wb=$8000
  C $8EFF cb=5 S=$FF depth=9 wb=$8000
  C $8F19 cb=5 S=$FF depth=10 wb=$8000
  T $F370 cb=-1 S=$FF depth=11 wb=$8000
  C $F370 cb=-1 S=$FF depth=11 wb=$8000
  T $F3F2 cb=-1 S=$FF depth=12 wb=$E000
  C $F3F2 cb=-1 S=$FF depth=12 wb=$E000
  T $F458 cb=-1 S=$FF depth=12 wb=$E000
  C $F458 cb=-1 S=$FF depth=12 wb=$E000
  T $E11E cb=-1 S=$FF depth=12 wb=$E000
  C $E11E cb=-1 S=$FF depth=12 wb=$E000
  C $8F29 cb=5 S=$FF depth=10 wb=$8000
  T $9B6E cb=5 S=$FF depth=11 wb=$8000
  C $9B6E cb=5 S=$FF depth=11 wb=$8000
  C $8F19 cb=5 S=$FF depth=10 wb=$8000
  T $F321 cb=-1 S=$FF depth=11 wb=$8000
  C $F321 cb=-1 S=$FF depth=11 wb=$8000
  C $8F29 cb=5 S=$FF depth=10 wb=$8000
  T $8F18 cb=5 S=$FF depth=11 wb=$8000
  C $8F18 cb=5 S=$FF depth=11 wb=$8000
  C $8003 cb=-1 S=$FF depth=8 wb=$C000
  T $8F55 cb=5 S=$FF depth=9 wb=$8000
  C $8F55 cb=5 S=$FF depth=9 wb=$8000
  T $8006 cb=-1 S=$FF depth=8 wb=$C000
  C $8006 cb=-1 S=$FF depth=8 wb=$C000
  T $9015 cb=5 S=$FF depth=9 wb=$8000
  C $9015 cb=5 S=$FF depth=9 wb=$8000
  C $904E cb=5 S=$FF depth=10 wb=$8000
  T $9014 cb=-1 S=$FF depth=11 wb=$8000
  C $9014 cb=-1 S=$FF depth=11 wb=$8000
  C $9083 cb=5 S=$FF depth=10 wb=$8000
  C $904E cb=5 S=$FF depth=10 wb=$8000
  T $9014 cb=-1 S=$FF depth=11 wb=$8000
  C $9014 cb=-1 S=$FF depth=11 wb=$8000
  C $9083 cb=5 S=$FF depth=10 wb=$8000
  C $9060 cb=5 S=$FF depth=10 wb=$8000
  T $9B6E cb=5 S=$FF depth=11 wb=$8000
  C $9B6E cb=5 S=$FF depth=11 wb=$8000
  C $9060 cb=5 S=$FF depth=10 wb=$8000
  T $9B6E cb=5 S=$FF depth=11 wb=$8000
  C $9B6E cb=5 S=$FF depth=11 wb=$8000
  T $D377 cb=-1 S=$FF depth=7 wb=$C000
  C $D377 cb=-1 S=$FF depth=7 wb=$C000
  C $8000 cb=-1 S=$FF depth=6 wb=$C000
  T $871D cb=6 S=$FF depth=7 wb=$8000
  C $871D cb=6 S=$FF depth=7 wb=$8000
  C $8BBE cb=6 S=$FF depth=8 wb=$8000
  C $874A cb=6 S=$FF depth=8 wb=$8000
  T $8749 cb=-1 S=$FF depth=9 wb=$8000
  C $8749 cb=-1 S=$FF depth=9 wb=$8000
  T $89BF cb=-1 S=$FF depth=8 wb=$8000
  C $89BF cb=-1 S=$FF depth=8 wb=$8000
  T $8749 cb=-1 S=$FF depth=9 wb=$E000
  C $8749 cb=-1 S=$FF depth=9 wb=$E000
  T $8A35 cb=-1 S=$FF depth=9 wb=$E000
  C $8A35 cb=-1 S=$FF depth=9 wb=$E000
=== end dispatch fault ===

=== dispatch fault 1 frame=0 cycles=124656 ===
target gen=$A009 cpu=$8009 bank=6 class=CODE call_site=$0000
cpu A=$0D X=$06 Y=$00 P=$00 S=$FF window=$8000 dispatch_depth=3 vblank_depth=0 ops=5534 budget=29781
mapper type=4 current_bank=6 mirroring=2 select=$06 irq_latch=$00 irq_counter=$00 irq_reload=0 irq_enabled=0
mapper_regs 00 00 00 00 00 00 0D 07
caller (none)
caller2 (none)
target_bytes 4C 15 80 4C 50 80 4C F1
stack_bytes 00 00 00 00 00 00 00 00 00 00 00 00 00 00 00 00
last_dispatches
  T $D269 cb=-1 S=$FD depth=0 wb=$E000
  C $D269 cb=-1 S=$FD depth=0 wb=$E000
  C $D2F6 cb=-1 S=$FF depth=1 wb=$C000
  C $CFBF cb=-1 S=$FF depth=1 wb=$C000
  C $CFF3 cb=-1 S=$FF depth=2 wb=$C000
  T $D406 cb=-1 S=$FF depth=1 wb=$C000
  C $D406 cb=-1 S=$FF depth=1 wb=$C000
  C $8009 cb=-1 S=$FF depth=2 wb=$C000
=== end dispatch fault ===

=== dispatch fault 2 frame=0 cycles=191343 ===
target gen=$A003 cpu=$8003 bank=6 class=CODE call_site=$0000
cpu A=$05 X=$10 Y=$00 P=$00 S=$FF window=$8000 dispatch_depth=4 vblank_depth=0 ops=12659 budget=29780
mapper type=4 current_bank=6 mirroring=3 select=$07 irq_latch=$00 irq_counter=$00 irq_reload=0 irq_enabled=0
mapper_regs 00 00 00 00 00 00 0D 05
caller (none)
caller2 (none)
target_bytes 4C 85 86 4C 95 87 4C 15
stack_bytes 00 00 00 00 00 00 00 00 00 00 00 00 00 00 00 00
last_dispatches
  C $884E cb=6 S=$FF depth=6 wb=$8000
  C $884E cb=6 S=$FF depth=6 wb=$8000
  C $884E cb=6 S=$FF depth=6 wb=$8000
  C $884E cb=6 S=$FF depth=6 wb=$8000
  C $884E cb=6 S=$FF depth=6 wb=$8000
  C $884E cb=6 S=$FF depth=6 wb=$8000
  C $884E cb=6 S=$FF depth=6 wb=$8000
  C $884E cb=6 S=$FF depth=6 wb=$8000
  C $884E cb=6 S=$FF depth=6 wb=$8000
  C $884E cb=6 S=$FF depth=6 wb=$8000
  C $884E cb=6 S=$FF depth=6 wb=$8000
  C $884E cb=6 S=$FF depth=6 wb=$8000
  C $884E cb=6 S=$FF depth=6 wb=$8000
  C $884E cb=6 S=$FF depth=6 wb=$8000
  C $884E cb=6 S=$FF depth=6 wb=$8000
  C $884E cb=6 S=$FF depth=6 wb=$8000
  C $884E cb=6 S=$FF depth=6 wb=$8000
  C $884E cb=6 S=$FF depth=6 wb=$8000
  C $884E cb=6 S=$FF depth=6 wb=$8000
  C $884E cb=6 S=$FF depth=6 wb=$8000
  C $884E cb=6 S=$FF depth=6 wb=$8000
  C $884E cb=6 S=$FF depth=6 wb=$8000
  C $884E cb=6 S=$FF depth=6 wb=$8000
  C $884E cb=6 S=$FF depth=6 wb=$8000
  C $884E cb=6 S=$FF depth=6 wb=$8000
  C $884E cb=6 S=$FF depth=6 wb=$8000
  C $884E cb=6 S=$FF depth=6 wb=$8000
  C $884E cb=6 S=$FF depth=6 wb=$8000
  C $884E cb=6 S=$FF depth=6 wb=$8000
  C $884E cb=6 S=$FF depth=6 wb=$8000
  C $884E cb=6 S=$FF depth=6 wb=$8000
  C $884E cb=6 S=$FF depth=6 wb=$8000
  C $884E cb=6 S=$FF depth=6 wb=$8000
  C $884E cb=6 S=$FF depth=6 wb=$8000
  C $884E cb=6 S=$FF depth=6 wb=$8000
  C $884E cb=6 S=$FF depth=6 wb=$8000
  C $884E cb=6 S=$FF depth=6 wb=$8000
  C $884E cb=6 S=$FF depth=6 wb=$8000
  C $884E cb=6 S=$FF depth=6 wb=$8000
  C $884E cb=6 S=$FF depth=6 wb=$8000
  C $884E cb=6 S=$FF depth=6 wb=$8000
  C $884E cb=6 S=$FF depth=6 wb=$8000
  C $884E cb=6 S=$FF depth=6 wb=$8000
  C $884E cb=6 S=$FF depth=6 wb=$8000
  C $884E cb=6 S=$FF depth=6 wb=$8000
  C $884E cb=6 S=$FF depth=6 wb=$8000
  C $884E cb=6 S=$FF depth=6 wb=$8000
  C $884E cb=6 S=$FF depth=6 wb=$8000
  C $884E cb=6 S=$FF depth=6 wb=$8000
  C $884E cb=6 S=$FF depth=6 wb=$8000
  C $884E cb=6 S=$FF depth=6 wb=$8000
  C $884E cb=6 S=$FF depth=6 wb=$8000
  C $884E cb=6 S=$FF depth=6 wb=$8000
  C $884E cb=6 S=$FF depth=6 wb=$8000
  C $884E cb=6 S=$FF depth=6 wb=$8000
  C $884E cb=6 S=$FF depth=6 wb=$8000
  C $884E cb=6 S=$FF depth=6 wb=$8000
  C $884E cb=6 S=$FF depth=6 wb=$8000
  C $884E cb=6 S=$FF depth=6 wb=$8000
  C $884E cb=6 S=$FF depth=6 wb=$8000
  C $884E cb=6 S=$FF depth=6 wb=$8000
  C $884E cb=6 S=$FF depth=6 wb=$8000
  C $884E cb=6 S=$FF depth=6 wb=$8000
  C $8003 cb=-1 S=$FF depth=3 wb=$C000
=== end dispatch fault ===

=== dispatch fault 3 frame=186 cycles=5809662 ===
target gen=$FF01 cpu=$FF01 bank=7 class=ZERO_FILLED call_site=$2200
cpu A=$00 X=$03 Y=$04 P=$00 S=$FB window=$E000 dispatch_depth=9 vblank_depth=2 ops=2463 budget=29781
mapper type=4 current_bank=3 mirroring=3 select=$07 irq_latch=$7F irq_counter=$00 irq_reload=1 irq_enabled=1
mapper_regs 3C 3E 00 00 00 00 06 07
caller func_CEAC
caller2 func_CDE7
target_bytes 00 00 00 00 00 00 00 00
stack_bytes 00 22 00 00 00 00 00 00 00 00 00 00 00 00 00 00
last_dispatches
  C $884E cb=6 S=$FF depth=6 wb=$8000
  C $884E cb=6 S=$FF depth=6 wb=$8000
  C $884E cb=6 S=$FF depth=6 wb=$8000
  C $884E cb=6 S=$FF depth=6 wb=$8000
  C $884E cb=6 S=$FF depth=6 wb=$8000
  C $884E cb=6 S=$FF depth=6 wb=$8000
  C $884E cb=6 S=$FF depth=6 wb=$8000
  C $884E cb=6 S=$FF depth=6 wb=$8000
  C $DB92 cb=-1 S=$FF depth=3 wb=$C000
  C $D341 cb=-1 S=$FF depth=4 wb=$C000
  T $D377 cb=-1 S=$FF depth=4 wb=$C000
  C $D377 cb=-1 S=$FF depth=4 wb=$C000
  C $DC27 cb=-1 S=$FF depth=3 wb=$C000
  C $DBAF cb=-1 S=$FF depth=3 wb=$C000
  C $8021 cb=-1 S=$FF depth=4 wb=$C000
  T $89BF cb=6 S=$FF depth=5 wb=$8000
  C $89BF cb=6 S=$FF depth=5 wb=$8000
  T $89DD cb=-1 S=$FF depth=6 wb=$E000
  C $89DD cb=-1 S=$FF depth=6 wb=$E000
  T $89DD cb=-1 S=$FF depth=6 wb=$E000
  C $89DD cb=-1 S=$FF depth=6 wb=$E000
  T $89DD cb=-1 S=$FF depth=6 wb=$E000
  C $89DD cb=-1 S=$FF depth=6 wb=$E000
  T $89DD cb=-1 S=$FF depth=6 wb=$E000
  C $89DD cb=-1 S=$FF depth=6 wb=$E000
  N $0002 cb=-1 S=$FC depth=3 wb=$E000
  C $DE39 cb=-1 S=$F9 depth=3 wb=$C000
  T $E11E cb=-1 S=$F9 depth=4 wb=$C000
  C $E11E cb=-1 S=$F9 depth=4 wb=$C000
  T $E11E cb=-1 S=$F9 depth=3 wb=$E000
  C $E11E cb=-1 S=$F9 depth=3 wb=$E000
  C $DCCE cb=-1 S=$F9 depth=3 wb=$C000
  C $CB25 cb=-1 S=$F9 depth=3 wb=$C000
  C $CF72 cb=-1 S=$F9 depth=4 wb=$C000
  C $CFF3 cb=-1 S=$F9 depth=4 wb=$C000
  C $CD30 cb=-1 S=$F9 depth=4 wb=$C000
  C $CD7D cb=-1 S=$F9 depth=5 wb=$C000
  T $CDE7 cb=-1 S=$F9 depth=6 wb=$C000
  C $CDE7 cb=-1 S=$F9 depth=6 wb=$C000
  T $CEAC cb=-1 S=$F9 depth=7 wb=$C000
  C $CEAC cb=-1 S=$F9 depth=7 wb=$C000
  D $CDE7 cb=-1 S=$F9 depth=6 wb=$C000
  C $CDE7 cb=-1 S=$F9 depth=6 wb=$C000
  T $CEF0 cb=-1 S=$F9 depth=7 wb=$C000
  C $CEF0 cb=-1 S=$F9 depth=7 wb=$C000
  C $CD5F cb=-1 S=$F9 depth=8 wb=$C000
  C $CD7D cb=-1 S=$F9 depth=5 wb=$C000
  T $CDE7 cb=-1 S=$F9 depth=6 wb=$C000
  C $CDE7 cb=-1 S=$F9 depth=6 wb=$C000
  T $CE4C cb=-1 S=$F9 depth=7 wb=$C000
  C $CE4C cb=-1 S=$F9 depth=7 wb=$C000
  T $CD93 cb=-1 S=$F9 depth=8 wb=$C000
  C $CD93 cb=-1 S=$F9 depth=8 wb=$C000
  D $CDE7 cb=-1 S=$F9 depth=6 wb=$C000
  C $CDE7 cb=-1 S=$F9 depth=6 wb=$C000
  T $CEF0 cb=-1 S=$F9 depth=7 wb=$C000
  C $CEF0 cb=-1 S=$F9 depth=7 wb=$C000
  D $CDE7 cb=-1 S=$F9 depth=6 wb=$C000
  C $CDE7 cb=-1 S=$F9 depth=6 wb=$C000
  T $CEAC cb=-1 S=$F9 depth=7 wb=$C000
  C $CEAC cb=-1 S=$F9 depth=7 wb=$C000
  C $CD5F cb=-1 S=$F9 depth=8 wb=$C000
  T $FF01 cb=-1 S=$FB depth=8 wb=$C000
  C $FF01 cb=-1 S=$FB depth=8 wb=$C000
=== end dispatch fault ===

=== dispatch fault 4 frame=186 cycles=5809962 ===
target gen=$2201 cpu=$2201 bank=3 class=ZERO_FILLED call_site=$0000
cpu A=$00 X=$02 Y=$04 P=$00 S=$FD window=$C000 dispatch_depth=9 vblank_depth=2 ops=2763 budget=29781
mapper type=4 current_bank=3 mirroring=3 select=$07 irq_latch=$7F irq_counter=$00 irq_reload=1 irq_enabled=1
mapper_regs 3C 3E 00 00 00 00 06 07
caller func_CE78
caller2 func_CDE7
target_bytes 00 00 00 00 00 00 00 00
stack_bytes 00 00 00 00 00 00 00 00 00 00 00 00 00 00 00 00
last_dispatches
  C $DB92 cb=-1 S=$FF depth=3 wb=$C000
  C $D341 cb=-1 S=$FF depth=4 wb=$C000
  T $D377 cb=-1 S=$FF depth=4 wb=$C000
  C $D377 cb=-1 S=$FF depth=4 wb=$C000
  C $DC27 cb=-1 S=$FF depth=3 wb=$C000
  C $DBAF cb=-1 S=$FF depth=3 wb=$C000
  C $8021 cb=-1 S=$FF depth=4 wb=$C000
  T $89BF cb=6 S=$FF depth=5 wb=$8000
  C $89BF cb=6 S=$FF depth=5 wb=$8000
  T $89DD cb=-1 S=$FF depth=6 wb=$E000
  C $89DD cb=-1 S=$FF depth=6 wb=$E000
  T $89DD cb=-1 S=$FF depth=6 wb=$E000
  C $89DD cb=-1 S=$FF depth=6 wb=$E000
  T $89DD cb=-1 S=$FF depth=6 wb=$E000
  C $89DD cb=-1 S=$FF depth=6 wb=$E000
  T $89DD cb=-1 S=$FF depth=6 wb=$E000
  C $89DD cb=-1 S=$FF depth=6 wb=$E000
  N $0002 cb=-1 S=$FC depth=3 wb=$E000
  C $DE39 cb=-1 S=$F9 depth=3 wb=$C000
  T $E11E cb=-1 S=$F9 depth=4 wb=$C000
  C $E11E cb=-1 S=$F9 depth=4 wb=$C000
  T $E11E cb=-1 S=$F9 depth=3 wb=$E000
  C $E11E cb=-1 S=$F9 depth=3 wb=$E000
  C $DCCE cb=-1 S=$F9 depth=3 wb=$C000
  C $CB25 cb=-1 S=$F9 depth=3 wb=$C000
  C $CF72 cb=-1 S=$F9 depth=4 wb=$C000
  C $CFF3 cb=-1 S=$F9 depth=4 wb=$C000
  C $CD30 cb=-1 S=$F9 depth=4 wb=$C000
  C $CD7D cb=-1 S=$F9 depth=5 wb=$C000
  T $CDE7 cb=-1 S=$F9 depth=6 wb=$C000
  C $CDE7 cb=-1 S=$F9 depth=6 wb=$C000
  T $CEAC cb=-1 S=$F9 depth=7 wb=$C000
  C $CEAC cb=-1 S=$F9 depth=7 wb=$C000
  D $CDE7 cb=-1 S=$F9 depth=6 wb=$C000
  C $CDE7 cb=-1 S=$F9 depth=6 wb=$C000
  T $CEF0 cb=-1 S=$F9 depth=7 wb=$C000
  C $CEF0 cb=-1 S=$F9 depth=7 wb=$C000
  C $CD5F cb=-1 S=$F9 depth=8 wb=$C000
  C $CD7D cb=-1 S=$F9 depth=5 wb=$C000
  T $CDE7 cb=-1 S=$F9 depth=6 wb=$C000
  C $CDE7 cb=-1 S=$F9 depth=6 wb=$C000
  T $CE4C cb=-1 S=$F9 depth=7 wb=$C000
  C $CE4C cb=-1 S=$F9 depth=7 wb=$C000
  T $CD93 cb=-1 S=$F9 depth=8 wb=$C000
  C $CD93 cb=-1 S=$F9 depth=8 wb=$C000
  D $CDE7 cb=-1 S=$F9 depth=6 wb=$C000
  C $CDE7 cb=-1 S=$F9 depth=6 wb=$C000
  T $CEF0 cb=-1 S=$F9 depth=7 wb=$C000
  C $CEF0 cb=-1 S=$F9 depth=7 wb=$C000
  D $CDE7 cb=-1 S=$F9 depth=6 wb=$C000
  C $CDE7 cb=-1 S=$F9 depth=6 wb=$C000
  T $CEAC cb=-1 S=$F9 depth=7 wb=$C000
  C $CEAC cb=-1 S=$F9 depth=7 wb=$C000
  C $CD5F cb=-1 S=$F9 depth=8 wb=$C000
  T $FF01 cb=-1 S=$FB depth=8 wb=$C000
  C $FF01 cb=-1 S=$FB depth=8 wb=$C000
  C $CD7D cb=-1 S=$FB depth=5 wb=$C000
  T $CDE7 cb=-1 S=$FB depth=6 wb=$C000
  C $CDE7 cb=-1 S=$FB depth=6 wb=$C000
  T $CE78 cb=-1 S=$FB depth=7 wb=$C000
  C $CE78 cb=-1 S=$FB depth=7 wb=$C000
  C $CD5F cb=-1 S=$FB depth=8 wb=$C000
  T $2201 cb=-1 S=$FD depth=8 wb=$C000
  C $2201 cb=-1 S=$FD depth=8 wb=$C000
=== end dispatch fault ===

=== dispatch fault 5 frame=206 cycles=6404687 ===
target gen=$8801 cpu=$8801 bank=3 class=CODE call_site=$6200
cpu A=$00 X=$01 Y=$02 P=$00 S=$FB window=$8000 dispatch_depth=9 vblank_depth=2 ops=1878 budget=29781
mapper type=4 current_bank=3 mirroring=3 select=$07 irq_latch=$7F irq_counter=$00 irq_reload=1 irq_enabled=1
mapper_regs 3C 3E 00 00 00 00 06 07
caller func_CF25
caller2 func_CDE7
target_bytes F5 FB 87 FC 8D 88 F4 1C
stack_bytes 00 62 00 00 00 00 00 00 00 00 00 00 00 00 00 00
last_dispatches
  T $CD50 cb=-1 S=$F9 depth=6 wb=$C000
  C $CD50 cb=-1 S=$F9 depth=6 wb=$C000
  C $CD7D cb=-1 S=$F9 depth=5 wb=$C000
  T $CD50 cb=-1 S=$F9 depth=6 wb=$C000
  C $CD50 cb=-1 S=$F9 depth=6 wb=$C000
  C $CD30 cb=-1 S=$F9 depth=4 wb=$C000
  C $CC71 cb=-1 S=$F9 depth=4 wb=$C000
  C $CCDA cb=-1 S=$F9 depth=4 wb=$C000
  C $CC71 cb=-1 S=$F9 depth=4 wb=$C000
  T $CC61 cb=-1 S=$F9 depth=5 wb=$C000
  C $CC61 cb=-1 S=$F9 depth=5 wb=$C000
  C $CCDA cb=-1 S=$F9 depth=4 wb=$C000
  C $CC71 cb=-1 S=$F9 depth=4 wb=$C000
  C $CCDA cb=-1 S=$F9 depth=4 wb=$C000
  C $CC71 cb=-1 S=$F9 depth=4 wb=$C000
  T $CC61 cb=-1 S=$F9 depth=5 wb=$C000
  C $CC61 cb=-1 S=$F9 depth=5 wb=$C000
  n $0002 cb=-1 S=$FF depth=3 wb=$E000
  T $E9AE cb=-1 S=$F9 depth=3 wb=$E000
  C $E9AE cb=-1 S=$F9 depth=3 wb=$E000
  T $D9F0 cb=-1 S=$FF depth=3 wb=$E000
  C $D9F0 cb=-1 S=$FF depth=3 wb=$E000
  C $DBAF cb=-1 S=$FF depth=3 wb=$C000
  C $8021 cb=-1 S=$FF depth=4 wb=$C000
  T $89BF cb=6 S=$FF depth=5 wb=$8000
  C $89BF cb=6 S=$FF depth=5 wb=$8000
  T $8749 cb=-1 S=$FF depth=6 wb=$E000
  C $8749 cb=-1 S=$FF depth=6 wb=$E000
  T $8749 cb=-1 S=$FF depth=6 wb=$E000
  C $8749 cb=-1 S=$FF depth=6 wb=$E000
  T $8749 cb=-1 S=$FF depth=6 wb=$E000
  C $8749 cb=-1 S=$FF depth=6 wb=$E000
  T $8749 cb=-1 S=$FF depth=6 wb=$E000
  C $8749 cb=-1 S=$FF depth=6 wb=$E000
  C $DB65 cb=-1 S=$FF depth=3 wb=$C000
  C $DB92 cb=-1 S=$FF depth=3 wb=$C000
  C $D341 cb=-1 S=$FF depth=4 wb=$C000
  T $D377 cb=-1 S=$FF depth=4 wb=$C000
  C $D377 cb=-1 S=$FF depth=4 wb=$C000
  N $0002 cb=-1 S=$FC depth=3 wb=$E000
  C $DE39 cb=-1 S=$F9 depth=3 wb=$C000
  T $E11E cb=-1 S=$F9 depth=4 wb=$C000
  C $E11E cb=-1 S=$F9 depth=4 wb=$C000
  T $E11E cb=-1 S=$F9 depth=3 wb=$E000
  C $E11E cb=-1 S=$F9 depth=3 wb=$E000
  C $DCCE cb=-1 S=$F9 depth=3 wb=$C000
  C $CB25 cb=-1 S=$F9 depth=3 wb=$C000
  C $CD30 cb=-1 S=$F9 depth=4 wb=$C000
  C $CD7D cb=-1 S=$F9 depth=5 wb=$C000
  T $CD50 cb=-1 S=$F9 depth=6 wb=$C000
  C $CD50 cb=-1 S=$F9 depth=6 wb=$C000
  C $CD7D cb=-1 S=$F9 depth=5 wb=$C000
  T $CD50 cb=-1 S=$F9 depth=6 wb=$C000
  C $CD50 cb=-1 S=$F9 depth=6 wb=$C000
  C $CD7D cb=-1 S=$F9 depth=5 wb=$C000
  C $CD5F cb=-1 S=$F9 depth=6 wb=$C000
  C $CD7D cb=-1 S=$F9 depth=5 wb=$C000
  T $CDE7 cb=-1 S=$F9 depth=6 wb=$C000
  C $CDE7 cb=-1 S=$F9 depth=6 wb=$C000
  T $CF25 cb=-1 S=$F9 depth=7 wb=$C000
  C $CF25 cb=-1 S=$F9 depth=7 wb=$C000
  C $CD5F cb=-1 S=$F9 depth=8 wb=$C000
  T $8801 cb=-1 S=$FB depth=8 wb=$C000
  C $8801 cb=-1 S=$FB depth=8 wb=$C000
=== end dispatch fault ===

=== dispatch fault 6 frame=213 cycles=6612883 ===
target gen=$4C01 cpu=$4C01 bank=3 class=ZERO_FILLED call_site=$603F
cpu A=$00 X=$03 Y=$02 P=$00 S=$FB window=$C000 dispatch_depth=9 vblank_depth=2 ops=1610 budget=29780
mapper type=4 current_bank=3 mirroring=3 select=$07 irq_latch=$7F irq_counter=$00 irq_reload=1 irq_enabled=1
mapper_regs 3C 3E 00 00 00 00 06 07
caller func_CF25
caller2 func_CDE7
target_bytes 00 00 00 00 00 00 00 00
stack_bytes 3F 60 00 00 00 00 00 00 00 00 00 00 00 00 00 00
last_dispatches
  C $CD7D cb=-1 S=$F9 depth=5 wb=$C000
  T $CD50 cb=-1 S=$F9 depth=6 wb=$C000
  C $CD50 cb=-1 S=$F9 depth=6 wb=$C000
  C $CD7D cb=-1 S=$F9 depth=5 wb=$C000
  T $CD50 cb=-1 S=$F9 depth=6 wb=$C000
  C $CD50 cb=-1 S=$F9 depth=6 wb=$C000
  C $CD7D cb=-1 S=$F9 depth=5 wb=$C000
  T $CD50 cb=-1 S=$F9 depth=6 wb=$C000
  C $CD50 cb=-1 S=$F9 depth=6 wb=$C000
  C $CD30 cb=-1 S=$F9 depth=4 wb=$C000
  C $CC71 cb=-1 S=$F9 depth=4 wb=$C000
  C $CCDA cb=-1 S=$F9 depth=4 wb=$C000
  C $CC71 cb=-1 S=$F9 depth=4 wb=$C000
  T $CC61 cb=-1 S=$F9 depth=5 wb=$C000
  C $CC61 cb=-1 S=$F9 depth=5 wb=$C000
  C $CCDA cb=-1 S=$F9 depth=4 wb=$C000
  C $CC71 cb=-1 S=$F9 depth=4 wb=$C000
  T $CC61 cb=-1 S=$F9 depth=5 wb=$C000
  C $CC61 cb=-1 S=$F9 depth=5 wb=$C000
  C $CCDA cb=-1 S=$F9 depth=4 wb=$C000
  C $CC71 cb=-1 S=$F9 depth=4 wb=$C000
  T $CC61 cb=-1 S=$F9 depth=5 wb=$C000
  C $CC61 cb=-1 S=$F9 depth=5 wb=$C000
  n $0002 cb=-1 S=$FF depth=3 wb=$E000
  T $E9AE cb=-1 S=$F9 depth=3 wb=$E000
  C $E9AE cb=-1 S=$F9 depth=3 wb=$E000
  T $D9F0 cb=-1 S=$FF depth=3 wb=$E000
  C $D9F0 cb=-1 S=$FF depth=3 wb=$E000
  C $DBAF cb=-1 S=$FF depth=3 wb=$C000
  C $8021 cb=-1 S=$FF depth=4 wb=$C000
  T $89BF cb=6 S=$FF depth=5 wb=$8000
  C $89BF cb=6 S=$FF depth=5 wb=$8000
  T $8749 cb=-1 S=$FF depth=6 wb=$E000
  C $8749 cb=-1 S=$FF depth=6 wb=$E000
  T $8749 cb=-1 S=$FF depth=6 wb=$E000
  C $8749 cb=-1 S=$FF depth=6 wb=$E000
  T $8749 cb=-1 S=$FF depth=6 wb=$E000
  C $8749 cb=-1 S=$FF depth=6 wb=$E000
  T $8749 cb=-1 S=$FF depth=6 wb=$E000
  C $8749 cb=-1 S=$FF depth=6 wb=$E000
  C $DB65 cb=-1 S=$FF depth=3 wb=$C000
  C $DB92 cb=-1 S=$FF depth=3 wb=$C000
  C $D341 cb=-1 S=$FF depth=4 wb=$C000
  T $D377 cb=-1 S=$FF depth=4 wb=$C000
  C $D377 cb=-1 S=$FF depth=4 wb=$C000
  N $0002 cb=-1 S=$FC depth=3 wb=$E000
  C $DE39 cb=-1 S=$F9 depth=3 wb=$C000
  T $E11E cb=-1 S=$F9 depth=4 wb=$C000
  C $E11E cb=-1 S=$F9 depth=4 wb=$C000
  T $E11E cb=-1 S=$F9 depth=3 wb=$E000
  C $E11E cb=-1 S=$F9 depth=3 wb=$E000
  C $DCCE cb=-1 S=$F9 depth=3 wb=$C000
  C $CB25 cb=-1 S=$F9 depth=3 wb=$C000
  C $CD30 cb=-1 S=$F9 depth=4 wb=$C000
  C $CD7D cb=-1 S=$F9 depth=5 wb=$C000
  C $CD5F cb=-1 S=$F9 depth=6 wb=$C000
  C $CD7D cb=-1 S=$F9 depth=5 wb=$C000
  T $CDE7 cb=-1 S=$F9 depth=6 wb=$C000
  C $CDE7 cb=-1 S=$F9 depth=6 wb=$C000
  T $CF25 cb=-1 S=$F9 depth=7 wb=$C000
  C $CF25 cb=-1 S=$F9 depth=7 wb=$C000
  C $CD5F cb=-1 S=$F9 depth=8 wb=$C000
  T $4C01 cb=-1 S=$FB depth=8 wb=$C000
  C $4C01 cb=-1 S=$FB depth=8 wb=$C000
=== end dispatch fault ===

=== dispatch fault 7 frame=226 cycles=7000289 ===
target gen=$B801 cpu=$B801 bank=3 class=CODE call_site=$E08B
cpu A=$00 X=$01 Y=$02 P=$00 S=$FB window=$A000 dispatch_depth=9 vblank_depth=2 ops=1870 budget=29781
mapper type=4 current_bank=3 mirroring=3 select=$07 irq_latch=$7F irq_counter=$00 irq_reload=1 irq_enabled=1
mapper_regs 3C 3E 00 00 00 00 06 07
caller func_CF25
caller2 func_CDE7
target_bytes 06 00 28 46 A0 30 02 00
stack_bytes 8B E0 00 00 00 00 00 00 00 00 00 00 00 00 00 00
last_dispatches
  C $CD7D cb=-1 S=$F9 depth=5 wb=$C000
  T $CD50 cb=-1 S=$F9 depth=6 wb=$C000
  C $CD50 cb=-1 S=$F9 depth=6 wb=$C000
  C $CD30 cb=-1 S=$F9 depth=4 wb=$C000
  C $CC71 cb=-1 S=$F9 depth=4 wb=$C000
  C $CCDA cb=-1 S=$F9 depth=4 wb=$C000
  C $CC71 cb=-1 S=$F9 depth=4 wb=$C000
  T $CC61 cb=-1 S=$F9 depth=5 wb=$C000
  C $CC61 cb=-1 S=$F9 depth=5 wb=$C000
  C $CCDA cb=-1 S=$F9 depth=4 wb=$C000
  C $CC71 cb=-1 S=$F9 depth=4 wb=$C000
  T $CC61 cb=-1 S=$F9 depth=5 wb=$C000
  C $CC61 cb=-1 S=$F9 depth=5 wb=$C000
  C $CCDA cb=-1 S=$F9 depth=4 wb=$C000
  C $CC71 cb=-1 S=$F9 depth=4 wb=$C000
  T $CC61 cb=-1 S=$F9 depth=5 wb=$C000
  C $CC61 cb=-1 S=$F9 depth=5 wb=$C000
  n $0002 cb=-1 S=$FF depth=3 wb=$E000
  T $E9AE cb=-1 S=$F9 depth=3 wb=$E000
  C $E9AE cb=-1 S=$F9 depth=3 wb=$E000
  T $D9F0 cb=-1 S=$FF depth=3 wb=$E000
  C $D9F0 cb=-1 S=$FF depth=3 wb=$E000
  C $DBAF cb=-1 S=$FF depth=3 wb=$C000
  C $8021 cb=-1 S=$FF depth=4 wb=$C000
  T $89BF cb=6 S=$FF depth=5 wb=$8000
  C $89BF cb=6 S=$FF depth=5 wb=$8000
  T $8749 cb=-1 S=$FF depth=6 wb=$E000
  C $8749 cb=-1 S=$FF depth=6 wb=$E000
  T $8749 cb=-1 S=$FF depth=6 wb=$E000
  C $8749 cb=-1 S=$FF depth=6 wb=$E000
  T $8749 cb=-1 S=$FF depth=6 wb=$E000
  C $8749 cb=-1 S=$FF depth=6 wb=$E000
  T $8749 cb=-1 S=$FF depth=6 wb=$E000
  C $8749 cb=-1 S=$FF depth=6 wb=$E000
  C $DB65 cb=-1 S=$FF depth=3 wb=$C000
  C $DB92 cb=-1 S=$FF depth=3 wb=$C000
  C $D341 cb=-1 S=$FF depth=4 wb=$C000
  T $D377 cb=-1 S=$FF depth=4 wb=$C000
  C $D377 cb=-1 S=$FF depth=4 wb=$C000
  N $0002 cb=-1 S=$FC depth=3 wb=$E000
  C $DE39 cb=-1 S=$F9 depth=3 wb=$C000
  T $E11E cb=-1 S=$F9 depth=4 wb=$C000
  C $E11E cb=-1 S=$F9 depth=4 wb=$C000
  T $E11E cb=-1 S=$F9 depth=3 wb=$E000
  C $E11E cb=-1 S=$F9 depth=3 wb=$E000
  C $DCCE cb=-1 S=$F9 depth=3 wb=$C000
  C $CB25 cb=-1 S=$F9 depth=3 wb=$C000
  C $CD30 cb=-1 S=$F9 depth=4 wb=$C000
  C $CD7D cb=-1 S=$F9 depth=5 wb=$C000
  T $CD50 cb=-1 S=$F9 depth=6 wb=$C000
  C $CD50 cb=-1 S=$F9 depth=6 wb=$C000
  C $CD7D cb=-1 S=$F9 depth=5 wb=$C000
  T $CD50 cb=-1 S=$F9 depth=6 wb=$C000
  C $CD50 cb=-1 S=$F9 depth=6 wb=$C000
  C $CD7D cb=-1 S=$F9 depth=5 wb=$C000
  C $CD5F cb=-1 S=$F9 depth=6 wb=$C000
  C $CD7D cb=-1 S=$F9 depth=5 wb=$C000
  T $CDE7 cb=-1 S=$F9 depth=6 wb=$C000
  C $CDE7 cb=-1 S=$F9 depth=6 wb=$C000
  T $CF25 cb=-1 S=$F9 depth=7 wb=$C000
  C $CF25 cb=-1 S=$F9 depth=7 wb=$C000
  C $CD5F cb=-1 S=$F9 depth=8 wb=$C000
  T $B801 cb=-1 S=$FB depth=8 wb=$C000
  C $B801 cb=-1 S=$FB depth=8 wb=$C000
=== end dispatch fault ===

=== dispatch fault 8 frame=240 cycles=7417038 ===
target gen=$4001 cpu=$4001 bank=3 class=ZERO_FILLED call_site=$A084
cpu A=$00 X=$03 Y=$02 P=$00 S=$FB window=$C000 dispatch_depth=9 vblank_depth=2 ops=1692 budget=29781
mapper type=4 current_bank=3 mirroring=3 select=$07 irq_latch=$7F irq_counter=$00 irq_reload=1 irq_enabled=1
mapper_regs 3C 3E 00 00 00 00 06 07
caller func_CF25
caller2 func_CDE7
target_bytes 00 00 00 00 00 00 00 00
stack_bytes 84 A0 00 00 00 00 00 00 00 00 00 00 00 00 00 00
last_dispatches
  C $CD50 cb=-1 S=$F9 depth=6 wb=$C000
  C $CD7D cb=-1 S=$F9 depth=5 wb=$C000
  T $CD50 cb=-1 S=$F9 depth=6 wb=$C000
  C $CD50 cb=-1 S=$F9 depth=6 wb=$C000
  C $CD7D cb=-1 S=$F9 depth=5 wb=$C000
  T $CD50 cb=-1 S=$F9 depth=6 wb=$C000
  C $CD50 cb=-1 S=$F9 depth=6 wb=$C000
  C $CD30 cb=-1 S=$F9 depth=4 wb=$C000
  C $CC71 cb=-1 S=$F9 depth=4 wb=$C000
  C $CCDA cb=-1 S=$F9 depth=4 wb=$C000
  C $CC71 cb=-1 S=$F9 depth=4 wb=$C000
  T $CC61 cb=-1 S=$F9 depth=5 wb=$C000
  C $CC61 cb=-1 S=$F9 depth=5 wb=$C000
  C $CCDA cb=-1 S=$F9 depth=4 wb=$C000
  C $CC71 cb=-1 S=$F9 depth=4 wb=$C000
  C $CCDA cb=-1 S=$F9 depth=4 wb=$C000
  C $CC71 cb=-1 S=$F9 depth=4 wb=$C000
  T $CC61 cb=-1 S=$F9 depth=5 wb=$C000
  C $CC61 cb=-1 S=$F9 depth=5 wb=$C000
  n $0002 cb=-1 S=$FF depth=3 wb=$E000
  T $E9AE cb=-1 S=$F9 depth=3 wb=$E000
  C $E9AE cb=-1 S=$F9 depth=3 wb=$E000
  T $D9F0 cb=-1 S=$FF depth=3 wb=$E000
  C $D9F0 cb=-1 S=$FF depth=3 wb=$E000
  C $DBAF cb=-1 S=$FF depth=3 wb=$C000
  C $8021 cb=-1 S=$FF depth=4 wb=$C000
  T $89BF cb=6 S=$FF depth=5 wb=$8000
  C $89BF cb=6 S=$FF depth=5 wb=$8000
  T $8749 cb=-1 S=$FF depth=6 wb=$E000
  C $8749 cb=-1 S=$FF depth=6 wb=$E000
  T $8749 cb=-1 S=$FF depth=6 wb=$E000
  C $8749 cb=-1 S=$FF depth=6 wb=$E000
  T $8749 cb=-1 S=$FF depth=6 wb=$E000
  C $8749 cb=-1 S=$FF depth=6 wb=$E000
  T $8749 cb=-1 S=$FF depth=6 wb=$E000
  C $8749 cb=-1 S=$FF depth=6 wb=$E000
  C $DB65 cb=-1 S=$FF depth=3 wb=$C000
  C $DB92 cb=-1 S=$FF depth=3 wb=$C000
  C $D341 cb=-1 S=$FF depth=4 wb=$C000
  T $D377 cb=-1 S=$FF depth=4 wb=$C000
  C $D377 cb=-1 S=$FF depth=4 wb=$C000
  N $0002 cb=-1 S=$FC depth=3 wb=$E000
  C $DE39 cb=-1 S=$F9 depth=3 wb=$C000
  T $E11E cb=-1 S=$F9 depth=4 wb=$C000
  C $E11E cb=-1 S=$F9 depth=4 wb=$C000
  T $E11E cb=-1 S=$F9 depth=3 wb=$E000
  C $E11E cb=-1 S=$F9 depth=3 wb=$E000
  C $DCCE cb=-1 S=$F9 depth=3 wb=$C000
  C $CB25 cb=-1 S=$F9 depth=3 wb=$C000
  C $CD30 cb=-1 S=$F9 depth=4 wb=$C000
  C $CD7D cb=-1 S=$F9 depth=5 wb=$C000
  T $CDE7 cb=-1 S=$F9 depth=6 wb=$C000
  C $CDE7 cb=-1 S=$F9 depth=6 wb=$C000
  T $CF40 cb=-1 S=$F9 depth=7 wb=$C000
  C $CF40 cb=-1 S=$F9 depth=7 wb=$C000
  C $CD5F cb=-1 S=$F9 depth=8 wb=$C000
  C $CD7D cb=-1 S=$F9 depth=5 wb=$C000
  T $CDE7 cb=-1 S=$F9 depth=6 wb=$C000
  C $CDE7 cb=-1 S=$F9 depth=6 wb=$C000
  T $CF25 cb=-1 S=$F9 depth=7 wb=$C000
  C $CF25 cb=-1 S=$F9 depth=7 wb=$C000
  C $CD5F cb=-1 S=$F9 depth=8 wb=$C000
  T $4001 cb=-1 S=$FB depth=8 wb=$C000
  C $4001 cb=-1 S=$FB depth=8 wb=$C000
=== end dispatch fault ===

=== dispatch fault 9 frame=266 cycles=8191797 ===
target gen=$2301 cpu=$2301 bank=3 class=ZERO_FILLED call_site=$0000
cpu A=$00 X=$01 Y=$02 P=$00 S=$FD window=$C000 dispatch_depth=9 vblank_depth=2 ops=2158 budget=29781
mapper type=4 current_bank=3 mirroring=3 select=$07 irq_latch=$7F irq_counter=$00 irq_reload=1 irq_enabled=1
mapper_regs 3C 3E 00 00 00 00 06 07
caller func_CF25
caller2 func_CDE7
target_bytes 00 00 00 00 00 00 00 00
stack_bytes 00 00 00 00 00 00 00 00 00 00 00 00 00 00 00 00
last_dispatches
  C $CD30 cb=-1 S=$F9 depth=4 wb=$C000
  C $CC71 cb=-1 S=$F9 depth=4 wb=$C000
  C $CCDA cb=-1 S=$F9 depth=4 wb=$C000
  C $CC71 cb=-1 S=$F9 depth=4 wb=$C000
  T $CC61 cb=-1 S=$F9 depth=5 wb=$C000
  C $CC61 cb=-1 S=$F9 depth=5 wb=$C000
  C $CCDA cb=-1 S=$F9 depth=4 wb=$C000
  C $CC71 cb=-1 S=$F9 depth=4 wb=$C000
  C $CCDA cb=-1 S=$F9 depth=4 wb=$C000
  C $CC71 cb=-1 S=$F9 depth=4 wb=$C000
  T $CC61 cb=-1 S=$F9 depth=5 wb=$C000
  C $CC61 cb=-1 S=$F9 depth=5 wb=$C000
  n $0002 cb=-1 S=$FF depth=3 wb=$E000
  T $E9AE cb=-1 S=$F9 depth=3 wb=$E000
  C $E9AE cb=-1 S=$F9 depth=3 wb=$E000
  T $D9F0 cb=-1 S=$FF depth=3 wb=$E000
  C $D9F0 cb=-1 S=$FF depth=3 wb=$E000
  C $DBAF cb=-1 S=$FF depth=3 wb=$C000
  C $8021 cb=-1 S=$FF depth=4 wb=$C000
  T $89BF cb=6 S=$FF depth=5 wb=$8000
  C $89BF cb=6 S=$FF depth=5 wb=$8000
  T $8749 cb=-1 S=$FF depth=6 wb=$E000
  C $8749 cb=-1 S=$FF depth=6 wb=$E000
  T $8749 cb=-1 S=$FF depth=6 wb=$E000
  C $8749 cb=-1 S=$FF depth=6 wb=$E000
  T $8749 cb=-1 S=$FF depth=6 wb=$E000
  C $8749 cb=-1 S=$FF depth=6 wb=$E000
  T $8749 cb=-1 S=$FF depth=6 wb=$E000
  C $8749 cb=-1 S=$FF depth=6 wb=$E000
  C $DB65 cb=-1 S=$FF depth=3 wb=$C000
  C $DB92 cb=-1 S=$FF depth=3 wb=$C000
  C $D341 cb=-1 S=$FF depth=4 wb=$C000
  T $D377 cb=-1 S=$FF depth=4 wb=$C000
  C $D377 cb=-1 S=$FF depth=4 wb=$C000
  N $0002 cb=-1 S=$FC depth=3 wb=$E000
  C $DE39 cb=-1 S=$F9 depth=3 wb=$C000
  T $E11E cb=-1 S=$F9 depth=4 wb=$C000
  C $E11E cb=-1 S=$F9 depth=4 wb=$C000
  T $E11E cb=-1 S=$F9 depth=3 wb=$E000
  C $E11E cb=-1 S=$F9 depth=3 wb=$E000
  C $DCCE cb=-1 S=$F9 depth=3 wb=$C000
  C $CB25 cb=-1 S=$F9 depth=3 wb=$C000
  C $CD30 cb=-1 S=$F9 depth=4 wb=$C000
  C $CD7D cb=-1 S=$F9 depth=5 wb=$C000
  C $CD5F cb=-1 S=$F9 depth=6 wb=$C000
  C $CD7D cb=-1 S=$F9 depth=5 wb=$C000
  T $CDE7 cb=-1 S=$F9 depth=6 wb=$C000
  C $CDE7 cb=-1 S=$F9 depth=6 wb=$C000
  T $CF25 cb=-1 S=$F9 depth=7 wb=$C000
  C $CF25 cb=-1 S=$F9 depth=7 wb=$C000
  C $CD5F cb=-1 S=$F9 depth=8 wb=$C000
  T $1801 cb=-1 S=$FB depth=8 wb=$C000
  C $1801 cb=-1 S=$FB depth=8 wb=$C000
  I $1801 cb=-1 S=$FB depth=9 wb=$C000
  C $CD7D cb=-1 S=$FB depth=5 wb=$C000
  C $CD5F cb=-1 S=$FB depth=6 wb=$C000
  C $CD7D cb=-1 S=$FB depth=5 wb=$C000
  T $CDE7 cb=-1 S=$FB depth=6 wb=$C000
  C $CDE7 cb=-1 S=$FB depth=6 wb=$C000
  T $CF25 cb=-1 S=$FB depth=7 wb=$C000
  C $CF25 cb=-1 S=$FB depth=7 wb=$C000
  C $CD5F cb=-1 S=$FB depth=8 wb=$C000
  T $2301 cb=-1 S=$FD depth=8 wb=$C000
  C $2301 cb=-1 S=$FD depth=8 wb=$C000
=== end dispatch fault ===

=== dispatch fault 10 frame=286 cycles=8787115 ===
target gen=$4801 cpu=$4801 bank=3 class=ZERO_FILLED call_site=$2300
cpu A=$00 X=$01 Y=$02 P=$00 S=$FB window=$C000 dispatch_depth=9 vblank_depth=2 ops=1866 budget=29781
mapper type=4 current_bank=3 mirroring=3 select=$07 irq_latch=$7F irq_counter=$00 irq_reload=1 irq_enabled=1
mapper_regs 3C 3E 00 00 00 00 06 07
caller func_CF25
caller2 func_CDE7
target_bytes 00 00 00 00 00 00 00 00
stack_bytes 00 23 00 00 00 00 00 00 00 00 00 00 00 00 00 00
last_dispatches
  T $CD50 cb=-1 S=$F9 depth=6 wb=$C000
  C $CD50 cb=-1 S=$F9 depth=6 wb=$C000
  C $CD7D cb=-1 S=$F9 depth=5 wb=$C000
  T $CD50 cb=-1 S=$F9 depth=6 wb=$C000
  C $CD50 cb=-1 S=$F9 depth=6 wb=$C000
  C $CD30 cb=-1 S=$F9 depth=4 wb=$C000
  C $CC71 cb=-1 S=$F9 depth=4 wb=$C000
  C $CCDA cb=-1 S=$F9 depth=4 wb=$C000
  C $CC71 cb=-1 S=$F9 depth=4 wb=$C000
  T $CC61 cb=-1 S=$F9 depth=5 wb=$C000
  C $CC61 cb=-1 S=$F9 depth=5 wb=$C000
  C $CCDA cb=-1 S=$F9 depth=4 wb=$C000
  C $CC71 cb=-1 S=$F9 depth=4 wb=$C000
  C $CCDA cb=-1 S=$F9 depth=4 wb=$C000
  C $CC71 cb=-1 S=$F9 depth=4 wb=$C000
  T $CC61 cb=-1 S=$F9 depth=5 wb=$C000
  C $CC61 cb=-1 S=$F9 depth=5 wb=$C000
  n $0002 cb=-1 S=$FF depth=3 wb=$E000
  T $E9AE cb=-1 S=$F9 depth=3 wb=$E000
  C $E9AE cb=-1 S=$F9 depth=3 wb=$E000
  T $D9F0 cb=-1 S=$FF depth=3 wb=$E000
  C $D9F0 cb=-1 S=$FF depth=3 wb=$E000
  C $DBAF cb=-1 S=$FF depth=3 wb=$C000
  C $8021 cb=-1 S=$FF depth=4 wb=$C000
  T $89BF cb=6 S=$FF depth=5 wb=$8000
  C $89BF cb=6 S=$FF depth=5 wb=$8000
  T $8749 cb=-1 S=$FF depth=6 wb=$E000
  C $8749 cb=-1 S=$FF depth=6 wb=$E000
  T $8749 cb=-1 S=$FF depth=6 wb=$E000
  C $8749 cb=-1 S=$FF depth=6 wb=$E000
  T $8749 cb=-1 S=$FF depth=6 wb=$E000
  C $8749 cb=-1 S=$FF depth=6 wb=$E000
  T $8749 cb=-1 S=$FF depth=6 wb=$E000
  C $8749 cb=-1 S=$FF depth=6 wb=$E000
  C $DB65 cb=-1 S=$FF depth=3 wb=$C000
  C $DB92 cb=-1 S=$FF depth=3 wb=$C000
  C $D341 cb=-1 S=$FF depth=4 wb=$C000
  T $D377 cb=-1 S=$FF depth=4 wb=$C000
  C $D377 cb=-1 S=$FF depth=4 wb=$C000
  N $0002 cb=-1 S=$FC depth=3 wb=$E000
  C $DE39 cb=-1 S=$F9 depth=3 wb=$C000
  T $E11E cb=-1 S=$F9 depth=4 wb=$C000
  C $E11E cb=-1 S=$F9 depth=4 wb=$C000
  T $E11E cb=-1 S=$F9 depth=3 wb=$E000
  C $E11E cb=-1 S=$F9 depth=3 wb=$E000
  C $DCCE cb=-1 S=$F9 depth=3 wb=$C000
  C $CB25 cb=-1 S=$F9 depth=3 wb=$C000
  C $CD30 cb=-1 S=$F9 depth=4 wb=$C000
  C $CD7D cb=-1 S=$F9 depth=5 wb=$C000
  T $CD50 cb=-1 S=$F9 depth=6 wb=$C000
  C $CD50 cb=-1 S=$F9 depth=6 wb=$C000
  C $CD7D cb=-1 S=$F9 depth=5 wb=$C000
  T $CD50 cb=-1 S=$F9 depth=6 wb=$C000
  C $CD50 cb=-1 S=$F9 depth=6 wb=$C000
  C $CD7D cb=-1 S=$F9 depth=5 wb=$C000
  C $CD5F cb=-1 S=$F9 depth=6 wb=$C000
  C $CD7D cb=-1 S=$F9 depth=5 wb=$C000
  T $CDE7 cb=-1 S=$F9 depth=6 wb=$C000
  C $CDE7 cb=-1 S=$F9 depth=6 wb=$C000
  T $CF25 cb=-1 S=$F9 depth=7 wb=$C000
  C $CF25 cb=-1 S=$F9 depth=7 wb=$C000
  C $CD5F cb=-1 S=$F9 depth=8 wb=$C000
  T $4801 cb=-1 S=$FB depth=8 wb=$C000
  C $4801 cb=-1 S=$FB depth=8 wb=$C000
=== end dispatch fault ===

=== dispatch fault 11 frame=293 cycles=8995825 ===
target gen=$2062 cpu=$2062 bank=3 class=ZERO_FILLED call_site=$0000
cpu A=$00 X=$02 Y=$02 P=$00 S=$FD window=$C000 dispatch_depth=9 vblank_depth=2 ops=2112 budget=29780
mapper type=4 current_bank=3 mirroring=3 select=$07 irq_latch=$7F irq_counter=$00 irq_reload=1 irq_enabled=1
mapper_regs 3C 3E 00 00 00 00 06 07
caller func_CF30
caller2 func_CDE7
target_bytes 00 00 00 00 00 00 00 00
stack_bytes 00 00 00 00 00 00 00 00 00 00 00 00 00 00 00 00
last_dispatches
  T $CC61 cb=-1 S=$F9 depth=5 wb=$C000
  C $CC61 cb=-1 S=$F9 depth=5 wb=$C000
  C $CCDA cb=-1 S=$F9 depth=4 wb=$C000
  C $CC71 cb=-1 S=$F9 depth=4 wb=$C000
  T $CC61 cb=-1 S=$F9 depth=5 wb=$C000
  C $CC61 cb=-1 S=$F9 depth=5 wb=$C000
  n $0002 cb=-1 S=$FF depth=3 wb=$E000
  T $E9AE cb=-1 S=$F9 depth=3 wb=$E000
  C $E9AE cb=-1 S=$F9 depth=3 wb=$E000
  T $D9F0 cb=-1 S=$FF depth=3 wb=$E000
  C $D9F0 cb=-1 S=$FF depth=3 wb=$E000
  C $DBAF cb=-1 S=$FF depth=3 wb=$C000
  C $8021 cb=-1 S=$FF depth=4 wb=$C000
  T $89BF cb=6 S=$FF depth=5 wb=$8000
  C $89BF cb=6 S=$FF depth=5 wb=$8000
  T $8749 cb=-1 S=$FF depth=6 wb=$E000
  C $8749 cb=-1 S=$FF depth=6 wb=$E000
  T $8749 cb=-1 S=$FF depth=6 wb=$E000
  C $8749 cb=-1 S=$FF depth=6 wb=$E000
  T $8749 cb=-1 S=$FF depth=6 wb=$E000
  C $8749 cb=-1 S=$FF depth=6 wb=$E000
  T $8749 cb=-1 S=$FF depth=6 wb=$E000
  C $8749 cb=-1 S=$FF depth=6 wb=$E000
  C $DB65 cb=-1 S=$FF depth=3 wb=$C000
  C $DB92 cb=-1 S=$FF depth=3 wb=$C000
  C $D341 cb=-1 S=$FF depth=4 wb=$C000
  T $D377 cb=-1 S=$FF depth=4 wb=$C000
  C $D377 cb=-1 S=$FF depth=4 wb=$C000
  N $0002 cb=-1 S=$FC depth=3 wb=$E000
  C $DE39 cb=-1 S=$F9 depth=3 wb=$C000
  T $E11E cb=-1 S=$F9 depth=4 wb=$C000
  C $E11E cb=-1 S=$F9 depth=4 wb=$C000
  T $E11E cb=-1 S=$F9 depth=3 wb=$E000
  C $E11E cb=-1 S=$F9 depth=3 wb=$E000
  C $DCCE cb=-1 S=$F9 depth=3 wb=$C000
  C $CB25 cb=-1 S=$F9 depth=3 wb=$C000
  C $CD30 cb=-1 S=$F9 depth=4 wb=$C000
  C $CD7D cb=-1 S=$F9 depth=5 wb=$C000
  T $CDE7 cb=-1 S=$F9 depth=6 wb=$C000
  C $CDE7 cb=-1 S=$F9 depth=6 wb=$C000
  T $CF25 cb=-1 S=$F9 depth=7 wb=$C000
  C $CF25 cb=-1 S=$F9 depth=7 wb=$C000
  D $CDE7 cb=-1 S=$F9 depth=6 wb=$C000
  C $CDE7 cb=-1 S=$F9 depth=6 wb=$C000
  T $CEF0 cb=-1 S=$F9 depth=7 wb=$C000
  C $CEF0 cb=-1 S=$F9 depth=7 wb=$C000
  C $CD5F cb=-1 S=$F9 depth=8 wb=$C000
  C $CD7D cb=-1 S=$F9 depth=5 wb=$C000
  T $CDE7 cb=-1 S=$F9 depth=6 wb=$C000
  C $CDE7 cb=-1 S=$F9 depth=6 wb=$C000
  T $CF25 cb=-1 S=$F9 depth=7 wb=$C000
  C $CF25 cb=-1 S=$F9 depth=7 wb=$C000
  C $CD5F cb=-1 S=$F9 depth=8 wb=$C000
  T $0C01 cb=-1 S=$FB depth=8 wb=$C000
  C $0C01 cb=-1 S=$FB depth=8 wb=$C000
  I $0C01 cb=-1 S=$FB depth=9 wb=$C000
  C $CD7D cb=-1 S=$FB depth=5 wb=$C000
  T $CDE7 cb=-1 S=$FB depth=6 wb=$C000
  C $CDE7 cb=-1 S=$FB depth=6 wb=$C000
  T $CF30 cb=-1 S=$FB depth=7 wb=$C000
  C $CF30 cb=-1 S=$FB depth=7 wb=$C000
  C $CD5F cb=-1 S=$FB depth=8 wb=$C000
  T $2062 cb=-1 S=$FD depth=8 wb=$C000
  C $2062 cb=-1 S=$FD depth=8 wb=$C000
=== end dispatch fault ===

=== dispatch fault 12 frame=310 cycles=16203664 ===
target gen=$2064 cpu=$2064 bank=3 class=ZERO_FILLED call_site=$0000
cpu A=$00 X=$06 Y=$0A P=$00 S=$FD window=$C000 dispatch_depth=16 vblank_depth=2 ops=3070 budget=29780
mapper type=4 current_bank=3 mirroring=3 select=$07 irq_latch=$7F irq_counter=$00 irq_reload=1 irq_enabled=1
mapper_regs 3C 3E 00 00 00 00 06 07
caller func_CE78
caller2 func_CDE7
target_bytes 00 00 00 00 00 00 00 00
stack_bytes 00 00 00 00 00 00 00 00 00 00 00 00 00 00 00 00
last_dispatches
  C $8749 cb=-1 S=$FF depth=6 wb=$E000
  C $DB65 cb=-1 S=$FF depth=3 wb=$C000
  C $DB92 cb=-1 S=$FF depth=3 wb=$C000
  C $D341 cb=-1 S=$FF depth=4 wb=$C000
  T $D377 cb=-1 S=$FF depth=4 wb=$C000
  C $D377 cb=-1 S=$FF depth=4 wb=$C000
  N $0002 cb=-1 S=$FC depth=3 wb=$E000
  C $DE39 cb=-1 S=$F9 depth=3 wb=$C000
  T $E11E cb=-1 S=$F9 depth=4 wb=$C000
  C $E11E cb=-1 S=$F9 depth=4 wb=$C000
  T $E11E cb=-1 S=$F9 depth=3 wb=$E000
  C $E11E cb=-1 S=$F9 depth=3 wb=$E000
  C $DCCE cb=-1 S=$F9 depth=3 wb=$C000
  C $CB25 cb=-1 S=$F9 depth=3 wb=$C000
  C $CF72 cb=-1 S=$F9 depth=4 wb=$C000
  C $CFE4 cb=-1 S=$F9 depth=4 wb=$C000
  C $CD30 cb=-1 S=$F9 depth=4 wb=$C000
  C $CD30 cb=-1 S=$F9 depth=4 wb=$C000
  C $CD7D cb=-1 S=$F9 depth=5 wb=$C000
  T $CDE7 cb=-1 S=$F9 depth=6 wb=$C000
  C $CDE7 cb=-1 S=$F9 depth=6 wb=$C000
  T $CED7 cb=-1 S=$F9 depth=7 wb=$C000
  C $CED7 cb=-1 S=$F9 depth=7 wb=$C000
  D $CDE7 cb=-1 S=$F9 depth=6 wb=$C000
  C $CDE7 cb=-1 S=$F9 depth=6 wb=$C000
  T $CE78 cb=-1 S=$F9 depth=7 wb=$C000
  C $CE78 cb=-1 S=$F9 depth=7 wb=$C000
  C $CD5F cb=-1 S=$F9 depth=8 wb=$C000
  T $CC01 cb=-1 S=$FB depth=8 wb=$C000
  C $CC01 cb=-1 S=$FB depth=8 wb=$C000
  T $CBA8 cb=-1 S=$FB depth=9 wb=$C000
  C $CBA8 cb=-1 S=$FB depth=9 wb=$C000
  T $CB37 cb=-1 S=$FB depth=10 wb=$C000
  C $CB37 cb=-1 S=$FB depth=10 wb=$C000
  C $CD30 cb=-1 S=$FB depth=11 wb=$C000
  C $CD30 cb=-1 S=$FB depth=11 wb=$C000
  C $CD7D cb=-1 S=$FB depth=12 wb=$C000
  C $CD5F cb=-1 S=$FB depth=13 wb=$C000
  C $CD7D cb=-1 S=$FB depth=12 wb=$C000
  T $CDE7 cb=-1 S=$FB depth=13 wb=$C000
  C $CDE7 cb=-1 S=$FB depth=13 wb=$C000
  T $CE4C cb=-1 S=$FB depth=14 wb=$C000
  C $CE4C cb=-1 S=$FB depth=14 wb=$C000
  T $CD93 cb=-1 S=$FB depth=15 wb=$C000
  C $CD93 cb=-1 S=$FB depth=15 wb=$C000
  D $CDE7 cb=-1 S=$FB depth=13 wb=$C000
  C $CDE7 cb=-1 S=$FB depth=13 wb=$C000
  T $CE4C cb=-1 S=$FB depth=14 wb=$C000
  C $CE4C cb=-1 S=$FB depth=14 wb=$C000
  T $CD93 cb=-1 S=$FB depth=15 wb=$C000
  C $CD93 cb=-1 S=$FB depth=15 wb=$C000
  D $CDE7 cb=-1 S=$FB depth=13 wb=$C000
  C $CDE7 cb=-1 S=$FB depth=13 wb=$C000
  T $CE4C cb=-1 S=$FB depth=14 wb=$C000
  C $CE4C cb=-1 S=$FB depth=14 wb=$C000
  T $CD93 cb=-1 S=$FB depth=15 wb=$C000
  C $CD93 cb=-1 S=$FB depth=15 wb=$C000
  D $CDE7 cb=-1 S=$FB depth=13 wb=$C000
  C $CDE7 cb=-1 S=$FB depth=13 wb=$C000
  T $CE78 cb=-1 S=$FB depth=14 wb=$C000
  C $CE78 cb=-1 S=$FB depth=14 wb=$C000
  C $CD5F cb=-1 S=$FB depth=15 wb=$C000
  T $2064 cb=-1 S=$FD depth=15 wb=$C000
  C $2064 cb=-1 S=$FD depth=15 wb=$C000
=== end dispatch fault ===

=== dispatch fault 1 frame=0 cycles=124656 ===
target gen=$A009 cpu=$8009 bank=6 class=CODE call_site=$0000
cpu A=$0D X=$06 Y=$00 P=$00 S=$FF window=$8000 dispatch_depth=3 vblank_depth=0 ops=5534 budget=29781
mapper type=4 current_bank=6 mirroring=2 select=$06 irq_latch=$00 irq_counter=$00 irq_reload=0 irq_enabled=0
mapper_regs 00 00 00 00 00 00 0D 07
caller (none)
caller2 (none)
target_bytes 4C 15 80 4C 50 80 4C F1
stack_bytes 00 00 00 00 00 00 00 00 00 00 00 00 00 00 00 00
last_dispatches
  T $D269 cb=-1 S=$FD depth=0 wb=$E000
  C $D269 cb=-1 S=$FD depth=0 wb=$E000
  C $D2F6 cb=-1 S=$FF depth=1 wb=$C000
  C $CFBF cb=-1 S=$FF depth=1 wb=$C000
  C $CFF3 cb=-1 S=$FF depth=2 wb=$C000
  T $D406 cb=-1 S=$FF depth=1 wb=$C000
  C $D406 cb=-1 S=$FF depth=1 wb=$C000
  C $8009 cb=-1 S=$FF depth=2 wb=$C000
=== end dispatch fault ===

=== dispatch fault 2 frame=0 cycles=191343 ===
target gen=$A003 cpu=$8003 bank=6 class=CODE call_site=$0000
cpu A=$05 X=$10 Y=$00 P=$00 S=$FF window=$8000 dispatch_depth=4 vblank_depth=0 ops=12659 budget=29780
mapper type=4 current_bank=6 mirroring=3 select=$07 irq_latch=$00 irq_counter=$00 irq_reload=0 irq_enabled=0
mapper_regs 00 00 00 00 00 00 0D 05
caller (none)
caller2 (none)
target_bytes 4C 85 86 4C 95 87 4C 15
stack_bytes 00 00 00 00 00 00 00 00 00 00 00 00 00 00 00 00
last_dispatches
  C $884E cb=6 S=$FF depth=6 wb=$8000
  C $884E cb=6 S=$FF depth=6 wb=$8000
  C $884E cb=6 S=$FF depth=6 wb=$8000
  C $884E cb=6 S=$FF depth=6 wb=$8000
  C $884E cb=6 S=$FF depth=6 wb=$8000
  C $884E cb=6 S=$FF depth=6 wb=$8000
  C $884E cb=6 S=$FF depth=6 wb=$8000
  C $884E cb=6 S=$FF depth=6 wb=$8000
  C $884E cb=6 S=$FF depth=6 wb=$8000
  C $884E cb=6 S=$FF depth=6 wb=$8000
  C $884E cb=6 S=$FF depth=6 wb=$8000
  C $884E cb=6 S=$FF depth=6 wb=$8000
  C $884E cb=6 S=$FF depth=6 wb=$8000
  C $884E cb=6 S=$FF depth=6 wb=$8000
  C $884E cb=6 S=$FF depth=6 wb=$8000
  C $884E cb=6 S=$FF depth=6 wb=$8000
  C $884E cb=6 S=$FF depth=6 wb=$8000
  C $884E cb=6 S=$FF depth=6 wb=$8000
  C $884E cb=6 S=$FF depth=6 wb=$8000
  C $884E cb=6 S=$FF depth=6 wb=$8000
  C $884E cb=6 S=$FF depth=6 wb=$8000
  C $884E cb=6 S=$FF depth=6 wb=$8000
  C $884E cb=6 S=$FF depth=6 wb=$8000
  C $884E cb=6 S=$FF depth=6 wb=$8000
  C $884E cb=6 S=$FF depth=6 wb=$8000
  C $884E cb=6 S=$FF depth=6 wb=$8000
  C $884E cb=6 S=$FF depth=6 wb=$8000
  C $884E cb=6 S=$FF depth=6 wb=$8000
  C $884E cb=6 S=$FF depth=6 wb=$8000
  C $884E cb=6 S=$FF depth=6 wb=$8000
  C $884E cb=6 S=$FF depth=6 wb=$8000
  C $884E cb=6 S=$FF depth=6 wb=$8000
  C $884E cb=6 S=$FF depth=6 wb=$8000
  C $884E cb=6 S=$FF depth=6 wb=$8000
  C $884E cb=6 S=$FF depth=6 wb=$8000
  C $884E cb=6 S=$FF depth=6 wb=$8000
  C $884E cb=6 S=$FF depth=6 wb=$8000
  C $884E cb=6 S=$FF depth=6 wb=$8000
  C $884E cb=6 S=$FF depth=6 wb=$8000
  C $884E cb=6 S=$FF depth=6 wb=$8000
  C $884E cb=6 S=$FF depth=6 wb=$8000
  C $884E cb=6 S=$FF depth=6 wb=$8000
  C $884E cb=6 S=$FF depth=6 wb=$8000
  C $884E cb=6 S=$FF depth=6 wb=$8000
  C $884E cb=6 S=$FF depth=6 wb=$8000
  C $884E cb=6 S=$FF depth=6 wb=$8000
  C $884E cb=6 S=$FF depth=6 wb=$8000
  C $884E cb=6 S=$FF depth=6 wb=$8000
  C $884E cb=6 S=$FF depth=6 wb=$8000
  C $884E cb=6 S=$FF depth=6 wb=$8000
  C $884E cb=6 S=$FF depth=6 wb=$8000
  C $884E cb=6 S=$FF depth=6 wb=$8000
  C $884E cb=6 S=$FF depth=6 wb=$8000
  C $884E cb=6 S=$FF depth=6 wb=$8000
  C $884E cb=6 S=$FF depth=6 wb=$8000
  C $884E cb=6 S=$FF depth=6 wb=$8000
  C $884E cb=6 S=$FF depth=6 wb=$8000
  C $884E cb=6 S=$FF depth=6 wb=$8000
  C $884E cb=6 S=$FF depth=6 wb=$8000
  C $884E cb=6 S=$FF depth=6 wb=$8000
  C $884E cb=6 S=$FF depth=6 wb=$8000
  C $884E cb=6 S=$FF depth=6 wb=$8000
  C $884E cb=6 S=$FF depth=6 wb=$8000
  C $8003 cb=-1 S=$FF depth=3 wb=$C000
=== end dispatch fault ===

=== dispatch fault 3 frame=186 cycles=5809662 ===
target gen=$FF01 cpu=$FF01 bank=7 class=ZERO_FILLED call_site=$2200
cpu A=$00 X=$03 Y=$04 P=$00 S=$FB window=$E000 dispatch_depth=9 vblank_depth=2 ops=2463 budget=29781
mapper type=4 current_bank=3 mirroring=3 select=$07 irq_latch=$7F irq_counter=$00 irq_reload=1 irq_enabled=1
mapper_regs 3C 3E 00 00 00 00 06 07
caller func_CEAC
caller2 func_CDE7
target_bytes 00 00 00 00 00 00 00 00
stack_bytes 00 22 00 00 00 00 00 00 00 00 00 00 00 00 00 00
last_dispatches
  C $884E cb=6 S=$FF depth=6 wb=$8000
  C $884E cb=6 S=$FF depth=6 wb=$8000
  C $884E cb=6 S=$FF depth=6 wb=$8000
  C $884E cb=6 S=$FF depth=6 wb=$8000
  C $884E cb=6 S=$FF depth=6 wb=$8000
  C $884E cb=6 S=$FF depth=6 wb=$8000
  C $884E cb=6 S=$FF depth=6 wb=$8000
  C $884E cb=6 S=$FF depth=6 wb=$8000
  C $DB92 cb=-1 S=$FF depth=3 wb=$C000
  C $D341 cb=-1 S=$FF depth=4 wb=$C000
  T $D377 cb=-1 S=$FF depth=4 wb=$C000
  C $D377 cb=-1 S=$FF depth=4 wb=$C000
  C $DC27 cb=-1 S=$FF depth=3 wb=$C000
  C $DBAF cb=-1 S=$FF depth=3 wb=$C000
  C $8021 cb=-1 S=$FF depth=4 wb=$C000
  T $89BF cb=6 S=$FF depth=5 wb=$8000
  C $89BF cb=6 S=$FF depth=5 wb=$8000
  T $89DD cb=-1 S=$FF depth=6 wb=$E000
  C $89DD cb=-1 S=$FF depth=6 wb=$E000
  T $89DD cb=-1 S=$FF depth=6 wb=$E000
  C $89DD cb=-1 S=$FF depth=6 wb=$E000
  T $89DD cb=-1 S=$FF depth=6 wb=$E000
  C $89DD cb=-1 S=$FF depth=6 wb=$E000
  T $89DD cb=-1 S=$FF depth=6 wb=$E000
  C $89DD cb=-1 S=$FF depth=6 wb=$E000
  N $0002 cb=-1 S=$FC depth=3 wb=$E000
  C $DE39 cb=-1 S=$F9 depth=3 wb=$C000
  T $E11E cb=-1 S=$F9 depth=4 wb=$C000
  C $E11E cb=-1 S=$F9 depth=4 wb=$C000
  T $E11E cb=-1 S=$F9 depth=3 wb=$E000
  C $E11E cb=-1 S=$F9 depth=3 wb=$E000
  C $DCCE cb=-1 S=$F9 depth=3 wb=$C000
  C $CB25 cb=-1 S=$F9 depth=3 wb=$C000
  C $CF72 cb=-1 S=$F9 depth=4 wb=$C000
  C $CFF3 cb=-1 S=$F9 depth=4 wb=$C000
  C $CD30 cb=-1 S=$F9 depth=4 wb=$C000
  C $CD7D cb=-1 S=$F9 depth=5 wb=$C000
  T $CDE7 cb=-1 S=$F9 depth=6 wb=$C000
  C $CDE7 cb=-1 S=$F9 depth=6 wb=$C000
  T $CEAC cb=-1 S=$F9 depth=7 wb=$C000
  C $CEAC cb=-1 S=$F9 depth=7 wb=$C000
  D $CDE7 cb=-1 S=$F9 depth=6 wb=$C000
  C $CDE7 cb=-1 S=$F9 depth=6 wb=$C000
  T $CEF0 cb=-1 S=$F9 depth=7 wb=$C000
  C $CEF0 cb=-1 S=$F9 depth=7 wb=$C000
  C $CD5F cb=-1 S=$F9 depth=8 wb=$C000
  C $CD7D cb=-1 S=$F9 depth=5 wb=$C000
  T $CDE7 cb=-1 S=$F9 depth=6 wb=$C000
  C $CDE7 cb=-1 S=$F9 depth=6 wb=$C000
  T $CE4C cb=-1 S=$F9 depth=7 wb=$C000
  C $CE4C cb=-1 S=$F9 depth=7 wb=$C000
  T $CD93 cb=-1 S=$F9 depth=8 wb=$C000
  C $CD93 cb=-1 S=$F9 depth=8 wb=$C000
  D $CDE7 cb=-1 S=$F9 depth=6 wb=$C000
  C $CDE7 cb=-1 S=$F9 depth=6 wb=$C000
  T $CEF0 cb=-1 S=$F9 depth=7 wb=$C000
  C $CEF0 cb=-1 S=$F9 depth=7 wb=$C000
  D $CDE7 cb=-1 S=$F9 depth=6 wb=$C000
  C $CDE7 cb=-1 S=$F9 depth=6 wb=$C000
  T $CEAC cb=-1 S=$F9 depth=7 wb=$C000
  C $CEAC cb=-1 S=$F9 depth=7 wb=$C000
  C $CD5F cb=-1 S=$F9 depth=8 wb=$C000
  T $FF01 cb=-1 S=$FB depth=8 wb=$C000
  C $FF01 cb=-1 S=$FB depth=8 wb=$C000
=== end dispatch fault ===

=== dispatch fault 4 frame=186 cycles=5809962 ===
target gen=$2201 cpu=$2201 bank=3 class=ZERO_FILLED call_site=$0000
cpu A=$00 X=$02 Y=$04 P=$00 S=$FD window=$C000 dispatch_depth=9 vblank_depth=2 ops=2763 budget=29781
mapper type=4 current_bank=3 mirroring=3 select=$07 irq_latch=$7F irq_counter=$00 irq_reload=1 irq_enabled=1
mapper_regs 3C 3E 00 00 00 00 06 07
caller func_CE78
caller2 func_CDE7
target_bytes 00 00 00 00 00 00 00 00
stack_bytes 00 00 00 00 00 00 00 00 00 00 00 00 00 00 00 00
last_dispatches
  C $DB92 cb=-1 S=$FF depth=3 wb=$C000
  C $D341 cb=-1 S=$FF depth=4 wb=$C000
  T $D377 cb=-1 S=$FF depth=4 wb=$C000
  C $D377 cb=-1 S=$FF depth=4 wb=$C000
  C $DC27 cb=-1 S=$FF depth=3 wb=$C000
  C $DBAF cb=-1 S=$FF depth=3 wb=$C000
  C $8021 cb=-1 S=$FF depth=4 wb=$C000
  T $89BF cb=6 S=$FF depth=5 wb=$8000
  C $89BF cb=6 S=$FF depth=5 wb=$8000
  T $89DD cb=-1 S=$FF depth=6 wb=$E000
  C $89DD cb=-1 S=$FF depth=6 wb=$E000
  T $89DD cb=-1 S=$FF depth=6 wb=$E000
  C $89DD cb=-1 S=$FF depth=6 wb=$E000
  T $89DD cb=-1 S=$FF depth=6 wb=$E000
  C $89DD cb=-1 S=$FF depth=6 wb=$E000
  T $89DD cb=-1 S=$FF depth=6 wb=$E000
  C $89DD cb=-1 S=$FF depth=6 wb=$E000
  N $0002 cb=-1 S=$FC depth=3 wb=$E000
  C $DE39 cb=-1 S=$F9 depth=3 wb=$C000
  T $E11E cb=-1 S=$F9 depth=4 wb=$C000
  C $E11E cb=-1 S=$F9 depth=4 wb=$C000
  T $E11E cb=-1 S=$F9 depth=3 wb=$E000
  C $E11E cb=-1 S=$F9 depth=3 wb=$E000
  C $DCCE cb=-1 S=$F9 depth=3 wb=$C000
  C $CB25 cb=-1 S=$F9 depth=3 wb=$C000
  C $CF72 cb=-1 S=$F9 depth=4 wb=$C000
  C $CFF3 cb=-1 S=$F9 depth=4 wb=$C000
  C $CD30 cb=-1 S=$F9 depth=4 wb=$C000
  C $CD7D cb=-1 S=$F9 depth=5 wb=$C000
  T $CDE7 cb=-1 S=$F9 depth=6 wb=$C000
  C $CDE7 cb=-1 S=$F9 depth=6 wb=$C000
  T $CEAC cb=-1 S=$F9 depth=7 wb=$C000
  C $CEAC cb=-1 S=$F9 depth=7 wb=$C000
  D $CDE7 cb=-1 S=$F9 depth=6 wb=$C000
  C $CDE7 cb=-1 S=$F9 depth=6 wb=$C000
  T $CEF0 cb=-1 S=$F9 depth=7 wb=$C000
  C $CEF0 cb=-1 S=$F9 depth=7 wb=$C000
  C $CD5F cb=-1 S=$F9 depth=8 wb=$C000
  C $CD7D cb=-1 S=$F9 depth=5 wb=$C000
  T $CDE7 cb=-1 S=$F9 depth=6 wb=$C000
  C $CDE7 cb=-1 S=$F9 depth=6 wb=$C000
  T $CE4C cb=-1 S=$F9 depth=7 wb=$C000
  C $CE4C cb=-1 S=$F9 depth=7 wb=$C000
  T $CD93 cb=-1 S=$F9 depth=8 wb=$C000
  C $CD93 cb=-1 S=$F9 depth=8 wb=$C000
  D $CDE7 cb=-1 S=$F9 depth=6 wb=$C000
  C $CDE7 cb=-1 S=$F9 depth=6 wb=$C000
  T $CEF0 cb=-1 S=$F9 depth=7 wb=$C000
  C $CEF0 cb=-1 S=$F9 depth=7 wb=$C000
  D $CDE7 cb=-1 S=$F9 depth=6 wb=$C000
  C $CDE7 cb=-1 S=$F9 depth=6 wb=$C000
  T $CEAC cb=-1 S=$F9 depth=7 wb=$C000
  C $CEAC cb=-1 S=$F9 depth=7 wb=$C000
  C $CD5F cb=-1 S=$F9 depth=8 wb=$C000
  T $FF01 cb=-1 S=$FB depth=8 wb=$C000
  C $FF01 cb=-1 S=$FB depth=8 wb=$C000
  C $CD7D cb=-1 S=$FB depth=5 wb=$C000
  T $CDE7 cb=-1 S=$FB depth=6 wb=$C000
  C $CDE7 cb=-1 S=$FB depth=6 wb=$C000
  T $CE78 cb=-1 S=$FB depth=7 wb=$C000
  C $CE78 cb=-1 S=$FB depth=7 wb=$C000
  C $CD5F cb=-1 S=$FB depth=8 wb=$C000
  T $2201 cb=-1 S=$FD depth=8 wb=$C000
  C $2201 cb=-1 S=$FD depth=8 wb=$C000
=== end dispatch fault ===

=== dispatch fault 5 frame=206 cycles=6404687 ===
target gen=$8801 cpu=$8801 bank=3 class=CODE call_site=$6200
cpu A=$00 X=$01 Y=$02 P=$00 S=$FB window=$8000 dispatch_depth=9 vblank_depth=2 ops=1878 budget=29781
mapper type=4 current_bank=3 mirroring=3 select=$07 irq_latch=$7F irq_counter=$00 irq_reload=1 irq_enabled=1
mapper_regs 3C 3E 00 00 00 00 06 07
caller func_CF25
caller2 func_CDE7
target_bytes F5 FB 87 FC 8D 88 F4 1C
stack_bytes 00 62 00 00 00 00 00 00 00 00 00 00 00 00 00 00
last_dispatches
  T $CD50 cb=-1 S=$F9 depth=6 wb=$C000
  C $CD50 cb=-1 S=$F9 depth=6 wb=$C000
  C $CD7D cb=-1 S=$F9 depth=5 wb=$C000
  T $CD50 cb=-1 S=$F9 depth=6 wb=$C000
  C $CD50 cb=-1 S=$F9 depth=6 wb=$C000
  C $CD30 cb=-1 S=$F9 depth=4 wb=$C000
  C $CC71 cb=-1 S=$F9 depth=4 wb=$C000
  C $CCDA cb=-1 S=$F9 depth=4 wb=$C000
  C $CC71 cb=-1 S=$F9 depth=4 wb=$C000
  T $CC61 cb=-1 S=$F9 depth=5 wb=$C000
  C $CC61 cb=-1 S=$F9 depth=5 wb=$C000
  C $CCDA cb=-1 S=$F9 depth=4 wb=$C000
  C $CC71 cb=-1 S=$F9 depth=4 wb=$C000
  C $CCDA cb=-1 S=$F9 depth=4 wb=$C000
  C $CC71 cb=-1 S=$F9 depth=4 wb=$C000
  T $CC61 cb=-1 S=$F9 depth=5 wb=$C000
  C $CC61 cb=-1 S=$F9 depth=5 wb=$C000
  n $0002 cb=-1 S=$FF depth=3 wb=$E000
  T $E9AE cb=-1 S=$F9 depth=3 wb=$E000
  C $E9AE cb=-1 S=$F9 depth=3 wb=$E000
  T $D9F0 cb=-1 S=$FF depth=3 wb=$E000
  C $D9F0 cb=-1 S=$FF depth=3 wb=$E000
  C $DBAF cb=-1 S=$FF depth=3 wb=$C000
  C $8021 cb=-1 S=$FF depth=4 wb=$C000
  T $89BF cb=6 S=$FF depth=5 wb=$8000
  C $89BF cb=6 S=$FF depth=5 wb=$8000
  T $8749 cb=-1 S=$FF depth=6 wb=$E000
  C $8749 cb=-1 S=$FF depth=6 wb=$E000
  T $8749 cb=-1 S=$FF depth=6 wb=$E000
  C $8749 cb=-1 S=$FF depth=6 wb=$E000
  T $8749 cb=-1 S=$FF depth=6 wb=$E000
  C $8749 cb=-1 S=$FF depth=6 wb=$E000
  T $8749 cb=-1 S=$FF depth=6 wb=$E000
  C $8749 cb=-1 S=$FF depth=6 wb=$E000
  C $DB65 cb=-1 S=$FF depth=3 wb=$C000
  C $DB92 cb=-1 S=$FF depth=3 wb=$C000
  C $D341 cb=-1 S=$FF depth=4 wb=$C000
  T $D377 cb=-1 S=$FF depth=4 wb=$C000
  C $D377 cb=-1 S=$FF depth=4 wb=$C000
  N $0002 cb=-1 S=$FC depth=3 wb=$E000
  C $DE39 cb=-1 S=$F9 depth=3 wb=$C000
  T $E11E cb=-1 S=$F9 depth=4 wb=$C000
  C $E11E cb=-1 S=$F9 depth=4 wb=$C000
  T $E11E cb=-1 S=$F9 depth=3 wb=$E000
  C $E11E cb=-1 S=$F9 depth=3 wb=$E000
  C $DCCE cb=-1 S=$F9 depth=3 wb=$C000
  C $CB25 cb=-1 S=$F9 depth=3 wb=$C000
  C $CD30 cb=-1 S=$F9 depth=4 wb=$C000
  C $CD7D cb=-1 S=$F9 depth=5 wb=$C000
  T $CD50 cb=-1 S=$F9 depth=6 wb=$C000
  C $CD50 cb=-1 S=$F9 depth=6 wb=$C000
  C $CD7D cb=-1 S=$F9 depth=5 wb=$C000
  T $CD50 cb=-1 S=$F9 depth=6 wb=$C000
  C $CD50 cb=-1 S=$F9 depth=6 wb=$C000
  C $CD7D cb=-1 S=$F9 depth=5 wb=$C000
  C $CD5F cb=-1 S=$F9 depth=6 wb=$C000
  C $CD7D cb=-1 S=$F9 depth=5 wb=$C000
  T $CDE7 cb=-1 S=$F9 depth=6 wb=$C000
  C $CDE7 cb=-1 S=$F9 depth=6 wb=$C000
  T $CF25 cb=-1 S=$F9 depth=7 wb=$C000
  C $CF25 cb=-1 S=$F9 depth=7 wb=$C000
  C $CD5F cb=-1 S=$F9 depth=8 wb=$C000
  T $8801 cb=-1 S=$FB depth=8 wb=$C000
  C $8801 cb=-1 S=$FB depth=8 wb=$C000
=== end dispatch fault ===

=== dispatch fault 6 frame=213 cycles=6612883 ===
target gen=$4C01 cpu=$4C01 bank=3 class=ZERO_FILLED call_site=$603F
cpu A=$00 X=$03 Y=$02 P=$00 S=$FB window=$C000 dispatch_depth=9 vblank_depth=2 ops=1610 budget=29780
mapper type=4 current_bank=3 mirroring=3 select=$07 irq_latch=$7F irq_counter=$00 irq_reload=1 irq_enabled=1
mapper_regs 3C 3E 00 00 00 00 06 07
caller func_CF25
caller2 func_CDE7
target_bytes 00 00 00 00 00 00 00 00
stack_bytes 3F 60 00 00 00 00 00 00 00 00 00 00 00 00 00 00
last_dispatches
  C $CD7D cb=-1 S=$F9 depth=5 wb=$C000
  T $CD50 cb=-1 S=$F9 depth=6 wb=$C000
  C $CD50 cb=-1 S=$F9 depth=6 wb=$C000
  C $CD7D cb=-1 S=$F9 depth=5 wb=$C000
  T $CD50 cb=-1 S=$F9 depth=6 wb=$C000
  C $CD50 cb=-1 S=$F9 depth=6 wb=$C000
  C $CD7D cb=-1 S=$F9 depth=5 wb=$C000
  T $CD50 cb=-1 S=$F9 depth=6 wb=$C000
  C $CD50 cb=-1 S=$F9 depth=6 wb=$C000
  C $CD30 cb=-1 S=$F9 depth=4 wb=$C000
  C $CC71 cb=-1 S=$F9 depth=4 wb=$C000
  C $CCDA cb=-1 S=$F9 depth=4 wb=$C000
  C $CC71 cb=-1 S=$F9 depth=4 wb=$C000
  T $CC61 cb=-1 S=$F9 depth=5 wb=$C000
  C $CC61 cb=-1 S=$F9 depth=5 wb=$C000
  C $CCDA cb=-1 S=$F9 depth=4 wb=$C000
  C $CC71 cb=-1 S=$F9 depth=4 wb=$C000
  T $CC61 cb=-1 S=$F9 depth=5 wb=$C000
  C $CC61 cb=-1 S=$F9 depth=5 wb=$C000
  C $CCDA cb=-1 S=$F9 depth=4 wb=$C000
  C $CC71 cb=-1 S=$F9 depth=4 wb=$C000
  T $CC61 cb=-1 S=$F9 depth=5 wb=$C000
  C $CC61 cb=-1 S=$F9 depth=5 wb=$C000
  n $0002 cb=-1 S=$FF depth=3 wb=$E000
  T $E9AE cb=-1 S=$F9 depth=3 wb=$E000
  C $E9AE cb=-1 S=$F9 depth=3 wb=$E000
  T $D9F0 cb=-1 S=$FF depth=3 wb=$E000
  C $D9F0 cb=-1 S=$FF depth=3 wb=$E000
  C $DBAF cb=-1 S=$FF depth=3 wb=$C000
  C $8021 cb=-1 S=$FF depth=4 wb=$C000
  T $89BF cb=6 S=$FF depth=5 wb=$8000
  C $89BF cb=6 S=$FF depth=5 wb=$8000
  T $8749 cb=-1 S=$FF depth=6 wb=$E000
  C $8749 cb=-1 S=$FF depth=6 wb=$E000
  T $8749 cb=-1 S=$FF depth=6 wb=$E000
  C $8749 cb=-1 S=$FF depth=6 wb=$E000
  T $8749 cb=-1 S=$FF depth=6 wb=$E000
  C $8749 cb=-1 S=$FF depth=6 wb=$E000
  T $8749 cb=-1 S=$FF depth=6 wb=$E000
  C $8749 cb=-1 S=$FF depth=6 wb=$E000
  C $DB65 cb=-1 S=$FF depth=3 wb=$C000
  C $DB92 cb=-1 S=$FF depth=3 wb=$C000
  C $D341 cb=-1 S=$FF depth=4 wb=$C000
  T $D377 cb=-1 S=$FF depth=4 wb=$C000
  C $D377 cb=-1 S=$FF depth=4 wb=$C000
  N $0002 cb=-1 S=$FC depth=3 wb=$E000
  C $DE39 cb=-1 S=$F9 depth=3 wb=$C000
  T $E11E cb=-1 S=$F9 depth=4 wb=$C000
  C $E11E cb=-1 S=$F9 depth=4 wb=$C000
  T $E11E cb=-1 S=$F9 depth=3 wb=$E000
  C $E11E cb=-1 S=$F9 depth=3 wb=$E000
  C $DCCE cb=-1 S=$F9 depth=3 wb=$C000
  C $CB25 cb=-1 S=$F9 depth=3 wb=$C000
  C $CD30 cb=-1 S=$F9 depth=4 wb=$C000
  C $CD7D cb=-1 S=$F9 depth=5 wb=$C000
  C $CD5F cb=-1 S=$F9 depth=6 wb=$C000
  C $CD7D cb=-1 S=$F9 depth=5 wb=$C000
  T $CDE7 cb=-1 S=$F9 depth=6 wb=$C000
  C $CDE7 cb=-1 S=$F9 depth=6 wb=$C000
  T $CF25 cb=-1 S=$F9 depth=7 wb=$C000
  C $CF25 cb=-1 S=$F9 depth=7 wb=$C000
  C $CD5F cb=-1 S=$F9 depth=8 wb=$C000
  T $4C01 cb=-1 S=$FB depth=8 wb=$C000
  C $4C01 cb=-1 S=$FB depth=8 wb=$C000
=== end dispatch fault ===

=== dispatch fault 7 frame=226 cycles=7000289 ===
target gen=$B801 cpu=$B801 bank=3 class=CODE call_site=$E08B
cpu A=$00 X=$01 Y=$02 P=$00 S=$FB window=$A000 dispatch_depth=9 vblank_depth=2 ops=1870 budget=29781
mapper type=4 current_bank=3 mirroring=3 select=$07 irq_latch=$7F irq_counter=$00 irq_reload=1 irq_enabled=1
mapper_regs 3C 3E 00 00 00 00 06 07
caller func_CF25
caller2 func_CDE7
target_bytes 06 00 28 46 A0 30 02 00
stack_bytes 8B E0 00 00 00 00 00 00 00 00 00 00 00 00 00 00
last_dispatches
  C $CD7D cb=-1 S=$F9 depth=5 wb=$C000
  T $CD50 cb=-1 S=$F9 depth=6 wb=$C000
  C $CD50 cb=-1 S=$F9 depth=6 wb=$C000
  C $CD30 cb=-1 S=$F9 depth=4 wb=$C000
  C $CC71 cb=-1 S=$F9 depth=4 wb=$C000
  C $CCDA cb=-1 S=$F9 depth=4 wb=$C000
  C $CC71 cb=-1 S=$F9 depth=4 wb=$C000
  T $CC61 cb=-1 S=$F9 depth=5 wb=$C000
  C $CC61 cb=-1 S=$F9 depth=5 wb=$C000
  C $CCDA cb=-1 S=$F9 depth=4 wb=$C000
  C $CC71 cb=-1 S=$F9 depth=4 wb=$C000
  T $CC61 cb=-1 S=$F9 depth=5 wb=$C000
  C $CC61 cb=-1 S=$F9 depth=5 wb=$C000
  C $CCDA cb=-1 S=$F9 depth=4 wb=$C000
  C $CC71 cb=-1 S=$F9 depth=4 wb=$C000
  T $CC61 cb=-1 S=$F9 depth=5 wb=$C000
  C $CC61 cb=-1 S=$F9 depth=5 wb=$C000
  n $0002 cb=-1 S=$FF depth=3 wb=$E000
  T $E9AE cb=-1 S=$F9 depth=3 wb=$E000
  C $E9AE cb=-1 S=$F9 depth=3 wb=$E000
  T $D9F0 cb=-1 S=$FF depth=3 wb=$E000
  C $D9F0 cb=-1 S=$FF depth=3 wb=$E000
  C $DBAF cb=-1 S=$FF depth=3 wb=$C000
  C $8021 cb=-1 S=$FF depth=4 wb=$C000
  T $89BF cb=6 S=$FF depth=5 wb=$8000
  C $89BF cb=6 S=$FF depth=5 wb=$8000
  T $8749 cb=-1 S=$FF depth=6 wb=$E000
  C $8749 cb=-1 S=$FF depth=6 wb=$E000
  T $8749 cb=-1 S=$FF depth=6 wb=$E000
  C $8749 cb=-1 S=$FF depth=6 wb=$E000
  T $8749 cb=-1 S=$FF depth=6 wb=$E000
  C $8749 cb=-1 S=$FF depth=6 wb=$E000
  T $8749 cb=-1 S=$FF depth=6 wb=$E000
  C $8749 cb=-1 S=$FF depth=6 wb=$E000
  C $DB65 cb=-1 S=$FF depth=3 wb=$C000
  C $DB92 cb=-1 S=$FF depth=3 wb=$C000
  C $D341 cb=-1 S=$FF depth=4 wb=$C000
  T $D377 cb=-1 S=$FF depth=4 wb=$C000
  C $D377 cb=-1 S=$FF depth=4 wb=$C000
  N $0002 cb=-1 S=$FC depth=3 wb=$E000
  C $DE39 cb=-1 S=$F9 depth=3 wb=$C000
  T $E11E cb=-1 S=$F9 depth=4 wb=$C000
  C $E11E cb=-1 S=$F9 depth=4 wb=$C000
  T $E11E cb=-1 S=$F9 depth=3 wb=$E000
  C $E11E cb=-1 S=$F9 depth=3 wb=$E000
  C $DCCE cb=-1 S=$F9 depth=3 wb=$C000
  C $CB25 cb=-1 S=$F9 depth=3 wb=$C000
  C $CD30 cb=-1 S=$F9 depth=4 wb=$C000
  C $CD7D cb=-1 S=$F9 depth=5 wb=$C000
  T $CD50 cb=-1 S=$F9 depth=6 wb=$C000
  C $CD50 cb=-1 S=$F9 depth=6 wb=$C000
  C $CD7D cb=-1 S=$F9 depth=5 wb=$C000
  T $CD50 cb=-1 S=$F9 depth=6 wb=$C000
  C $CD50 cb=-1 S=$F9 depth=6 wb=$C000
  C $CD7D cb=-1 S=$F9 depth=5 wb=$C000
  C $CD5F cb=-1 S=$F9 depth=6 wb=$C000
  C $CD7D cb=-1 S=$F9 depth=5 wb=$C000
  T $CDE7 cb=-1 S=$F9 depth=6 wb=$C000
  C $CDE7 cb=-1 S=$F9 depth=6 wb=$C000
  T $CF25 cb=-1 S=$F9 depth=7 wb=$C000
  C $CF25 cb=-1 S=$F9 depth=7 wb=$C000
  C $CD5F cb=-1 S=$F9 depth=8 wb=$C000
  T $B801 cb=-1 S=$FB depth=8 wb=$C000
  C $B801 cb=-1 S=$FB depth=8 wb=$C000
=== end dispatch fault ===

=== dispatch fault 8 frame=240 cycles=7417038 ===
target gen=$4001 cpu=$4001 bank=3 class=ZERO_FILLED call_site=$A084
cpu A=$00 X=$03 Y=$02 P=$00 S=$FB window=$C000 dispatch_depth=9 vblank_depth=2 ops=1692 budget=29781
mapper type=4 current_bank=3 mirroring=3 select=$07 irq_latch=$7F irq_counter=$00 irq_reload=1 irq_enabled=1
mapper_regs 3C 3E 00 00 00 00 06 07
caller func_CF25
caller2 func_CDE7
target_bytes 00 00 00 00 00 00 00 00
stack_bytes 84 A0 00 00 00 00 00 00 00 00 00 00 00 00 00 00
last_dispatches
  C $CD50 cb=-1 S=$F9 depth=6 wb=$C000
  C $CD7D cb=-1 S=$F9 depth=5 wb=$C000
  T $CD50 cb=-1 S=$F9 depth=6 wb=$C000
  C $CD50 cb=-1 S=$F9 depth=6 wb=$C000
  C $CD7D cb=-1 S=$F9 depth=5 wb=$C000
  T $CD50 cb=-1 S=$F9 depth=6 wb=$C000
  C $CD50 cb=-1 S=$F9 depth=6 wb=$C000
  C $CD30 cb=-1 S=$F9 depth=4 wb=$C000
  C $CC71 cb=-1 S=$F9 depth=4 wb=$C000
  C $CCDA cb=-1 S=$F9 depth=4 wb=$C000
  C $CC71 cb=-1 S=$F9 depth=4 wb=$C000
  T $CC61 cb=-1 S=$F9 depth=5 wb=$C000
  C $CC61 cb=-1 S=$F9 depth=5 wb=$C000
  C $CCDA cb=-1 S=$F9 depth=4 wb=$C000
  C $CC71 cb=-1 S=$F9 depth=4 wb=$C000
  C $CCDA cb=-1 S=$F9 depth=4 wb=$C000
  C $CC71 cb=-1 S=$F9 depth=4 wb=$C000
  T $CC61 cb=-1 S=$F9 depth=5 wb=$C000
  C $CC61 cb=-1 S=$F9 depth=5 wb=$C000
  n $0002 cb=-1 S=$FF depth=3 wb=$E000
  T $E9AE cb=-1 S=$F9 depth=3 wb=$E000
  C $E9AE cb=-1 S=$F9 depth=3 wb=$E000
  T $D9F0 cb=-1 S=$FF depth=3 wb=$E000
  C $D9F0 cb=-1 S=$FF depth=3 wb=$E000
  C $DBAF cb=-1 S=$FF depth=3 wb=$C000
  C $8021 cb=-1 S=$FF depth=4 wb=$C000
  T $89BF cb=6 S=$FF depth=5 wb=$8000
  C $89BF cb=6 S=$FF depth=5 wb=$8000
  T $8749 cb=-1 S=$FF depth=6 wb=$E000
  C $8749 cb=-1 S=$FF depth=6 wb=$E000
  T $8749 cb=-1 S=$FF depth=6 wb=$E000
  C $8749 cb=-1 S=$FF depth=6 wb=$E000
  T $8749 cb=-1 S=$FF depth=6 wb=$E000
  C $8749 cb=-1 S=$FF depth=6 wb=$E000
  T $8749 cb=-1 S=$FF depth=6 wb=$E000
  C $8749 cb=-1 S=$FF depth=6 wb=$E000
  C $DB65 cb=-1 S=$FF depth=3 wb=$C000
  C $DB92 cb=-1 S=$FF depth=3 wb=$C000
  C $D341 cb=-1 S=$FF depth=4 wb=$C000
  T $D377 cb=-1 S=$FF depth=4 wb=$C000
  C $D377 cb=-1 S=$FF depth=4 wb=$C000
  N $0002 cb=-1 S=$FC depth=3 wb=$E000
  C $DE39 cb=-1 S=$F9 depth=3 wb=$C000
  T $E11E cb=-1 S=$F9 depth=4 wb=$C000
  C $E11E cb=-1 S=$F9 depth=4 wb=$C000
  T $E11E cb=-1 S=$F9 depth=3 wb=$E000
  C $E11E cb=-1 S=$F9 depth=3 wb=$E000
  C $DCCE cb=-1 S=$F9 depth=3 wb=$C000
  C $CB25 cb=-1 S=$F9 depth=3 wb=$C000
  C $CD30 cb=-1 S=$F9 depth=4 wb=$C000
  C $CD7D cb=-1 S=$F9 depth=5 wb=$C000
  T $CDE7 cb=-1 S=$F9 depth=6 wb=$C000
  C $CDE7 cb=-1 S=$F9 depth=6 wb=$C000
  T $CF40 cb=-1 S=$F9 depth=7 wb=$C000
  C $CF40 cb=-1 S=$F9 depth=7 wb=$C000
  C $CD5F cb=-1 S=$F9 depth=8 wb=$C000
  C $CD7D cb=-1 S=$F9 depth=5 wb=$C000
  T $CDE7 cb=-1 S=$F9 depth=6 wb=$C000
  C $CDE7 cb=-1 S=$F9 depth=6 wb=$C000
  T $CF25 cb=-1 S=$F9 depth=7 wb=$C000
  C $CF25 cb=-1 S=$F9 depth=7 wb=$C000
  C $CD5F cb=-1 S=$F9 depth=8 wb=$C000
  T $4001 cb=-1 S=$FB depth=8 wb=$C000
  C $4001 cb=-1 S=$FB depth=8 wb=$C000
=== end dispatch fault ===

=== dispatch fault 9 frame=266 cycles=8191797 ===
target gen=$2301 cpu=$2301 bank=3 class=ZERO_FILLED call_site=$0000
cpu A=$00 X=$01 Y=$02 P=$00 S=$FD window=$C000 dispatch_depth=9 vblank_depth=2 ops=2158 budget=29781
mapper type=4 current_bank=3 mirroring=3 select=$07 irq_latch=$7F irq_counter=$00 irq_reload=1 irq_enabled=1
mapper_regs 3C 3E 00 00 00 00 06 07
caller func_CF25
caller2 func_CDE7
target_bytes 00 00 00 00 00 00 00 00
stack_bytes 00 00 00 00 00 00 00 00 00 00 00 00 00 00 00 00
last_dispatches
  C $CD30 cb=-1 S=$F9 depth=4 wb=$C000
  C $CC71 cb=-1 S=$F9 depth=4 wb=$C000
  C $CCDA cb=-1 S=$F9 depth=4 wb=$C000
  C $CC71 cb=-1 S=$F9 depth=4 wb=$C000
  T $CC61 cb=-1 S=$F9 depth=5 wb=$C000
  C $CC61 cb=-1 S=$F9 depth=5 wb=$C000
  C $CCDA cb=-1 S=$F9 depth=4 wb=$C000
  C $CC71 cb=-1 S=$F9 depth=4 wb=$C000
  C $CCDA cb=-1 S=$F9 depth=4 wb=$C000
  C $CC71 cb=-1 S=$F9 depth=4 wb=$C000
  T $CC61 cb=-1 S=$F9 depth=5 wb=$C000
  C $CC61 cb=-1 S=$F9 depth=5 wb=$C000
  n $0002 cb=-1 S=$FF depth=3 wb=$E000
  T $E9AE cb=-1 S=$F9 depth=3 wb=$E000
  C $E9AE cb=-1 S=$F9 depth=3 wb=$E000
  T $D9F0 cb=-1 S=$FF depth=3 wb=$E000
  C $D9F0 cb=-1 S=$FF depth=3 wb=$E000
  C $DBAF cb=-1 S=$FF depth=3 wb=$C000
  C $8021 cb=-1 S=$FF depth=4 wb=$C000
  T $89BF cb=6 S=$FF depth=5 wb=$8000
  C $89BF cb=6 S=$FF depth=5 wb=$8000
  T $8749 cb=-1 S=$FF depth=6 wb=$E000
  C $8749 cb=-1 S=$FF depth=6 wb=$E000
  T $8749 cb=-1 S=$FF depth=6 wb=$E000
  C $8749 cb=-1 S=$FF depth=6 wb=$E000
  T $8749 cb=-1 S=$FF depth=6 wb=$E000
  C $8749 cb=-1 S=$FF depth=6 wb=$E000
  T $8749 cb=-1 S=$FF depth=6 wb=$E000
  C $8749 cb=-1 S=$FF depth=6 wb=$E000
  C $DB65 cb=-1 S=$FF depth=3 wb=$C000
  C $DB92 cb=-1 S=$FF depth=3 wb=$C000
  C $D341 cb=-1 S=$FF depth=4 wb=$C000
  T $D377 cb=-1 S=$FF depth=4 wb=$C000
  C $D377 cb=-1 S=$FF depth=4 wb=$C000
  N $0002 cb=-1 S=$FC depth=3 wb=$E000
  C $DE39 cb=-1 S=$F9 depth=3 wb=$C000
  T $E11E cb=-1 S=$F9 depth=4 wb=$C000
  C $E11E cb=-1 S=$F9 depth=4 wb=$C000
  T $E11E cb=-1 S=$F9 depth=3 wb=$E000
  C $E11E cb=-1 S=$F9 depth=3 wb=$E000
  C $DCCE cb=-1 S=$F9 depth=3 wb=$C000
  C $CB25 cb=-1 S=$F9 depth=3 wb=$C000
  C $CD30 cb=-1 S=$F9 depth=4 wb=$C000
  C $CD7D cb=-1 S=$F9 depth=5 wb=$C000
  C $CD5F cb=-1 S=$F9 depth=6 wb=$C000
  C $CD7D cb=-1 S=$F9 depth=5 wb=$C000
  T $CDE7 cb=-1 S=$F9 depth=6 wb=$C000
  C $CDE7 cb=-1 S=$F9 depth=6 wb=$C000
  T $CF25 cb=-1 S=$F9 depth=7 wb=$C000
  C $CF25 cb=-1 S=$F9 depth=7 wb=$C000
  C $CD5F cb=-1 S=$F9 depth=8 wb=$C000
  T $1801 cb=-1 S=$FB depth=8 wb=$C000
  C $1801 cb=-1 S=$FB depth=8 wb=$C000
  I $1801 cb=-1 S=$FB depth=9 wb=$C000
  C $CD7D cb=-1 S=$FB depth=5 wb=$C000
  C $CD5F cb=-1 S=$FB depth=6 wb=$C000
  C $CD7D cb=-1 S=$FB depth=5 wb=$C000
  T $CDE7 cb=-1 S=$FB depth=6 wb=$C000
  C $CDE7 cb=-1 S=$FB depth=6 wb=$C000
  T $CF25 cb=-1 S=$FB depth=7 wb=$C000
  C $CF25 cb=-1 S=$FB depth=7 wb=$C000
  C $CD5F cb=-1 S=$FB depth=8 wb=$C000
  T $2301 cb=-1 S=$FD depth=8 wb=$C000
  C $2301 cb=-1 S=$FD depth=8 wb=$C000
=== end dispatch fault ===

=== dispatch fault 10 frame=286 cycles=8787115 ===
target gen=$4801 cpu=$4801 bank=3 class=ZERO_FILLED call_site=$2300
cpu A=$00 X=$01 Y=$02 P=$00 S=$FB window=$C000 dispatch_depth=9 vblank_depth=2 ops=1866 budget=29781
mapper type=4 current_bank=3 mirroring=3 select=$07 irq_latch=$7F irq_counter=$00 irq_reload=1 irq_enabled=1
mapper_regs 3C 3E 00 00 00 00 06 07
caller func_CF25
caller2 func_CDE7
target_bytes 00 00 00 00 00 00 00 00
stack_bytes 00 23 00 00 00 00 00 00 00 00 00 00 00 00 00 00
last_dispatches
  T $CD50 cb=-1 S=$F9 depth=6 wb=$C000
  C $CD50 cb=-1 S=$F9 depth=6 wb=$C000
  C $CD7D cb=-1 S=$F9 depth=5 wb=$C000
  T $CD50 cb=-1 S=$F9 depth=6 wb=$C000
  C $CD50 cb=-1 S=$F9 depth=6 wb=$C000
  C $CD30 cb=-1 S=$F9 depth=4 wb=$C000
  C $CC71 cb=-1 S=$F9 depth=4 wb=$C000
  C $CCDA cb=-1 S=$F9 depth=4 wb=$C000
  C $CC71 cb=-1 S=$F9 depth=4 wb=$C000
  T $CC61 cb=-1 S=$F9 depth=5 wb=$C000
  C $CC61 cb=-1 S=$F9 depth=5 wb=$C000
  C $CCDA cb=-1 S=$F9 depth=4 wb=$C000
  C $CC71 cb=-1 S=$F9 depth=4 wb=$C000
  C $CCDA cb=-1 S=$F9 depth=4 wb=$C000
  C $CC71 cb=-1 S=$F9 depth=4 wb=$C000
  T $CC61 cb=-1 S=$F9 depth=5 wb=$C000
  C $CC61 cb=-1 S=$F9 depth=5 wb=$C000
  n $0002 cb=-1 S=$FF depth=3 wb=$E000
  T $E9AE cb=-1 S=$F9 depth=3 wb=$E000
  C $E9AE cb=-1 S=$F9 depth=3 wb=$E000
  T $D9F0 cb=-1 S=$FF depth=3 wb=$E000
  C $D9F0 cb=-1 S=$FF depth=3 wb=$E000
  C $DBAF cb=-1 S=$FF depth=3 wb=$C000
  C $8021 cb=-1 S=$FF depth=4 wb=$C000
  T $89BF cb=6 S=$FF depth=5 wb=$8000
  C $89BF cb=6 S=$FF depth=5 wb=$8000
  T $8749 cb=-1 S=$FF depth=6 wb=$E000
  C $8749 cb=-1 S=$FF depth=6 wb=$E000
  T $8749 cb=-1 S=$FF depth=6 wb=$E000
  C $8749 cb=-1 S=$FF depth=6 wb=$E000
  T $8749 cb=-1 S=$FF depth=6 wb=$E000
  C $8749 cb=-1 S=$FF depth=6 wb=$E000
  T $8749 cb=-1 S=$FF depth=6 wb=$E000
  C $8749 cb=-1 S=$FF depth=6 wb=$E000
  C $DB65 cb=-1 S=$FF depth=3 wb=$C000
  C $DB92 cb=-1 S=$FF depth=3 wb=$C000
  C $D341 cb=-1 S=$FF depth=4 wb=$C000
  T $D377 cb=-1 S=$FF depth=4 wb=$C000
  C $D377 cb=-1 S=$FF depth=4 wb=$C000
  N $0002 cb=-1 S=$FC depth=3 wb=$E000
  C $DE39 cb=-1 S=$F9 depth=3 wb=$C000
  T $E11E cb=-1 S=$F9 depth=4 wb=$C000
  C $E11E cb=-1 S=$F9 depth=4 wb=$C000
  T $E11E cb=-1 S=$F9 depth=3 wb=$E000
  C $E11E cb=-1 S=$F9 depth=3 wb=$E000
  C $DCCE cb=-1 S=$F9 depth=3 wb=$C000
  C $CB25 cb=-1 S=$F9 depth=3 wb=$C000
  C $CD30 cb=-1 S=$F9 depth=4 wb=$C000
  C $CD7D cb=-1 S=$F9 depth=5 wb=$C000
  T $CD50 cb=-1 S=$F9 depth=6 wb=$C000
  C $CD50 cb=-1 S=$F9 depth=6 wb=$C000
  C $CD7D cb=-1 S=$F9 depth=5 wb=$C000
  T $CD50 cb=-1 S=$F9 depth=6 wb=$C000
  C $CD50 cb=-1 S=$F9 depth=6 wb=$C000
  C $CD7D cb=-1 S=$F9 depth=5 wb=$C000
  C $CD5F cb=-1 S=$F9 depth=6 wb=$C000
  C $CD7D cb=-1 S=$F9 depth=5 wb=$C000
  T $CDE7 cb=-1 S=$F9 depth=6 wb=$C000
  C $CDE7 cb=-1 S=$F9 depth=6 wb=$C000
  T $CF25 cb=-1 S=$F9 depth=7 wb=$C000
  C $CF25 cb=-1 S=$F9 depth=7 wb=$C000
  C $CD5F cb=-1 S=$F9 depth=8 wb=$C000
  T $4801 cb=-1 S=$FB depth=8 wb=$C000
  C $4801 cb=-1 S=$FB depth=8 wb=$C000
=== end dispatch fault ===

=== dispatch fault 11 frame=293 cycles=8995825 ===
target gen=$2062 cpu=$2062 bank=3 class=ZERO_FILLED call_site=$0000
cpu A=$00 X=$02 Y=$02 P=$00 S=$FD window=$C000 dispatch_depth=9 vblank_depth=2 ops=2112 budget=29780
mapper type=4 current_bank=3 mirroring=3 select=$07 irq_latch=$7F irq_counter=$00 irq_reload=1 irq_enabled=1
mapper_regs 3C 3E 00 00 00 00 06 07
caller func_CF30
caller2 func_CDE7
target_bytes 00 00 00 00 00 00 00 00
stack_bytes 00 00 00 00 00 00 00 00 00 00 00 00 00 00 00 00
last_dispatches
  T $CC61 cb=-1 S=$F9 depth=5 wb=$C000
  C $CC61 cb=-1 S=$F9 depth=5 wb=$C000
  C $CCDA cb=-1 S=$F9 depth=4 wb=$C000
  C $CC71 cb=-1 S=$F9 depth=4 wb=$C000
  T $CC61 cb=-1 S=$F9 depth=5 wb=$C000
  C $CC61 cb=-1 S=$F9 depth=5 wb=$C000
  n $0002 cb=-1 S=$FF depth=3 wb=$E000
  T $E9AE cb=-1 S=$F9 depth=3 wb=$E000
  C $E9AE cb=-1 S=$F9 depth=3 wb=$E000
  T $D9F0 cb=-1 S=$FF depth=3 wb=$E000
  C $D9F0 cb=-1 S=$FF depth=3 wb=$E000
  C $DBAF cb=-1 S=$FF depth=3 wb=$C000
  C $8021 cb=-1 S=$FF depth=4 wb=$C000
  T $89BF cb=6 S=$FF depth=5 wb=$8000
  C $89BF cb=6 S=$FF depth=5 wb=$8000
  T $8749 cb=-1 S=$FF depth=6 wb=$E000
  C $8749 cb=-1 S=$FF depth=6 wb=$E000
  T $8749 cb=-1 S=$FF depth=6 wb=$E000
  C $8749 cb=-1 S=$FF depth=6 wb=$E000
  T $8749 cb=-1 S=$FF depth=6 wb=$E000
  C $8749 cb=-1 S=$FF depth=6 wb=$E000
  T $8749 cb=-1 S=$FF depth=6 wb=$E000
  C $8749 cb=-1 S=$FF depth=6 wb=$E000
  C $DB65 cb=-1 S=$FF depth=3 wb=$C000
  C $DB92 cb=-1 S=$FF depth=3 wb=$C000
  C $D341 cb=-1 S=$FF depth=4 wb=$C000
  T $D377 cb=-1 S=$FF depth=4 wb=$C000
  C $D377 cb=-1 S=$FF depth=4 wb=$C000
  N $0002 cb=-1 S=$FC depth=3 wb=$E000
  C $DE39 cb=-1 S=$F9 depth=3 wb=$C000
  T $E11E cb=-1 S=$F9 depth=4 wb=$C000
  C $E11E cb=-1 S=$F9 depth=4 wb=$C000
  T $E11E cb=-1 S=$F9 depth=3 wb=$E000
  C $E11E cb=-1 S=$F9 depth=3 wb=$E000
  C $DCCE cb=-1 S=$F9 depth=3 wb=$C000
  C $CB25 cb=-1 S=$F9 depth=3 wb=$C000
  C $CD30 cb=-1 S=$F9 depth=4 wb=$C000
  C $CD7D cb=-1 S=$F9 depth=5 wb=$C000
  T $CDE7 cb=-1 S=$F9 depth=6 wb=$C000
  C $CDE7 cb=-1 S=$F9 depth=6 wb=$C000
  T $CF25 cb=-1 S=$F9 depth=7 wb=$C000
  C $CF25 cb=-1 S=$F9 depth=7 wb=$C000
  D $CDE7 cb=-1 S=$F9 depth=6 wb=$C000
  C $CDE7 cb=-1 S=$F9 depth=6 wb=$C000
  T $CEF0 cb=-1 S=$F9 depth=7 wb=$C000
  C $CEF0 cb=-1 S=$F9 depth=7 wb=$C000
  C $CD5F cb=-1 S=$F9 depth=8 wb=$C000
  C $CD7D cb=-1 S=$F9 depth=5 wb=$C000
  T $CDE7 cb=-1 S=$F9 depth=6 wb=$C000
  C $CDE7 cb=-1 S=$F9 depth=6 wb=$C000
  T $CF25 cb=-1 S=$F9 depth=7 wb=$C000
  C $CF25 cb=-1 S=$F9 depth=7 wb=$C000
  C $CD5F cb=-1 S=$F9 depth=8 wb=$C000
  T $0C01 cb=-1 S=$FB depth=8 wb=$C000
  C $0C01 cb=-1 S=$FB depth=8 wb=$C000
  I $0C01 cb=-1 S=$FB depth=9 wb=$C000
  C $CD7D cb=-1 S=$FB depth=5 wb=$C000
  T $CDE7 cb=-1 S=$FB depth=6 wb=$C000
  C $CDE7 cb=-1 S=$FB depth=6 wb=$C000
  T $CF30 cb=-1 S=$FB depth=7 wb=$C000
  C $CF30 cb=-1 S=$FB depth=7 wb=$C000
  C $CD5F cb=-1 S=$FB depth=8 wb=$C000
  T $2062 cb=-1 S=$FD depth=8 wb=$C000
  C $2062 cb=-1 S=$FD depth=8 wb=$C000
=== end dispatch fault ===

=== dispatch fault 12 frame=788 cycles=30438370 ===
target gen=$A0DC cpu=$A0DC bank=3 class=CODE call_site=$0000
cpu A=$00 X=$06 Y=$0A P=$00 S=$FD window=$A000 dispatch_depth=9 vblank_depth=2 ops=2697 budget=29780
mapper type=4 current_bank=3 mirroring=3 select=$07 irq_latch=$7F irq_counter=$00 irq_reload=1 irq_enabled=1
mapper_regs 3C 3E 00 00 00 00 06 07
caller func_CDE7
caller2 func_CD7D
target_bytes D8 A0 FC CB B1 F4 1E 00
stack_bytes 00 00 00 00 00 00 00 00 00 00 00 00 00 00 00 00
last_dispatches
  T $8749 cb=-1 S=$FF depth=6 wb=$E000
  C $8749 cb=-1 S=$FF depth=6 wb=$E000
  T $8749 cb=-1 S=$FF depth=6 wb=$E000
  C $8749 cb=-1 S=$FF depth=6 wb=$E000
  T $8749 cb=-1 S=$FF depth=6 wb=$E000
  C $8749 cb=-1 S=$FF depth=6 wb=$E000
  T $8749 cb=-1 S=$FF depth=6 wb=$E000
  C $8749 cb=-1 S=$FF depth=6 wb=$E000
  C $DB65 cb=-1 S=$FF depth=3 wb=$C000
  C $DB92 cb=-1 S=$FF depth=3 wb=$C000
  C $D341 cb=-1 S=$FF depth=4 wb=$C000
  T $D377 cb=-1 S=$FF depth=4 wb=$C000
  C $D377 cb=-1 S=$FF depth=4 wb=$C000
  N $0002 cb=-1 S=$FC depth=3 wb=$E000
  C $DE39 cb=-1 S=$F9 depth=3 wb=$C000
  T $E11E cb=-1 S=$F9 depth=4 wb=$C000
  C $E11E cb=-1 S=$F9 depth=4 wb=$C000
  T $E11E cb=-1 S=$F9 depth=3 wb=$E000
  C $E11E cb=-1 S=$F9 depth=3 wb=$E000
  C $DCCE cb=-1 S=$F9 depth=3 wb=$C000
  C $CB25 cb=-1 S=$F9 depth=3 wb=$C000
  C $CF72 cb=-1 S=$F9 depth=4 wb=$C000
  C $CFE4 cb=-1 S=$F9 depth=4 wb=$C000
  C $CD30 cb=-1 S=$F9 depth=4 wb=$C000
  C $CD30 cb=-1 S=$F9 depth=4 wb=$C000
  C $CD7D cb=-1 S=$F9 depth=5 wb=$C000
  T $CDE7 cb=-1 S=$F9 depth=6 wb=$C000
  C $CDE7 cb=-1 S=$F9 depth=6 wb=$C000
  T $CED7 cb=-1 S=$F9 depth=7 wb=$C000
  C $CED7 cb=-1 S=$F9 depth=7 wb=$C000
  D $CDE7 cb=-1 S=$F9 depth=6 wb=$C000
  C $CDE7 cb=-1 S=$F9 depth=6 wb=$C000
  T $CE78 cb=-1 S=$F9 depth=7 wb=$C000
  C $CE78 cb=-1 S=$F9 depth=7 wb=$C000
  C $CD5F cb=-1 S=$F9 depth=8 wb=$C000
  T $1401 cb=-1 S=$FB depth=8 wb=$C000
  C $1401 cb=-1 S=$FB depth=8 wb=$C000
  I $1401 cb=-1 S=$FB depth=9 wb=$C000
  C $CD7D cb=-1 S=$FB depth=5 wb=$C000
  T $CDE7 cb=-1 S=$FB depth=6 wb=$C000
  C $CDE7 cb=-1 S=$FB depth=6 wb=$C000
  T $CE4C cb=-1 S=$FB depth=7 wb=$C000
  C $CE4C cb=-1 S=$FB depth=7 wb=$C000
  T $CD93 cb=-1 S=$FB depth=8 wb=$C000
  C $CD93 cb=-1 S=$FB depth=8 wb=$C000
  D $CDE7 cb=-1 S=$FB depth=6 wb=$C000
  C $CDE7 cb=-1 S=$FB depth=6 wb=$C000
  T $CE4C cb=-1 S=$FB depth=7 wb=$C000
  C $CE4C cb=-1 S=$FB depth=7 wb=$C000
  T $CD93 cb=-1 S=$FB depth=8 wb=$C000
  C $CD93 cb=-1 S=$FB depth=8 wb=$C000
  D $CDE7 cb=-1 S=$FB depth=6 wb=$C000
  C $CDE7 cb=-1 S=$FB depth=6 wb=$C000
  T $CE4C cb=-1 S=$FB depth=7 wb=$C000
  C $CE4C cb=-1 S=$FB depth=7 wb=$C000
  T $CD93 cb=-1 S=$FB depth=8 wb=$C000
  C $CD93 cb=-1 S=$FB depth=8 wb=$C000
  D $CDE7 cb=-1 S=$FB depth=6 wb=$C000
  C $CDE7 cb=-1 S=$FB depth=6 wb=$C000
  T $CE78 cb=-1 S=$FB depth=7 wb=$C000
  C $CE78 cb=-1 S=$FB depth=7 wb=$C000
  C $CD5F cb=-1 S=$FB depth=8 wb=$C000
  T $A0DC cb=-1 S=$FD depth=8 wb=$C000
  C $A0DC cb=-1 S=$FD depth=8 wb=$C000
=== end dispatch fault ===

=== dispatch fault 13 frame=876 cycles=33058438 ===
target gen=$B401 cpu=$B401 bank=3 class=CODE call_site=$A1EA
cpu A=$00 X=$07 Y=$06 P=$00 S=$FB window=$A000 dispatch_depth=9 vblank_depth=2 ops=2081 budget=29780
mapper type=4 current_bank=3 mirroring=3 select=$07 irq_latch=$7F irq_counter=$00 irq_reload=1 irq_enabled=1
mapper_regs 3C 3E 00 00 00 00 06 07
caller func_CD7D
caller2 func_CD30
target_bytes B3 FF F9 03 E8 08 E9 07
stack_bytes EA A1 00 00 00 00 00 00 00 00 00 00 00 00 00 00
last_dispatches
  C $CB25 cb=-1 S=$F9 depth=3 wb=$C000
  C $CD30 cb=-1 S=$F9 depth=4 wb=$C000
  C $CD30 cb=-1 S=$F9 depth=4 wb=$C000
  C $CC71 cb=-1 S=$F9 depth=4 wb=$C000
  T $CC61 cb=-1 S=$F9 depth=5 wb=$C000
  C $CC61 cb=-1 S=$F9 depth=5 wb=$C000
  C $CCDA cb=-1 S=$F9 depth=4 wb=$C000
  C $CC71 cb=-1 S=$F9 depth=4 wb=$C000
  T $CC61 cb=-1 S=$F9 depth=5 wb=$C000
  C $CC61 cb=-1 S=$F9 depth=5 wb=$C000
  C $CCDA cb=-1 S=$F9 depth=4 wb=$C000
  C $CC71 cb=-1 S=$F9 depth=4 wb=$C000
  T $CC61 cb=-1 S=$F9 depth=5 wb=$C000
  C $CC61 cb=-1 S=$F9 depth=5 wb=$C000
  C $CCDA cb=-1 S=$F9 depth=4 wb=$C000
  C $CC71 cb=-1 S=$F9 depth=4 wb=$C000
  T $CC61 cb=-1 S=$F9 depth=5 wb=$C000
  C $CC61 cb=-1 S=$F9 depth=5 wb=$C000
  n $0002 cb=-1 S=$FF depth=3 wb=$E000
  T $E9AE cb=-1 S=$F9 depth=3 wb=$E000
  C $E9AE cb=-1 S=$F9 depth=3 wb=$E000
  T $D9F0 cb=-1 S=$FF depth=3 wb=$E000
  C $D9F0 cb=-1 S=$FF depth=3 wb=$E000
  C $DBAF cb=-1 S=$FF depth=3 wb=$C000
  C $8021 cb=-1 S=$FF depth=4 wb=$C000
  T $89BF cb=6 S=$FF depth=5 wb=$8000
  C $89BF cb=6 S=$FF depth=5 wb=$8000
  T $8749 cb=-1 S=$FF depth=6 wb=$E000
  C $8749 cb=-1 S=$FF depth=6 wb=$E000
  T $8749 cb=-1 S=$FF depth=6 wb=$E000
  C $8749 cb=-1 S=$FF depth=6 wb=$E000
  T $8749 cb=-1 S=$FF depth=6 wb=$E000
  C $8749 cb=-1 S=$FF depth=6 wb=$E000
  T $8749 cb=-1 S=$FF depth=6 wb=$E000
  C $8749 cb=-1 S=$FF depth=6 wb=$E000
  C $DB65 cb=-1 S=$FF depth=3 wb=$C000
  C $DB92 cb=-1 S=$FF depth=3 wb=$C000
  C $D341 cb=-1 S=$FF depth=4 wb=$C000
  T $D377 cb=-1 S=$FF depth=4 wb=$C000
  C $D377 cb=-1 S=$FF depth=4 wb=$C000
  N $0002 cb=-1 S=$FC depth=3 wb=$E000
  C $DE39 cb=-1 S=$F9 depth=3 wb=$C000
  T $E11E cb=-1 S=$F9 depth=4 wb=$C000
  C $E11E cb=-1 S=$F9 depth=4 wb=$C000
  T $E11E cb=-1 S=$F9 depth=3 wb=$E000
  C $E11E cb=-1 S=$F9 depth=3 wb=$E000
  C $DCCE cb=-1 S=$F9 depth=3 wb=$C000
  C $CB25 cb=-1 S=$F9 depth=3 wb=$C000
  C $CF72 cb=-1 S=$F9 depth=4 wb=$C000
  C $CFE4 cb=-1 S=$F9 depth=4 wb=$C000
  C $CD30 cb=-1 S=$F9 depth=4 wb=$C000
  C $CD30 cb=-1 S=$F9 depth=4 wb=$C000
  C $CD7D cb=-1 S=$F9 depth=5 wb=$C000
  T $CDE7 cb=-1 S=$F9 depth=6 wb=$C000
  C $CDE7 cb=-1 S=$F9 depth=6 wb=$C000
  T $CED7 cb=-1 S=$F9 depth=7 wb=$C000
  C $CED7 cb=-1 S=$F9 depth=7 wb=$C000
  D $CDE7 cb=-1 S=$F9 depth=6 wb=$C000
  C $CDE7 cb=-1 S=$F9 depth=6 wb=$C000
  T $CE78 cb=-1 S=$F9 depth=7 wb=$C000
  C $CE78 cb=-1 S=$F9 depth=7 wb=$C000
  C $CD5F cb=-1 S=$F9 depth=8 wb=$C000
  T $B401 cb=-1 S=$FB depth=8 wb=$C000
  C $B401 cb=-1 S=$FB depth=8 wb=$C000
=== end dispatch fault ===

=== dispatch fault 14 frame=876 cycles=33059045 ===
target gen=$A1EB cpu=$A1EB bank=3 class=CODE call_site=$0000
cpu A=$00 X=$06 Y=$0A P=$00 S=$FD window=$A000 dispatch_depth=9 vblank_depth=2 ops=2688 budget=29780
mapper type=4 current_bank=3 mirroring=3 select=$07 irq_latch=$7F irq_counter=$00 irq_reload=1 irq_enabled=1
mapper_regs 3C 3E 00 00 00 00 06 07
caller func_CDE7
caller2 func_CD7D
target_bytes 05 18 05 54 05 19 05 54
stack_bytes 00 00 00 00 00 00 00 00 00 00 00 00 00 00 00 00
last_dispatches
  C $89BF cb=6 S=$FF depth=5 wb=$8000
  T $8749 cb=-1 S=$FF depth=6 wb=$E000
  C $8749 cb=-1 S=$FF depth=6 wb=$E000
  T $8749 cb=-1 S=$FF depth=6 wb=$E000
  C $8749 cb=-1 S=$FF depth=6 wb=$E000
  T $8749 cb=-1 S=$FF depth=6 wb=$E000
  C $8749 cb=-1 S=$FF depth=6 wb=$E000
  T $8749 cb=-1 S=$FF depth=6 wb=$E000
  C $8749 cb=-1 S=$FF depth=6 wb=$E000
  C $DB65 cb=-1 S=$FF depth=3 wb=$C000
  C $DB92 cb=-1 S=$FF depth=3 wb=$C000
  C $D341 cb=-1 S=$FF depth=4 wb=$C000
  T $D377 cb=-1 S=$FF depth=4 wb=$C000
  C $D377 cb=-1 S=$FF depth=4 wb=$C000
  N $0002 cb=-1 S=$FC depth=3 wb=$E000
  C $DE39 cb=-1 S=$F9 depth=3 wb=$C000
  T $E11E cb=-1 S=$F9 depth=4 wb=$C000
  C $E11E cb=-1 S=$F9 depth=4 wb=$C000
  T $E11E cb=-1 S=$F9 depth=3 wb=$E000
  C $E11E cb=-1 S=$F9 depth=3 wb=$E000
  C $DCCE cb=-1 S=$F9 depth=3 wb=$C000
  C $CB25 cb=-1 S=$F9 depth=3 wb=$C000
  C $CF72 cb=-1 S=$F9 depth=4 wb=$C000
  C $CFE4 cb=-1 S=$F9 depth=4 wb=$C000
  C $CD30 cb=-1 S=$F9 depth=4 wb=$C000
  C $CD30 cb=-1 S=$F9 depth=4 wb=$C000
  C $CD7D cb=-1 S=$F9 depth=5 wb=$C000
  T $CDE7 cb=-1 S=$F9 depth=6 wb=$C000
  C $CDE7 cb=-1 S=$F9 depth=6 wb=$C000
  T $CED7 cb=-1 S=$F9 depth=7 wb=$C000
  C $CED7 cb=-1 S=$F9 depth=7 wb=$C000
  D $CDE7 cb=-1 S=$F9 depth=6 wb=$C000
  C $CDE7 cb=-1 S=$F9 depth=6 wb=$C000
  T $CE78 cb=-1 S=$F9 depth=7 wb=$C000
  C $CE78 cb=-1 S=$F9 depth=7 wb=$C000
  C $CD5F cb=-1 S=$F9 depth=8 wb=$C000
  T $B401 cb=-1 S=$FB depth=8 wb=$C000
  C $B401 cb=-1 S=$FB depth=8 wb=$C000
  C $CD7D cb=-1 S=$FB depth=5 wb=$C000
  T $CDE7 cb=-1 S=$FB depth=6 wb=$C000
  C $CDE7 cb=-1 S=$FB depth=6 wb=$C000
  T $CE4C cb=-1 S=$FB depth=7 wb=$C000
  C $CE4C cb=-1 S=$FB depth=7 wb=$C000
  T $CD93 cb=-1 S=$FB depth=8 wb=$C000
  C $CD93 cb=-1 S=$FB depth=8 wb=$C000
  D $CDE7 cb=-1 S=$FB depth=6 wb=$C000
  C $CDE7 cb=-1 S=$FB depth=6 wb=$C000
  T $CE4C cb=-1 S=$FB depth=7 wb=$C000
  C $CE4C cb=-1 S=$FB depth=7 wb=$C000
  T $CD93 cb=-1 S=$FB depth=8 wb=$C000
  C $CD93 cb=-1 S=$FB depth=8 wb=$C000
  D $CDE7 cb=-1 S=$FB depth=6 wb=$C000
  C $CDE7 cb=-1 S=$FB depth=6 wb=$C000
  T $CE4C cb=-1 S=$FB depth=7 wb=$C000
  C $CE4C cb=-1 S=$FB depth=7 wb=$C000
  T $CD93 cb=-1 S=$FB depth=8 wb=$C000
  C $CD93 cb=-1 S=$FB depth=8 wb=$C000
  D $CDE7 cb=-1 S=$FB depth=6 wb=$C000
  C $CDE7 cb=-1 S=$FB depth=6 wb=$C000
  T $CE78 cb=-1 S=$FB depth=7 wb=$C000
  C $CE78 cb=-1 S=$FB depth=7 wb=$C000
  C $CD5F cb=-1 S=$FB depth=8 wb=$C000
  T $A1EB cb=-1 S=$FD depth=8 wb=$C000
  C $A1EB cb=-1 S=$FD depth=8 wb=$C000
=== end dispatch fault ===

=== dispatch fault 15 frame=964 cycles=35679122 ===
target gen=$5401 cpu=$5401 bank=3 class=ZERO_FILLED call_site=$2035
cpu A=$00 X=$07 Y=$06 P=$00 S=$FB window=$C000 dispatch_depth=9 vblank_depth=2 ops=2081 budget=29780
mapper type=4 current_bank=3 mirroring=3 select=$07 irq_latch=$7F irq_counter=$00 irq_reload=1 irq_enabled=1
mapper_regs 3C 3E 00 00 00 00 06 07
caller func_CD7D
caller2 func_CD30
target_bytes 00 00 00 00 00 00 00 00
stack_bytes 35 20 00 00 00 00 00 00 00 00 00 00 00 00 00 00
last_dispatches
  C $CB25 cb=-1 S=$F9 depth=3 wb=$C000
  C $CD30 cb=-1 S=$F9 depth=4 wb=$C000
  C $CD30 cb=-1 S=$F9 depth=4 wb=$C000
  C $CC71 cb=-1 S=$F9 depth=4 wb=$C000
  T $CC61 cb=-1 S=$F9 depth=5 wb=$C000
  C $CC61 cb=-1 S=$F9 depth=5 wb=$C000
  C $CCDA cb=-1 S=$F9 depth=4 wb=$C000
  C $CC71 cb=-1 S=$F9 depth=4 wb=$C000
  T $CC61 cb=-1 S=$F9 depth=5 wb=$C000
  C $CC61 cb=-1 S=$F9 depth=5 wb=$C000
  C $CCDA cb=-1 S=$F9 depth=4 wb=$C000
  C $CC71 cb=-1 S=$F9 depth=4 wb=$C000
  T $CC61 cb=-1 S=$F9 depth=5 wb=$C000
  C $CC61 cb=-1 S=$F9 depth=5 wb=$C000
  C $CCDA cb=-1 S=$F9 depth=4 wb=$C000
  C $CC71 cb=-1 S=$F9 depth=4 wb=$C000
  T $CC61 cb=-1 S=$F9 depth=5 wb=$C000
  C $CC61 cb=-1 S=$F9 depth=5 wb=$C000
  n $0002 cb=-1 S=$FF depth=3 wb=$E000
  T $E9AE cb=-1 S=$F9 depth=3 wb=$E000
  C $E9AE cb=-1 S=$F9 depth=3 wb=$E000
  T $D9F0 cb=-1 S=$FF depth=3 wb=$E000
  C $D9F0 cb=-1 S=$FF depth=3 wb=$E000
  C $DBAF cb=-1 S=$FF depth=3 wb=$C000
  C $8021 cb=-1 S=$FF depth=4 wb=$C000
  T $89BF cb=6 S=$FF depth=5 wb=$8000
  C $89BF cb=6 S=$FF depth=5 wb=$8000
  T $8749 cb=-1 S=$FF depth=6 wb=$E000
  C $8749 cb=-1 S=$FF depth=6 wb=$E000
  T $8749 cb=-1 S=$FF depth=6 wb=$E000
  C $8749 cb=-1 S=$FF depth=6 wb=$E000
  T $8749 cb=-1 S=$FF depth=6 wb=$E000
  C $8749 cb=-1 S=$FF depth=6 wb=$E000
  T $8749 cb=-1 S=$FF depth=6 wb=$E000
  C $8749 cb=-1 S=$FF depth=6 wb=$E000
  C $DB65 cb=-1 S=$FF depth=3 wb=$C000
  C $DB92 cb=-1 S=$FF depth=3 wb=$C000
  C $D341 cb=-1 S=$FF depth=4 wb=$C000
  T $D377 cb=-1 S=$FF depth=4 wb=$C000
  C $D377 cb=-1 S=$FF depth=4 wb=$C000
  N $0002 cb=-1 S=$FC depth=3 wb=$E000
  C $DE39 cb=-1 S=$F9 depth=3 wb=$C000
  T $E11E cb=-1 S=$F9 depth=4 wb=$C000
  C $E11E cb=-1 S=$F9 depth=4 wb=$C000
  T $E11E cb=-1 S=$F9 depth=3 wb=$E000
  C $E11E cb=-1 S=$F9 depth=3 wb=$E000
  C $DCCE cb=-1 S=$F9 depth=3 wb=$C000
  C $CB25 cb=-1 S=$F9 depth=3 wb=$C000
  C $CF72 cb=-1 S=$F9 depth=4 wb=$C000
  C $CFE4 cb=-1 S=$F9 depth=4 wb=$C000
  C $CD30 cb=-1 S=$F9 depth=4 wb=$C000
  C $CD30 cb=-1 S=$F9 depth=4 wb=$C000
  C $CD7D cb=-1 S=$F9 depth=5 wb=$C000
  T $CDE7 cb=-1 S=$F9 depth=6 wb=$C000
  C $CDE7 cb=-1 S=$F9 depth=6 wb=$C000
  T $CED7 cb=-1 S=$F9 depth=7 wb=$C000
  C $CED7 cb=-1 S=$F9 depth=7 wb=$C000
  D $CDE7 cb=-1 S=$F9 depth=6 wb=$C000
  C $CDE7 cb=-1 S=$F9 depth=6 wb=$C000
  T $CE78 cb=-1 S=$F9 depth=7 wb=$C000
  C $CE78 cb=-1 S=$F9 depth=7 wb=$C000
  C $CD5F cb=-1 S=$F9 depth=8 wb=$C000
  T $5401 cb=-1 S=$FB depth=8 wb=$C000
  C $5401 cb=-1 S=$FB depth=8 wb=$C000
=== end dispatch fault ===

=== dispatch fault 16 frame=964 cycles=35679729 ===
target gen=$2036 cpu=$2036 bank=3 class=ZERO_FILLED call_site=$0000
cpu A=$00 X=$06 Y=$0A P=$00 S=$FD window=$C000 dispatch_depth=9 vblank_depth=2 ops=2688 budget=29780
mapper type=4 current_bank=3 mirroring=3 select=$07 irq_latch=$7F irq_counter=$00 irq_reload=1 irq_enabled=1
mapper_regs 3C 3E 00 00 00 00 06 07
caller func_CDE7
caller2 func_CD7D
target_bytes 00 00 00 00 00 00 00 00
stack_bytes 00 00 00 00 00 00 00 00 00 00 00 00 00 00 00 00
last_dispatches
  C $89BF cb=6 S=$FF depth=5 wb=$8000
  T $8749 cb=-1 S=$FF depth=6 wb=$E000
  C $8749 cb=-1 S=$FF depth=6 wb=$E000
  T $8749 cb=-1 S=$FF depth=6 wb=$E000
  C $8749 cb=-1 S=$FF depth=6 wb=$E000
  T $8749 cb=-1 S=$FF depth=6 wb=$E000
  C $8749 cb=-1 S=$FF depth=6 wb=$E000
  T $8749 cb=-1 S=$FF depth=6 wb=$E000
  C $8749 cb=-1 S=$FF depth=6 wb=$E000
  C $DB65 cb=-1 S=$FF depth=3 wb=$C000
  C $DB92 cb=-1 S=$FF depth=3 wb=$C000
  C $D341 cb=-1 S=$FF depth=4 wb=$C000
  T $D377 cb=-1 S=$FF depth=4 wb=$C000
  C $D377 cb=-1 S=$FF depth=4 wb=$C000
  N $0002 cb=-1 S=$FC depth=3 wb=$E000
  C $DE39 cb=-1 S=$F9 depth=3 wb=$C000
  T $E11E cb=-1 S=$F9 depth=4 wb=$C000
  C $E11E cb=-1 S=$F9 depth=4 wb=$C000
  T $E11E cb=-1 S=$F9 depth=3 wb=$E000
  C $E11E cb=-1 S=$F9 depth=3 wb=$E000
  C $DCCE cb=-1 S=$F9 depth=3 wb=$C000
  C $CB25 cb=-1 S=$F9 depth=3 wb=$C000
  C $CF72 cb=-1 S=$F9 depth=4 wb=$C000
  C $CFE4 cb=-1 S=$F9 depth=4 wb=$C000
  C $CD30 cb=-1 S=$F9 depth=4 wb=$C000
  C $CD30 cb=-1 S=$F9 depth=4 wb=$C000
  C $CD7D cb=-1 S=$F9 depth=5 wb=$C000
  T $CDE7 cb=-1 S=$F9 depth=6 wb=$C000
  C $CDE7 cb=-1 S=$F9 depth=6 wb=$C000
  T $CED7 cb=-1 S=$F9 depth=7 wb=$C000
  C $CED7 cb=-1 S=$F9 depth=7 wb=$C000
  D $CDE7 cb=-1 S=$F9 depth=6 wb=$C000
  C $CDE7 cb=-1 S=$F9 depth=6 wb=$C000
  T $CE78 cb=-1 S=$F9 depth=7 wb=$C000
  C $CE78 cb=-1 S=$F9 depth=7 wb=$C000
  C $CD5F cb=-1 S=$F9 depth=8 wb=$C000
  T $5401 cb=-1 S=$FB depth=8 wb=$C000
  C $5401 cb=-1 S=$FB depth=8 wb=$C000
  C $CD7D cb=-1 S=$FB depth=5 wb=$C000
  T $CDE7 cb=-1 S=$FB depth=6 wb=$C000
  C $CDE7 cb=-1 S=$FB depth=6 wb=$C000
  T $CE4C cb=-1 S=$FB depth=7 wb=$C000
  C $CE4C cb=-1 S=$FB depth=7 wb=$C000
  T $CD93 cb=-1 S=$FB depth=8 wb=$C000
  C $CD93 cb=-1 S=$FB depth=8 wb=$C000
  D $CDE7 cb=-1 S=$FB depth=6 wb=$C000
  C $CDE7 cb=-1 S=$FB depth=6 wb=$C000
  T $CE4C cb=-1 S=$FB depth=7 wb=$C000
  C $CE4C cb=-1 S=$FB depth=7 wb=$C000
  T $CD93 cb=-1 S=$FB depth=8 wb=$C000
  C $CD93 cb=-1 S=$FB depth=8 wb=$C000
  D $CDE7 cb=-1 S=$FB depth=6 wb=$C000
  C $CDE7 cb=-1 S=$FB depth=6 wb=$C000
  T $CE4C cb=-1 S=$FB depth=7 wb=$C000
  C $CE4C cb=-1 S=$FB depth=7 wb=$C000
  T $CD93 cb=-1 S=$FB depth=8 wb=$C000
  C $CD93 cb=-1 S=$FB depth=8 wb=$C000
  D $CDE7 cb=-1 S=$FB depth=6 wb=$C000
  C $CDE7 cb=-1 S=$FB depth=6 wb=$C000
  T $CE78 cb=-1 S=$FB depth=7 wb=$C000
  C $CE78 cb=-1 S=$FB depth=7 wb=$C000
  C $CD5F cb=-1 S=$FB depth=8 wb=$C000
  T $2036 cb=-1 S=$FD depth=8 wb=$C000
  C $2036 cb=-1 S=$FD depth=8 wb=$C000
=== end dispatch fault ===

=== dispatch fault 1 frame=0 cycles=124656 ===
target gen=$A009 cpu=$8009 bank=6 class=CODE call_site=$0000
cpu A=$0D X=$06 Y=$00 P=$00 S=$FF window=$8000 dispatch_depth=3 vblank_depth=0 ops=5534 budget=29781
mapper type=4 current_bank=6 mirroring=2 select=$06 irq_latch=$00 irq_counter=$00 irq_reload=0 irq_enabled=0
mapper_regs 00 00 00 00 00 00 0D 07
caller (none)
caller2 (none)
target_bytes 4C 15 80 4C 50 80 4C F1
stack_bytes 00 00 00 00 00 00 00 00 00 00 00 00 00 00 00 00
last_dispatches
  T $D269 cb=-1 S=$FD depth=0 wb=$E000
  C $D269 cb=-1 S=$FD depth=0 wb=$E000
  C $D2F6 cb=-1 S=$FF depth=1 wb=$C000
  C $CFBF cb=-1 S=$FF depth=1 wb=$C000
  C $CFF3 cb=-1 S=$FF depth=2 wb=$C000
  T $D406 cb=-1 S=$FF depth=1 wb=$C000
  C $D406 cb=-1 S=$FF depth=1 wb=$C000
  C $8009 cb=-1 S=$FF depth=2 wb=$C000
=== end dispatch fault ===

=== dispatch fault 2 frame=0 cycles=191343 ===
target gen=$A003 cpu=$8003 bank=6 class=CODE call_site=$0000
cpu A=$05 X=$10 Y=$00 P=$00 S=$FF window=$8000 dispatch_depth=4 vblank_depth=0 ops=12659 budget=29780
mapper type=4 current_bank=6 mirroring=3 select=$07 irq_latch=$00 irq_counter=$00 irq_reload=0 irq_enabled=0
mapper_regs 00 00 00 00 00 00 0D 05
caller (none)
caller2 (none)
target_bytes 4C 85 86 4C 95 87 4C 15
stack_bytes 00 00 00 00 00 00 00 00 00 00 00 00 00 00 00 00
last_dispatches
  C $884E cb=6 S=$FF depth=6 wb=$8000
  C $884E cb=6 S=$FF depth=6 wb=$8000
  C $884E cb=6 S=$FF depth=6 wb=$8000
  C $884E cb=6 S=$FF depth=6 wb=$8000
  C $884E cb=6 S=$FF depth=6 wb=$8000
  C $884E cb=6 S=$FF depth=6 wb=$8000
  C $884E cb=6 S=$FF depth=6 wb=$8000
  C $884E cb=6 S=$FF depth=6 wb=$8000
  C $884E cb=6 S=$FF depth=6 wb=$8000
  C $884E cb=6 S=$FF depth=6 wb=$8000
  C $884E cb=6 S=$FF depth=6 wb=$8000
  C $884E cb=6 S=$FF depth=6 wb=$8000
  C $884E cb=6 S=$FF depth=6 wb=$8000
  C $884E cb=6 S=$FF depth=6 wb=$8000
  C $884E cb=6 S=$FF depth=6 wb=$8000
  C $884E cb=6 S=$FF depth=6 wb=$8000
  C $884E cb=6 S=$FF depth=6 wb=$8000
  C $884E cb=6 S=$FF depth=6 wb=$8000
  C $884E cb=6 S=$FF depth=6 wb=$8000
  C $884E cb=6 S=$FF depth=6 wb=$8000
  C $884E cb=6 S=$FF depth=6 wb=$8000
  C $884E cb=6 S=$FF depth=6 wb=$8000
  C $884E cb=6 S=$FF depth=6 wb=$8000
  C $884E cb=6 S=$FF depth=6 wb=$8000
  C $884E cb=6 S=$FF depth=6 wb=$8000
  C $884E cb=6 S=$FF depth=6 wb=$8000
  C $884E cb=6 S=$FF depth=6 wb=$8000
  C $884E cb=6 S=$FF depth=6 wb=$8000
  C $884E cb=6 S=$FF depth=6 wb=$8000
  C $884E cb=6 S=$FF depth=6 wb=$8000
  C $884E cb=6 S=$FF depth=6 wb=$8000
  C $884E cb=6 S=$FF depth=6 wb=$8000
  C $884E cb=6 S=$FF depth=6 wb=$8000
  C $884E cb=6 S=$FF depth=6 wb=$8000
  C $884E cb=6 S=$FF depth=6 wb=$8000
  C $884E cb=6 S=$FF depth=6 wb=$8000
  C $884E cb=6 S=$FF depth=6 wb=$8000
  C $884E cb=6 S=$FF depth=6 wb=$8000
  C $884E cb=6 S=$FF depth=6 wb=$8000
  C $884E cb=6 S=$FF depth=6 wb=$8000
  C $884E cb=6 S=$FF depth=6 wb=$8000
  C $884E cb=6 S=$FF depth=6 wb=$8000
  C $884E cb=6 S=$FF depth=6 wb=$8000
  C $884E cb=6 S=$FF depth=6 wb=$8000
  C $884E cb=6 S=$FF depth=6 wb=$8000
  C $884E cb=6 S=$FF depth=6 wb=$8000
  C $884E cb=6 S=$FF depth=6 wb=$8000
  C $884E cb=6 S=$FF depth=6 wb=$8000
  C $884E cb=6 S=$FF depth=6 wb=$8000
  C $884E cb=6 S=$FF depth=6 wb=$8000
  C $884E cb=6 S=$FF depth=6 wb=$8000
  C $884E cb=6 S=$FF depth=6 wb=$8000
  C $884E cb=6 S=$FF depth=6 wb=$8000
  C $884E cb=6 S=$FF depth=6 wb=$8000
  C $884E cb=6 S=$FF depth=6 wb=$8000
  C $884E cb=6 S=$FF depth=6 wb=$8000
  C $884E cb=6 S=$FF depth=6 wb=$8000
  C $884E cb=6 S=$FF depth=6 wb=$8000
  C $884E cb=6 S=$FF depth=6 wb=$8000
  C $884E cb=6 S=$FF depth=6 wb=$8000
  C $884E cb=6 S=$FF depth=6 wb=$8000
  C $884E cb=6 S=$FF depth=6 wb=$8000
  C $884E cb=6 S=$FF depth=6 wb=$8000
  C $8003 cb=-1 S=$FF depth=3 wb=$C000
=== end dispatch fault ===

=== dispatch fault 3 frame=186 cycles=5809662 ===
target gen=$FF01 cpu=$FF01 bank=7 class=ZERO_FILLED call_site=$2200
cpu A=$00 X=$03 Y=$04 P=$00 S=$FB window=$E000 dispatch_depth=9 vblank_depth=2 ops=2463 budget=29781
mapper type=4 current_bank=3 mirroring=3 select=$07 irq_latch=$7F irq_counter=$00 irq_reload=1 irq_enabled=1
mapper_regs 3C 3E 00 00 00 00 06 07
caller func_CEAC
caller2 func_CDE7
target_bytes 00 00 00 00 00 00 00 00
stack_bytes 00 22 00 00 00 00 00 00 00 00 00 00 00 00 00 00
last_dispatches
  C $884E cb=6 S=$FF depth=6 wb=$8000
  C $884E cb=6 S=$FF depth=6 wb=$8000
  C $884E cb=6 S=$FF depth=6 wb=$8000
  C $884E cb=6 S=$FF depth=6 wb=$8000
  C $884E cb=6 S=$FF depth=6 wb=$8000
  C $884E cb=6 S=$FF depth=6 wb=$8000
  C $884E cb=6 S=$FF depth=6 wb=$8000
  C $884E cb=6 S=$FF depth=6 wb=$8000
  C $DB92 cb=-1 S=$FF depth=3 wb=$C000
  C $D341 cb=-1 S=$FF depth=4 wb=$C000
  T $D377 cb=-1 S=$FF depth=4 wb=$C000
  C $D377 cb=-1 S=$FF depth=4 wb=$C000
  C $DC27 cb=-1 S=$FF depth=3 wb=$C000
  C $DBAF cb=-1 S=$FF depth=3 wb=$C000
  C $8021 cb=-1 S=$FF depth=4 wb=$C000
  T $89BF cb=6 S=$FF depth=5 wb=$8000
  C $89BF cb=6 S=$FF depth=5 wb=$8000
  T $89DD cb=-1 S=$FF depth=6 wb=$E000
  C $89DD cb=-1 S=$FF depth=6 wb=$E000
  T $89DD cb=-1 S=$FF depth=6 wb=$E000
  C $89DD cb=-1 S=$FF depth=6 wb=$E000
  T $89DD cb=-1 S=$FF depth=6 wb=$E000
  C $89DD cb=-1 S=$FF depth=6 wb=$E000
  T $89DD cb=-1 S=$FF depth=6 wb=$E000
  C $89DD cb=-1 S=$FF depth=6 wb=$E000
  N $0002 cb=-1 S=$FC depth=3 wb=$E000
  C $DE39 cb=-1 S=$F9 depth=3 wb=$C000
  T $E11E cb=-1 S=$F9 depth=4 wb=$C000
  C $E11E cb=-1 S=$F9 depth=4 wb=$C000
  T $E11E cb=-1 S=$F9 depth=3 wb=$E000
  C $E11E cb=-1 S=$F9 depth=3 wb=$E000
  C $DCCE cb=-1 S=$F9 depth=3 wb=$C000
  C $CB25 cb=-1 S=$F9 depth=3 wb=$C000
  C $CF72 cb=-1 S=$F9 depth=4 wb=$C000
  C $CFF3 cb=-1 S=$F9 depth=4 wb=$C000
  C $CD30 cb=-1 S=$F9 depth=4 wb=$C000
  C $CD7D cb=-1 S=$F9 depth=5 wb=$C000
  T $CDE7 cb=-1 S=$F9 depth=6 wb=$C000
  C $CDE7 cb=-1 S=$F9 depth=6 wb=$C000
  T $CEAC cb=-1 S=$F9 depth=7 wb=$C000
  C $CEAC cb=-1 S=$F9 depth=7 wb=$C000
  D $CDE7 cb=-1 S=$F9 depth=6 wb=$C000
  C $CDE7 cb=-1 S=$F9 depth=6 wb=$C000
  T $CEF0 cb=-1 S=$F9 depth=7 wb=$C000
  C $CEF0 cb=-1 S=$F9 depth=7 wb=$C000
  C $CD5F cb=-1 S=$F9 depth=8 wb=$C000
  C $CD7D cb=-1 S=$F9 depth=5 wb=$C000
  T $CDE7 cb=-1 S=$F9 depth=6 wb=$C000
  C $CDE7 cb=-1 S=$F9 depth=6 wb=$C000
  T $CE4C cb=-1 S=$F9 depth=7 wb=$C000
  C $CE4C cb=-1 S=$F9 depth=7 wb=$C000
  T $CD93 cb=-1 S=$F9 depth=8 wb=$C000
  C $CD93 cb=-1 S=$F9 depth=8 wb=$C000
  D $CDE7 cb=-1 S=$F9 depth=6 wb=$C000
  C $CDE7 cb=-1 S=$F9 depth=6 wb=$C000
  T $CEF0 cb=-1 S=$F9 depth=7 wb=$C000
  C $CEF0 cb=-1 S=$F9 depth=7 wb=$C000
  D $CDE7 cb=-1 S=$F9 depth=6 wb=$C000
  C $CDE7 cb=-1 S=$F9 depth=6 wb=$C000
  T $CEAC cb=-1 S=$F9 depth=7 wb=$C000
  C $CEAC cb=-1 S=$F9 depth=7 wb=$C000
  C $CD5F cb=-1 S=$F9 depth=8 wb=$C000
  T $FF01 cb=-1 S=$FB depth=8 wb=$C000
  C $FF01 cb=-1 S=$FB depth=8 wb=$C000
=== end dispatch fault ===

=== dispatch fault 4 frame=186 cycles=5809962 ===
target gen=$2201 cpu=$2201 bank=3 class=ZERO_FILLED call_site=$0000
cpu A=$00 X=$02 Y=$04 P=$00 S=$FD window=$C000 dispatch_depth=9 vblank_depth=2 ops=2763 budget=29781
mapper type=4 current_bank=3 mirroring=3 select=$07 irq_latch=$7F irq_counter=$00 irq_reload=1 irq_enabled=1
mapper_regs 3C 3E 00 00 00 00 06 07
caller func_CE78
caller2 func_CDE7
target_bytes 00 00 00 00 00 00 00 00
stack_bytes 00 00 00 00 00 00 00 00 00 00 00 00 00 00 00 00
last_dispatches
  C $DB92 cb=-1 S=$FF depth=3 wb=$C000
  C $D341 cb=-1 S=$FF depth=4 wb=$C000
  T $D377 cb=-1 S=$FF depth=4 wb=$C000
  C $D377 cb=-1 S=$FF depth=4 wb=$C000
  C $DC27 cb=-1 S=$FF depth=3 wb=$C000
  C $DBAF cb=-1 S=$FF depth=3 wb=$C000
  C $8021 cb=-1 S=$FF depth=4 wb=$C000
  T $89BF cb=6 S=$FF depth=5 wb=$8000
  C $89BF cb=6 S=$FF depth=5 wb=$8000
  T $89DD cb=-1 S=$FF depth=6 wb=$E000
  C $89DD cb=-1 S=$FF depth=6 wb=$E000
  T $89DD cb=-1 S=$FF depth=6 wb=$E000
  C $89DD cb=-1 S=$FF depth=6 wb=$E000
  T $89DD cb=-1 S=$FF depth=6 wb=$E000
  C $89DD cb=-1 S=$FF depth=6 wb=$E000
  T $89DD cb=-1 S=$FF depth=6 wb=$E000
  C $89DD cb=-1 S=$FF depth=6 wb=$E000
  N $0002 cb=-1 S=$FC depth=3 wb=$E000
  C $DE39 cb=-1 S=$F9 depth=3 wb=$C000
  T $E11E cb=-1 S=$F9 depth=4 wb=$C000
  C $E11E cb=-1 S=$F9 depth=4 wb=$C000
  T $E11E cb=-1 S=$F9 depth=3 wb=$E000
  C $E11E cb=-1 S=$F9 depth=3 wb=$E000
  C $DCCE cb=-1 S=$F9 depth=3 wb=$C000
  C $CB25 cb=-1 S=$F9 depth=3 wb=$C000
  C $CF72 cb=-1 S=$F9 depth=4 wb=$C000
  C $CFF3 cb=-1 S=$F9 depth=4 wb=$C000
  C $CD30 cb=-1 S=$F9 depth=4 wb=$C000
  C $CD7D cb=-1 S=$F9 depth=5 wb=$C000
  T $CDE7 cb=-1 S=$F9 depth=6 wb=$C000
  C $CDE7 cb=-1 S=$F9 depth=6 wb=$C000
  T $CEAC cb=-1 S=$F9 depth=7 wb=$C000
  C $CEAC cb=-1 S=$F9 depth=7 wb=$C000
  D $CDE7 cb=-1 S=$F9 depth=6 wb=$C000
  C $CDE7 cb=-1 S=$F9 depth=6 wb=$C000
  T $CEF0 cb=-1 S=$F9 depth=7 wb=$C000
  C $CEF0 cb=-1 S=$F9 depth=7 wb=$C000
  C $CD5F cb=-1 S=$F9 depth=8 wb=$C000
  C $CD7D cb=-1 S=$F9 depth=5 wb=$C000
  T $CDE7 cb=-1 S=$F9 depth=6 wb=$C000
  C $CDE7 cb=-1 S=$F9 depth=6 wb=$C000
  T $CE4C cb=-1 S=$F9 depth=7 wb=$C000
  C $CE4C cb=-1 S=$F9 depth=7 wb=$C000
  T $CD93 cb=-1 S=$F9 depth=8 wb=$C000
  C $CD93 cb=-1 S=$F9 depth=8 wb=$C000
  D $CDE7 cb=-1 S=$F9 depth=6 wb=$C000
  C $CDE7 cb=-1 S=$F9 depth=6 wb=$C000
  T $CEF0 cb=-1 S=$F9 depth=7 wb=$C000
  C $CEF0 cb=-1 S=$F9 depth=7 wb=$C000
  D $CDE7 cb=-1 S=$F9 depth=6 wb=$C000
  C $CDE7 cb=-1 S=$F9 depth=6 wb=$C000
  T $CEAC cb=-1 S=$F9 depth=7 wb=$C000
  C $CEAC cb=-1 S=$F9 depth=7 wb=$C000
  C $CD5F cb=-1 S=$F9 depth=8 wb=$C000
  T $FF01 cb=-1 S=$FB depth=8 wb=$C000
  C $FF01 cb=-1 S=$FB depth=8 wb=$C000
  C $CD7D cb=-1 S=$FB depth=5 wb=$C000
  T $CDE7 cb=-1 S=$FB depth=6 wb=$C000
  C $CDE7 cb=-1 S=$FB depth=6 wb=$C000
  T $CE78 cb=-1 S=$FB depth=7 wb=$C000
  C $CE78 cb=-1 S=$FB depth=7 wb=$C000
  C $CD5F cb=-1 S=$FB depth=8 wb=$C000
  T $2201 cb=-1 S=$FD depth=8 wb=$C000
  C $2201 cb=-1 S=$FD depth=8 wb=$C000
=== end dispatch fault ===

=== dispatch fault 5 frame=206 cycles=6404687 ===
target gen=$8801 cpu=$8801 bank=3 class=CODE call_site=$6200
cpu A=$00 X=$01 Y=$02 P=$00 S=$FB window=$8000 dispatch_depth=9 vblank_depth=2 ops=1878 budget=29781
mapper type=4 current_bank=3 mirroring=3 select=$07 irq_latch=$7F irq_counter=$00 irq_reload=1 irq_enabled=1
mapper_regs 3C 3E 00 00 00 00 06 07
caller func_CF25
caller2 func_CDE7
target_bytes F5 FB 87 FC 8D 88 F4 1C
stack_bytes 00 62 00 00 00 00 00 00 00 00 00 00 00 00 00 00
last_dispatches
  T $CD50 cb=-1 S=$F9 depth=6 wb=$C000
  C $CD50 cb=-1 S=$F9 depth=6 wb=$C000
  C $CD7D cb=-1 S=$F9 depth=5 wb=$C000
  T $CD50 cb=-1 S=$F9 depth=6 wb=$C000
  C $CD50 cb=-1 S=$F9 depth=6 wb=$C000
  C $CD30 cb=-1 S=$F9 depth=4 wb=$C000
  C $CC71 cb=-1 S=$F9 depth=4 wb=$C000
  C $CCDA cb=-1 S=$F9 depth=4 wb=$C000
  C $CC71 cb=-1 S=$F9 depth=4 wb=$C000
  T $CC61 cb=-1 S=$F9 depth=5 wb=$C000
  C $CC61 cb=-1 S=$F9 depth=5 wb=$C000
  C $CCDA cb=-1 S=$F9 depth=4 wb=$C000
  C $CC71 cb=-1 S=$F9 depth=4 wb=$C000
  C $CCDA cb=-1 S=$F9 depth=4 wb=$C000
  C $CC71 cb=-1 S=$F9 depth=4 wb=$C000
  T $CC61 cb=-1 S=$F9 depth=5 wb=$C000
  C $CC61 cb=-1 S=$F9 depth=5 wb=$C000
  n $0002 cb=-1 S=$FF depth=3 wb=$E000
  T $E9AE cb=-1 S=$F9 depth=3 wb=$E000
  C $E9AE cb=-1 S=$F9 depth=3 wb=$E000
  T $D9F0 cb=-1 S=$FF depth=3 wb=$E000
  C $D9F0 cb=-1 S=$FF depth=3 wb=$E000
  C $DBAF cb=-1 S=$FF depth=3 wb=$C000
  C $8021 cb=-1 S=$FF depth=4 wb=$C000
  T $89BF cb=6 S=$FF depth=5 wb=$8000
  C $89BF cb=6 S=$FF depth=5 wb=$8000
  T $8749 cb=-1 S=$FF depth=6 wb=$E000
  C $8749 cb=-1 S=$FF depth=6 wb=$E000
  T $8749 cb=-1 S=$FF depth=6 wb=$E000
  C $8749 cb=-1 S=$FF depth=6 wb=$E000
  T $8749 cb=-1 S=$FF depth=6 wb=$E000
  C $8749 cb=-1 S=$FF depth=6 wb=$E000
  T $8749 cb=-1 S=$FF depth=6 wb=$E000
  C $8749 cb=-1 S=$FF depth=6 wb=$E000
  C $DB65 cb=-1 S=$FF depth=3 wb=$C000
  C $DB92 cb=-1 S=$FF depth=3 wb=$C000
  C $D341 cb=-1 S=$FF depth=4 wb=$C000
  T $D377 cb=-1 S=$FF depth=4 wb=$C000
  C $D377 cb=-1 S=$FF depth=4 wb=$C000
  N $0002 cb=-1 S=$FC depth=3 wb=$E000
  C $DE39 cb=-1 S=$F9 depth=3 wb=$C000
  T $E11E cb=-1 S=$F9 depth=4 wb=$C000
  C $E11E cb=-1 S=$F9 depth=4 wb=$C000
  T $E11E cb=-1 S=$F9 depth=3 wb=$E000
  C $E11E cb=-1 S=$F9 depth=3 wb=$E000
  C $DCCE cb=-1 S=$F9 depth=3 wb=$C000
  C $CB25 cb=-1 S=$F9 depth=3 wb=$C000
  C $CD30 cb=-1 S=$F9 depth=4 wb=$C000
  C $CD7D cb=-1 S=$F9 depth=5 wb=$C000
  T $CD50 cb=-1 S=$F9 depth=6 wb=$C000
  C $CD50 cb=-1 S=$F9 depth=6 wb=$C000
  C $CD7D cb=-1 S=$F9 depth=5 wb=$C000
  T $CD50 cb=-1 S=$F9 depth=6 wb=$C000
  C $CD50 cb=-1 S=$F9 depth=6 wb=$C000
  C $CD7D cb=-1 S=$F9 depth=5 wb=$C000
  C $CD5F cb=-1 S=$F9 depth=6 wb=$C000
  C $CD7D cb=-1 S=$F9 depth=5 wb=$C000
  T $CDE7 cb=-1 S=$F9 depth=6 wb=$C000
  C $CDE7 cb=-1 S=$F9 depth=6 wb=$C000
  T $CF25 cb=-1 S=$F9 depth=7 wb=$C000
  C $CF25 cb=-1 S=$F9 depth=7 wb=$C000
  C $CD5F cb=-1 S=$F9 depth=8 wb=$C000
  T $8801 cb=-1 S=$FB depth=8 wb=$C000
  C $8801 cb=-1 S=$FB depth=8 wb=$C000
=== end dispatch fault ===

=== dispatch fault 6 frame=213 cycles=6612883 ===
target gen=$4C01 cpu=$4C01 bank=3 class=ZERO_FILLED call_site=$603F
cpu A=$00 X=$03 Y=$02 P=$00 S=$FB window=$C000 dispatch_depth=9 vblank_depth=2 ops=1610 budget=29780
mapper type=4 current_bank=3 mirroring=3 select=$07 irq_latch=$7F irq_counter=$00 irq_reload=1 irq_enabled=1
mapper_regs 3C 3E 00 00 00 00 06 07
caller func_CF25
caller2 func_CDE7
target_bytes 00 00 00 00 00 00 00 00
stack_bytes 3F 60 00 00 00 00 00 00 00 00 00 00 00 00 00 00
last_dispatches
  C $CD7D cb=-1 S=$F9 depth=5 wb=$C000
  T $CD50 cb=-1 S=$F9 depth=6 wb=$C000
  C $CD50 cb=-1 S=$F9 depth=6 wb=$C000
  C $CD7D cb=-1 S=$F9 depth=5 wb=$C000
  T $CD50 cb=-1 S=$F9 depth=6 wb=$C000
  C $CD50 cb=-1 S=$F9 depth=6 wb=$C000
  C $CD7D cb=-1 S=$F9 depth=5 wb=$C000
  T $CD50 cb=-1 S=$F9 depth=6 wb=$C000
  C $CD50 cb=-1 S=$F9 depth=6 wb=$C000
  C $CD30 cb=-1 S=$F9 depth=4 wb=$C000
  C $CC71 cb=-1 S=$F9 depth=4 wb=$C000
  C $CCDA cb=-1 S=$F9 depth=4 wb=$C000
  C $CC71 cb=-1 S=$F9 depth=4 wb=$C000
  T $CC61 cb=-1 S=$F9 depth=5 wb=$C000
  C $CC61 cb=-1 S=$F9 depth=5 wb=$C000
  C $CCDA cb=-1 S=$F9 depth=4 wb=$C000
  C $CC71 cb=-1 S=$F9 depth=4 wb=$C000
  T $CC61 cb=-1 S=$F9 depth=5 wb=$C000
  C $CC61 cb=-1 S=$F9 depth=5 wb=$C000
  C $CCDA cb=-1 S=$F9 depth=4 wb=$C000
  C $CC71 cb=-1 S=$F9 depth=4 wb=$C000
  T $CC61 cb=-1 S=$F9 depth=5 wb=$C000
  C $CC61 cb=-1 S=$F9 depth=5 wb=$C000
  n $0002 cb=-1 S=$FF depth=3 wb=$E000
  T $E9AE cb=-1 S=$F9 depth=3 wb=$E000
  C $E9AE cb=-1 S=$F9 depth=3 wb=$E000
  T $D9F0 cb=-1 S=$FF depth=3 wb=$E000
  C $D9F0 cb=-1 S=$FF depth=3 wb=$E000
  C $DBAF cb=-1 S=$FF depth=3 wb=$C000
  C $8021 cb=-1 S=$FF depth=4 wb=$C000
  T $89BF cb=6 S=$FF depth=5 wb=$8000
  C $89BF cb=6 S=$FF depth=5 wb=$8000
  T $8749 cb=-1 S=$FF depth=6 wb=$E000
  C $8749 cb=-1 S=$FF depth=6 wb=$E000
  T $8749 cb=-1 S=$FF depth=6 wb=$E000
  C $8749 cb=-1 S=$FF depth=6 wb=$E000
  T $8749 cb=-1 S=$FF depth=6 wb=$E000
  C $8749 cb=-1 S=$FF depth=6 wb=$E000
  T $8749 cb=-1 S=$FF depth=6 wb=$E000
  C $8749 cb=-1 S=$FF depth=6 wb=$E000
  C $DB65 cb=-1 S=$FF depth=3 wb=$C000
  C $DB92 cb=-1 S=$FF depth=3 wb=$C000
  C $D341 cb=-1 S=$FF depth=4 wb=$C000
  T $D377 cb=-1 S=$FF depth=4 wb=$C000
  C $D377 cb=-1 S=$FF depth=4 wb=$C000
  N $0002 cb=-1 S=$FC depth=3 wb=$E000
  C $DE39 cb=-1 S=$F9 depth=3 wb=$C000
  T $E11E cb=-1 S=$F9 depth=4 wb=$C000
  C $E11E cb=-1 S=$F9 depth=4 wb=$C000
  T $E11E cb=-1 S=$F9 depth=3 wb=$E000
  C $E11E cb=-1 S=$F9 depth=3 wb=$E000
  C $DCCE cb=-1 S=$F9 depth=3 wb=$C000
  C $CB25 cb=-1 S=$F9 depth=3 wb=$C000
  C $CD30 cb=-1 S=$F9 depth=4 wb=$C000
  C $CD7D cb=-1 S=$F9 depth=5 wb=$C000
  C $CD5F cb=-1 S=$F9 depth=6 wb=$C000
  C $CD7D cb=-1 S=$F9 depth=5 wb=$C000
  T $CDE7 cb=-1 S=$F9 depth=6 wb=$C000
  C $CDE7 cb=-1 S=$F9 depth=6 wb=$C000
  T $CF25 cb=-1 S=$F9 depth=7 wb=$C000
  C $CF25 cb=-1 S=$F9 depth=7 wb=$C000
  C $CD5F cb=-1 S=$F9 depth=8 wb=$C000
  T $4C01 cb=-1 S=$FB depth=8 wb=$C000
  C $4C01 cb=-1 S=$FB depth=8 wb=$C000
=== end dispatch fault ===

=== dispatch fault 7 frame=226 cycles=7000289 ===
target gen=$B801 cpu=$B801 bank=3 class=CODE call_site=$E08B
cpu A=$00 X=$01 Y=$02 P=$00 S=$FB window=$A000 dispatch_depth=9 vblank_depth=2 ops=1870 budget=29781
mapper type=4 current_bank=3 mirroring=3 select=$07 irq_latch=$7F irq_counter=$00 irq_reload=1 irq_enabled=1
mapper_regs 3C 3E 00 00 00 00 06 07
caller func_CF25
caller2 func_CDE7
target_bytes 06 00 28 46 A0 30 02 00
stack_bytes 8B E0 00 00 00 00 00 00 00 00 00 00 00 00 00 00
last_dispatches
  C $CD7D cb=-1 S=$F9 depth=5 wb=$C000
  T $CD50 cb=-1 S=$F9 depth=6 wb=$C000
  C $CD50 cb=-1 S=$F9 depth=6 wb=$C000
  C $CD30 cb=-1 S=$F9 depth=4 wb=$C000
  C $CC71 cb=-1 S=$F9 depth=4 wb=$C000
  C $CCDA cb=-1 S=$F9 depth=4 wb=$C000
  C $CC71 cb=-1 S=$F9 depth=4 wb=$C000
  T $CC61 cb=-1 S=$F9 depth=5 wb=$C000
  C $CC61 cb=-1 S=$F9 depth=5 wb=$C000
  C $CCDA cb=-1 S=$F9 depth=4 wb=$C000
  C $CC71 cb=-1 S=$F9 depth=4 wb=$C000
  T $CC61 cb=-1 S=$F9 depth=5 wb=$C000
  C $CC61 cb=-1 S=$F9 depth=5 wb=$C000
  C $CCDA cb=-1 S=$F9 depth=4 wb=$C000
  C $CC71 cb=-1 S=$F9 depth=4 wb=$C000
  T $CC61 cb=-1 S=$F9 depth=5 wb=$C000
  C $CC61 cb=-1 S=$F9 depth=5 wb=$C000
  n $0002 cb=-1 S=$FF depth=3 wb=$E000
  T $E9AE cb=-1 S=$F9 depth=3 wb=$E000
  C $E9AE cb=-1 S=$F9 depth=3 wb=$E000
  T $D9F0 cb=-1 S=$FF depth=3 wb=$E000
  C $D9F0 cb=-1 S=$FF depth=3 wb=$E000
  C $DBAF cb=-1 S=$FF depth=3 wb=$C000
  C $8021 cb=-1 S=$FF depth=4 wb=$C000
  T $89BF cb=6 S=$FF depth=5 wb=$8000
  C $89BF cb=6 S=$FF depth=5 wb=$8000
  T $8749 cb=-1 S=$FF depth=6 wb=$E000
  C $8749 cb=-1 S=$FF depth=6 wb=$E000
  T $8749 cb=-1 S=$FF depth=6 wb=$E000
  C $8749 cb=-1 S=$FF depth=6 wb=$E000
  T $8749 cb=-1 S=$FF depth=6 wb=$E000
  C $8749 cb=-1 S=$FF depth=6 wb=$E000
  T $8749 cb=-1 S=$FF depth=6 wb=$E000
  C $8749 cb=-1 S=$FF depth=6 wb=$E000
  C $DB65 cb=-1 S=$FF depth=3 wb=$C000
  C $DB92 cb=-1 S=$FF depth=3 wb=$C000
  C $D341 cb=-1 S=$FF depth=4 wb=$C000
  T $D377 cb=-1 S=$FF depth=4 wb=$C000
  C $D377 cb=-1 S=$FF depth=4 wb=$C000
  N $0002 cb=-1 S=$FC depth=3 wb=$E000
  C $DE39 cb=-1 S=$F9 depth=3 wb=$C000
  T $E11E cb=-1 S=$F9 depth=4 wb=$C000
  C $E11E cb=-1 S=$F9 depth=4 wb=$C000
  T $E11E cb=-1 S=$F9 depth=3 wb=$E000
  C $E11E cb=-1 S=$F9 depth=3 wb=$E000
  C $DCCE cb=-1 S=$F9 depth=3 wb=$C000
  C $CB25 cb=-1 S=$F9 depth=3 wb=$C000
  C $CD30 cb=-1 S=$F9 depth=4 wb=$C000
  C $CD7D cb=-1 S=$F9 depth=5 wb=$C000
  T $CD50 cb=-1 S=$F9 depth=6 wb=$C000
  C $CD50 cb=-1 S=$F9 depth=6 wb=$C000
  C $CD7D cb=-1 S=$F9 depth=5 wb=$C000
  T $CD50 cb=-1 S=$F9 depth=6 wb=$C000
  C $CD50 cb=-1 S=$F9 depth=6 wb=$C000
  C $CD7D cb=-1 S=$F9 depth=5 wb=$C000
  C $CD5F cb=-1 S=$F9 depth=6 wb=$C000
  C $CD7D cb=-1 S=$F9 depth=5 wb=$C000
  T $CDE7 cb=-1 S=$F9 depth=6 wb=$C000
  C $CDE7 cb=-1 S=$F9 depth=6 wb=$C000
  T $CF25 cb=-1 S=$F9 depth=7 wb=$C000
  C $CF25 cb=-1 S=$F9 depth=7 wb=$C000
  C $CD5F cb=-1 S=$F9 depth=8 wb=$C000
  T $B801 cb=-1 S=$FB depth=8 wb=$C000
  C $B801 cb=-1 S=$FB depth=8 wb=$C000
=== end dispatch fault ===

=== dispatch fault 8 frame=240 cycles=7417038 ===
target gen=$4001 cpu=$4001 bank=3 class=ZERO_FILLED call_site=$A084
cpu A=$00 X=$03 Y=$02 P=$00 S=$FB window=$C000 dispatch_depth=9 vblank_depth=2 ops=1692 budget=29781
mapper type=4 current_bank=3 mirroring=3 select=$07 irq_latch=$7F irq_counter=$00 irq_reload=1 irq_enabled=1
mapper_regs 3C 3E 00 00 00 00 06 07
caller func_CF25
caller2 func_CDE7
target_bytes 00 00 00 00 00 00 00 00
stack_bytes 84 A0 00 00 00 00 00 00 00 00 00 00 00 00 00 00
last_dispatches
  C $CD50 cb=-1 S=$F9 depth=6 wb=$C000
  C $CD7D cb=-1 S=$F9 depth=5 wb=$C000
  T $CD50 cb=-1 S=$F9 depth=6 wb=$C000
  C $CD50 cb=-1 S=$F9 depth=6 wb=$C000
  C $CD7D cb=-1 S=$F9 depth=5 wb=$C000
  T $CD50 cb=-1 S=$F9 depth=6 wb=$C000
  C $CD50 cb=-1 S=$F9 depth=6 wb=$C000
  C $CD30 cb=-1 S=$F9 depth=4 wb=$C000
  C $CC71 cb=-1 S=$F9 depth=4 wb=$C000
  C $CCDA cb=-1 S=$F9 depth=4 wb=$C000
  C $CC71 cb=-1 S=$F9 depth=4 wb=$C000
  T $CC61 cb=-1 S=$F9 depth=5 wb=$C000
  C $CC61 cb=-1 S=$F9 depth=5 wb=$C000
  C $CCDA cb=-1 S=$F9 depth=4 wb=$C000
  C $CC71 cb=-1 S=$F9 depth=4 wb=$C000
  C $CCDA cb=-1 S=$F9 depth=4 wb=$C000
  C $CC71 cb=-1 S=$F9 depth=4 wb=$C000
  T $CC61 cb=-1 S=$F9 depth=5 wb=$C000
  C $CC61 cb=-1 S=$F9 depth=5 wb=$C000
  n $0002 cb=-1 S=$FF depth=3 wb=$E000
  T $E9AE cb=-1 S=$F9 depth=3 wb=$E000
  C $E9AE cb=-1 S=$F9 depth=3 wb=$E000
  T $D9F0 cb=-1 S=$FF depth=3 wb=$E000
  C $D9F0 cb=-1 S=$FF depth=3 wb=$E000
  C $DBAF cb=-1 S=$FF depth=3 wb=$C000
  C $8021 cb=-1 S=$FF depth=4 wb=$C000
  T $89BF cb=6 S=$FF depth=5 wb=$8000
  C $89BF cb=6 S=$FF depth=5 wb=$8000
  T $8749 cb=-1 S=$FF depth=6 wb=$E000
  C $8749 cb=-1 S=$FF depth=6 wb=$E000
  T $8749 cb=-1 S=$FF depth=6 wb=$E000
  C $8749 cb=-1 S=$FF depth=6 wb=$E000
  T $8749 cb=-1 S=$FF depth=6 wb=$E000
  C $8749 cb=-1 S=$FF depth=6 wb=$E000
  T $8749 cb=-1 S=$FF depth=6 wb=$E000
  C $8749 cb=-1 S=$FF depth=6 wb=$E000
  C $DB65 cb=-1 S=$FF depth=3 wb=$C000
  C $DB92 cb=-1 S=$FF depth=3 wb=$C000
  C $D341 cb=-1 S=$FF depth=4 wb=$C000
  T $D377 cb=-1 S=$FF depth=4 wb=$C000
  C $D377 cb=-1 S=$FF depth=4 wb=$C000
  N $0002 cb=-1 S=$FC depth=3 wb=$E000
  C $DE39 cb=-1 S=$F9 depth=3 wb=$C000
  T $E11E cb=-1 S=$F9 depth=4 wb=$C000
  C $E11E cb=-1 S=$F9 depth=4 wb=$C000
  T $E11E cb=-1 S=$F9 depth=3 wb=$E000
  C $E11E cb=-1 S=$F9 depth=3 wb=$E000
  C $DCCE cb=-1 S=$F9 depth=3 wb=$C000
  C $CB25 cb=-1 S=$F9 depth=3 wb=$C000
  C $CD30 cb=-1 S=$F9 depth=4 wb=$C000
  C $CD7D cb=-1 S=$F9 depth=5 wb=$C000
  T $CDE7 cb=-1 S=$F9 depth=6 wb=$C000
  C $CDE7 cb=-1 S=$F9 depth=6 wb=$C000
  T $CF40 cb=-1 S=$F9 depth=7 wb=$C000
  C $CF40 cb=-1 S=$F9 depth=7 wb=$C000
  C $CD5F cb=-1 S=$F9 depth=8 wb=$C000
  C $CD7D cb=-1 S=$F9 depth=5 wb=$C000
  T $CDE7 cb=-1 S=$F9 depth=6 wb=$C000
  C $CDE7 cb=-1 S=$F9 depth=6 wb=$C000
  T $CF25 cb=-1 S=$F9 depth=7 wb=$C000
  C $CF25 cb=-1 S=$F9 depth=7 wb=$C000
  C $CD5F cb=-1 S=$F9 depth=8 wb=$C000
  T $4001 cb=-1 S=$FB depth=8 wb=$C000
  C $4001 cb=-1 S=$FB depth=8 wb=$C000
=== end dispatch fault ===

=== dispatch fault 9 frame=266 cycles=8191797 ===
target gen=$2301 cpu=$2301 bank=3 class=ZERO_FILLED call_site=$0000
cpu A=$00 X=$01 Y=$02 P=$00 S=$FD window=$C000 dispatch_depth=9 vblank_depth=2 ops=2158 budget=29781
mapper type=4 current_bank=3 mirroring=3 select=$07 irq_latch=$7F irq_counter=$00 irq_reload=1 irq_enabled=1
mapper_regs 3C 3E 00 00 00 00 06 07
caller func_CF25
caller2 func_CDE7
target_bytes 00 00 00 00 00 00 00 00
stack_bytes 00 00 00 00 00 00 00 00 00 00 00 00 00 00 00 00
last_dispatches
  C $CD30 cb=-1 S=$F9 depth=4 wb=$C000
  C $CC71 cb=-1 S=$F9 depth=4 wb=$C000
  C $CCDA cb=-1 S=$F9 depth=4 wb=$C000
  C $CC71 cb=-1 S=$F9 depth=4 wb=$C000
  T $CC61 cb=-1 S=$F9 depth=5 wb=$C000
  C $CC61 cb=-1 S=$F9 depth=5 wb=$C000
  C $CCDA cb=-1 S=$F9 depth=4 wb=$C000
  C $CC71 cb=-1 S=$F9 depth=4 wb=$C000
  C $CCDA cb=-1 S=$F9 depth=4 wb=$C000
  C $CC71 cb=-1 S=$F9 depth=4 wb=$C000
  T $CC61 cb=-1 S=$F9 depth=5 wb=$C000
  C $CC61 cb=-1 S=$F9 depth=5 wb=$C000
  n $0002 cb=-1 S=$FF depth=3 wb=$E000
  T $E9AE cb=-1 S=$F9 depth=3 wb=$E000
  C $E9AE cb=-1 S=$F9 depth=3 wb=$E000
  T $D9F0 cb=-1 S=$FF depth=3 wb=$E000
  C $D9F0 cb=-1 S=$FF depth=3 wb=$E000
  C $DBAF cb=-1 S=$FF depth=3 wb=$C000
  C $8021 cb=-1 S=$FF depth=4 wb=$C000
  T $89BF cb=6 S=$FF depth=5 wb=$8000
  C $89BF cb=6 S=$FF depth=5 wb=$8000
  T $8749 cb=-1 S=$FF depth=6 wb=$E000
  C $8749 cb=-1 S=$FF depth=6 wb=$E000
  T $8749 cb=-1 S=$FF depth=6 wb=$E000
  C $8749 cb=-1 S=$FF depth=6 wb=$E000
  T $8749 cb=-1 S=$FF depth=6 wb=$E000
  C $8749 cb=-1 S=$FF depth=6 wb=$E000
  T $8749 cb=-1 S=$FF depth=6 wb=$E000
  C $8749 cb=-1 S=$FF depth=6 wb=$E000
  C $DB65 cb=-1 S=$FF depth=3 wb=$C000
  C $DB92 cb=-1 S=$FF depth=3 wb=$C000
  C $D341 cb=-1 S=$FF depth=4 wb=$C000
  T $D377 cb=-1 S=$FF depth=4 wb=$C000
  C $D377 cb=-1 S=$FF depth=4 wb=$C000
  N $0002 cb=-1 S=$FC depth=3 wb=$E000
  C $DE39 cb=-1 S=$F9 depth=3 wb=$C000
  T $E11E cb=-1 S=$F9 depth=4 wb=$C000
  C $E11E cb=-1 S=$F9 depth=4 wb=$C000
  T $E11E cb=-1 S=$F9 depth=3 wb=$E000
  C $E11E cb=-1 S=$F9 depth=3 wb=$E000
  C $DCCE cb=-1 S=$F9 depth=3 wb=$C000
  C $CB25 cb=-1 S=$F9 depth=3 wb=$C000
  C $CD30 cb=-1 S=$F9 depth=4 wb=$C000
  C $CD7D cb=-1 S=$F9 depth=5 wb=$C000
  C $CD5F cb=-1 S=$F9 depth=6 wb=$C000
  C $CD7D cb=-1 S=$F9 depth=5 wb=$C000
  T $CDE7 cb=-1 S=$F9 depth=6 wb=$C000
  C $CDE7 cb=-1 S=$F9 depth=6 wb=$C000
  T $CF25 cb=-1 S=$F9 depth=7 wb=$C000
  C $CF25 cb=-1 S=$F9 depth=7 wb=$C000
  C $CD5F cb=-1 S=$F9 depth=8 wb=$C000
  T $1801 cb=-1 S=$FB depth=8 wb=$C000
  C $1801 cb=-1 S=$FB depth=8 wb=$C000
  I $1801 cb=-1 S=$FB depth=9 wb=$C000
  C $CD7D cb=-1 S=$FB depth=5 wb=$C000
  C $CD5F cb=-1 S=$FB depth=6 wb=$C000
  C $CD7D cb=-1 S=$FB depth=5 wb=$C000
  T $CDE7 cb=-1 S=$FB depth=6 wb=$C000
  C $CDE7 cb=-1 S=$FB depth=6 wb=$C000
  T $CF25 cb=-1 S=$FB depth=7 wb=$C000
  C $CF25 cb=-1 S=$FB depth=7 wb=$C000
  C $CD5F cb=-1 S=$FB depth=8 wb=$C000
  T $2301 cb=-1 S=$FD depth=8 wb=$C000
  C $2301 cb=-1 S=$FD depth=8 wb=$C000
=== end dispatch fault ===

=== dispatch fault 10 frame=286 cycles=8787115 ===
target gen=$4801 cpu=$4801 bank=3 class=ZERO_FILLED call_site=$2300
cpu A=$00 X=$01 Y=$02 P=$00 S=$FB window=$C000 dispatch_depth=9 vblank_depth=2 ops=1866 budget=29781
mapper type=4 current_bank=3 mirroring=3 select=$07 irq_latch=$7F irq_counter=$00 irq_reload=1 irq_enabled=1
mapper_regs 3C 3E 00 00 00 00 06 07
caller func_CF25
caller2 func_CDE7
target_bytes 00 00 00 00 00 00 00 00
stack_bytes 00 23 00 00 00 00 00 00 00 00 00 00 00 00 00 00
last_dispatches
  T $CD50 cb=-1 S=$F9 depth=6 wb=$C000
  C $CD50 cb=-1 S=$F9 depth=6 wb=$C000
  C $CD7D cb=-1 S=$F9 depth=5 wb=$C000
  T $CD50 cb=-1 S=$F9 depth=6 wb=$C000
  C $CD50 cb=-1 S=$F9 depth=6 wb=$C000
  C $CD30 cb=-1 S=$F9 depth=4 wb=$C000
  C $CC71 cb=-1 S=$F9 depth=4 wb=$C000
  C $CCDA cb=-1 S=$F9 depth=4 wb=$C000
  C $CC71 cb=-1 S=$F9 depth=4 wb=$C000
  T $CC61 cb=-1 S=$F9 depth=5 wb=$C000
  C $CC61 cb=-1 S=$F9 depth=5 wb=$C000
  C $CCDA cb=-1 S=$F9 depth=4 wb=$C000
  C $CC71 cb=-1 S=$F9 depth=4 wb=$C000
  C $CCDA cb=-1 S=$F9 depth=4 wb=$C000
  C $CC71 cb=-1 S=$F9 depth=4 wb=$C000
  T $CC61 cb=-1 S=$F9 depth=5 wb=$C000
  C $CC61 cb=-1 S=$F9 depth=5 wb=$C000
  n $0002 cb=-1 S=$FF depth=3 wb=$E000
  T $E9AE cb=-1 S=$F9 depth=3 wb=$E000
  C $E9AE cb=-1 S=$F9 depth=3 wb=$E000
  T $D9F0 cb=-1 S=$FF depth=3 wb=$E000
  C $D9F0 cb=-1 S=$FF depth=3 wb=$E000
  C $DBAF cb=-1 S=$FF depth=3 wb=$C000
  C $8021 cb=-1 S=$FF depth=4 wb=$C000
  T $89BF cb=6 S=$FF depth=5 wb=$8000
  C $89BF cb=6 S=$FF depth=5 wb=$8000
  T $8749 cb=-1 S=$FF depth=6 wb=$E000
  C $8749 cb=-1 S=$FF depth=6 wb=$E000
  T $8749 cb=-1 S=$FF depth=6 wb=$E000
  C $8749 cb=-1 S=$FF depth=6 wb=$E000
  T $8749 cb=-1 S=$FF depth=6 wb=$E000
  C $8749 cb=-1 S=$FF depth=6 wb=$E000
  T $8749 cb=-1 S=$FF depth=6 wb=$E000
  C $8749 cb=-1 S=$FF depth=6 wb=$E000
  C $DB65 cb=-1 S=$FF depth=3 wb=$C000
  C $DB92 cb=-1 S=$FF depth=3 wb=$C000
  C $D341 cb=-1 S=$FF depth=4 wb=$C000
  T $D377 cb=-1 S=$FF depth=4 wb=$C000
  C $D377 cb=-1 S=$FF depth=4 wb=$C000
  N $0002 cb=-1 S=$FC depth=3 wb=$E000
  C $DE39 cb=-1 S=$F9 depth=3 wb=$C000
  T $E11E cb=-1 S=$F9 depth=4 wb=$C000
  C $E11E cb=-1 S=$F9 depth=4 wb=$C000
  T $E11E cb=-1 S=$F9 depth=3 wb=$E000
  C $E11E cb=-1 S=$F9 depth=3 wb=$E000
  C $DCCE cb=-1 S=$F9 depth=3 wb=$C000
  C $CB25 cb=-1 S=$F9 depth=3 wb=$C000
  C $CD30 cb=-1 S=$F9 depth=4 wb=$C000
  C $CD7D cb=-1 S=$F9 depth=5 wb=$C000
  T $CD50 cb=-1 S=$F9 depth=6 wb=$C000
  C $CD50 cb=-1 S=$F9 depth=6 wb=$C000
  C $CD7D cb=-1 S=$F9 depth=5 wb=$C000
  T $CD50 cb=-1 S=$F9 depth=6 wb=$C000
  C $CD50 cb=-1 S=$F9 depth=6 wb=$C000
  C $CD7D cb=-1 S=$F9 depth=5 wb=$C000
  C $CD5F cb=-1 S=$F9 depth=6 wb=$C000
  C $CD7D cb=-1 S=$F9 depth=5 wb=$C000
  T $CDE7 cb=-1 S=$F9 depth=6 wb=$C000
  C $CDE7 cb=-1 S=$F9 depth=6 wb=$C000
  T $CF25 cb=-1 S=$F9 depth=7 wb=$C000
  C $CF25 cb=-1 S=$F9 depth=7 wb=$C000
  C $CD5F cb=-1 S=$F9 depth=8 wb=$C000
  T $4801 cb=-1 S=$FB depth=8 wb=$C000
  C $4801 cb=-1 S=$FB depth=8 wb=$C000
=== end dispatch fault ===

=== dispatch fault 11 frame=293 cycles=8995825 ===
target gen=$2062 cpu=$2062 bank=3 class=ZERO_FILLED call_site=$0000
cpu A=$00 X=$02 Y=$02 P=$00 S=$FD window=$C000 dispatch_depth=9 vblank_depth=2 ops=2112 budget=29780
mapper type=4 current_bank=3 mirroring=3 select=$07 irq_latch=$7F irq_counter=$00 irq_reload=1 irq_enabled=1
mapper_regs 3C 3E 00 00 00 00 06 07
caller func_CF30
caller2 func_CDE7
target_bytes 00 00 00 00 00 00 00 00
stack_bytes 00 00 00 00 00 00 00 00 00 00 00 00 00 00 00 00
last_dispatches
  T $CC61 cb=-1 S=$F9 depth=5 wb=$C000
  C $CC61 cb=-1 S=$F9 depth=5 wb=$C000
  C $CCDA cb=-1 S=$F9 depth=4 wb=$C000
  C $CC71 cb=-1 S=$F9 depth=4 wb=$C000
  T $CC61 cb=-1 S=$F9 depth=5 wb=$C000
  C $CC61 cb=-1 S=$F9 depth=5 wb=$C000
  n $0002 cb=-1 S=$FF depth=3 wb=$E000
  T $E9AE cb=-1 S=$F9 depth=3 wb=$E000
  C $E9AE cb=-1 S=$F9 depth=3 wb=$E000
  T $D9F0 cb=-1 S=$FF depth=3 wb=$E000
  C $D9F0 cb=-1 S=$FF depth=3 wb=$E000
  C $DBAF cb=-1 S=$FF depth=3 wb=$C000
  C $8021 cb=-1 S=$FF depth=4 wb=$C000
  T $89BF cb=6 S=$FF depth=5 wb=$8000
  C $89BF cb=6 S=$FF depth=5 wb=$8000
  T $8749 cb=-1 S=$FF depth=6 wb=$E000
  C $8749 cb=-1 S=$FF depth=6 wb=$E000
  T $8749 cb=-1 S=$FF depth=6 wb=$E000
  C $8749 cb=-1 S=$FF depth=6 wb=$E000
  T $8749 cb=-1 S=$FF depth=6 wb=$E000
  C $8749 cb=-1 S=$FF depth=6 wb=$E000
  T $8749 cb=-1 S=$FF depth=6 wb=$E000
  C $8749 cb=-1 S=$FF depth=6 wb=$E000
  C $DB65 cb=-1 S=$FF depth=3 wb=$C000
  C $DB92 cb=-1 S=$FF depth=3 wb=$C000
  C $D341 cb=-1 S=$FF depth=4 wb=$C000
  T $D377 cb=-1 S=$FF depth=4 wb=$C000
  C $D377 cb=-1 S=$FF depth=4 wb=$C000
  N $0002 cb=-1 S=$FC depth=3 wb=$E000
  C $DE39 cb=-1 S=$F9 depth=3 wb=$C000
  T $E11E cb=-1 S=$F9 depth=4 wb=$C000
  C $E11E cb=-1 S=$F9 depth=4 wb=$C000
  T $E11E cb=-1 S=$F9 depth=3 wb=$E000
  C $E11E cb=-1 S=$F9 depth=3 wb=$E000
  C $DCCE cb=-1 S=$F9 depth=3 wb=$C000
  C $CB25 cb=-1 S=$F9 depth=3 wb=$C000
  C $CD30 cb=-1 S=$F9 depth=4 wb=$C000
  C $CD7D cb=-1 S=$F9 depth=5 wb=$C000
  T $CDE7 cb=-1 S=$F9 depth=6 wb=$C000
  C $CDE7 cb=-1 S=$F9 depth=6 wb=$C000
  T $CF25 cb=-1 S=$F9 depth=7 wb=$C000
  C $CF25 cb=-1 S=$F9 depth=7 wb=$C000
  D $CDE7 cb=-1 S=$F9 depth=6 wb=$C000
  C $CDE7 cb=-1 S=$F9 depth=6 wb=$C000
  T $CEF0 cb=-1 S=$F9 depth=7 wb=$C000
  C $CEF0 cb=-1 S=$F9 depth=7 wb=$C000
  C $CD5F cb=-1 S=$F9 depth=8 wb=$C000
  C $CD7D cb=-1 S=$F9 depth=5 wb=$C000
  T $CDE7 cb=-1 S=$F9 depth=6 wb=$C000
  C $CDE7 cb=-1 S=$F9 depth=6 wb=$C000
  T $CF25 cb=-1 S=$F9 depth=7 wb=$C000
  C $CF25 cb=-1 S=$F9 depth=7 wb=$C000
  C $CD5F cb=-1 S=$F9 depth=8 wb=$C000
  T $0C01 cb=-1 S=$FB depth=8 wb=$C000
  C $0C01 cb=-1 S=$FB depth=8 wb=$C000
  I $0C01 cb=-1 S=$FB depth=9 wb=$C000
  C $CD7D cb=-1 S=$FB depth=5 wb=$C000
  T $CDE7 cb=-1 S=$FB depth=6 wb=$C000
  C $CDE7 cb=-1 S=$FB depth=6 wb=$C000
  T $CF30 cb=-1 S=$FB depth=7 wb=$C000
  C $CF30 cb=-1 S=$FB depth=7 wb=$C000
  C $CD5F cb=-1 S=$FB depth=8 wb=$C000
  T $2062 cb=-1 S=$FD depth=8 wb=$C000
  C $2062 cb=-1 S=$FD depth=8 wb=$C000
=== end dispatch fault ===

=== dispatch fault 12 frame=788 cycles=30438370 ===
target gen=$A0DC cpu=$A0DC bank=3 class=CODE call_site=$0000
cpu A=$00 X=$06 Y=$0A P=$00 S=$FD window=$A000 dispatch_depth=9 vblank_depth=2 ops=2697 budget=29780
mapper type=4 current_bank=3 mirroring=3 select=$07 irq_latch=$7F irq_counter=$00 irq_reload=1 irq_enabled=1
mapper_regs 3C 3E 00 00 00 00 06 07
caller func_CDE7
caller2 func_CD7D
target_bytes D8 A0 FC CB B1 F4 1E 00
stack_bytes 00 00 00 00 00 00 00 00 00 00 00 00 00 00 00 00
last_dispatches
  T $8749 cb=-1 S=$FF depth=6 wb=$E000
  C $8749 cb=-1 S=$FF depth=6 wb=$E000
  T $8749 cb=-1 S=$FF depth=6 wb=$E000
  C $8749 cb=-1 S=$FF depth=6 wb=$E000
  T $8749 cb=-1 S=$FF depth=6 wb=$E000
  C $8749 cb=-1 S=$FF depth=6 wb=$E000
  T $8749 cb=-1 S=$FF depth=6 wb=$E000
  C $8749 cb=-1 S=$FF depth=6 wb=$E000
  C $DB65 cb=-1 S=$FF depth=3 wb=$C000
  C $DB92 cb=-1 S=$FF depth=3 wb=$C000
  C $D341 cb=-1 S=$FF depth=4 wb=$C000
  T $D377 cb=-1 S=$FF depth=4 wb=$C000
  C $D377 cb=-1 S=$FF depth=4 wb=$C000
  N $0002 cb=-1 S=$FC depth=3 wb=$E000
  C $DE39 cb=-1 S=$F9 depth=3 wb=$C000
  T $E11E cb=-1 S=$F9 depth=4 wb=$C000
  C $E11E cb=-1 S=$F9 depth=4 wb=$C000
  T $E11E cb=-1 S=$F9 depth=3 wb=$E000
  C $E11E cb=-1 S=$F9 depth=3 wb=$E000
  C $DCCE cb=-1 S=$F9 depth=3 wb=$C000
  C $CB25 cb=-1 S=$F9 depth=3 wb=$C000
  C $CF72 cb=-1 S=$F9 depth=4 wb=$C000
  C $CFE4 cb=-1 S=$F9 depth=4 wb=$C000
  C $CD30 cb=-1 S=$F9 depth=4 wb=$C000
  C $CD30 cb=-1 S=$F9 depth=4 wb=$C000
  C $CD7D cb=-1 S=$F9 depth=5 wb=$C000
  T $CDE7 cb=-1 S=$F9 depth=6 wb=$C000
  C $CDE7 cb=-1 S=$F9 depth=6 wb=$C000
  T $CED7 cb=-1 S=$F9 depth=7 wb=$C000
  C $CED7 cb=-1 S=$F9 depth=7 wb=$C000
  D $CDE7 cb=-1 S=$F9 depth=6 wb=$C000
  C $CDE7 cb=-1 S=$F9 depth=6 wb=$C000
  T $CE78 cb=-1 S=$F9 depth=7 wb=$C000
  C $CE78 cb=-1 S=$F9 depth=7 wb=$C000
  C $CD5F cb=-1 S=$F9 depth=8 wb=$C000
  T $1401 cb=-1 S=$FB depth=8 wb=$C000
  C $1401 cb=-1 S=$FB depth=8 wb=$C000
  I $1401 cb=-1 S=$FB depth=9 wb=$C000
  C $CD7D cb=-1 S=$FB depth=5 wb=$C000
  T $CDE7 cb=-1 S=$FB depth=6 wb=$C000
  C $CDE7 cb=-1 S=$FB depth=6 wb=$C000
  T $CE4C cb=-1 S=$FB depth=7 wb=$C000
  C $CE4C cb=-1 S=$FB depth=7 wb=$C000
  T $CD93 cb=-1 S=$FB depth=8 wb=$C000
  C $CD93 cb=-1 S=$FB depth=8 wb=$C000
  D $CDE7 cb=-1 S=$FB depth=6 wb=$C000
  C $CDE7 cb=-1 S=$FB depth=6 wb=$C000
  T $CE4C cb=-1 S=$FB depth=7 wb=$C000
  C $CE4C cb=-1 S=$FB depth=7 wb=$C000
  T $CD93 cb=-1 S=$FB depth=8 wb=$C000
  C $CD93 cb=-1 S=$FB depth=8 wb=$C000
  D $CDE7 cb=-1 S=$FB depth=6 wb=$C000
  C $CDE7 cb=-1 S=$FB depth=6 wb=$C000
  T $CE4C cb=-1 S=$FB depth=7 wb=$C000
  C $CE4C cb=-1 S=$FB depth=7 wb=$C000
  T $CD93 cb=-1 S=$FB depth=8 wb=$C000
  C $CD93 cb=-1 S=$FB depth=8 wb=$C000
  D $CDE7 cb=-1 S=$FB depth=6 wb=$C000
  C $CDE7 cb=-1 S=$FB depth=6 wb=$C000
  T $CE78 cb=-1 S=$FB depth=7 wb=$C000
  C $CE78 cb=-1 S=$FB depth=7 wb=$C000
  C $CD5F cb=-1 S=$FB depth=8 wb=$C000
  T $A0DC cb=-1 S=$FD depth=8 wb=$C000
  C $A0DC cb=-1 S=$FD depth=8 wb=$C000
=== end dispatch fault ===

=== dispatch fault 13 frame=876 cycles=33058438 ===
target gen=$B401 cpu=$B401 bank=3 class=CODE call_site=$A1EA
cpu A=$00 X=$07 Y=$06 P=$00 S=$FB window=$A000 dispatch_depth=9 vblank_depth=2 ops=2081 budget=29780
mapper type=4 current_bank=3 mirroring=3 select=$07 irq_latch=$7F irq_counter=$00 irq_reload=1 irq_enabled=1
mapper_regs 3C 3E 00 00 00 00 06 07
caller func_CD7D
caller2 func_CD30
target_bytes B3 FF F9 03 E8 08 E9 07
stack_bytes EA A1 00 00 00 00 00 00 00 00 00 00 00 00 00 00
last_dispatches
  C $CB25 cb=-1 S=$F9 depth=3 wb=$C000
  C $CD30 cb=-1 S=$F9 depth=4 wb=$C000
  C $CD30 cb=-1 S=$F9 depth=4 wb=$C000
  C $CC71 cb=-1 S=$F9 depth=4 wb=$C000
  T $CC61 cb=-1 S=$F9 depth=5 wb=$C000
  C $CC61 cb=-1 S=$F9 depth=5 wb=$C000
  C $CCDA cb=-1 S=$F9 depth=4 wb=$C000
  C $CC71 cb=-1 S=$F9 depth=4 wb=$C000
  T $CC61 cb=-1 S=$F9 depth=5 wb=$C000
  C $CC61 cb=-1 S=$F9 depth=5 wb=$C000
  C $CCDA cb=-1 S=$F9 depth=4 wb=$C000
  C $CC71 cb=-1 S=$F9 depth=4 wb=$C000
  T $CC61 cb=-1 S=$F9 depth=5 wb=$C000
  C $CC61 cb=-1 S=$F9 depth=5 wb=$C000
  C $CCDA cb=-1 S=$F9 depth=4 wb=$C000
  C $CC71 cb=-1 S=$F9 depth=4 wb=$C000
  T $CC61 cb=-1 S=$F9 depth=5 wb=$C000
  C $CC61 cb=-1 S=$F9 depth=5 wb=$C000
  n $0002 cb=-1 S=$FF depth=3 wb=$E000
  T $E9AE cb=-1 S=$F9 depth=3 wb=$E000
  C $E9AE cb=-1 S=$F9 depth=3 wb=$E000
  T $D9F0 cb=-1 S=$FF depth=3 wb=$E000
  C $D9F0 cb=-1 S=$FF depth=3 wb=$E000
  C $DBAF cb=-1 S=$FF depth=3 wb=$C000
  C $8021 cb=-1 S=$FF depth=4 wb=$C000
  T $89BF cb=6 S=$FF depth=5 wb=$8000
  C $89BF cb=6 S=$FF depth=5 wb=$8000
  T $8749 cb=-1 S=$FF depth=6 wb=$E000
  C $8749 cb=-1 S=$FF depth=6 wb=$E000
  T $8749 cb=-1 S=$FF depth=6 wb=$E000
  C $8749 cb=-1 S=$FF depth=6 wb=$E000
  T $8749 cb=-1 S=$FF depth=6 wb=$E000
  C $8749 cb=-1 S=$FF depth=6 wb=$E000
  T $8749 cb=-1 S=$FF depth=6 wb=$E000
  C $8749 cb=-1 S=$FF depth=6 wb=$E000
  C $DB65 cb=-1 S=$FF depth=3 wb=$C000
  C $DB92 cb=-1 S=$FF depth=3 wb=$C000
  C $D341 cb=-1 S=$FF depth=4 wb=$C000
  T $D377 cb=-1 S=$FF depth=4 wb=$C000
  C $D377 cb=-1 S=$FF depth=4 wb=$C000
  N $0002 cb=-1 S=$FC depth=3 wb=$E000
  C $DE39 cb=-1 S=$F9 depth=3 wb=$C000
  T $E11E cb=-1 S=$F9 depth=4 wb=$C000
  C $E11E cb=-1 S=$F9 depth=4 wb=$C000
  T $E11E cb=-1 S=$F9 depth=3 wb=$E000
  C $E11E cb=-1 S=$F9 depth=3 wb=$E000
  C $DCCE cb=-1 S=$F9 depth=3 wb=$C000
  C $CB25 cb=-1 S=$F9 depth=3 wb=$C000
  C $CF72 cb=-1 S=$F9 depth=4 wb=$C000
  C $CFE4 cb=-1 S=$F9 depth=4 wb=$C000
  C $CD30 cb=-1 S=$F9 depth=4 wb=$C000
  C $CD30 cb=-1 S=$F9 depth=4 wb=$C000
  C $CD7D cb=-1 S=$F9 depth=5 wb=$C000
  T $CDE7 cb=-1 S=$F9 depth=6 wb=$C000
  C $CDE7 cb=-1 S=$F9 depth=6 wb=$C000
  T $CED7 cb=-1 S=$F9 depth=7 wb=$C000
  C $CED7 cb=-1 S=$F9 depth=7 wb=$C000
  D $CDE7 cb=-1 S=$F9 depth=6 wb=$C000
  C $CDE7 cb=-1 S=$F9 depth=6 wb=$C000
  T $CE78 cb=-1 S=$F9 depth=7 wb=$C000
  C $CE78 cb=-1 S=$F9 depth=7 wb=$C000
  C $CD5F cb=-1 S=$F9 depth=8 wb=$C000
  T $B401 cb=-1 S=$FB depth=8 wb=$C000
  C $B401 cb=-1 S=$FB depth=8 wb=$C000
=== end dispatch fault ===

=== dispatch fault 14 frame=876 cycles=33059045 ===
target gen=$A1EB cpu=$A1EB bank=3 class=CODE call_site=$0000
cpu A=$00 X=$06 Y=$0A P=$00 S=$FD window=$A000 dispatch_depth=9 vblank_depth=2 ops=2688 budget=29780
mapper type=4 current_bank=3 mirroring=3 select=$07 irq_latch=$7F irq_counter=$00 irq_reload=1 irq_enabled=1
mapper_regs 3C 3E 00 00 00 00 06 07
caller func_CDE7
caller2 func_CD7D
target_bytes 05 18 05 54 05 19 05 54
stack_bytes 00 00 00 00 00 00 00 00 00 00 00 00 00 00 00 00
last_dispatches
  C $89BF cb=6 S=$FF depth=5 wb=$8000
  T $8749 cb=-1 S=$FF depth=6 wb=$E000
  C $8749 cb=-1 S=$FF depth=6 wb=$E000
  T $8749 cb=-1 S=$FF depth=6 wb=$E000
  C $8749 cb=-1 S=$FF depth=6 wb=$E000
  T $8749 cb=-1 S=$FF depth=6 wb=$E000
  C $8749 cb=-1 S=$FF depth=6 wb=$E000
  T $8749 cb=-1 S=$FF depth=6 wb=$E000
  C $8749 cb=-1 S=$FF depth=6 wb=$E000
  C $DB65 cb=-1 S=$FF depth=3 wb=$C000
  C $DB92 cb=-1 S=$FF depth=3 wb=$C000
  C $D341 cb=-1 S=$FF depth=4 wb=$C000
  T $D377 cb=-1 S=$FF depth=4 wb=$C000
  C $D377 cb=-1 S=$FF depth=4 wb=$C000
  N $0002 cb=-1 S=$FC depth=3 wb=$E000
  C $DE39 cb=-1 S=$F9 depth=3 wb=$C000
  T $E11E cb=-1 S=$F9 depth=4 wb=$C000
  C $E11E cb=-1 S=$F9 depth=4 wb=$C000
  T $E11E cb=-1 S=$F9 depth=3 wb=$E000
  C $E11E cb=-1 S=$F9 depth=3 wb=$E000
  C $DCCE cb=-1 S=$F9 depth=3 wb=$C000
  C $CB25 cb=-1 S=$F9 depth=3 wb=$C000
  C $CF72 cb=-1 S=$F9 depth=4 wb=$C000
  C $CFE4 cb=-1 S=$F9 depth=4 wb=$C000
  C $CD30 cb=-1 S=$F9 depth=4 wb=$C000
  C $CD30 cb=-1 S=$F9 depth=4 wb=$C000
  C $CD7D cb=-1 S=$F9 depth=5 wb=$C000
  T $CDE7 cb=-1 S=$F9 depth=6 wb=$C000
  C $CDE7 cb=-1 S=$F9 depth=6 wb=$C000
  T $CED7 cb=-1 S=$F9 depth=7 wb=$C000
  C $CED7 cb=-1 S=$F9 depth=7 wb=$C000
  D $CDE7 cb=-1 S=$F9 depth=6 wb=$C000
  C $CDE7 cb=-1 S=$F9 depth=6 wb=$C000
  T $CE78 cb=-1 S=$F9 depth=7 wb=$C000
  C $CE78 cb=-1 S=$F9 depth=7 wb=$C000
  C $CD5F cb=-1 S=$F9 depth=8 wb=$C000
  T $B401 cb=-1 S=$FB depth=8 wb=$C000
  C $B401 cb=-1 S=$FB depth=8 wb=$C000
  C $CD7D cb=-1 S=$FB depth=5 wb=$C000
  T $CDE7 cb=-1 S=$FB depth=6 wb=$C000
  C $CDE7 cb=-1 S=$FB depth=6 wb=$C000
  T $CE4C cb=-1 S=$FB depth=7 wb=$C000
  C $CE4C cb=-1 S=$FB depth=7 wb=$C000
  T $CD93 cb=-1 S=$FB depth=8 wb=$C000
  C $CD93 cb=-1 S=$FB depth=8 wb=$C000
  D $CDE7 cb=-1 S=$FB depth=6 wb=$C000
  C $CDE7 cb=-1 S=$FB depth=6 wb=$C000
  T $CE4C cb=-1 S=$FB depth=7 wb=$C000
  C $CE4C cb=-1 S=$FB depth=7 wb=$C000
  T $CD93 cb=-1 S=$FB depth=8 wb=$C000
  C $CD93 cb=-1 S=$FB depth=8 wb=$C000
  D $CDE7 cb=-1 S=$FB depth=6 wb=$C000
  C $CDE7 cb=-1 S=$FB depth=6 wb=$C000
  T $CE4C cb=-1 S=$FB depth=7 wb=$C000
  C $CE4C cb=-1 S=$FB depth=7 wb=$C000
  T $CD93 cb=-1 S=$FB depth=8 wb=$C000
  C $CD93 cb=-1 S=$FB depth=8 wb=$C000
  D $CDE7 cb=-1 S=$FB depth=6 wb=$C000
  C $CDE7 cb=-1 S=$FB depth=6 wb=$C000
  T $CE78 cb=-1 S=$FB depth=7 wb=$C000
  C $CE78 cb=-1 S=$FB depth=7 wb=$C000
  C $CD5F cb=-1 S=$FB depth=8 wb=$C000
  T $A1EB cb=-1 S=$FD depth=8 wb=$C000
  C $A1EB cb=-1 S=$FD depth=8 wb=$C000
=== end dispatch fault ===

=== dispatch fault 15 frame=964 cycles=35679122 ===
target gen=$5401 cpu=$5401 bank=3 class=ZERO_FILLED call_site=$2035
cpu A=$00 X=$07 Y=$06 P=$00 S=$FB window=$C000 dispatch_depth=9 vblank_depth=2 ops=2081 budget=29780
mapper type=4 current_bank=3 mirroring=3 select=$07 irq_latch=$7F irq_counter=$00 irq_reload=1 irq_enabled=1
mapper_regs 3C 3E 00 00 00 00 06 07
caller func_CD7D
caller2 func_CD30
target_bytes 00 00 00 00 00 00 00 00
stack_bytes 35 20 00 00 00 00 00 00 00 00 00 00 00 00 00 00
last_dispatches
  C $CB25 cb=-1 S=$F9 depth=3 wb=$C000
  C $CD30 cb=-1 S=$F9 depth=4 wb=$C000
  C $CD30 cb=-1 S=$F9 depth=4 wb=$C000
  C $CC71 cb=-1 S=$F9 depth=4 wb=$C000
  T $CC61 cb=-1 S=$F9 depth=5 wb=$C000
  C $CC61 cb=-1 S=$F9 depth=5 wb=$C000
  C $CCDA cb=-1 S=$F9 depth=4 wb=$C000
  C $CC71 cb=-1 S=$F9 depth=4 wb=$C000
  T $CC61 cb=-1 S=$F9 depth=5 wb=$C000
  C $CC61 cb=-1 S=$F9 depth=5 wb=$C000
  C $CCDA cb=-1 S=$F9 depth=4 wb=$C000
  C $CC71 cb=-1 S=$F9 depth=4 wb=$C000
  T $CC61 cb=-1 S=$F9 depth=5 wb=$C000
  C $CC61 cb=-1 S=$F9 depth=5 wb=$C000
  C $CCDA cb=-1 S=$F9 depth=4 wb=$C000
  C $CC71 cb=-1 S=$F9 depth=4 wb=$C000
  T $CC61 cb=-1 S=$F9 depth=5 wb=$C000
  C $CC61 cb=-1 S=$F9 depth=5 wb=$C000
  n $0002 cb=-1 S=$FF depth=3 wb=$E000
  T $E9AE cb=-1 S=$F9 depth=3 wb=$E000
  C $E9AE cb=-1 S=$F9 depth=3 wb=$E000
  T $D9F0 cb=-1 S=$FF depth=3 wb=$E000
  C $D9F0 cb=-1 S=$FF depth=3 wb=$E000
  C $DBAF cb=-1 S=$FF depth=3 wb=$C000
  C $8021 cb=-1 S=$FF depth=4 wb=$C000
  T $89BF cb=6 S=$FF depth=5 wb=$8000
  C $89BF cb=6 S=$FF depth=5 wb=$8000
  T $8749 cb=-1 S=$FF depth=6 wb=$E000
  C $8749 cb=-1 S=$FF depth=6 wb=$E000
  T $8749 cb=-1 S=$FF depth=6 wb=$E000
  C $8749 cb=-1 S=$FF depth=6 wb=$E000
  T $8749 cb=-1 S=$FF depth=6 wb=$E000
  C $8749 cb=-1 S=$FF depth=6 wb=$E000
  T $8749 cb=-1 S=$FF depth=6 wb=$E000
  C $8749 cb=-1 S=$FF depth=6 wb=$E000
  C $DB65 cb=-1 S=$FF depth=3 wb=$C000
  C $DB92 cb=-1 S=$FF depth=3 wb=$C000
  C $D341 cb=-1 S=$FF depth=4 wb=$C000
  T $D377 cb=-1 S=$FF depth=4 wb=$C000
  C $D377 cb=-1 S=$FF depth=4 wb=$C000
  N $0002 cb=-1 S=$FC depth=3 wb=$E000
  C $DE39 cb=-1 S=$F9 depth=3 wb=$C000
  T $E11E cb=-1 S=$F9 depth=4 wb=$C000
  C $E11E cb=-1 S=$F9 depth=4 wb=$C000
  T $E11E cb=-1 S=$F9 depth=3 wb=$E000
  C $E11E cb=-1 S=$F9 depth=3 wb=$E000
  C $DCCE cb=-1 S=$F9 depth=3 wb=$C000
  C $CB25 cb=-1 S=$F9 depth=3 wb=$C000
  C $CF72 cb=-1 S=$F9 depth=4 wb=$C000
  C $CFE4 cb=-1 S=$F9 depth=4 wb=$C000
  C $CD30 cb=-1 S=$F9 depth=4 wb=$C000
  C $CD30 cb=-1 S=$F9 depth=4 wb=$C000
  C $CD7D cb=-1 S=$F9 depth=5 wb=$C000
  T $CDE7 cb=-1 S=$F9 depth=6 wb=$C000
  C $CDE7 cb=-1 S=$F9 depth=6 wb=$C000
  T $CED7 cb=-1 S=$F9 depth=7 wb=$C000
  C $CED7 cb=-1 S=$F9 depth=7 wb=$C000
  D $CDE7 cb=-1 S=$F9 depth=6 wb=$C000
  C $CDE7 cb=-1 S=$F9 depth=6 wb=$C000
  T $CE78 cb=-1 S=$F9 depth=7 wb=$C000
  C $CE78 cb=-1 S=$F9 depth=7 wb=$C000
  C $CD5F cb=-1 S=$F9 depth=8 wb=$C000
  T $5401 cb=-1 S=$FB depth=8 wb=$C000
  C $5401 cb=-1 S=$FB depth=8 wb=$C000
=== end dispatch fault ===

=== dispatch fault 16 frame=964 cycles=35679729 ===
target gen=$2036 cpu=$2036 bank=3 class=ZERO_FILLED call_site=$0000
cpu A=$00 X=$06 Y=$0A P=$00 S=$FD window=$C000 dispatch_depth=9 vblank_depth=2 ops=2688 budget=29780
mapper type=4 current_bank=3 mirroring=3 select=$07 irq_latch=$7F irq_counter=$00 irq_reload=1 irq_enabled=1
mapper_regs 3C 3E 00 00 00 00 06 07
caller func_CDE7
caller2 func_CD7D
target_bytes 00 00 00 00 00 00 00 00
stack_bytes 00 00 00 00 00 00 00 00 00 00 00 00 00 00 00 00
last_dispatches
  C $89BF cb=6 S=$FF depth=5 wb=$8000
  T $8749 cb=-1 S=$FF depth=6 wb=$E000
  C $8749 cb=-1 S=$FF depth=6 wb=$E000
  T $8749 cb=-1 S=$FF depth=6 wb=$E000
  C $8749 cb=-1 S=$FF depth=6 wb=$E000
  T $8749 cb=-1 S=$FF depth=6 wb=$E000
  C $8749 cb=-1 S=$FF depth=6 wb=$E000
  T $8749 cb=-1 S=$FF depth=6 wb=$E000
  C $8749 cb=-1 S=$FF depth=6 wb=$E000
  C $DB65 cb=-1 S=$FF depth=3 wb=$C000
  C $DB92 cb=-1 S=$FF depth=3 wb=$C000
  C $D341 cb=-1 S=$FF depth=4 wb=$C000
  T $D377 cb=-1 S=$FF depth=4 wb=$C000
  C $D377 cb=-1 S=$FF depth=4 wb=$C000
  N $0002 cb=-1 S=$FC depth=3 wb=$E000
  C $DE39 cb=-1 S=$F9 depth=3 wb=$C000
  T $E11E cb=-1 S=$F9 depth=4 wb=$C000
  C $E11E cb=-1 S=$F9 depth=4 wb=$C000
  T $E11E cb=-1 S=$F9 depth=3 wb=$E000
  C $E11E cb=-1 S=$F9 depth=3 wb=$E000
  C $DCCE cb=-1 S=$F9 depth=3 wb=$C000
  C $CB25 cb=-1 S=$F9 depth=3 wb=$C000
  C $CF72 cb=-1 S=$F9 depth=4 wb=$C000
  C $CFE4 cb=-1 S=$F9 depth=4 wb=$C000
  C $CD30 cb=-1 S=$F9 depth=4 wb=$C000
  C $CD30 cb=-1 S=$F9 depth=4 wb=$C000
  C $CD7D cb=-1 S=$F9 depth=5 wb=$C000
  T $CDE7 cb=-1 S=$F9 depth=6 wb=$C000
  C $CDE7 cb=-1 S=$F9 depth=6 wb=$C000
  T $CED7 cb=-1 S=$F9 depth=7 wb=$C000
  C $CED7 cb=-1 S=$F9 depth=7 wb=$C000
  D $CDE7 cb=-1 S=$F9 depth=6 wb=$C000
  C $CDE7 cb=-1 S=$F9 depth=6 wb=$C000
  T $CE78 cb=-1 S=$F9 depth=7 wb=$C000
  C $CE78 cb=-1 S=$F9 depth=7 wb=$C000
  C $CD5F cb=-1 S=$F9 depth=8 wb=$C000
  T $5401 cb=-1 S=$FB depth=8 wb=$C000
  C $5401 cb=-1 S=$FB depth=8 wb=$C000
  C $CD7D cb=-1 S=$FB depth=5 wb=$C000
  T $CDE7 cb=-1 S=$FB depth=6 wb=$C000
  C $CDE7 cb=-1 S=$FB depth=6 wb=$C000
  T $CE4C cb=-1 S=$FB depth=7 wb=$C000
  C $CE4C cb=-1 S=$FB depth=7 wb=$C000
  T $CD93 cb=-1 S=$FB depth=8 wb=$C000
  C $CD93 cb=-1 S=$FB depth=8 wb=$C000
  D $CDE7 cb=-1 S=$FB depth=6 wb=$C000
  C $CDE7 cb=-1 S=$FB depth=6 wb=$C000
  T $CE4C cb=-1 S=$FB depth=7 wb=$C000
  C $CE4C cb=-1 S=$FB depth=7 wb=$C000
  T $CD93 cb=-1 S=$FB depth=8 wb=$C000
  C $CD93 cb=-1 S=$FB depth=8 wb=$C000
  D $CDE7 cb=-1 S=$FB depth=6 wb=$C000
  C $CDE7 cb=-1 S=$FB depth=6 wb=$C000
  T $CE4C cb=-1 S=$FB depth=7 wb=$C000
  C $CE4C cb=-1 S=$FB depth=7 wb=$C000
  T $CD93 cb=-1 S=$FB depth=8 wb=$C000
  C $CD93 cb=-1 S=$FB depth=8 wb=$C000
  D $CDE7 cb=-1 S=$FB depth=6 wb=$C000
  C $CDE7 cb=-1 S=$FB depth=6 wb=$C000
  T $CE78 cb=-1 S=$FB depth=7 wb=$C000
  C $CE78 cb=-1 S=$FB depth=7 wb=$C000
  C $CD5F cb=-1 S=$FB depth=8 wb=$C000
  T $2036 cb=-1 S=$FD depth=8 wb=$C000
  C $2036 cb=-1 S=$FD depth=8 wb=$C000
=== end dispatch fault ===

=== dispatch fault 1 frame=0 cycles=124656 ===
target gen=$A009 cpu=$8009 bank=6 class=CODE call_site=$0000
cpu A=$0D X=$06 Y=$00 P=$00 S=$FF window=$8000 dispatch_depth=3 vblank_depth=0 ops=5534 budget=29781
mapper type=4 current_bank=6 mirroring=2 select=$06 irq_latch=$00 irq_counter=$00 irq_reload=0 irq_enabled=0
mapper_regs 00 00 00 00 00 00 0D 07
caller (none)
caller2 (none)
target_bytes 4C 15 80 4C 50 80 4C F1
stack_bytes 00 00 00 00 00 00 00 00 00 00 00 00 00 00 00 00
last_dispatches
  T $D269 cb=-1 S=$FD depth=0 wb=$E000
  C $D269 cb=-1 S=$FD depth=0 wb=$E000
  C $D2F6 cb=-1 S=$FF depth=1 wb=$C000
  C $CFBF cb=-1 S=$FF depth=1 wb=$C000
  C $CFF3 cb=-1 S=$FF depth=2 wb=$C000
  T $D406 cb=-1 S=$FF depth=1 wb=$C000
  C $D406 cb=-1 S=$FF depth=1 wb=$C000
  C $8009 cb=-1 S=$FF depth=2 wb=$C000
=== end dispatch fault ===

=== dispatch fault 2 frame=0 cycles=191343 ===
target gen=$A003 cpu=$8003 bank=6 class=CODE call_site=$0000
cpu A=$05 X=$10 Y=$00 P=$00 S=$FF window=$8000 dispatch_depth=4 vblank_depth=0 ops=12659 budget=29780
mapper type=4 current_bank=6 mirroring=3 select=$07 irq_latch=$00 irq_counter=$00 irq_reload=0 irq_enabled=0
mapper_regs 00 00 00 00 00 00 0D 05
caller (none)
caller2 (none)
target_bytes 4C 85 86 4C 95 87 4C 15
stack_bytes 00 00 00 00 00 00 00 00 00 00 00 00 00 00 00 00
last_dispatches
  C $884E cb=6 S=$FF depth=6 wb=$8000
  C $884E cb=6 S=$FF depth=6 wb=$8000
  C $884E cb=6 S=$FF depth=6 wb=$8000
  C $884E cb=6 S=$FF depth=6 wb=$8000
  C $884E cb=6 S=$FF depth=6 wb=$8000
  C $884E cb=6 S=$FF depth=6 wb=$8000
  C $884E cb=6 S=$FF depth=6 wb=$8000
  C $884E cb=6 S=$FF depth=6 wb=$8000
  C $884E cb=6 S=$FF depth=6 wb=$8000
  C $884E cb=6 S=$FF depth=6 wb=$8000
  C $884E cb=6 S=$FF depth=6 wb=$8000
  C $884E cb=6 S=$FF depth=6 wb=$8000
  C $884E cb=6 S=$FF depth=6 wb=$8000
  C $884E cb=6 S=$FF depth=6 wb=$8000
  C $884E cb=6 S=$FF depth=6 wb=$8000
  C $884E cb=6 S=$FF depth=6 wb=$8000
  C $884E cb=6 S=$FF depth=6 wb=$8000
  C $884E cb=6 S=$FF depth=6 wb=$8000
  C $884E cb=6 S=$FF depth=6 wb=$8000
  C $884E cb=6 S=$FF depth=6 wb=$8000
  C $884E cb=6 S=$FF depth=6 wb=$8000
  C $884E cb=6 S=$FF depth=6 wb=$8000
  C $884E cb=6 S=$FF depth=6 wb=$8000
  C $884E cb=6 S=$FF depth=6 wb=$8000
  C $884E cb=6 S=$FF depth=6 wb=$8000
  C $884E cb=6 S=$FF depth=6 wb=$8000
  C $884E cb=6 S=$FF depth=6 wb=$8000
  C $884E cb=6 S=$FF depth=6 wb=$8000
  C $884E cb=6 S=$FF depth=6 wb=$8000
  C $884E cb=6 S=$FF depth=6 wb=$8000
  C $884E cb=6 S=$FF depth=6 wb=$8000
  C $884E cb=6 S=$FF depth=6 wb=$8000
  C $884E cb=6 S=$FF depth=6 wb=$8000
  C $884E cb=6 S=$FF depth=6 wb=$8000
  C $884E cb=6 S=$FF depth=6 wb=$8000
  C $884E cb=6 S=$FF depth=6 wb=$8000
  C $884E cb=6 S=$FF depth=6 wb=$8000
  C $884E cb=6 S=$FF depth=6 wb=$8000
  C $884E cb=6 S=$FF depth=6 wb=$8000
  C $884E cb=6 S=$FF depth=6 wb=$8000
  C $884E cb=6 S=$FF depth=6 wb=$8000
  C $884E cb=6 S=$FF depth=6 wb=$8000
  C $884E cb=6 S=$FF depth=6 wb=$8000
  C $884E cb=6 S=$FF depth=6 wb=$8000
  C $884E cb=6 S=$FF depth=6 wb=$8000
  C $884E cb=6 S=$FF depth=6 wb=$8000
  C $884E cb=6 S=$FF depth=6 wb=$8000
  C $884E cb=6 S=$FF depth=6 wb=$8000
  C $884E cb=6 S=$FF depth=6 wb=$8000
  C $884E cb=6 S=$FF depth=6 wb=$8000
  C $884E cb=6 S=$FF depth=6 wb=$8000
  C $884E cb=6 S=$FF depth=6 wb=$8000
  C $884E cb=6 S=$FF depth=6 wb=$8000
  C $884E cb=6 S=$FF depth=6 wb=$8000
  C $884E cb=6 S=$FF depth=6 wb=$8000
  C $884E cb=6 S=$FF depth=6 wb=$8000
  C $884E cb=6 S=$FF depth=6 wb=$8000
  C $884E cb=6 S=$FF depth=6 wb=$8000
  C $884E cb=6 S=$FF depth=6 wb=$8000
  C $884E cb=6 S=$FF depth=6 wb=$8000
  C $884E cb=6 S=$FF depth=6 wb=$8000
  C $884E cb=6 S=$FF depth=6 wb=$8000
  C $884E cb=6 S=$FF depth=6 wb=$8000
  C $8003 cb=-1 S=$FF depth=3 wb=$C000
=== end dispatch fault ===

=== dispatch fault 3 frame=186 cycles=5809662 ===
target gen=$FF01 cpu=$FF01 bank=7 class=ZERO_FILLED call_site=$2200
cpu A=$00 X=$03 Y=$04 P=$00 S=$FB window=$E000 dispatch_depth=9 vblank_depth=2 ops=2463 budget=29781
mapper type=4 current_bank=3 mirroring=3 select=$07 irq_latch=$7F irq_counter=$00 irq_reload=1 irq_enabled=1
mapper_regs 3C 3E 00 00 00 00 06 07
caller func_CEAC
caller2 func_CDE7
target_bytes 00 00 00 00 00 00 00 00
stack_bytes 00 22 00 00 00 00 00 00 00 00 00 00 00 00 00 00
last_dispatches
  C $884E cb=6 S=$FF depth=6 wb=$8000
  C $884E cb=6 S=$FF depth=6 wb=$8000
  C $884E cb=6 S=$FF depth=6 wb=$8000
  C $884E cb=6 S=$FF depth=6 wb=$8000
  C $884E cb=6 S=$FF depth=6 wb=$8000
  C $884E cb=6 S=$FF depth=6 wb=$8000
  C $884E cb=6 S=$FF depth=6 wb=$8000
  C $884E cb=6 S=$FF depth=6 wb=$8000
  C $DB92 cb=-1 S=$FF depth=3 wb=$C000
  C $D341 cb=-1 S=$FF depth=4 wb=$C000
  T $D377 cb=-1 S=$FF depth=4 wb=$C000
  C $D377 cb=-1 S=$FF depth=4 wb=$C000
  C $DC27 cb=-1 S=$FF depth=3 wb=$C000
  C $DBAF cb=-1 S=$FF depth=3 wb=$C000
  C $8021 cb=-1 S=$FF depth=4 wb=$C000
  T $89BF cb=6 S=$FF depth=5 wb=$8000
  C $89BF cb=6 S=$FF depth=5 wb=$8000
  T $89DD cb=-1 S=$FF depth=6 wb=$E000
  C $89DD cb=-1 S=$FF depth=6 wb=$E000
  T $89DD cb=-1 S=$FF depth=6 wb=$E000
  C $89DD cb=-1 S=$FF depth=6 wb=$E000
  T $89DD cb=-1 S=$FF depth=6 wb=$E000
  C $89DD cb=-1 S=$FF depth=6 wb=$E000
  T $89DD cb=-1 S=$FF depth=6 wb=$E000
  C $89DD cb=-1 S=$FF depth=6 wb=$E000
  N $0002 cb=-1 S=$FC depth=3 wb=$E000
  C $DE39 cb=-1 S=$F9 depth=3 wb=$C000
  T $E11E cb=-1 S=$F9 depth=4 wb=$C000
  C $E11E cb=-1 S=$F9 depth=4 wb=$C000
  T $E11E cb=-1 S=$F9 depth=3 wb=$E000
  C $E11E cb=-1 S=$F9 depth=3 wb=$E000
  C $DCCE cb=-1 S=$F9 depth=3 wb=$C000
  C $CB25 cb=-1 S=$F9 depth=3 wb=$C000
  C $CF72 cb=-1 S=$F9 depth=4 wb=$C000
  C $CFF3 cb=-1 S=$F9 depth=4 wb=$C000
  C $CD30 cb=-1 S=$F9 depth=4 wb=$C000
  C $CD7D cb=-1 S=$F9 depth=5 wb=$C000
  T $CDE7 cb=-1 S=$F9 depth=6 wb=$C000
  C $CDE7 cb=-1 S=$F9 depth=6 wb=$C000
  T $CEAC cb=-1 S=$F9 depth=7 wb=$C000
  C $CEAC cb=-1 S=$F9 depth=7 wb=$C000
  D $CDE7 cb=-1 S=$F9 depth=6 wb=$C000
  C $CDE7 cb=-1 S=$F9 depth=6 wb=$C000
  T $CEF0 cb=-1 S=$F9 depth=7 wb=$C000
  C $CEF0 cb=-1 S=$F9 depth=7 wb=$C000
  C $CD5F cb=-1 S=$F9 depth=8 wb=$C000
  C $CD7D cb=-1 S=$F9 depth=5 wb=$C000
  T $CDE7 cb=-1 S=$F9 depth=6 wb=$C000
  C $CDE7 cb=-1 S=$F9 depth=6 wb=$C000
  T $CE4C cb=-1 S=$F9 depth=7 wb=$C000
  C $CE4C cb=-1 S=$F9 depth=7 wb=$C000
  T $CD93 cb=-1 S=$F9 depth=8 wb=$C000
  C $CD93 cb=-1 S=$F9 depth=8 wb=$C000
  D $CDE7 cb=-1 S=$F9 depth=6 wb=$C000
  C $CDE7 cb=-1 S=$F9 depth=6 wb=$C000
  T $CEF0 cb=-1 S=$F9 depth=7 wb=$C000
  C $CEF0 cb=-1 S=$F9 depth=7 wb=$C000
  D $CDE7 cb=-1 S=$F9 depth=6 wb=$C000
  C $CDE7 cb=-1 S=$F9 depth=6 wb=$C000
  T $CEAC cb=-1 S=$F9 depth=7 wb=$C000
  C $CEAC cb=-1 S=$F9 depth=7 wb=$C000
  C $CD5F cb=-1 S=$F9 depth=8 wb=$C000
  T $FF01 cb=-1 S=$FB depth=8 wb=$C000
  C $FF01 cb=-1 S=$FB depth=8 wb=$C000
=== end dispatch fault ===

=== dispatch fault 4 frame=186 cycles=5809962 ===
target gen=$2201 cpu=$2201 bank=3 class=ZERO_FILLED call_site=$0000
cpu A=$00 X=$02 Y=$04 P=$00 S=$FD window=$C000 dispatch_depth=9 vblank_depth=2 ops=2763 budget=29781
mapper type=4 current_bank=3 mirroring=3 select=$07 irq_latch=$7F irq_counter=$00 irq_reload=1 irq_enabled=1
mapper_regs 3C 3E 00 00 00 00 06 07
caller func_CE78
caller2 func_CDE7
target_bytes 00 00 00 00 00 00 00 00
stack_bytes 00 00 00 00 00 00 00 00 00 00 00 00 00 00 00 00
last_dispatches
  C $DB92 cb=-1 S=$FF depth=3 wb=$C000
  C $D341 cb=-1 S=$FF depth=4 wb=$C000
  T $D377 cb=-1 S=$FF depth=4 wb=$C000
  C $D377 cb=-1 S=$FF depth=4 wb=$C000
  C $DC27 cb=-1 S=$FF depth=3 wb=$C000
  C $DBAF cb=-1 S=$FF depth=3 wb=$C000
  C $8021 cb=-1 S=$FF depth=4 wb=$C000
  T $89BF cb=6 S=$FF depth=5 wb=$8000
  C $89BF cb=6 S=$FF depth=5 wb=$8000
  T $89DD cb=-1 S=$FF depth=6 wb=$E000
  C $89DD cb=-1 S=$FF depth=6 wb=$E000
  T $89DD cb=-1 S=$FF depth=6 wb=$E000
  C $89DD cb=-1 S=$FF depth=6 wb=$E000
  T $89DD cb=-1 S=$FF depth=6 wb=$E000
  C $89DD cb=-1 S=$FF depth=6 wb=$E000
  T $89DD cb=-1 S=$FF depth=6 wb=$E000
  C $89DD cb=-1 S=$FF depth=6 wb=$E000
  N $0002 cb=-1 S=$FC depth=3 wb=$E000
  C $DE39 cb=-1 S=$F9 depth=3 wb=$C000
  T $E11E cb=-1 S=$F9 depth=4 wb=$C000
  C $E11E cb=-1 S=$F9 depth=4 wb=$C000
  T $E11E cb=-1 S=$F9 depth=3 wb=$E000
  C $E11E cb=-1 S=$F9 depth=3 wb=$E000
  C $DCCE cb=-1 S=$F9 depth=3 wb=$C000
  C $CB25 cb=-1 S=$F9 depth=3 wb=$C000
  C $CF72 cb=-1 S=$F9 depth=4 wb=$C000
  C $CFF3 cb=-1 S=$F9 depth=4 wb=$C000
  C $CD30 cb=-1 S=$F9 depth=4 wb=$C000
  C $CD7D cb=-1 S=$F9 depth=5 wb=$C000
  T $CDE7 cb=-1 S=$F9 depth=6 wb=$C000
  C $CDE7 cb=-1 S=$F9 depth=6 wb=$C000
  T $CEAC cb=-1 S=$F9 depth=7 wb=$C000
  C $CEAC cb=-1 S=$F9 depth=7 wb=$C000
  D $CDE7 cb=-1 S=$F9 depth=6 wb=$C000
  C $CDE7 cb=-1 S=$F9 depth=6 wb=$C000
  T $CEF0 cb=-1 S=$F9 depth=7 wb=$C000
  C $CEF0 cb=-1 S=$F9 depth=7 wb=$C000
  C $CD5F cb=-1 S=$F9 depth=8 wb=$C000
  C $CD7D cb=-1 S=$F9 depth=5 wb=$C000
  T $CDE7 cb=-1 S=$F9 depth=6 wb=$C000
  C $CDE7 cb=-1 S=$F9 depth=6 wb=$C000
  T $CE4C cb=-1 S=$F9 depth=7 wb=$C000
  C $CE4C cb=-1 S=$F9 depth=7 wb=$C000
  T $CD93 cb=-1 S=$F9 depth=8 wb=$C000
  C $CD93 cb=-1 S=$F9 depth=8 wb=$C000
  D $CDE7 cb=-1 S=$F9 depth=6 wb=$C000
  C $CDE7 cb=-1 S=$F9 depth=6 wb=$C000
  T $CEF0 cb=-1 S=$F9 depth=7 wb=$C000
  C $CEF0 cb=-1 S=$F9 depth=7 wb=$C000
  D $CDE7 cb=-1 S=$F9 depth=6 wb=$C000
  C $CDE7 cb=-1 S=$F9 depth=6 wb=$C000
  T $CEAC cb=-1 S=$F9 depth=7 wb=$C000
  C $CEAC cb=-1 S=$F9 depth=7 wb=$C000
  C $CD5F cb=-1 S=$F9 depth=8 wb=$C000
  T $FF01 cb=-1 S=$FB depth=8 wb=$C000
  C $FF01 cb=-1 S=$FB depth=8 wb=$C000
  C $CD7D cb=-1 S=$FB depth=5 wb=$C000
  T $CDE7 cb=-1 S=$FB depth=6 wb=$C000
  C $CDE7 cb=-1 S=$FB depth=6 wb=$C000
  T $CE78 cb=-1 S=$FB depth=7 wb=$C000
  C $CE78 cb=-1 S=$FB depth=7 wb=$C000
  C $CD5F cb=-1 S=$FB depth=8 wb=$C000
  T $2201 cb=-1 S=$FD depth=8 wb=$C000
  C $2201 cb=-1 S=$FD depth=8 wb=$C000
=== end dispatch fault ===

=== dispatch fault 5 frame=213 cycles=6612883 ===
target gen=$4C01 cpu=$4C01 bank=3 class=ZERO_FILLED call_site=$200A
cpu A=$00 X=$03 Y=$02 P=$00 S=$FB window=$C000 dispatch_depth=9 vblank_depth=2 ops=1610 budget=29780
mapper type=4 current_bank=3 mirroring=3 select=$07 irq_latch=$7F irq_counter=$00 irq_reload=1 irq_enabled=1
mapper_regs 3C 3E 00 00 00 00 06 07
caller func_CF25
caller2 func_CDE7
target_bytes 00 00 00 00 00 00 00 00
stack_bytes 0A 20 00 00 00 00 00 00 00 00 00 00 00 00 00 00
last_dispatches
  C $CD7D cb=-1 S=$F9 depth=5 wb=$C000
  T $CD50 cb=-1 S=$F9 depth=6 wb=$C000
  C $CD50 cb=-1 S=$F9 depth=6 wb=$C000
  C $CD7D cb=-1 S=$F9 depth=5 wb=$C000
  T $CD50 cb=-1 S=$F9 depth=6 wb=$C000
  C $CD50 cb=-1 S=$F9 depth=6 wb=$C000
  C $CD7D cb=-1 S=$F9 depth=5 wb=$C000
  T $CD50 cb=-1 S=$F9 depth=6 wb=$C000
  C $CD50 cb=-1 S=$F9 depth=6 wb=$C000
  C $CD30 cb=-1 S=$F9 depth=4 wb=$C000
  C $CC71 cb=-1 S=$F9 depth=4 wb=$C000
  C $CCDA cb=-1 S=$F9 depth=4 wb=$C000
  C $CC71 cb=-1 S=$F9 depth=4 wb=$C000
  T $CC61 cb=-1 S=$F9 depth=5 wb=$C000
  C $CC61 cb=-1 S=$F9 depth=5 wb=$C000
  C $CCDA cb=-1 S=$F9 depth=4 wb=$C000
  C $CC71 cb=-1 S=$F9 depth=4 wb=$C000
  T $CC61 cb=-1 S=$F9 depth=5 wb=$C000
  C $CC61 cb=-1 S=$F9 depth=5 wb=$C000
  C $CCDA cb=-1 S=$F9 depth=4 wb=$C000
  C $CC71 cb=-1 S=$F9 depth=4 wb=$C000
  T $CC61 cb=-1 S=$F9 depth=5 wb=$C000
  C $CC61 cb=-1 S=$F9 depth=5 wb=$C000
  n $0002 cb=-1 S=$FF depth=3 wb=$E000
  T $E9AE cb=-1 S=$F9 depth=3 wb=$E000
  C $E9AE cb=-1 S=$F9 depth=3 wb=$E000
  T $D9F0 cb=-1 S=$FF depth=3 wb=$E000
  C $D9F0 cb=-1 S=$FF depth=3 wb=$E000
  C $DBAF cb=-1 S=$FF depth=3 wb=$C000
  C $8021 cb=-1 S=$FF depth=4 wb=$C000
  T $89BF cb=6 S=$FF depth=5 wb=$8000
  C $89BF cb=6 S=$FF depth=5 wb=$8000
  T $8749 cb=-1 S=$FF depth=6 wb=$E000
  C $8749 cb=-1 S=$FF depth=6 wb=$E000
  T $8749 cb=-1 S=$FF depth=6 wb=$E000
  C $8749 cb=-1 S=$FF depth=6 wb=$E000
  T $8749 cb=-1 S=$FF depth=6 wb=$E000
  C $8749 cb=-1 S=$FF depth=6 wb=$E000
  T $8749 cb=-1 S=$FF depth=6 wb=$E000
  C $8749 cb=-1 S=$FF depth=6 wb=$E000
  C $DB65 cb=-1 S=$FF depth=3 wb=$C000
  C $DB92 cb=-1 S=$FF depth=3 wb=$C000
  C $D341 cb=-1 S=$FF depth=4 wb=$C000
  T $D377 cb=-1 S=$FF depth=4 wb=$C000
  C $D377 cb=-1 S=$FF depth=4 wb=$C000
  N $0002 cb=-1 S=$FC depth=3 wb=$E000
  C $DE39 cb=-1 S=$F9 depth=3 wb=$C000
  T $E11E cb=-1 S=$F9 depth=4 wb=$C000
  C $E11E cb=-1 S=$F9 depth=4 wb=$C000
  T $E11E cb=-1 S=$F9 depth=3 wb=$E000
  C $E11E cb=-1 S=$F9 depth=3 wb=$E000
  C $DCCE cb=-1 S=$F9 depth=3 wb=$C000
  C $CB25 cb=-1 S=$F9 depth=3 wb=$C000
  C $CD30 cb=-1 S=$F9 depth=4 wb=$C000
  C $CD7D cb=-1 S=$F9 depth=5 wb=$C000
  C $CD5F cb=-1 S=$F9 depth=6 wb=$C000
  C $CD7D cb=-1 S=$F9 depth=5 wb=$C000
  T $CDE7 cb=-1 S=$F9 depth=6 wb=$C000
  C $CDE7 cb=-1 S=$F9 depth=6 wb=$C000
  T $CF25 cb=-1 S=$F9 depth=7 wb=$C000
  C $CF25 cb=-1 S=$F9 depth=7 wb=$C000
  C $CD5F cb=-1 S=$F9 depth=8 wb=$C000
  T $4C01 cb=-1 S=$FB depth=8 wb=$C000
  C $4C01 cb=-1 S=$FB depth=8 wb=$C000
=== end dispatch fault ===

=== dispatch fault 6 frame=788 cycles=23737467 ===
target gen=$3001 cpu=$3001 bank=3 class=ZERO_FILLED call_site=$A1CF
cpu A=$00 X=$07 Y=$06 P=$00 S=$FB window=$C000 dispatch_depth=9 vblank_depth=2 ops=2407 budget=29781
mapper type=4 current_bank=3 mirroring=3 select=$07 irq_latch=$7F irq_counter=$00 irq_reload=1 irq_enabled=1
mapper_regs 3C 3E 00 00 00 00 06 07
caller func_CE78
caller2 func_CDE7
target_bytes 00 00 00 00 00 00 00 00
stack_bytes CF A1 00 00 00 00 00 00 00 00 00 00 00 00 00 00
last_dispatches
  C $CC66 cb=-1 S=$F9 depth=5 wb=$C000
  C $CCDA cb=-1 S=$F9 depth=4 wb=$C000
  C $CC71 cb=-1 S=$F9 depth=4 wb=$C000
  T $CC66 cb=-1 S=$F9 depth=5 wb=$C000
  C $CC66 cb=-1 S=$F9 depth=5 wb=$C000
  C $CCDA cb=-1 S=$F9 depth=4 wb=$C000
  C $CC71 cb=-1 S=$F9 depth=4 wb=$C000
  C $CCDA cb=-1 S=$F9 depth=4 wb=$C000
  C $CC71 cb=-1 S=$F9 depth=4 wb=$C000
  n $0002 cb=-1 S=$FF depth=3 wb=$E000
  T $E9AE cb=-1 S=$F9 depth=3 wb=$E000
  C $E9AE cb=-1 S=$F9 depth=3 wb=$E000
  T $D9F0 cb=-1 S=$FF depth=3 wb=$E000
  C $D9F0 cb=-1 S=$FF depth=3 wb=$E000
  C $DBAF cb=-1 S=$FF depth=3 wb=$C000
  C $8021 cb=-1 S=$FF depth=4 wb=$C000
  T $89BF cb=6 S=$FF depth=5 wb=$8000
  C $89BF cb=6 S=$FF depth=5 wb=$8000
  T $8749 cb=-1 S=$FF depth=6 wb=$E000
  C $8749 cb=-1 S=$FF depth=6 wb=$E000
  T $8749 cb=-1 S=$FF depth=6 wb=$E000
  C $8749 cb=-1 S=$FF depth=6 wb=$E000
  T $8749 cb=-1 S=$FF depth=6 wb=$E000
  C $8749 cb=-1 S=$FF depth=6 wb=$E000
  T $8749 cb=-1 S=$FF depth=6 wb=$E000
  C $8749 cb=-1 S=$FF depth=6 wb=$E000
  C $DB65 cb=-1 S=$FF depth=3 wb=$C000
  C $DB92 cb=-1 S=$FF depth=3 wb=$C000
  C $D341 cb=-1 S=$FF depth=4 wb=$C000
  T $D377 cb=-1 S=$FF depth=4 wb=$C000
  C $D377 cb=-1 S=$FF depth=4 wb=$C000
  N $0002 cb=-1 S=$FC depth=3 wb=$E000
  C $DE39 cb=-1 S=$F9 depth=3 wb=$C000
  T $E11E cb=-1 S=$F9 depth=4 wb=$C000
  C $E11E cb=-1 S=$F9 depth=4 wb=$C000
  T $E11E cb=-1 S=$F9 depth=3 wb=$E000
  C $E11E cb=-1 S=$F9 depth=3 wb=$E000
  C $DCCE cb=-1 S=$F9 depth=3 wb=$C000
  C $CB25 cb=-1 S=$F9 depth=3 wb=$C000
  C $CF72 cb=-1 S=$F9 depth=4 wb=$C000
  C $CFE4 cb=-1 S=$F9 depth=4 wb=$C000
  C $CD30 cb=-1 S=$F9 depth=4 wb=$C000
  C $CD7D cb=-1 S=$F9 depth=5 wb=$C000
  T $CD50 cb=-1 S=$F9 depth=6 wb=$C000
  C $CD50 cb=-1 S=$F9 depth=6 wb=$C000
  C $CD7D cb=-1 S=$F9 depth=5 wb=$C000
  T $CD50 cb=-1 S=$F9 depth=6 wb=$C000
  C $CD50 cb=-1 S=$F9 depth=6 wb=$C000
  C $CD7D cb=-1 S=$F9 depth=5 wb=$C000
  T $CD50 cb=-1 S=$F9 depth=6 wb=$C000
  C $CD50 cb=-1 S=$F9 depth=6 wb=$C000
  C $CD30 cb=-1 S=$F9 depth=4 wb=$C000
  C $CD7D cb=-1 S=$F9 depth=5 wb=$C000
  T $CDE7 cb=-1 S=$F9 depth=6 wb=$C000
  C $CDE7 cb=-1 S=$F9 depth=6 wb=$C000
  T $CED7 cb=-1 S=$F9 depth=7 wb=$C000
  C $CED7 cb=-1 S=$F9 depth=7 wb=$C000
  D $CDE7 cb=-1 S=$F9 depth=6 wb=$C000
  C $CDE7 cb=-1 S=$F9 depth=6 wb=$C000
  T $CE78 cb=-1 S=$F9 depth=7 wb=$C000
  C $CE78 cb=-1 S=$F9 depth=7 wb=$C000
  C $CD5F cb=-1 S=$F9 depth=8 wb=$C000
  T $3001 cb=-1 S=$FB depth=8 wb=$C000
  C $3001 cb=-1 S=$FB depth=8 wb=$C000
=== end dispatch fault ===

=== dispatch fault 7 frame=788 cycles=23738074 ===
target gen=$A1D0 cpu=$A1D0 bank=3 class=CODE call_site=$0000
cpu A=$00 X=$06 Y=$0A P=$00 S=$FD window=$A000 dispatch_depth=9 vblank_depth=2 ops=3014 budget=29781
mapper type=4 current_bank=3 mirroring=3 select=$07 irq_latch=$7F irq_counter=$00 irq_reload=1 irq_enabled=1
mapper_regs 3C 3E 00 00 00 00 06 07
caller func_CE78
caller2 func_CDE7
target_bytes A1 F8 01 FC E8 A1 F8 02
stack_bytes 00 00 00 00 00 00 00 00 00 00 00 00 00 00 00 00
last_dispatches
  C $DB65 cb=-1 S=$FF depth=3 wb=$C000
  C $DB92 cb=-1 S=$FF depth=3 wb=$C000
  C $D341 cb=-1 S=$FF depth=4 wb=$C000
  T $D377 cb=-1 S=$FF depth=4 wb=$C000
  C $D377 cb=-1 S=$FF depth=4 wb=$C000
  N $0002 cb=-1 S=$FC depth=3 wb=$E000
  C $DE39 cb=-1 S=$F9 depth=3 wb=$C000
  T $E11E cb=-1 S=$F9 depth=4 wb=$C000
  C $E11E cb=-1 S=$F9 depth=4 wb=$C000
  T $E11E cb=-1 S=$F9 depth=3 wb=$E000
  C $E11E cb=-1 S=$F9 depth=3 wb=$E000
  C $DCCE cb=-1 S=$F9 depth=3 wb=$C000
  C $CB25 cb=-1 S=$F9 depth=3 wb=$C000
  C $CF72 cb=-1 S=$F9 depth=4 wb=$C000
  C $CFE4 cb=-1 S=$F9 depth=4 wb=$C000
  C $CD30 cb=-1 S=$F9 depth=4 wb=$C000
  C $CD7D cb=-1 S=$F9 depth=5 wb=$C000
  T $CD50 cb=-1 S=$F9 depth=6 wb=$C000
  C $CD50 cb=-1 S=$F9 depth=6 wb=$C000
  C $CD7D cb=-1 S=$F9 depth=5 wb=$C000
  T $CD50 cb=-1 S=$F9 depth=6 wb=$C000
  C $CD50 cb=-1 S=$F9 depth=6 wb=$C000
  C $CD7D cb=-1 S=$F9 depth=5 wb=$C000
  T $CD50 cb=-1 S=$F9 depth=6 wb=$C000
  C $CD50 cb=-1 S=$F9 depth=6 wb=$C000
  C $CD30 cb=-1 S=$F9 depth=4 wb=$C000
  C $CD7D cb=-1 S=$F9 depth=5 wb=$C000
  T $CDE7 cb=-1 S=$F9 depth=6 wb=$C000
  C $CDE7 cb=-1 S=$F9 depth=6 wb=$C000
  T $CED7 cb=-1 S=$F9 depth=7 wb=$C000
  C $CED7 cb=-1 S=$F9 depth=7 wb=$C000
  D $CDE7 cb=-1 S=$F9 depth=6 wb=$C000
  C $CDE7 cb=-1 S=$F9 depth=6 wb=$C000
  T $CE78 cb=-1 S=$F9 depth=7 wb=$C000
  C $CE78 cb=-1 S=$F9 depth=7 wb=$C000
  C $CD5F cb=-1 S=$F9 depth=8 wb=$C000
  T $3001 cb=-1 S=$FB depth=8 wb=$C000
  C $3001 cb=-1 S=$FB depth=8 wb=$C000
  C $CD7D cb=-1 S=$FB depth=5 wb=$C000
  T $CDE7 cb=-1 S=$FB depth=6 wb=$C000
  C $CDE7 cb=-1 S=$FB depth=6 wb=$C000
  T $CE4C cb=-1 S=$FB depth=7 wb=$C000
  C $CE4C cb=-1 S=$FB depth=7 wb=$C000
  T $CD93 cb=-1 S=$FB depth=8 wb=$C000
  C $CD93 cb=-1 S=$FB depth=8 wb=$C000
  D $CDE7 cb=-1 S=$FB depth=6 wb=$C000
  C $CDE7 cb=-1 S=$FB depth=6 wb=$C000
  T $CE4C cb=-1 S=$FB depth=7 wb=$C000
  C $CE4C cb=-1 S=$FB depth=7 wb=$C000
  T $CD93 cb=-1 S=$FB depth=8 wb=$C000
  C $CD93 cb=-1 S=$FB depth=8 wb=$C000
  D $CDE7 cb=-1 S=$FB depth=6 wb=$C000
  C $CDE7 cb=-1 S=$FB depth=6 wb=$C000
  T $CE4C cb=-1 S=$FB depth=7 wb=$C000
  C $CE4C cb=-1 S=$FB depth=7 wb=$C000
  T $CD93 cb=-1 S=$FB depth=8 wb=$C000
  C $CD93 cb=-1 S=$FB depth=8 wb=$C000
  D $CDE7 cb=-1 S=$FB depth=6 wb=$C000
  C $CDE7 cb=-1 S=$FB depth=6 wb=$C000
  T $CE78 cb=-1 S=$FB depth=7 wb=$C000
  C $CE78 cb=-1 S=$FB depth=7 wb=$C000
  C $CD5F cb=-1 S=$FB depth=8 wb=$C000
  T $A1D0 cb=-1 S=$FD depth=8 wb=$C000
  C $A1D0 cb=-1 S=$FD depth=8 wb=$C000
=== end dispatch fault ===

=== dispatch fault 8 frame=876 cycles=26358770 ===
target gen=$2008 cpu=$2008 bank=3 class=ZERO_FILLED call_site=$0000
cpu A=$00 X=$06 Y=$0A P=$00 S=$FD window=$C000 dispatch_depth=9 vblank_depth=2 ops=3026 budget=29781
mapper type=4 current_bank=3 mirroring=3 select=$07 irq_latch=$7F irq_counter=$00 irq_reload=1 irq_enabled=1
mapper_regs 3C 3E 00 00 00 00 06 07
caller func_CE78
caller2 func_CDE7
target_bytes 00 00 00 00 00 00 00 00
stack_bytes 00 00 00 00 00 00 00 00 00 00 00 00 00 00 00 00
last_dispatches
  C $DB65 cb=-1 S=$FF depth=3 wb=$C000
  C $DB92 cb=-1 S=$FF depth=3 wb=$C000
  C $D341 cb=-1 S=$FF depth=4 wb=$C000
  T $D377 cb=-1 S=$FF depth=4 wb=$C000
  C $D377 cb=-1 S=$FF depth=4 wb=$C000
  N $0002 cb=-1 S=$FC depth=3 wb=$E000
  C $DE39 cb=-1 S=$F9 depth=3 wb=$C000
  T $E11E cb=-1 S=$F9 depth=4 wb=$C000
  C $E11E cb=-1 S=$F9 depth=4 wb=$C000
  T $E11E cb=-1 S=$F9 depth=3 wb=$E000
  C $E11E cb=-1 S=$F9 depth=3 wb=$E000
  C $DCCE cb=-1 S=$F9 depth=3 wb=$C000
  C $CB25 cb=-1 S=$F9 depth=3 wb=$C000
  C $CF72 cb=-1 S=$F9 depth=4 wb=$C000
  C $CFE4 cb=-1 S=$F9 depth=4 wb=$C000
  C $CD30 cb=-1 S=$F9 depth=4 wb=$C000
  C $CD7D cb=-1 S=$F9 depth=5 wb=$C000
  T $CD50 cb=-1 S=$F9 depth=6 wb=$C000
  C $CD50 cb=-1 S=$F9 depth=6 wb=$C000
  C $CD7D cb=-1 S=$F9 depth=5 wb=$C000
  T $CD50 cb=-1 S=$F9 depth=6 wb=$C000
  C $CD50 cb=-1 S=$F9 depth=6 wb=$C000
  C $CD7D cb=-1 S=$F9 depth=5 wb=$C000
  T $CD50 cb=-1 S=$F9 depth=6 wb=$C000
  C $CD50 cb=-1 S=$F9 depth=6 wb=$C000
  C $CD30 cb=-1 S=$F9 depth=4 wb=$C000
  C $CD7D cb=-1 S=$F9 depth=5 wb=$C000
  T $CDE7 cb=-1 S=$F9 depth=6 wb=$C000
  C $CDE7 cb=-1 S=$F9 depth=6 wb=$C000
  T $CED7 cb=-1 S=$F9 depth=7 wb=$C000
  C $CED7 cb=-1 S=$F9 depth=7 wb=$C000
  D $CDE7 cb=-1 S=$F9 depth=6 wb=$C000
  C $CDE7 cb=-1 S=$F9 depth=6 wb=$C000
  T $CE78 cb=-1 S=$F9 depth=7 wb=$C000
  C $CE78 cb=-1 S=$F9 depth=7 wb=$C000
  C $CD5F cb=-1 S=$F9 depth=8 wb=$C000
  T $D001 cb=-1 S=$FB depth=8 wb=$C000
  C $D001 cb=-1 S=$FB depth=8 wb=$C000
  C $CD7D cb=-1 S=$FB depth=5 wb=$C000
  T $CDE7 cb=-1 S=$FB depth=6 wb=$C000
  C $CDE7 cb=-1 S=$FB depth=6 wb=$C000
  T $CE4C cb=-1 S=$FB depth=7 wb=$C000
  C $CE4C cb=-1 S=$FB depth=7 wb=$C000
  T $CD93 cb=-1 S=$FB depth=8 wb=$C000
  C $CD93 cb=-1 S=$FB depth=8 wb=$C000
  D $CDE7 cb=-1 S=$FB depth=6 wb=$C000
  C $CDE7 cb=-1 S=$FB depth=6 wb=$C000
  T $CE4C cb=-1 S=$FB depth=7 wb=$C000
  C $CE4C cb=-1 S=$FB depth=7 wb=$C000
  T $CD93 cb=-1 S=$FB depth=8 wb=$C000
  C $CD93 cb=-1 S=$FB depth=8 wb=$C000
  D $CDE7 cb=-1 S=$FB depth=6 wb=$C000
  C $CDE7 cb=-1 S=$FB depth=6 wb=$C000
  T $CE4C cb=-1 S=$FB depth=7 wb=$C000
  C $CE4C cb=-1 S=$FB depth=7 wb=$C000
  T $CD93 cb=-1 S=$FB depth=8 wb=$C000
  C $CD93 cb=-1 S=$FB depth=8 wb=$C000
  D $CDE7 cb=-1 S=$FB depth=6 wb=$C000
  C $CDE7 cb=-1 S=$FB depth=6 wb=$C000
  T $CE78 cb=-1 S=$FB depth=7 wb=$C000
  C $CE78 cb=-1 S=$FB depth=7 wb=$C000
  C $CD5F cb=-1 S=$FB depth=8 wb=$C000
  T $2008 cb=-1 S=$FD depth=8 wb=$C000
  C $2008 cb=-1 S=$FD depth=8 wb=$C000
=== end dispatch fault ===

=== dispatch fault 1 frame=0 cycles=124656 ===
target gen=$A009 cpu=$8009 bank=6 class=CODE call_site=$0000
cpu A=$0D X=$06 Y=$00 P=$00 S=$FF window=$8000 dispatch_depth=3 vblank_depth=0 ops=5534 budget=29781
mapper type=4 current_bank=6 mirroring=2 select=$06 irq_latch=$00 irq_counter=$00 irq_reload=0 irq_enabled=0
mapper_regs 00 00 00 00 00 00 0D 07
caller (none)
caller2 (none)
target_bytes 4C 15 80 4C 50 80 4C F1
stack_bytes 00 00 00 00 00 00 00 00 00 00 00 00 00 00 00 00
last_dispatches
  T $D269 cb=-1 S=$FD depth=0 wb=$E000
  C $D269 cb=-1 S=$FD depth=0 wb=$E000
  C $D2F6 cb=-1 S=$FF depth=1 wb=$C000
  C $CFBF cb=-1 S=$FF depth=1 wb=$C000
  C $CFF3 cb=-1 S=$FF depth=2 wb=$C000
  T $D406 cb=-1 S=$FF depth=1 wb=$C000
  C $D406 cb=-1 S=$FF depth=1 wb=$C000
  C $8009 cb=-1 S=$FF depth=2 wb=$C000
=== end dispatch fault ===

=== dispatch fault 2 frame=0 cycles=191343 ===
target gen=$A003 cpu=$8003 bank=6 class=CODE call_site=$0000
cpu A=$05 X=$10 Y=$00 P=$00 S=$FF window=$8000 dispatch_depth=4 vblank_depth=0 ops=12659 budget=29780
mapper type=4 current_bank=6 mirroring=3 select=$07 irq_latch=$00 irq_counter=$00 irq_reload=0 irq_enabled=0
mapper_regs 00 00 00 00 00 00 0D 05
caller (none)
caller2 (none)
target_bytes 4C 85 86 4C 95 87 4C 15
stack_bytes 00 00 00 00 00 00 00 00 00 00 00 00 00 00 00 00
last_dispatches
  C $884E cb=6 S=$FF depth=6 wb=$8000
  C $884E cb=6 S=$FF depth=6 wb=$8000
  C $884E cb=6 S=$FF depth=6 wb=$8000
  C $884E cb=6 S=$FF depth=6 wb=$8000
  C $884E cb=6 S=$FF depth=6 wb=$8000
  C $884E cb=6 S=$FF depth=6 wb=$8000
  C $884E cb=6 S=$FF depth=6 wb=$8000
  C $884E cb=6 S=$FF depth=6 wb=$8000
  C $884E cb=6 S=$FF depth=6 wb=$8000
  C $884E cb=6 S=$FF depth=6 wb=$8000
  C $884E cb=6 S=$FF depth=6 wb=$8000
  C $884E cb=6 S=$FF depth=6 wb=$8000
  C $884E cb=6 S=$FF depth=6 wb=$8000
  C $884E cb=6 S=$FF depth=6 wb=$8000
  C $884E cb=6 S=$FF depth=6 wb=$8000
  C $884E cb=6 S=$FF depth=6 wb=$8000
  C $884E cb=6 S=$FF depth=6 wb=$8000
  C $884E cb=6 S=$FF depth=6 wb=$8000
  C $884E cb=6 S=$FF depth=6 wb=$8000
  C $884E cb=6 S=$FF depth=6 wb=$8000
  C $884E cb=6 S=$FF depth=6 wb=$8000
  C $884E cb=6 S=$FF depth=6 wb=$8000
  C $884E cb=6 S=$FF depth=6 wb=$8000
  C $884E cb=6 S=$FF depth=6 wb=$8000
  C $884E cb=6 S=$FF depth=6 wb=$8000
  C $884E cb=6 S=$FF depth=6 wb=$8000
  C $884E cb=6 S=$FF depth=6 wb=$8000
  C $884E cb=6 S=$FF depth=6 wb=$8000
  C $884E cb=6 S=$FF depth=6 wb=$8000
  C $884E cb=6 S=$FF depth=6 wb=$8000
  C $884E cb=6 S=$FF depth=6 wb=$8000
  C $884E cb=6 S=$FF depth=6 wb=$8000
  C $884E cb=6 S=$FF depth=6 wb=$8000
  C $884E cb=6 S=$FF depth=6 wb=$8000
  C $884E cb=6 S=$FF depth=6 wb=$8000
  C $884E cb=6 S=$FF depth=6 wb=$8000
  C $884E cb=6 S=$FF depth=6 wb=$8000
  C $884E cb=6 S=$FF depth=6 wb=$8000
  C $884E cb=6 S=$FF depth=6 wb=$8000
  C $884E cb=6 S=$FF depth=6 wb=$8000
  C $884E cb=6 S=$FF depth=6 wb=$8000
  C $884E cb=6 S=$FF depth=6 wb=$8000
  C $884E cb=6 S=$FF depth=6 wb=$8000
  C $884E cb=6 S=$FF depth=6 wb=$8000
  C $884E cb=6 S=$FF depth=6 wb=$8000
  C $884E cb=6 S=$FF depth=6 wb=$8000
  C $884E cb=6 S=$FF depth=6 wb=$8000
  C $884E cb=6 S=$FF depth=6 wb=$8000
  C $884E cb=6 S=$FF depth=6 wb=$8000
  C $884E cb=6 S=$FF depth=6 wb=$8000
  C $884E cb=6 S=$FF depth=6 wb=$8000
  C $884E cb=6 S=$FF depth=6 wb=$8000
  C $884E cb=6 S=$FF depth=6 wb=$8000
  C $884E cb=6 S=$FF depth=6 wb=$8000
  C $884E cb=6 S=$FF depth=6 wb=$8000
  C $884E cb=6 S=$FF depth=6 wb=$8000
  C $884E cb=6 S=$FF depth=6 wb=$8000
  C $884E cb=6 S=$FF depth=6 wb=$8000
  C $884E cb=6 S=$FF depth=6 wb=$8000
  C $884E cb=6 S=$FF depth=6 wb=$8000
  C $884E cb=6 S=$FF depth=6 wb=$8000
  C $884E cb=6 S=$FF depth=6 wb=$8000
  C $884E cb=6 S=$FF depth=6 wb=$8000
  C $8003 cb=-1 S=$FF depth=3 wb=$C000
=== end dispatch fault ===

=== dispatch fault 3 frame=221 cycles=6851978 ===
target gen=$FF01 cpu=$FF01 bank=7 class=ZERO_FILLED call_site=$A0BE
cpu A=$00 X=$03 Y=$04 P=$00 S=$FB window=$E000 dispatch_depth=9 vblank_depth=2 ops=2462 budget=29781
mapper type=4 current_bank=3 mirroring=3 select=$07 irq_latch=$7F irq_counter=$00 irq_reload=1 irq_enabled=1
mapper_regs 3C 3E 00 00 00 00 06 07
caller func_CEAC
caller2 func_CDE7
target_bytes 00 00 00 00 00 00 00 00
stack_bytes BE A0 00 00 00 00 00 00 00 00 00 00 00 00 00 00
last_dispatches
  C $884E cb=6 S=$FF depth=6 wb=$8000
  C $884E cb=6 S=$FF depth=6 wb=$8000
  C $884E cb=6 S=$FF depth=6 wb=$8000
  C $884E cb=6 S=$FF depth=6 wb=$8000
  C $884E cb=6 S=$FF depth=6 wb=$8000
  C $884E cb=6 S=$FF depth=6 wb=$8000
  C $884E cb=6 S=$FF depth=6 wb=$8000
  C $884E cb=6 S=$FF depth=6 wb=$8000
  C $DB92 cb=-1 S=$FF depth=3 wb=$C000
  C $D341 cb=-1 S=$FF depth=4 wb=$C000
  T $D377 cb=-1 S=$FF depth=4 wb=$C000
  C $D377 cb=-1 S=$FF depth=4 wb=$C000
  C $DC27 cb=-1 S=$FF depth=3 wb=$C000
  C $DBAF cb=-1 S=$FF depth=3 wb=$C000
  C $8021 cb=-1 S=$FF depth=4 wb=$C000
  T $89BF cb=6 S=$FF depth=5 wb=$8000
  C $89BF cb=6 S=$FF depth=5 wb=$8000
  T $89DD cb=-1 S=$FF depth=6 wb=$E000
  C $89DD cb=-1 S=$FF depth=6 wb=$E000
  T $89DD cb=-1 S=$FF depth=6 wb=$E000
  C $89DD cb=-1 S=$FF depth=6 wb=$E000
  T $89DD cb=-1 S=$FF depth=6 wb=$E000
  C $89DD cb=-1 S=$FF depth=6 wb=$E000
  T $89DD cb=-1 S=$FF depth=6 wb=$E000
  C $89DD cb=-1 S=$FF depth=6 wb=$E000
  N $0002 cb=-1 S=$FC depth=3 wb=$E000
  C $DE39 cb=-1 S=$F9 depth=3 wb=$C000
  T $E11E cb=-1 S=$F9 depth=4 wb=$C000
  C $E11E cb=-1 S=$F9 depth=4 wb=$C000
  T $E11E cb=-1 S=$F9 depth=3 wb=$E000
  C $E11E cb=-1 S=$F9 depth=3 wb=$E000
  C $DCCE cb=-1 S=$F9 depth=3 wb=$C000
  C $CB25 cb=-1 S=$F9 depth=3 wb=$C000
  C $CF72 cb=-1 S=$F9 depth=4 wb=$C000
  C $CFF3 cb=-1 S=$F9 depth=4 wb=$C000
  C $CD30 cb=-1 S=$F9 depth=4 wb=$C000
  C $CD7D cb=-1 S=$F9 depth=5 wb=$C000
  T $CDE7 cb=-1 S=$F9 depth=6 wb=$C000
  C $CDE7 cb=-1 S=$F9 depth=6 wb=$C000
  T $CEAC cb=-1 S=$F9 depth=7 wb=$C000
  C $CEAC cb=-1 S=$F9 depth=7 wb=$C000
  D $CDE7 cb=-1 S=$F9 depth=6 wb=$C000
  C $CDE7 cb=-1 S=$F9 depth=6 wb=$C000
  T $CEF0 cb=-1 S=$F9 depth=7 wb=$C000
  C $CEF0 cb=-1 S=$F9 depth=7 wb=$C000
  C $CD5F cb=-1 S=$F9 depth=8 wb=$C000
  C $CD7D cb=-1 S=$F9 depth=5 wb=$C000
  T $CDE7 cb=-1 S=$F9 depth=6 wb=$C000
  C $CDE7 cb=-1 S=$F9 depth=6 wb=$C000
  T $CE4C cb=-1 S=$F9 depth=7 wb=$C000
  C $CE4C cb=-1 S=$F9 depth=7 wb=$C000
  T $CD93 cb=-1 S=$F9 depth=8 wb=$C000
  C $CD93 cb=-1 S=$F9 depth=8 wb=$C000
  D $CDE7 cb=-1 S=$F9 depth=6 wb=$C000
  C $CDE7 cb=-1 S=$F9 depth=6 wb=$C000
  T $CEF0 cb=-1 S=$F9 depth=7 wb=$C000
  C $CEF0 cb=-1 S=$F9 depth=7 wb=$C000
  D $CDE7 cb=-1 S=$F9 depth=6 wb=$C000
  C $CDE7 cb=-1 S=$F9 depth=6 wb=$C000
  T $CEAC cb=-1 S=$F9 depth=7 wb=$C000
  C $CEAC cb=-1 S=$F9 depth=7 wb=$C000
  C $CD5F cb=-1 S=$F9 depth=8 wb=$C000
  T $FF01 cb=-1 S=$FB depth=8 wb=$C000
  C $FF01 cb=-1 S=$FB depth=8 wb=$C000
=== end dispatch fault ===

=== dispatch fault 4 frame=222 cycles=6882000 ===
target gen=$4801 cpu=$4801 bank=3 class=ZERO_FILLED call_site=$204C
cpu A=$00 X=$00 Y=$15 P=$00 S=$FB window=$C000 dispatch_depth=9 vblank_depth=2 ops=2703 budget=29780
mapper type=4 current_bank=3 mirroring=3 select=$07 irq_latch=$7F irq_counter=$00 irq_reload=1 irq_enabled=1
mapper_regs 3C 3E 00 00 00 00 06 07
caller func_CEAC
caller2 func_CDE7
target_bytes 00 00 00 00 00 00 00 00
stack_bytes 4C 20 00 00 00 00 00 00 00 00 00 00 00 00 00 00
last_dispatches
  C $CB25 cb=-1 S=$F9 depth=3 wb=$C000
  C $CD30 cb=-1 S=$F9 depth=4 wb=$C000
  C $CD7D cb=-1 S=$F9 depth=5 wb=$C000
  T $CD50 cb=-1 S=$F9 depth=6 wb=$C000
  C $CD50 cb=-1 S=$F9 depth=6 wb=$C000
  C $CD7D cb=-1 S=$F9 depth=5 wb=$C000
  T $CD50 cb=-1 S=$F9 depth=6 wb=$C000
  C $CD50 cb=-1 S=$F9 depth=6 wb=$C000
  C $CD7D cb=-1 S=$F9 depth=5 wb=$C000
  T $CD50 cb=-1 S=$F9 depth=6 wb=$C000
  C $CD50 cb=-1 S=$F9 depth=6 wb=$C000
  C $CD7D cb=-1 S=$F9 depth=5 wb=$C000
  T $CD50 cb=-1 S=$F9 depth=6 wb=$C000
  C $CD50 cb=-1 S=$F9 depth=6 wb=$C000
  C $CD7D cb=-1 S=$F9 depth=5 wb=$C000
  T $CDE7 cb=-1 S=$F9 depth=6 wb=$C000
  C $CDE7 cb=-1 S=$F9 depth=6 wb=$C000
  T $CED7 cb=-1 S=$F9 depth=7 wb=$C000
  C $CED7 cb=-1 S=$F9 depth=7 wb=$C000
  D $CDE7 cb=-1 S=$F9 depth=6 wb=$C000
  C $CDE7 cb=-1 S=$F9 depth=6 wb=$C000
  T $CE4C cb=-1 S=$F9 depth=7 wb=$C000
  C $CE4C cb=-1 S=$F9 depth=7 wb=$C000
  T $CD93 cb=-1 S=$F9 depth=8 wb=$C000
  C $CD93 cb=-1 S=$F9 depth=8 wb=$C000
  D $CDE7 cb=-1 S=$F9 depth=6 wb=$C000
  C $CDE7 cb=-1 S=$F9 depth=6 wb=$C000
  T $CE4C cb=-1 S=$F9 depth=7 wb=$C000
  C $CE4C cb=-1 S=$F9 depth=7 wb=$C000
  T $CD93 cb=-1 S=$F9 depth=8 wb=$C000
  C $CD93 cb=-1 S=$F9 depth=8 wb=$C000
  D $CDE7 cb=-1 S=$F9 depth=6 wb=$C000
  C $CDE7 cb=-1 S=$F9 depth=6 wb=$C000
  T $CE4C cb=-1 S=$F9 depth=7 wb=$C000
  C $CE4C cb=-1 S=$F9 depth=7 wb=$C000
  T $CD93 cb=-1 S=$F9 depth=8 wb=$C000
  C $CD93 cb=-1 S=$F9 depth=8 wb=$C000
  D $CDE7 cb=-1 S=$F9 depth=6 wb=$C000
  C $CDE7 cb=-1 S=$F9 depth=6 wb=$C000
  T $CE78 cb=-1 S=$F9 depth=7 wb=$C000
  C $CE78 cb=-1 S=$F9 depth=7 wb=$C000
  D $CDE7 cb=-1 S=$F9 depth=6 wb=$C000
  C $CDE7 cb=-1 S=$F9 depth=6 wb=$C000
  T $CE78 cb=-1 S=$F9 depth=7 wb=$C000
  C $CE78 cb=-1 S=$F9 depth=7 wb=$C000
  D $CDE7 cb=-1 S=$F9 depth=6 wb=$C000
  C $CDE7 cb=-1 S=$F9 depth=6 wb=$C000
  T $CECE cb=-1 S=$F9 depth=7 wb=$C000
  C $CECE cb=-1 S=$F9 depth=7 wb=$C000
  D $CDE7 cb=-1 S=$F9 depth=6 wb=$C000
  C $CDE7 cb=-1 S=$F9 depth=6 wb=$C000
  T $CE9C cb=-1 S=$F9 depth=7 wb=$C000
  C $CE9C cb=-1 S=$F9 depth=7 wb=$C000
  D $CDE7 cb=-1 S=$F9 depth=6 wb=$C000
  C $CDE7 cb=-1 S=$F9 depth=6 wb=$C000
  T $CEAC cb=-1 S=$F9 depth=7 wb=$C000
  C $CEAC cb=-1 S=$F9 depth=7 wb=$C000
  D $CDE7 cb=-1 S=$F9 depth=6 wb=$C000
  C $CDE7 cb=-1 S=$F9 depth=6 wb=$C000
  T $CEAC cb=-1 S=$F9 depth=7 wb=$C000
  C $CEAC cb=-1 S=$F9 depth=7 wb=$C000
  C $CD5F cb=-1 S=$F9 depth=8 wb=$C000
  T $4801 cb=-1 S=$FB depth=8 wb=$C000
  C $4801 cb=-1 S=$FB depth=8 wb=$C000
=== end dispatch fault ===

=== dispatch fault 5 frame=1908 cycles=63830833 ===
target gen=$8A35 cpu=$8A35 bank=6 class=CODE call_site=$140D
cpu A=$8A X=$02 Y=$03 P=$00 S=$FF window=$8000 dispatch_depth=10 vblank_depth=0 ops=11217 budget=29781
mapper type=4 current_bank=6 mirroring=2 select=$06 irq_latch=$17 irq_counter=$0F irq_reload=0 irq_enabled=0
mapper_regs 02 02 00 00 2B 05 0C 0B
caller func_EDF6
caller2 func_EDF6
target_bytes BD AD 03 10 18 20 0C 8A
stack_bytes 0D 14 1D 25 2C 32 35 39 39 3F 43 47 4B 4F 43 47
last_dispatches
  C $D756 cb=-1 S=$FF depth=5 wb=$C000
  C $D796 cb=-1 S=$FF depth=6 wb=$C000
  T $D7C4 cb=-1 S=$FF depth=7 wb=$E000
  C $D7C4 cb=-1 S=$FF depth=7 wb=$E000
  C $8009 cb=-1 S=$FF depth=8 wb=$C000
  T $90D6 cb=5 S=$FF depth=9 wb=$8000
  C $90D6 cb=5 S=$FF depth=9 wb=$8000
  C $8000 cb=-1 S=$FF depth=8 wb=$C000
  T $8EFF cb=5 S=$FF depth=9 wb=$8000
  C $8EFF cb=5 S=$FF depth=9 wb=$8000
  C $8F19 cb=5 S=$FF depth=10 wb=$8000
  T $F370 cb=-1 S=$FF depth=11 wb=$8000
  C $F370 cb=-1 S=$FF depth=11 wb=$8000
  T $F3F2 cb=-1 S=$FF depth=12 wb=$E000
  C $F3F2 cb=-1 S=$FF depth=12 wb=$E000
  T $F458 cb=-1 S=$FF depth=12 wb=$E000
  C $F458 cb=-1 S=$FF depth=12 wb=$E000
  T $E11E cb=-1 S=$FF depth=12 wb=$E000
  C $E11E cb=-1 S=$FF depth=12 wb=$E000
  C $8F29 cb=5 S=$FF depth=10 wb=$8000
  T $9B6E cb=5 S=$FF depth=11 wb=$8000
  C $9B6E cb=5 S=$FF depth=11 wb=$8000
  C $8F19 cb=5 S=$FF depth=10 wb=$8000
  T $F321 cb=-1 S=$FF depth=11 wb=$8000
  C $F321 cb=-1 S=$FF depth=11 wb=$8000
  C $8F29 cb=5 S=$FF depth=10 wb=$8000
  T $8F18 cb=5 S=$FF depth=11 wb=$8000
  C $8F18 cb=5 S=$FF depth=11 wb=$8000
  C $8003 cb=-1 S=$FF depth=8 wb=$C000
  T $8F55 cb=5 S=$FF depth=9 wb=$8000
  C $8F55 cb=5 S=$FF depth=9 wb=$8000
  T $8006 cb=-1 S=$FF depth=8 wb=$C000
  C $8006 cb=-1 S=$FF depth=8 wb=$C000
  T $9015 cb=5 S=$FF depth=9 wb=$8000
  C $9015 cb=5 S=$FF depth=9 wb=$8000
  C $904E cb=5 S=$FF depth=10 wb=$8000
  T $9014 cb=-1 S=$FF depth=11 wb=$8000
  C $9014 cb=-1 S=$FF depth=11 wb=$8000
  C $9083 cb=5 S=$FF depth=10 wb=$8000
  C $904E cb=5 S=$FF depth=10 wb=$8000
  T $9014 cb=-1 S=$FF depth=11 wb=$8000
  C $9014 cb=-1 S=$FF depth=11 wb=$8000
  C $9083 cb=5 S=$FF depth=10 wb=$8000
  C $9060 cb=5 S=$FF depth=10 wb=$8000
  T $9B6E cb=5 S=$FF depth=11 wb=$8000
  C $9B6E cb=5 S=$FF depth=11 wb=$8000
  C $9060 cb=5 S=$FF depth=10 wb=$8000
  T $9B6E cb=5 S=$FF depth=11 wb=$8000
  C $9B6E cb=5 S=$FF depth=11 wb=$8000
  T $D377 cb=-1 S=$FF depth=7 wb=$C000
  C $D377 cb=-1 S=$FF depth=7 wb=$C000
  C $8000 cb=-1 S=$FF depth=6 wb=$C000
  T $871D cb=6 S=$FF depth=7 wb=$8000
  C $871D cb=6 S=$FF depth=7 wb=$8000
  C $8BBE cb=6 S=$FF depth=8 wb=$8000
  C $874A cb=6 S=$FF depth=8 wb=$8000
  T $8749 cb=-1 S=$FF depth=9 wb=$8000
  C $8749 cb=-1 S=$FF depth=9 wb=$8000
  T $89BF cb=-1 S=$FF depth=8 wb=$8000
  C $89BF cb=-1 S=$FF depth=8 wb=$8000
  T $8749 cb=-1 S=$FF depth=9 wb=$E000
  C $8749 cb=-1 S=$FF depth=9 wb=$E000
  T $8A35 cb=-1 S=$FF depth=9 wb=$E000
  C $8A35 cb=-1 S=$FF depth=9 wb=$E000
=== end dispatch fault ===

=== dispatch fault 1 frame=0 cycles=124656 ===
target gen=$A009 cpu=$8009 bank=6 class=CODE call_site=$0000
cpu A=$0D X=$06 Y=$00 P=$00 S=$FF window=$8000 dispatch_depth=3 vblank_depth=0 ops=5534 budget=29781
mapper type=4 current_bank=6 mirroring=2 select=$06 irq_latch=$00 irq_counter=$00 irq_reload=0 irq_enabled=0
mapper_regs 00 00 00 00 00 00 0D 07
caller (none)
caller2 (none)
target_bytes 4C 15 80 4C 50 80 4C F1
stack_bytes 00 00 00 00 00 00 00 00 00 00 00 00 00 00 00 00
last_dispatches
  T $D269 cb=-1 S=$FD depth=0 wb=$E000
  C $D269 cb=-1 S=$FD depth=0 wb=$E000
  C $D2F6 cb=-1 S=$FF depth=1 wb=$C000
  C $CFBF cb=-1 S=$FF depth=1 wb=$C000
  C $CFF3 cb=-1 S=$FF depth=2 wb=$C000
  T $D406 cb=-1 S=$FF depth=1 wb=$C000
  C $D406 cb=-1 S=$FF depth=1 wb=$C000
  C $8009 cb=-1 S=$FF depth=2 wb=$C000
=== end dispatch fault ===

=== dispatch fault 2 frame=0 cycles=191343 ===
target gen=$A003 cpu=$8003 bank=6 class=CODE call_site=$0000
cpu A=$05 X=$10 Y=$00 P=$00 S=$FF window=$8000 dispatch_depth=4 vblank_depth=0 ops=12659 budget=29780
mapper type=4 current_bank=6 mirroring=3 select=$07 irq_latch=$00 irq_counter=$00 irq_reload=0 irq_enabled=0
mapper_regs 00 00 00 00 00 00 0D 05
caller (none)
caller2 (none)
target_bytes 4C 85 86 4C 95 87 4C 15
stack_bytes 00 00 00 00 00 00 00 00 00 00 00 00 00 00 00 00
last_dispatches
  C $884E cb=6 S=$FF depth=6 wb=$8000
  C $884E cb=6 S=$FF depth=6 wb=$8000
  C $884E cb=6 S=$FF depth=6 wb=$8000
  C $884E cb=6 S=$FF depth=6 wb=$8000
  C $884E cb=6 S=$FF depth=6 wb=$8000
  C $884E cb=6 S=$FF depth=6 wb=$8000
  C $884E cb=6 S=$FF depth=6 wb=$8000
  C $884E cb=6 S=$FF depth=6 wb=$8000
  C $884E cb=6 S=$FF depth=6 wb=$8000
  C $884E cb=6 S=$FF depth=6 wb=$8000
  C $884E cb=6 S=$FF depth=6 wb=$8000
  C $884E cb=6 S=$FF depth=6 wb=$8000
  C $884E cb=6 S=$FF depth=6 wb=$8000
  C $884E cb=6 S=$FF depth=6 wb=$8000
  C $884E cb=6 S=$FF depth=6 wb=$8000
  C $884E cb=6 S=$FF depth=6 wb=$8000
  C $884E cb=6 S=$FF depth=6 wb=$8000
  C $884E cb=6 S=$FF depth=6 wb=$8000
  C $884E cb=6 S=$FF depth=6 wb=$8000
  C $884E cb=6 S=$FF depth=6 wb=$8000
  C $884E cb=6 S=$FF depth=6 wb=$8000
  C $884E cb=6 S=$FF depth=6 wb=$8000
  C $884E cb=6 S=$FF depth=6 wb=$8000
  C $884E cb=6 S=$FF depth=6 wb=$8000
  C $884E cb=6 S=$FF depth=6 wb=$8000
  C $884E cb=6 S=$FF depth=6 wb=$8000
  C $884E cb=6 S=$FF depth=6 wb=$8000
  C $884E cb=6 S=$FF depth=6 wb=$8000
  C $884E cb=6 S=$FF depth=6 wb=$8000
  C $884E cb=6 S=$FF depth=6 wb=$8000
  C $884E cb=6 S=$FF depth=6 wb=$8000
  C $884E cb=6 S=$FF depth=6 wb=$8000
  C $884E cb=6 S=$FF depth=6 wb=$8000
  C $884E cb=6 S=$FF depth=6 wb=$8000
  C $884E cb=6 S=$FF depth=6 wb=$8000
  C $884E cb=6 S=$FF depth=6 wb=$8000
  C $884E cb=6 S=$FF depth=6 wb=$8000
  C $884E cb=6 S=$FF depth=6 wb=$8000
  C $884E cb=6 S=$FF depth=6 wb=$8000
  C $884E cb=6 S=$FF depth=6 wb=$8000
  C $884E cb=6 S=$FF depth=6 wb=$8000
  C $884E cb=6 S=$FF depth=6 wb=$8000
  C $884E cb=6 S=$FF depth=6 wb=$8000
  C $884E cb=6 S=$FF depth=6 wb=$8000
  C $884E cb=6 S=$FF depth=6 wb=$8000
  C $884E cb=6 S=$FF depth=6 wb=$8000
  C $884E cb=6 S=$FF depth=6 wb=$8000
  C $884E cb=6 S=$FF depth=6 wb=$8000
  C $884E cb=6 S=$FF depth=6 wb=$8000
  C $884E cb=6 S=$FF depth=6 wb=$8000
  C $884E cb=6 S=$FF depth=6 wb=$8000
  C $884E cb=6 S=$FF depth=6 wb=$8000
  C $884E cb=6 S=$FF depth=6 wb=$8000
  C $884E cb=6 S=$FF depth=6 wb=$8000
  C $884E cb=6 S=$FF depth=6 wb=$8000
  C $884E cb=6 S=$FF depth=6 wb=$8000
  C $884E cb=6 S=$FF depth=6 wb=$8000
  C $884E cb=6 S=$FF depth=6 wb=$8000
  C $884E cb=6 S=$FF depth=6 wb=$8000
  C $884E cb=6 S=$FF depth=6 wb=$8000
  C $884E cb=6 S=$FF depth=6 wb=$8000
  C $884E cb=6 S=$FF depth=6 wb=$8000
  C $884E cb=6 S=$FF depth=6 wb=$8000
  C $8003 cb=-1 S=$FF depth=3 wb=$C000
=== end dispatch fault ===

=== dispatch fault 3 frame=186 cycles=5809662 ===
target gen=$FF01 cpu=$FF01 bank=7 class=ZERO_FILLED call_site=$2200
cpu A=$00 X=$03 Y=$04 P=$00 S=$FB window=$E000 dispatch_depth=9 vblank_depth=2 ops=2463 budget=29781
mapper type=4 current_bank=3 mirroring=3 select=$07 irq_latch=$7F irq_counter=$00 irq_reload=1 irq_enabled=1
mapper_regs 3C 3E 00 00 00 00 06 07
caller func_CEAC
caller2 func_CDE7
target_bytes 00 00 00 00 00 00 00 00
stack_bytes 00 22 00 00 00 00 00 00 00 00 00 00 00 00 00 00
last_dispatches
  C $884E cb=6 S=$FF depth=6 wb=$8000
  C $884E cb=6 S=$FF depth=6 wb=$8000
  C $884E cb=6 S=$FF depth=6 wb=$8000
  C $884E cb=6 S=$FF depth=6 wb=$8000
  C $884E cb=6 S=$FF depth=6 wb=$8000
  C $884E cb=6 S=$FF depth=6 wb=$8000
  C $884E cb=6 S=$FF depth=6 wb=$8000
  C $884E cb=6 S=$FF depth=6 wb=$8000
  C $DB92 cb=-1 S=$FF depth=3 wb=$C000
  C $D341 cb=-1 S=$FF depth=4 wb=$C000
  T $D377 cb=-1 S=$FF depth=4 wb=$C000
  C $D377 cb=-1 S=$FF depth=4 wb=$C000
  C $DC27 cb=-1 S=$FF depth=3 wb=$C000
  C $DBAF cb=-1 S=$FF depth=3 wb=$C000
  C $8021 cb=-1 S=$FF depth=4 wb=$C000
  T $89BF cb=6 S=$FF depth=5 wb=$8000
  C $89BF cb=6 S=$FF depth=5 wb=$8000
  T $89DD cb=-1 S=$FF depth=6 wb=$E000
  C $89DD cb=-1 S=$FF depth=6 wb=$E000
  T $89DD cb=-1 S=$FF depth=6 wb=$E000
  C $89DD cb=-1 S=$FF depth=6 wb=$E000
  T $89DD cb=-1 S=$FF depth=6 wb=$E000
  C $89DD cb=-1 S=$FF depth=6 wb=$E000
  T $89DD cb=-1 S=$FF depth=6 wb=$E000
  C $89DD cb=-1 S=$FF depth=6 wb=$E000
  N $0002 cb=-1 S=$FC depth=3 wb=$E000
  C $DE39 cb=-1 S=$F9 depth=3 wb=$C000
  T $E11E cb=-1 S=$F9 depth=4 wb=$C000
  C $E11E cb=-1 S=$F9 depth=4 wb=$C000
  T $E11E cb=-1 S=$F9 depth=3 wb=$E000
  C $E11E cb=-1 S=$F9 depth=3 wb=$E000
  C $DCCE cb=-1 S=$F9 depth=3 wb=$C000
  C $CB25 cb=-1 S=$F9 depth=3 wb=$C000
  C $CF72 cb=-1 S=$F9 depth=4 wb=$C000
  C $CFF3 cb=-1 S=$F9 depth=4 wb=$C000
  C $CD30 cb=-1 S=$F9 depth=4 wb=$C000
  C $CD7D cb=-1 S=$F9 depth=5 wb=$C000
  T $CDE7 cb=-1 S=$F9 depth=6 wb=$C000
  C $CDE7 cb=-1 S=$F9 depth=6 wb=$C000
  T $CEAC cb=-1 S=$F9 depth=7 wb=$C000
  C $CEAC cb=-1 S=$F9 depth=7 wb=$C000
  D $CDE7 cb=-1 S=$F9 depth=6 wb=$C000
  C $CDE7 cb=-1 S=$F9 depth=6 wb=$C000
  T $CEF0 cb=-1 S=$F9 depth=7 wb=$C000
  C $CEF0 cb=-1 S=$F9 depth=7 wb=$C000
  C $CD5F cb=-1 S=$F9 depth=8 wb=$C000
  C $CD7D cb=-1 S=$F9 depth=5 wb=$C000
  T $CDE7 cb=-1 S=$F9 depth=6 wb=$C000
  C $CDE7 cb=-1 S=$F9 depth=6 wb=$C000
  T $CE4C cb=-1 S=$F9 depth=7 wb=$C000
  C $CE4C cb=-1 S=$F9 depth=7 wb=$C000
  T $CD93 cb=-1 S=$F9 depth=8 wb=$C000
  C $CD93 cb=-1 S=$F9 depth=8 wb=$C000
  D $CDE7 cb=-1 S=$F9 depth=6 wb=$C000
  C $CDE7 cb=-1 S=$F9 depth=6 wb=$C000
  T $CEF0 cb=-1 S=$F9 depth=7 wb=$C000
  C $CEF0 cb=-1 S=$F9 depth=7 wb=$C000
  D $CDE7 cb=-1 S=$F9 depth=6 wb=$C000
  C $CDE7 cb=-1 S=$F9 depth=6 wb=$C000
  T $CEAC cb=-1 S=$F9 depth=7 wb=$C000
  C $CEAC cb=-1 S=$F9 depth=7 wb=$C000
  C $CD5F cb=-1 S=$F9 depth=8 wb=$C000
  T $FF01 cb=-1 S=$FB depth=8 wb=$C000
  C $FF01 cb=-1 S=$FB depth=8 wb=$C000
=== end dispatch fault ===

=== dispatch fault 4 frame=186 cycles=5809962 ===
target gen=$2201 cpu=$2201 bank=3 class=ZERO_FILLED call_site=$0000
cpu A=$00 X=$02 Y=$04 P=$00 S=$FD window=$C000 dispatch_depth=9 vblank_depth=2 ops=2763 budget=29781
mapper type=4 current_bank=3 mirroring=3 select=$07 irq_latch=$7F irq_counter=$00 irq_reload=1 irq_enabled=1
mapper_regs 3C 3E 00 00 00 00 06 07
caller func_CE78
caller2 func_CDE7
target_bytes 00 00 00 00 00 00 00 00
stack_bytes 00 00 00 00 00 00 00 00 00 00 00 00 00 00 00 00
last_dispatches
  C $DB92 cb=-1 S=$FF depth=3 wb=$C000
  C $D341 cb=-1 S=$FF depth=4 wb=$C000
  T $D377 cb=-1 S=$FF depth=4 wb=$C000
  C $D377 cb=-1 S=$FF depth=4 wb=$C000
  C $DC27 cb=-1 S=$FF depth=3 wb=$C000
  C $DBAF cb=-1 S=$FF depth=3 wb=$C000
  C $8021 cb=-1 S=$FF depth=4 wb=$C000
  T $89BF cb=6 S=$FF depth=5 wb=$8000
  C $89BF cb=6 S=$FF depth=5 wb=$8000
  T $89DD cb=-1 S=$FF depth=6 wb=$E000
  C $89DD cb=-1 S=$FF depth=6 wb=$E000
  T $89DD cb=-1 S=$FF depth=6 wb=$E000
  C $89DD cb=-1 S=$FF depth=6 wb=$E000
  T $89DD cb=-1 S=$FF depth=6 wb=$E000
  C $89DD cb=-1 S=$FF depth=6 wb=$E000
  T $89DD cb=-1 S=$FF depth=6 wb=$E000
  C $89DD cb=-1 S=$FF depth=6 wb=$E000
  N $0002 cb=-1 S=$FC depth=3 wb=$E000
  C $DE39 cb=-1 S=$F9 depth=3 wb=$C000
  T $E11E cb=-1 S=$F9 depth=4 wb=$C000
  C $E11E cb=-1 S=$F9 depth=4 wb=$C000
  T $E11E cb=-1 S=$F9 depth=3 wb=$E000
  C $E11E cb=-1 S=$F9 depth=3 wb=$E000
  C $DCCE cb=-1 S=$F9 depth=3 wb=$C000
  C $CB25 cb=-1 S=$F9 depth=3 wb=$C000
  C $CF72 cb=-1 S=$F9 depth=4 wb=$C000
  C $CFF3 cb=-1 S=$F9 depth=4 wb=$C000
  C $CD30 cb=-1 S=$F9 depth=4 wb=$C000
  C $CD7D cb=-1 S=$F9 depth=5 wb=$C000
  T $CDE7 cb=-1 S=$F9 depth=6 wb=$C000
  C $CDE7 cb=-1 S=$F9 depth=6 wb=$C000
  T $CEAC cb=-1 S=$F9 depth=7 wb=$C000
  C $CEAC cb=-1 S=$F9 depth=7 wb=$C000
  D $CDE7 cb=-1 S=$F9 depth=6 wb=$C000
  C $CDE7 cb=-1 S=$F9 depth=6 wb=$C000
  T $CEF0 cb=-1 S=$F9 depth=7 wb=$C000
  C $CEF0 cb=-1 S=$F9 depth=7 wb=$C000
  C $CD5F cb=-1 S=$F9 depth=8 wb=$C000
  C $CD7D cb=-1 S=$F9 depth=5 wb=$C000
  T $CDE7 cb=-1 S=$F9 depth=6 wb=$C000
  C $CDE7 cb=-1 S=$F9 depth=6 wb=$C000
  T $CE4C cb=-1 S=$F9 depth=7 wb=$C000
  C $CE4C cb=-1 S=$F9 depth=7 wb=$C000
  T $CD93 cb=-1 S=$F9 depth=8 wb=$C000
  C $CD93 cb=-1 S=$F9 depth=8 wb=$C000
  D $CDE7 cb=-1 S=$F9 depth=6 wb=$C000
  C $CDE7 cb=-1 S=$F9 depth=6 wb=$C000
  T $CEF0 cb=-1 S=$F9 depth=7 wb=$C000
  C $CEF0 cb=-1 S=$F9 depth=7 wb=$C000
  D $CDE7 cb=-1 S=$F9 depth=6 wb=$C000
  C $CDE7 cb=-1 S=$F9 depth=6 wb=$C000
  T $CEAC cb=-1 S=$F9 depth=7 wb=$C000
  C $CEAC cb=-1 S=$F9 depth=7 wb=$C000
  C $CD5F cb=-1 S=$F9 depth=8 wb=$C000
  T $FF01 cb=-1 S=$FB depth=8 wb=$C000
  C $FF01 cb=-1 S=$FB depth=8 wb=$C000
  C $CD7D cb=-1 S=$FB depth=5 wb=$C000
  T $CDE7 cb=-1 S=$FB depth=6 wb=$C000
  C $CDE7 cb=-1 S=$FB depth=6 wb=$C000
  T $CE78 cb=-1 S=$FB depth=7 wb=$C000
  C $CE78 cb=-1 S=$FB depth=7 wb=$C000
  C $CD5F cb=-1 S=$FB depth=8 wb=$C000
  T $2201 cb=-1 S=$FD depth=8 wb=$C000
  C $2201 cb=-1 S=$FD depth=8 wb=$C000
=== end dispatch fault ===

=== dispatch fault 5 frame=213 cycles=6612883 ===
target gen=$4C01 cpu=$4C01 bank=3 class=ZERO_FILLED call_site=$200A
cpu A=$00 X=$03 Y=$02 P=$00 S=$FB window=$C000 dispatch_depth=9 vblank_depth=2 ops=1610 budget=29780
mapper type=4 current_bank=3 mirroring=3 select=$07 irq_latch=$7F irq_counter=$00 irq_reload=1 irq_enabled=1
mapper_regs 3C 3E 00 00 00 00 06 07
caller func_CF25
caller2 func_CDE7
target_bytes 00 00 00 00 00 00 00 00
stack_bytes 0A 20 00 00 00 00 00 00 00 00 00 00 00 00 00 00
last_dispatches
  C $CD7D cb=-1 S=$F9 depth=5 wb=$C000
  T $CD50 cb=-1 S=$F9 depth=6 wb=$C000
  C $CD50 cb=-1 S=$F9 depth=6 wb=$C000
  C $CD7D cb=-1 S=$F9 depth=5 wb=$C000
  T $CD50 cb=-1 S=$F9 depth=6 wb=$C000
  C $CD50 cb=-1 S=$F9 depth=6 wb=$C000
  C $CD7D cb=-1 S=$F9 depth=5 wb=$C000
  T $CD50 cb=-1 S=$F9 depth=6 wb=$C000
  C $CD50 cb=-1 S=$F9 depth=6 wb=$C000
  C $CD30 cb=-1 S=$F9 depth=4 wb=$C000
  C $CC71 cb=-1 S=$F9 depth=4 wb=$C000
  C $CCDA cb=-1 S=$F9 depth=4 wb=$C000
  C $CC71 cb=-1 S=$F9 depth=4 wb=$C000
  T $CC61 cb=-1 S=$F9 depth=5 wb=$C000
  C $CC61 cb=-1 S=$F9 depth=5 wb=$C000
  C $CCDA cb=-1 S=$F9 depth=4 wb=$C000
  C $CC71 cb=-1 S=$F9 depth=4 wb=$C000
  T $CC61 cb=-1 S=$F9 depth=5 wb=$C000
  C $CC61 cb=-1 S=$F9 depth=5 wb=$C000
  C $CCDA cb=-1 S=$F9 depth=4 wb=$C000
  C $CC71 cb=-1 S=$F9 depth=4 wb=$C000
  T $CC61 cb=-1 S=$F9 depth=5 wb=$C000
  C $CC61 cb=-1 S=$F9 depth=5 wb=$C000
  n $0002 cb=-1 S=$FF depth=3 wb=$E000
  T $E9AE cb=-1 S=$F9 depth=3 wb=$E000
  C $E9AE cb=-1 S=$F9 depth=3 wb=$E000
  T $D9F0 cb=-1 S=$FF depth=3 wb=$E000
  C $D9F0 cb=-1 S=$FF depth=3 wb=$E000
  C $DBAF cb=-1 S=$FF depth=3 wb=$C000
  C $8021 cb=-1 S=$FF depth=4 wb=$C000
  T $89BF cb=6 S=$FF depth=5 wb=$8000
  C $89BF cb=6 S=$FF depth=5 wb=$8000
  T $8749 cb=-1 S=$FF depth=6 wb=$E000
  C $8749 cb=-1 S=$FF depth=6 wb=$E000
  T $8749 cb=-1 S=$FF depth=6 wb=$E000
  C $8749 cb=-1 S=$FF depth=6 wb=$E000
  T $8749 cb=-1 S=$FF depth=6 wb=$E000
  C $8749 cb=-1 S=$FF depth=6 wb=$E000
  T $8749 cb=-1 S=$FF depth=6 wb=$E000
  C $8749 cb=-1 S=$FF depth=6 wb=$E000
  C $DB65 cb=-1 S=$FF depth=3 wb=$C000
  C $DB92 cb=-1 S=$FF depth=3 wb=$C000
  C $D341 cb=-1 S=$FF depth=4 wb=$C000
  T $D377 cb=-1 S=$FF depth=4 wb=$C000
  C $D377 cb=-1 S=$FF depth=4 wb=$C000
  N $0002 cb=-1 S=$FC depth=3 wb=$E000
  C $DE39 cb=-1 S=$F9 depth=3 wb=$C000
  T $E11E cb=-1 S=$F9 depth=4 wb=$C000
  C $E11E cb=-1 S=$F9 depth=4 wb=$C000
  T $E11E cb=-1 S=$F9 depth=3 wb=$E000
  C $E11E cb=-1 S=$F9 depth=3 wb=$E000
  C $DCCE cb=-1 S=$F9 depth=3 wb=$C000
  C $CB25 cb=-1 S=$F9 depth=3 wb=$C000
  C $CD30 cb=-1 S=$F9 depth=4 wb=$C000
  C $CD7D cb=-1 S=$F9 depth=5 wb=$C000
  C $CD5F cb=-1 S=$F9 depth=6 wb=$C000
  C $CD7D cb=-1 S=$F9 depth=5 wb=$C000
  T $CDE7 cb=-1 S=$F9 depth=6 wb=$C000
  C $CDE7 cb=-1 S=$F9 depth=6 wb=$C000
  T $CF25 cb=-1 S=$F9 depth=7 wb=$C000
  C $CF25 cb=-1 S=$F9 depth=7 wb=$C000
  C $CD5F cb=-1 S=$F9 depth=8 wb=$C000
  T $4C01 cb=-1 S=$FB depth=8 wb=$C000
  C $4C01 cb=-1 S=$FB depth=8 wb=$C000
=== end dispatch fault ===

=== dispatch fault 6 frame=561 cycles=23677021 ===
target gen=$4001 cpu=$4001 bank=3 class=ZERO_FILLED call_site=$2300
cpu A=$00 X=$07 Y=$03 P=$00 S=$FC window=$C000 dispatch_depth=9 vblank_depth=2 ops=1522 budget=29781
mapper type=4 current_bank=3 mirroring=3 select=$07 irq_latch=$7F irq_counter=$00 irq_reload=1 irq_enabled=1
mapper_regs 3C 3E 00 00 00 00 06 07
caller func_CE9C
caller2 func_CDE7
target_bytes 00 00 00 00 00 00 00 00
stack_bytes 00 23 00 00 EF 00 00 00 00 00 00 04 00 00 00 00
last_dispatches
  N $0002 cb=-1 S=$FD depth=3 wb=$E000
  C $DE39 cb=-1 S=$FA depth=3 wb=$C000
  T $E11E cb=-1 S=$FA depth=4 wb=$C000
  C $E11E cb=-1 S=$FA depth=4 wb=$C000
  T $E11E cb=-1 S=$FA depth=3 wb=$E000
  C $E11E cb=-1 S=$FA depth=3 wb=$E000
  C $DCCE cb=-1 S=$FA depth=3 wb=$C000
  C $CB25 cb=-1 S=$FA depth=3 wb=$C000
  C $CD30 cb=-1 S=$FA depth=4 wb=$C000
  C $CD30 cb=-1 S=$FA depth=4 wb=$C000
  C $CD7D cb=-1 S=$FA depth=5 wb=$C000
  T $CD50 cb=-1 S=$FA depth=6 wb=$C000
  C $CD50 cb=-1 S=$FA depth=6 wb=$C000
  C $CD7D cb=-1 S=$FA depth=5 wb=$C000
  T $CD50 cb=-1 S=$FA depth=6 wb=$C000
  C $CD50 cb=-1 S=$FA depth=6 wb=$C000
  C $CD7D cb=-1 S=$FA depth=5 wb=$C000
  T $CD50 cb=-1 S=$FA depth=6 wb=$C000
  C $CD50 cb=-1 S=$FA depth=6 wb=$C000
  C $CC71 cb=-1 S=$FA depth=4 wb=$C000
  C $CCDA cb=-1 S=$FA depth=4 wb=$C000
  C $CC71 cb=-1 S=$FA depth=4 wb=$C000
  C $CCDA cb=-1 S=$FA depth=4 wb=$C000
  C $CC71 cb=-1 S=$FA depth=4 wb=$C000
  C $CCDA cb=-1 S=$FA depth=4 wb=$C000
  C $CC71 cb=-1 S=$FA depth=4 wb=$C000
  T $CC66 cb=-1 S=$FA depth=5 wb=$C000
  C $CC66 cb=-1 S=$FA depth=5 wb=$C000
  n $0002 cb=-1 S=$00 depth=3 wb=$E000
  T $E9AE cb=-1 S=$FA depth=3 wb=$E000
  C $E9AE cb=-1 S=$FA depth=3 wb=$E000
  T $D9F0 cb=-1 S=$00 depth=3 wb=$E000
  C $D9F0 cb=-1 S=$00 depth=3 wb=$E000
  C $DBAF cb=-1 S=$00 depth=3 wb=$C000
  C $8021 cb=-1 S=$00 depth=4 wb=$C000
  T $89BF cb=6 S=$00 depth=5 wb=$8000
  C $89BF cb=6 S=$00 depth=5 wb=$8000
  T $8749 cb=-1 S=$00 depth=6 wb=$E000
  C $8749 cb=-1 S=$00 depth=6 wb=$E000
  T $8749 cb=-1 S=$00 depth=6 wb=$E000
  C $8749 cb=-1 S=$00 depth=6 wb=$E000
  T $8749 cb=-1 S=$00 depth=6 wb=$E000
  C $8749 cb=-1 S=$00 depth=6 wb=$E000
  T $8749 cb=-1 S=$00 depth=6 wb=$E000
  C $8749 cb=-1 S=$00 depth=6 wb=$E000
  C $D377 cb=-1 S=$00 depth=3 wb=$C000
  N $0002 cb=-1 S=$FD depth=3 wb=$E000
  C $DE39 cb=-1 S=$FA depth=3 wb=$C000
  T $E11E cb=-1 S=$FA depth=4 wb=$C000
  C $E11E cb=-1 S=$FA depth=4 wb=$C000
  T $E11E cb=-1 S=$FA depth=3 wb=$E000
  C $E11E cb=-1 S=$FA depth=3 wb=$E000
  C $DCCE cb=-1 S=$FA depth=3 wb=$C000
  C $CB25 cb=-1 S=$FA depth=3 wb=$C000
  C $CD30 cb=-1 S=$FA depth=4 wb=$C000
  C $CD30 cb=-1 S=$FA depth=4 wb=$C000
  C $CD7D cb=-1 S=$FA depth=5 wb=$C000
  T $CDE7 cb=-1 S=$FA depth=6 wb=$C000
  C $CDE7 cb=-1 S=$FA depth=6 wb=$C000
  T $CE9C cb=-1 S=$FA depth=7 wb=$C000
  C $CE9C cb=-1 S=$FA depth=7 wb=$C000
  C $CD5F cb=-1 S=$FA depth=8 wb=$C000
  T $4001 cb=-1 S=$FC depth=8 wb=$C000
  C $4001 cb=-1 S=$FC depth=8 wb=$C000
=== end dispatch fault ===

=== dispatch fault 7 frame=1301 cycles=45714601 ===
target gen=$3001 cpu=$3001 bank=3 class=ZERO_FILLED call_site=$2050
cpu A=$00 X=$06 Y=$03 P=$00 S=$00 window=$C000 dispatch_depth=9 vblank_depth=2 ops=1532 budget=29781
mapper type=4 current_bank=3 mirroring=3 select=$07 irq_latch=$7F irq_counter=$00 irq_reload=1 irq_enabled=1
mapper_regs 3C 3E 00 00 00 00 06 07
caller func_CEC6
caller2 func_CDE7
target_bytes 00 00 00 00 00 00 00 00
stack_bytes 50 20 00 00 B2 00 00 04 00 00 00 00 00 00 00 00
last_dispatches
  C $D377 cb=-1 S=$04 depth=4 wb=$C000
  N $0002 cb=-1 S=$01 depth=3 wb=$E000
  C $DE39 cb=-1 S=$FE depth=3 wb=$C000
  T $E11E cb=-1 S=$FE depth=4 wb=$C000
  C $E11E cb=-1 S=$FE depth=4 wb=$C000
  T $E11E cb=-1 S=$FE depth=3 wb=$E000
  C $E11E cb=-1 S=$FE depth=3 wb=$E000
  C $DCCE cb=-1 S=$FE depth=3 wb=$C000
  C $CB25 cb=-1 S=$FE depth=3 wb=$C000
  C $CD30 cb=-1 S=$FE depth=4 wb=$C000
  C $CD30 cb=-1 S=$FE depth=4 wb=$C000
  C $CD7D cb=-1 S=$FE depth=5 wb=$C000
  T $CD50 cb=-1 S=$FE depth=6 wb=$C000
  C $CD50 cb=-1 S=$FE depth=6 wb=$C000
  C $CD7D cb=-1 S=$FE depth=5 wb=$C000
  T $CD50 cb=-1 S=$FE depth=6 wb=$C000
  C $CD50 cb=-1 S=$FE depth=6 wb=$C000
  C $CC71 cb=-1 S=$FE depth=4 wb=$C000
  C $CCDA cb=-1 S=$FE depth=4 wb=$C000
  C $CC71 cb=-1 S=$FE depth=4 wb=$C000
  C $CCDA cb=-1 S=$FE depth=4 wb=$C000
  C $CC71 cb=-1 S=$FE depth=4 wb=$C000
  T $CC61 cb=-1 S=$FE depth=5 wb=$C000
  C $CC61 cb=-1 S=$FE depth=5 wb=$C000
  C $CCDA cb=-1 S=$FE depth=4 wb=$C000
  C $CC71 cb=-1 S=$FE depth=4 wb=$C000
  T $CC66 cb=-1 S=$FE depth=5 wb=$C000
  C $CC66 cb=-1 S=$FE depth=5 wb=$C000
  n $0002 cb=-1 S=$04 depth=3 wb=$E000
  T $E9AE cb=-1 S=$FE depth=3 wb=$E000
  C $E9AE cb=-1 S=$FE depth=3 wb=$E000
  T $D9F0 cb=-1 S=$04 depth=3 wb=$E000
  C $D9F0 cb=-1 S=$04 depth=3 wb=$E000
  C $DBAF cb=-1 S=$04 depth=3 wb=$C000
  C $8021 cb=-1 S=$04 depth=4 wb=$C000
  T $89BF cb=6 S=$04 depth=5 wb=$8000
  C $89BF cb=6 S=$04 depth=5 wb=$8000
  T $8749 cb=-1 S=$04 depth=6 wb=$E000
  C $8749 cb=-1 S=$04 depth=6 wb=$E000
  T $8749 cb=-1 S=$04 depth=6 wb=$E000
  C $8749 cb=-1 S=$04 depth=6 wb=$E000
  T $8749 cb=-1 S=$04 depth=6 wb=$E000
  C $8749 cb=-1 S=$04 depth=6 wb=$E000
  T $8749 cb=-1 S=$04 depth=6 wb=$E000
  C $8749 cb=-1 S=$04 depth=6 wb=$E000
  C $D377 cb=-1 S=$04 depth=3 wb=$C000
  N $0002 cb=-1 S=$01 depth=3 wb=$E000
  C $DE39 cb=-1 S=$FE depth=3 wb=$C000
  T $E11E cb=-1 S=$FE depth=4 wb=$C000
  C $E11E cb=-1 S=$FE depth=4 wb=$C000
  T $E11E cb=-1 S=$FE depth=3 wb=$E000
  C $E11E cb=-1 S=$FE depth=3 wb=$E000
  C $DCCE cb=-1 S=$FE depth=3 wb=$C000
  C $CB25 cb=-1 S=$FE depth=3 wb=$C000
  C $CD30 cb=-1 S=$FE depth=4 wb=$C000
  C $CD30 cb=-1 S=$FE depth=4 wb=$C000
  C $CD7D cb=-1 S=$FE depth=5 wb=$C000
  T $CDE7 cb=-1 S=$FE depth=6 wb=$C000
  C $CDE7 cb=-1 S=$FE depth=6 wb=$C000
  T $CEC6 cb=-1 S=$FE depth=7 wb=$C000
  C $CEC6 cb=-1 S=$FE depth=7 wb=$C000
  C $CD5F cb=-1 S=$FE depth=8 wb=$C000
  T $3001 cb=-1 S=$00 depth=8 wb=$C000
  C $3001 cb=-1 S=$00 depth=8 wb=$C000
=== end dispatch fault ===

=== dispatch fault 1 frame=0 cycles=124656 ===
target gen=$A009 cpu=$8009 bank=6 class=CODE call_site=$0000
cpu A=$0D X=$06 Y=$00 P=$00 S=$FF window=$8000 dispatch_depth=3 vblank_depth=0 ops=5534 budget=29781
mapper type=4 current_bank=6 mirroring=2 select=$06 irq_latch=$00 irq_counter=$00 irq_reload=0 irq_enabled=0
mapper_regs 00 00 00 00 00 00 0D 07
caller (none)
caller2 (none)
target_bytes 4C 15 80 4C 50 80 4C F1
stack_bytes 00 00 00 00 00 00 00 00 00 00 00 00 00 00 00 00
last_dispatches
  T $D269 cb=-1 S=$FD depth=0 wb=$E000
  C $D269 cb=-1 S=$FD depth=0 wb=$E000
  C $D2F6 cb=-1 S=$FF depth=1 wb=$C000
  C $CFBF cb=-1 S=$FF depth=1 wb=$C000
  C $CFF3 cb=-1 S=$FF depth=2 wb=$C000
  T $D406 cb=-1 S=$FF depth=1 wb=$C000
  C $D406 cb=-1 S=$FF depth=1 wb=$C000
  C $8009 cb=-1 S=$FF depth=2 wb=$C000
=== end dispatch fault ===

=== dispatch fault 2 frame=0 cycles=191343 ===
target gen=$A003 cpu=$8003 bank=6 class=CODE call_site=$0000
cpu A=$05 X=$10 Y=$00 P=$00 S=$FF window=$8000 dispatch_depth=4 vblank_depth=0 ops=12659 budget=29780
mapper type=4 current_bank=6 mirroring=3 select=$07 irq_latch=$00 irq_counter=$00 irq_reload=0 irq_enabled=0
mapper_regs 00 00 00 00 00 00 0D 05
caller (none)
caller2 (none)
target_bytes 4C 85 86 4C 95 87 4C 15
stack_bytes 00 00 00 00 00 00 00 00 00 00 00 00 00 00 00 00
last_dispatches
  C $884E cb=6 S=$FF depth=6 wb=$8000
  C $884E cb=6 S=$FF depth=6 wb=$8000
  C $884E cb=6 S=$FF depth=6 wb=$8000
  C $884E cb=6 S=$FF depth=6 wb=$8000
  C $884E cb=6 S=$FF depth=6 wb=$8000
  C $884E cb=6 S=$FF depth=6 wb=$8000
  C $884E cb=6 S=$FF depth=6 wb=$8000
  C $884E cb=6 S=$FF depth=6 wb=$8000
  C $884E cb=6 S=$FF depth=6 wb=$8000
  C $884E cb=6 S=$FF depth=6 wb=$8000
  C $884E cb=6 S=$FF depth=6 wb=$8000
  C $884E cb=6 S=$FF depth=6 wb=$8000
  C $884E cb=6 S=$FF depth=6 wb=$8000
  C $884E cb=6 S=$FF depth=6 wb=$8000
  C $884E cb=6 S=$FF depth=6 wb=$8000
  C $884E cb=6 S=$FF depth=6 wb=$8000
  C $884E cb=6 S=$FF depth=6 wb=$8000
  C $884E cb=6 S=$FF depth=6 wb=$8000
  C $884E cb=6 S=$FF depth=6 wb=$8000
  C $884E cb=6 S=$FF depth=6 wb=$8000
  C $884E cb=6 S=$FF depth=6 wb=$8000
  C $884E cb=6 S=$FF depth=6 wb=$8000
  C $884E cb=6 S=$FF depth=6 wb=$8000
  C $884E cb=6 S=$FF depth=6 wb=$8000
  C $884E cb=6 S=$FF depth=6 wb=$8000
  C $884E cb=6 S=$FF depth=6 wb=$8000
  C $884E cb=6 S=$FF depth=6 wb=$8000
  C $884E cb=6 S=$FF depth=6 wb=$8000
  C $884E cb=6 S=$FF depth=6 wb=$8000
  C $884E cb=6 S=$FF depth=6 wb=$8000
  C $884E cb=6 S=$FF depth=6 wb=$8000
  C $884E cb=6 S=$FF depth=6 wb=$8000
  C $884E cb=6 S=$FF depth=6 wb=$8000
  C $884E cb=6 S=$FF depth=6 wb=$8000
  C $884E cb=6 S=$FF depth=6 wb=$8000
  C $884E cb=6 S=$FF depth=6 wb=$8000
  C $884E cb=6 S=$FF depth=6 wb=$8000
  C $884E cb=6 S=$FF depth=6 wb=$8000
  C $884E cb=6 S=$FF depth=6 wb=$8000
  C $884E cb=6 S=$FF depth=6 wb=$8000
  C $884E cb=6 S=$FF depth=6 wb=$8000
  C $884E cb=6 S=$FF depth=6 wb=$8000
  C $884E cb=6 S=$FF depth=6 wb=$8000
  C $884E cb=6 S=$FF depth=6 wb=$8000
  C $884E cb=6 S=$FF depth=6 wb=$8000
  C $884E cb=6 S=$FF depth=6 wb=$8000
  C $884E cb=6 S=$FF depth=6 wb=$8000
  C $884E cb=6 S=$FF depth=6 wb=$8000
  C $884E cb=6 S=$FF depth=6 wb=$8000
  C $884E cb=6 S=$FF depth=6 wb=$8000
  C $884E cb=6 S=$FF depth=6 wb=$8000
  C $884E cb=6 S=$FF depth=6 wb=$8000
  C $884E cb=6 S=$FF depth=6 wb=$8000
  C $884E cb=6 S=$FF depth=6 wb=$8000
  C $884E cb=6 S=$FF depth=6 wb=$8000
  C $884E cb=6 S=$FF depth=6 wb=$8000
  C $884E cb=6 S=$FF depth=6 wb=$8000
  C $884E cb=6 S=$FF depth=6 wb=$8000
  C $884E cb=6 S=$FF depth=6 wb=$8000
  C $884E cb=6 S=$FF depth=6 wb=$8000
  C $884E cb=6 S=$FF depth=6 wb=$8000
  C $884E cb=6 S=$FF depth=6 wb=$8000
  C $884E cb=6 S=$FF depth=6 wb=$8000
  C $8003 cb=-1 S=$FF depth=3 wb=$C000
=== end dispatch fault ===

=== dispatch fault 3 frame=186 cycles=5809662 ===
target gen=$FF01 cpu=$FF01 bank=7 class=ZERO_FILLED call_site=$2200
cpu A=$00 X=$03 Y=$04 P=$00 S=$FB window=$E000 dispatch_depth=9 vblank_depth=2 ops=2463 budget=29781
mapper type=4 current_bank=3 mirroring=3 select=$07 irq_latch=$7F irq_counter=$00 irq_reload=1 irq_enabled=1
mapper_regs 3C 3E 00 00 00 00 06 07
caller func_CEAC
caller2 func_CDE7
target_bytes 00 00 00 00 00 00 00 00
stack_bytes 00 22 00 00 00 00 00 00 00 00 00 00 00 00 00 00
last_dispatches
  C $884E cb=6 S=$FF depth=6 wb=$8000
  C $884E cb=6 S=$FF depth=6 wb=$8000
  C $884E cb=6 S=$FF depth=6 wb=$8000
  C $884E cb=6 S=$FF depth=6 wb=$8000
  C $884E cb=6 S=$FF depth=6 wb=$8000
  C $884E cb=6 S=$FF depth=6 wb=$8000
  C $884E cb=6 S=$FF depth=6 wb=$8000
  C $884E cb=6 S=$FF depth=6 wb=$8000
  C $DB92 cb=-1 S=$FF depth=3 wb=$C000
  C $D341 cb=-1 S=$FF depth=4 wb=$C000
  T $D377 cb=-1 S=$FF depth=4 wb=$C000
  C $D377 cb=-1 S=$FF depth=4 wb=$C000
  C $DC27 cb=-1 S=$FF depth=3 wb=$C000
  C $DBAF cb=-1 S=$FF depth=3 wb=$C000
  C $8021 cb=-1 S=$FF depth=4 wb=$C000
  T $89BF cb=6 S=$FF depth=5 wb=$8000
  C $89BF cb=6 S=$FF depth=5 wb=$8000
  T $89DD cb=-1 S=$FF depth=6 wb=$E000
  C $89DD cb=-1 S=$FF depth=6 wb=$E000
  T $89DD cb=-1 S=$FF depth=6 wb=$E000
  C $89DD cb=-1 S=$FF depth=6 wb=$E000
  T $89DD cb=-1 S=$FF depth=6 wb=$E000
  C $89DD cb=-1 S=$FF depth=6 wb=$E000
  T $89DD cb=-1 S=$FF depth=6 wb=$E000
  C $89DD cb=-1 S=$FF depth=6 wb=$E000
  N $0002 cb=-1 S=$FC depth=3 wb=$E000
  C $DE39 cb=-1 S=$F9 depth=3 wb=$C000
  T $E11E cb=-1 S=$F9 depth=4 wb=$C000
  C $E11E cb=-1 S=$F9 depth=4 wb=$C000
  T $E11E cb=-1 S=$F9 depth=3 wb=$E000
  C $E11E cb=-1 S=$F9 depth=3 wb=$E000
  C $DCCE cb=-1 S=$F9 depth=3 wb=$C000
  C $CB25 cb=-1 S=$F9 depth=3 wb=$C000
  C $CF72 cb=-1 S=$F9 depth=4 wb=$C000
  C $CFF3 cb=-1 S=$F9 depth=4 wb=$C000
  C $CD30 cb=-1 S=$F9 depth=4 wb=$C000
  C $CD7D cb=-1 S=$F9 depth=5 wb=$C000
  T $CDE7 cb=-1 S=$F9 depth=6 wb=$C000
  C $CDE7 cb=-1 S=$F9 depth=6 wb=$C000
  T $CEAC cb=-1 S=$F9 depth=7 wb=$C000
  C $CEAC cb=-1 S=$F9 depth=7 wb=$C000
  D $CDE7 cb=-1 S=$F9 depth=6 wb=$C000
  C $CDE7 cb=-1 S=$F9 depth=6 wb=$C000
  T $CEF0 cb=-1 S=$F9 depth=7 wb=$C000
  C $CEF0 cb=-1 S=$F9 depth=7 wb=$C000
  C $CD5F cb=-1 S=$F9 depth=8 wb=$C000
  C $CD7D cb=-1 S=$F9 depth=5 wb=$C000
  T $CDE7 cb=-1 S=$F9 depth=6 wb=$C000
  C $CDE7 cb=-1 S=$F9 depth=6 wb=$C000
  T $CE4C cb=-1 S=$F9 depth=7 wb=$C000
  C $CE4C cb=-1 S=$F9 depth=7 wb=$C000
  T $CD93 cb=-1 S=$F9 depth=8 wb=$C000
  C $CD93 cb=-1 S=$F9 depth=8 wb=$C000
  D $CDE7 cb=-1 S=$F9 depth=6 wb=$C000
  C $CDE7 cb=-1 S=$F9 depth=6 wb=$C000
  T $CEF0 cb=-1 S=$F9 depth=7 wb=$C000
  C $CEF0 cb=-1 S=$F9 depth=7 wb=$C000
  D $CDE7 cb=-1 S=$F9 depth=6 wb=$C000
  C $CDE7 cb=-1 S=$F9 depth=6 wb=$C000
  T $CEAC cb=-1 S=$F9 depth=7 wb=$C000
  C $CEAC cb=-1 S=$F9 depth=7 wb=$C000
  C $CD5F cb=-1 S=$F9 depth=8 wb=$C000
  T $FF01 cb=-1 S=$FB depth=8 wb=$C000
  C $FF01 cb=-1 S=$FB depth=8 wb=$C000
=== end dispatch fault ===

=== dispatch fault 4 frame=186 cycles=5809962 ===
target gen=$2201 cpu=$2201 bank=3 class=ZERO_FILLED call_site=$0000
cpu A=$00 X=$02 Y=$04 P=$00 S=$FD window=$C000 dispatch_depth=9 vblank_depth=2 ops=2763 budget=29781
mapper type=4 current_bank=3 mirroring=3 select=$07 irq_latch=$7F irq_counter=$00 irq_reload=1 irq_enabled=1
mapper_regs 3C 3E 00 00 00 00 06 07
caller func_CE78
caller2 func_CDE7
target_bytes 00 00 00 00 00 00 00 00
stack_bytes 00 00 00 00 00 00 00 00 00 00 00 00 00 00 00 00
last_dispatches
  C $DB92 cb=-1 S=$FF depth=3 wb=$C000
  C $D341 cb=-1 S=$FF depth=4 wb=$C000
  T $D377 cb=-1 S=$FF depth=4 wb=$C000
  C $D377 cb=-1 S=$FF depth=4 wb=$C000
  C $DC27 cb=-1 S=$FF depth=3 wb=$C000
  C $DBAF cb=-1 S=$FF depth=3 wb=$C000
  C $8021 cb=-1 S=$FF depth=4 wb=$C000
  T $89BF cb=6 S=$FF depth=5 wb=$8000
  C $89BF cb=6 S=$FF depth=5 wb=$8000
  T $89DD cb=-1 S=$FF depth=6 wb=$E000
  C $89DD cb=-1 S=$FF depth=6 wb=$E000
  T $89DD cb=-1 S=$FF depth=6 wb=$E000
  C $89DD cb=-1 S=$FF depth=6 wb=$E000
  T $89DD cb=-1 S=$FF depth=6 wb=$E000
  C $89DD cb=-1 S=$FF depth=6 wb=$E000
  T $89DD cb=-1 S=$FF depth=6 wb=$E000
  C $89DD cb=-1 S=$FF depth=6 wb=$E000
  N $0002 cb=-1 S=$FC depth=3 wb=$E000
  C $DE39 cb=-1 S=$F9 depth=3 wb=$C000
  T $E11E cb=-1 S=$F9 depth=4 wb=$C000
  C $E11E cb=-1 S=$F9 depth=4 wb=$C000
  T $E11E cb=-1 S=$F9 depth=3 wb=$E000
  C $E11E cb=-1 S=$F9 depth=3 wb=$E000
  C $DCCE cb=-1 S=$F9 depth=3 wb=$C000
  C $CB25 cb=-1 S=$F9 depth=3 wb=$C000
  C $CF72 cb=-1 S=$F9 depth=4 wb=$C000
  C $CFF3 cb=-1 S=$F9 depth=4 wb=$C000
  C $CD30 cb=-1 S=$F9 depth=4 wb=$C000
  C $CD7D cb=-1 S=$F9 depth=5 wb=$C000
  T $CDE7 cb=-1 S=$F9 depth=6 wb=$C000
  C $CDE7 cb=-1 S=$F9 depth=6 wb=$C000
  T $CEAC cb=-1 S=$F9 depth=7 wb=$C000
  C $CEAC cb=-1 S=$F9 depth=7 wb=$C000
  D $CDE7 cb=-1 S=$F9 depth=6 wb=$C000
  C $CDE7 cb=-1 S=$F9 depth=6 wb=$C000
  T $CEF0 cb=-1 S=$F9 depth=7 wb=$C000
  C $CEF0 cb=-1 S=$F9 depth=7 wb=$C000
  C $CD5F cb=-1 S=$F9 depth=8 wb=$C000
  C $CD7D cb=-1 S=$F9 depth=5 wb=$C000
  T $CDE7 cb=-1 S=$F9 depth=6 wb=$C000
  C $CDE7 cb=-1 S=$F9 depth=6 wb=$C000
  T $CE4C cb=-1 S=$F9 depth=7 wb=$C000
  C $CE4C cb=-1 S=$F9 depth=7 wb=$C000
  T $CD93 cb=-1 S=$F9 depth=8 wb=$C000
  C $CD93 cb=-1 S=$F9 depth=8 wb=$C000
  D $CDE7 cb=-1 S=$F9 depth=6 wb=$C000
  C $CDE7 cb=-1 S=$F9 depth=6 wb=$C000
  T $CEF0 cb=-1 S=$F9 depth=7 wb=$C000
  C $CEF0 cb=-1 S=$F9 depth=7 wb=$C000
  D $CDE7 cb=-1 S=$F9 depth=6 wb=$C000
  C $CDE7 cb=-1 S=$F9 depth=6 wb=$C000
  T $CEAC cb=-1 S=$F9 depth=7 wb=$C000
  C $CEAC cb=-1 S=$F9 depth=7 wb=$C000
  C $CD5F cb=-1 S=$F9 depth=8 wb=$C000
  T $FF01 cb=-1 S=$FB depth=8 wb=$C000
  C $FF01 cb=-1 S=$FB depth=8 wb=$C000
  C $CD7D cb=-1 S=$FB depth=5 wb=$C000
  T $CDE7 cb=-1 S=$FB depth=6 wb=$C000
  C $CDE7 cb=-1 S=$FB depth=6 wb=$C000
  T $CE78 cb=-1 S=$FB depth=7 wb=$C000
  C $CE78 cb=-1 S=$FB depth=7 wb=$C000
  C $CD5F cb=-1 S=$FB depth=8 wb=$C000
  T $2201 cb=-1 S=$FD depth=8 wb=$C000
  C $2201 cb=-1 S=$FD depth=8 wb=$C000
=== end dispatch fault ===

=== dispatch fault 5 frame=213 cycles=6612883 ===
target gen=$4C01 cpu=$4C01 bank=3 class=ZERO_FILLED call_site=$200A
cpu A=$00 X=$03 Y=$02 P=$00 S=$FB window=$C000 dispatch_depth=9 vblank_depth=2 ops=1610 budget=29780
mapper type=4 current_bank=3 mirroring=3 select=$07 irq_latch=$7F irq_counter=$00 irq_reload=1 irq_enabled=1
mapper_regs 3C 3E 00 00 00 00 06 07
caller func_CF25
caller2 func_CDE7
target_bytes 00 00 00 00 00 00 00 00
stack_bytes 0A 20 00 00 00 00 00 00 00 00 00 00 00 00 00 00
last_dispatches
  C $CD7D cb=-1 S=$F9 depth=5 wb=$C000
  T $CD50 cb=-1 S=$F9 depth=6 wb=$C000
  C $CD50 cb=-1 S=$F9 depth=6 wb=$C000
  C $CD7D cb=-1 S=$F9 depth=5 wb=$C000
  T $CD50 cb=-1 S=$F9 depth=6 wb=$C000
  C $CD50 cb=-1 S=$F9 depth=6 wb=$C000
  C $CD7D cb=-1 S=$F9 depth=5 wb=$C000
  T $CD50 cb=-1 S=$F9 depth=6 wb=$C000
  C $CD50 cb=-1 S=$F9 depth=6 wb=$C000
  C $CD30 cb=-1 S=$F9 depth=4 wb=$C000
  C $CC71 cb=-1 S=$F9 depth=4 wb=$C000
  C $CCDA cb=-1 S=$F9 depth=4 wb=$C000
  C $CC71 cb=-1 S=$F9 depth=4 wb=$C000
  T $CC61 cb=-1 S=$F9 depth=5 wb=$C000
  C $CC61 cb=-1 S=$F9 depth=5 wb=$C000
  C $CCDA cb=-1 S=$F9 depth=4 wb=$C000
  C $CC71 cb=-1 S=$F9 depth=4 wb=$C000
  T $CC61 cb=-1 S=$F9 depth=5 wb=$C000
  C $CC61 cb=-1 S=$F9 depth=5 wb=$C000
  C $CCDA cb=-1 S=$F9 depth=4 wb=$C000
  C $CC71 cb=-1 S=$F9 depth=4 wb=$C000
  T $CC61 cb=-1 S=$F9 depth=5 wb=$C000
  C $CC61 cb=-1 S=$F9 depth=5 wb=$C000
  n $0002 cb=-1 S=$FF depth=3 wb=$E000
  T $E9AE cb=-1 S=$F9 depth=3 wb=$E000
  C $E9AE cb=-1 S=$F9 depth=3 wb=$E000
  T $D9F0 cb=-1 S=$FF depth=3 wb=$E000
  C $D9F0 cb=-1 S=$FF depth=3 wb=$E000
  C $DBAF cb=-1 S=$FF depth=3 wb=$C000
  C $8021 cb=-1 S=$FF depth=4 wb=$C000
  T $89BF cb=6 S=$FF depth=5 wb=$8000
  C $89BF cb=6 S=$FF depth=5 wb=$8000
  T $8749 cb=-1 S=$FF depth=6 wb=$E000
  C $8749 cb=-1 S=$FF depth=6 wb=$E000
  T $8749 cb=-1 S=$FF depth=6 wb=$E000
  C $8749 cb=-1 S=$FF depth=6 wb=$E000
  T $8749 cb=-1 S=$FF depth=6 wb=$E000
  C $8749 cb=-1 S=$FF depth=6 wb=$E000
  T $8749 cb=-1 S=$FF depth=6 wb=$E000
  C $8749 cb=-1 S=$FF depth=6 wb=$E000
  C $DB65 cb=-1 S=$FF depth=3 wb=$C000
  C $DB92 cb=-1 S=$FF depth=3 wb=$C000
  C $D341 cb=-1 S=$FF depth=4 wb=$C000
  T $D377 cb=-1 S=$FF depth=4 wb=$C000
  C $D377 cb=-1 S=$FF depth=4 wb=$C000
  N $0002 cb=-1 S=$FC depth=3 wb=$E000
  C $DE39 cb=-1 S=$F9 depth=3 wb=$C000
  T $E11E cb=-1 S=$F9 depth=4 wb=$C000
  C $E11E cb=-1 S=$F9 depth=4 wb=$C000
  T $E11E cb=-1 S=$F9 depth=3 wb=$E000
  C $E11E cb=-1 S=$F9 depth=3 wb=$E000
  C $DCCE cb=-1 S=$F9 depth=3 wb=$C000
  C $CB25 cb=-1 S=$F9 depth=3 wb=$C000
  C $CD30 cb=-1 S=$F9 depth=4 wb=$C000
  C $CD7D cb=-1 S=$F9 depth=5 wb=$C000
  C $CD5F cb=-1 S=$F9 depth=6 wb=$C000
  C $CD7D cb=-1 S=$F9 depth=5 wb=$C000
  T $CDE7 cb=-1 S=$F9 depth=6 wb=$C000
  C $CDE7 cb=-1 S=$F9 depth=6 wb=$C000
  T $CF25 cb=-1 S=$F9 depth=7 wb=$C000
  C $CF25 cb=-1 S=$F9 depth=7 wb=$C000
  C $CD5F cb=-1 S=$F9 depth=8 wb=$C000
  T $4C01 cb=-1 S=$FB depth=8 wb=$C000
  C $4C01 cb=-1 S=$FB depth=8 wb=$C000
=== end dispatch fault ===

=== dispatch fault 6 frame=561 cycles=23677021 ===
target gen=$4001 cpu=$4001 bank=3 class=ZERO_FILLED call_site=$2300
cpu A=$00 X=$07 Y=$03 P=$00 S=$FC window=$C000 dispatch_depth=9 vblank_depth=2 ops=1522 budget=29781
mapper type=4 current_bank=3 mirroring=3 select=$07 irq_latch=$7F irq_counter=$00 irq_reload=1 irq_enabled=1
mapper_regs 3C 3E 00 00 00 00 06 07
caller func_CE9C
caller2 func_CDE7
target_bytes 00 00 00 00 00 00 00 00
stack_bytes 00 23 00 00 EF 00 00 00 00 00 00 04 00 00 00 00
last_dispatches
  N $0002 cb=-1 S=$FD depth=3 wb=$E000
  C $DE39 cb=-1 S=$FA depth=3 wb=$C000
  T $E11E cb=-1 S=$FA depth=4 wb=$C000
  C $E11E cb=-1 S=$FA depth=4 wb=$C000
  T $E11E cb=-1 S=$FA depth=3 wb=$E000
  C $E11E cb=-1 S=$FA depth=3 wb=$E000
  C $DCCE cb=-1 S=$FA depth=3 wb=$C000
  C $CB25 cb=-1 S=$FA depth=3 wb=$C000
  C $CD30 cb=-1 S=$FA depth=4 wb=$C000
  C $CD30 cb=-1 S=$FA depth=4 wb=$C000
  C $CD7D cb=-1 S=$FA depth=5 wb=$C000
  T $CD50 cb=-1 S=$FA depth=6 wb=$C000
  C $CD50 cb=-1 S=$FA depth=6 wb=$C000
  C $CD7D cb=-1 S=$FA depth=5 wb=$C000
  T $CD50 cb=-1 S=$FA depth=6 wb=$C000
  C $CD50 cb=-1 S=$FA depth=6 wb=$C000
  C $CD7D cb=-1 S=$FA depth=5 wb=$C000
  T $CD50 cb=-1 S=$FA depth=6 wb=$C000
  C $CD50 cb=-1 S=$FA depth=6 wb=$C000
  C $CC71 cb=-1 S=$FA depth=4 wb=$C000
  C $CCDA cb=-1 S=$FA depth=4 wb=$C000
  C $CC71 cb=-1 S=$FA depth=4 wb=$C000
  C $CCDA cb=-1 S=$FA depth=4 wb=$C000
  C $CC71 cb=-1 S=$FA depth=4 wb=$C000
  C $CCDA cb=-1 S=$FA depth=4 wb=$C000
  C $CC71 cb=-1 S=$FA depth=4 wb=$C000
  T $CC66 cb=-1 S=$FA depth=5 wb=$C000
  C $CC66 cb=-1 S=$FA depth=5 wb=$C000
  n $0002 cb=-1 S=$00 depth=3 wb=$E000
  T $E9AE cb=-1 S=$FA depth=3 wb=$E000
  C $E9AE cb=-1 S=$FA depth=3 wb=$E000
  T $D9F0 cb=-1 S=$00 depth=3 wb=$E000
  C $D9F0 cb=-1 S=$00 depth=3 wb=$E000
  C $DBAF cb=-1 S=$00 depth=3 wb=$C000
  C $8021 cb=-1 S=$00 depth=4 wb=$C000
  T $89BF cb=6 S=$00 depth=5 wb=$8000
  C $89BF cb=6 S=$00 depth=5 wb=$8000
  T $8749 cb=-1 S=$00 depth=6 wb=$E000
  C $8749 cb=-1 S=$00 depth=6 wb=$E000
  T $8749 cb=-1 S=$00 depth=6 wb=$E000
  C $8749 cb=-1 S=$00 depth=6 wb=$E000
  T $8749 cb=-1 S=$00 depth=6 wb=$E000
  C $8749 cb=-1 S=$00 depth=6 wb=$E000
  T $8749 cb=-1 S=$00 depth=6 wb=$E000
  C $8749 cb=-1 S=$00 depth=6 wb=$E000
  C $D377 cb=-1 S=$00 depth=3 wb=$C000
  N $0002 cb=-1 S=$FD depth=3 wb=$E000
  C $DE39 cb=-1 S=$FA depth=3 wb=$C000
  T $E11E cb=-1 S=$FA depth=4 wb=$C000
  C $E11E cb=-1 S=$FA depth=4 wb=$C000
  T $E11E cb=-1 S=$FA depth=3 wb=$E000
  C $E11E cb=-1 S=$FA depth=3 wb=$E000
  C $DCCE cb=-1 S=$FA depth=3 wb=$C000
  C $CB25 cb=-1 S=$FA depth=3 wb=$C000
  C $CD30 cb=-1 S=$FA depth=4 wb=$C000
  C $CD30 cb=-1 S=$FA depth=4 wb=$C000
  C $CD7D cb=-1 S=$FA depth=5 wb=$C000
  T $CDE7 cb=-1 S=$FA depth=6 wb=$C000
  C $CDE7 cb=-1 S=$FA depth=6 wb=$C000
  T $CE9C cb=-1 S=$FA depth=7 wb=$C000
  C $CE9C cb=-1 S=$FA depth=7 wb=$C000
  C $CD5F cb=-1 S=$FA depth=8 wb=$C000
  T $4001 cb=-1 S=$FC depth=8 wb=$C000
  C $4001 cb=-1 S=$FC depth=8 wb=$C000
=== end dispatch fault ===

=== dispatch fault 1 frame=0 cycles=124656 ===
target gen=$A009 cpu=$8009 bank=6 class=CODE call_site=$0000
cpu A=$0D X=$06 Y=$00 P=$00 S=$FF window=$8000 dispatch_depth=3 vblank_depth=0 ops=5534 budget=29781
mapper type=4 current_bank=6 mirroring=2 select=$06 irq_latch=$00 irq_counter=$00 irq_reload=0 irq_enabled=0
mapper_regs 00 00 00 00 00 00 0D 07
caller (none)
caller2 (none)
target_bytes 4C 15 80 4C 50 80 4C F1
stack_bytes 00 00 00 00 00 00 00 00 00 00 00 00 00 00 00 00
last_dispatches
  T $D269 cb=-1 S=$FD depth=0 wb=$E000
  C $D269 cb=-1 S=$FD depth=0 wb=$E000
  C $D2F6 cb=-1 S=$FF depth=1 wb=$C000
  C $CFBF cb=-1 S=$FF depth=1 wb=$C000
  C $CFF3 cb=-1 S=$FF depth=2 wb=$C000
  T $D406 cb=-1 S=$FF depth=1 wb=$C000
  C $D406 cb=-1 S=$FF depth=1 wb=$C000
  C $8009 cb=-1 S=$FF depth=2 wb=$C000
=== end dispatch fault ===

=== dispatch fault 2 frame=0 cycles=191343 ===
target gen=$A003 cpu=$8003 bank=6 class=CODE call_site=$0000
cpu A=$05 X=$10 Y=$00 P=$00 S=$FF window=$8000 dispatch_depth=4 vblank_depth=0 ops=12659 budget=29780
mapper type=4 current_bank=6 mirroring=3 select=$07 irq_latch=$00 irq_counter=$00 irq_reload=0 irq_enabled=0
mapper_regs 00 00 00 00 00 00 0D 05
caller (none)
caller2 (none)
target_bytes 4C 85 86 4C 95 87 4C 15
stack_bytes 00 00 00 00 00 00 00 00 00 00 00 00 00 00 00 00
last_dispatches
  C $884E cb=6 S=$FF depth=6 wb=$8000
  C $884E cb=6 S=$FF depth=6 wb=$8000
  C $884E cb=6 S=$FF depth=6 wb=$8000
  C $884E cb=6 S=$FF depth=6 wb=$8000
  C $884E cb=6 S=$FF depth=6 wb=$8000
  C $884E cb=6 S=$FF depth=6 wb=$8000
  C $884E cb=6 S=$FF depth=6 wb=$8000
  C $884E cb=6 S=$FF depth=6 wb=$8000
  C $884E cb=6 S=$FF depth=6 wb=$8000
  C $884E cb=6 S=$FF depth=6 wb=$8000
  C $884E cb=6 S=$FF depth=6 wb=$8000
  C $884E cb=6 S=$FF depth=6 wb=$8000
  C $884E cb=6 S=$FF depth=6 wb=$8000
  C $884E cb=6 S=$FF depth=6 wb=$8000
  C $884E cb=6 S=$FF depth=6 wb=$8000
  C $884E cb=6 S=$FF depth=6 wb=$8000
  C $884E cb=6 S=$FF depth=6 wb=$8000
  C $884E cb=6 S=$FF depth=6 wb=$8000
  C $884E cb=6 S=$FF depth=6 wb=$8000
  C $884E cb=6 S=$FF depth=6 wb=$8000
  C $884E cb=6 S=$FF depth=6 wb=$8000
  C $884E cb=6 S=$FF depth=6 wb=$8000
  C $884E cb=6 S=$FF depth=6 wb=$8000
  C $884E cb=6 S=$FF depth=6 wb=$8000
  C $884E cb=6 S=$FF depth=6 wb=$8000
  C $884E cb=6 S=$FF depth=6 wb=$8000
  C $884E cb=6 S=$FF depth=6 wb=$8000
  C $884E cb=6 S=$FF depth=6 wb=$8000
  C $884E cb=6 S=$FF depth=6 wb=$8000
  C $884E cb=6 S=$FF depth=6 wb=$8000
  C $884E cb=6 S=$FF depth=6 wb=$8000
  C $884E cb=6 S=$FF depth=6 wb=$8000
  C $884E cb=6 S=$FF depth=6 wb=$8000
  C $884E cb=6 S=$FF depth=6 wb=$8000
  C $884E cb=6 S=$FF depth=6 wb=$8000
  C $884E cb=6 S=$FF depth=6 wb=$8000
  C $884E cb=6 S=$FF depth=6 wb=$8000
  C $884E cb=6 S=$FF depth=6 wb=$8000
  C $884E cb=6 S=$FF depth=6 wb=$8000
  C $884E cb=6 S=$FF depth=6 wb=$8000
  C $884E cb=6 S=$FF depth=6 wb=$8000
  C $884E cb=6 S=$FF depth=6 wb=$8000
  C $884E cb=6 S=$FF depth=6 wb=$8000
  C $884E cb=6 S=$FF depth=6 wb=$8000
  C $884E cb=6 S=$FF depth=6 wb=$8000
  C $884E cb=6 S=$FF depth=6 wb=$8000
  C $884E cb=6 S=$FF depth=6 wb=$8000
  C $884E cb=6 S=$FF depth=6 wb=$8000
  C $884E cb=6 S=$FF depth=6 wb=$8000
  C $884E cb=6 S=$FF depth=6 wb=$8000
  C $884E cb=6 S=$FF depth=6 wb=$8000
  C $884E cb=6 S=$FF depth=6 wb=$8000
  C $884E cb=6 S=$FF depth=6 wb=$8000
  C $884E cb=6 S=$FF depth=6 wb=$8000
  C $884E cb=6 S=$FF depth=6 wb=$8000
  C $884E cb=6 S=$FF depth=6 wb=$8000
  C $884E cb=6 S=$FF depth=6 wb=$8000
  C $884E cb=6 S=$FF depth=6 wb=$8000
  C $884E cb=6 S=$FF depth=6 wb=$8000
  C $884E cb=6 S=$FF depth=6 wb=$8000
  C $884E cb=6 S=$FF depth=6 wb=$8000
  C $884E cb=6 S=$FF depth=6 wb=$8000
  C $884E cb=6 S=$FF depth=6 wb=$8000
  C $8003 cb=-1 S=$FF depth=3 wb=$C000
=== end dispatch fault ===

=== dispatch fault 3 frame=186 cycles=5809662 ===
target gen=$FF01 cpu=$FF01 bank=7 class=ZERO_FILLED call_site=$2200
cpu A=$00 X=$03 Y=$04 P=$00 S=$FB window=$E000 dispatch_depth=9 vblank_depth=2 ops=2463 budget=29781
mapper type=4 current_bank=3 mirroring=3 select=$07 irq_latch=$7F irq_counter=$00 irq_reload=1 irq_enabled=1
mapper_regs 3C 3E 00 00 00 00 06 07
caller func_CEAC
caller2 func_CDE7
target_bytes 00 00 00 00 00 00 00 00
stack_bytes 00 22 00 00 00 00 00 00 00 00 00 00 00 00 00 00
last_dispatches
  C $884E cb=6 S=$FF depth=6 wb=$8000
  C $884E cb=6 S=$FF depth=6 wb=$8000
  C $884E cb=6 S=$FF depth=6 wb=$8000
  C $884E cb=6 S=$FF depth=6 wb=$8000
  C $884E cb=6 S=$FF depth=6 wb=$8000
  C $884E cb=6 S=$FF depth=6 wb=$8000
  C $884E cb=6 S=$FF depth=6 wb=$8000
  C $884E cb=6 S=$FF depth=6 wb=$8000
  C $DB92 cb=-1 S=$FF depth=3 wb=$C000
  C $D341 cb=-1 S=$FF depth=4 wb=$C000
  T $D377 cb=-1 S=$FF depth=4 wb=$C000
  C $D377 cb=-1 S=$FF depth=4 wb=$C000
  C $DC27 cb=-1 S=$FF depth=3 wb=$C000
  C $DBAF cb=-1 S=$FF depth=3 wb=$C000
  C $8021 cb=-1 S=$FF depth=4 wb=$C000
  T $89BF cb=6 S=$FF depth=5 wb=$8000
  C $89BF cb=6 S=$FF depth=5 wb=$8000
  T $89DD cb=-1 S=$FF depth=6 wb=$E000
  C $89DD cb=-1 S=$FF depth=6 wb=$E000
  T $89DD cb=-1 S=$FF depth=6 wb=$E000
  C $89DD cb=-1 S=$FF depth=6 wb=$E000
  T $89DD cb=-1 S=$FF depth=6 wb=$E000
  C $89DD cb=-1 S=$FF depth=6 wb=$E000
  T $89DD cb=-1 S=$FF depth=6 wb=$E000
  C $89DD cb=-1 S=$FF depth=6 wb=$E000
  N $0002 cb=-1 S=$FC depth=3 wb=$E000
  C $DE39 cb=-1 S=$F9 depth=3 wb=$C000
  T $E11E cb=-1 S=$F9 depth=4 wb=$C000
  C $E11E cb=-1 S=$F9 depth=4 wb=$C000
  T $E11E cb=-1 S=$F9 depth=3 wb=$E000
  C $E11E cb=-1 S=$F9 depth=3 wb=$E000
  C $DCCE cb=-1 S=$F9 depth=3 wb=$C000
  C $CB25 cb=-1 S=$F9 depth=3 wb=$C000
  C $CF72 cb=-1 S=$F9 depth=4 wb=$C000
  C $CFF3 cb=-1 S=$F9 depth=4 wb=$C000
  C $CD30 cb=-1 S=$F9 depth=4 wb=$C000
  C $CD7D cb=-1 S=$F9 depth=5 wb=$C000
  T $CDE7 cb=-1 S=$F9 depth=6 wb=$C000
  C $CDE7 cb=-1 S=$F9 depth=6 wb=$C000
  T $CEAC cb=-1 S=$F9 depth=7 wb=$C000
  C $CEAC cb=-1 S=$F9 depth=7 wb=$C000
  D $CDE7 cb=-1 S=$F9 depth=6 wb=$C000
  C $CDE7 cb=-1 S=$F9 depth=6 wb=$C000
  T $CEF0 cb=-1 S=$F9 depth=7 wb=$C000
  C $CEF0 cb=-1 S=$F9 depth=7 wb=$C000
  C $CD5F cb=-1 S=$F9 depth=8 wb=$C000
  C $CD7D cb=-1 S=$F9 depth=5 wb=$C000
  T $CDE7 cb=-1 S=$F9 depth=6 wb=$C000
  C $CDE7 cb=-1 S=$F9 depth=6 wb=$C000
  T $CE4C cb=-1 S=$F9 depth=7 wb=$C000
  C $CE4C cb=-1 S=$F9 depth=7 wb=$C000
  T $CD93 cb=-1 S=$F9 depth=8 wb=$C000
  C $CD93 cb=-1 S=$F9 depth=8 wb=$C000
  D $CDE7 cb=-1 S=$F9 depth=6 wb=$C000
  C $CDE7 cb=-1 S=$F9 depth=6 wb=$C000
  T $CEF0 cb=-1 S=$F9 depth=7 wb=$C000
  C $CEF0 cb=-1 S=$F9 depth=7 wb=$C000
  D $CDE7 cb=-1 S=$F9 depth=6 wb=$C000
  C $CDE7 cb=-1 S=$F9 depth=6 wb=$C000
  T $CEAC cb=-1 S=$F9 depth=7 wb=$C000
  C $CEAC cb=-1 S=$F9 depth=7 wb=$C000
  C $CD5F cb=-1 S=$F9 depth=8 wb=$C000
  T $FF01 cb=-1 S=$FB depth=8 wb=$C000
  C $FF01 cb=-1 S=$FB depth=8 wb=$C000
=== end dispatch fault ===

=== dispatch fault 4 frame=186 cycles=5809962 ===
target gen=$2201 cpu=$2201 bank=3 class=ZERO_FILLED call_site=$0000
cpu A=$00 X=$02 Y=$04 P=$00 S=$FD window=$C000 dispatch_depth=9 vblank_depth=2 ops=2763 budget=29781
mapper type=4 current_bank=3 mirroring=3 select=$07 irq_latch=$7F irq_counter=$00 irq_reload=1 irq_enabled=1
mapper_regs 3C 3E 00 00 00 00 06 07
caller func_CE78
caller2 func_CDE7
target_bytes 00 00 00 00 00 00 00 00
stack_bytes 00 00 00 00 00 00 00 00 00 00 00 00 00 00 00 00
last_dispatches
  C $DB92 cb=-1 S=$FF depth=3 wb=$C000
  C $D341 cb=-1 S=$FF depth=4 wb=$C000
  T $D377 cb=-1 S=$FF depth=4 wb=$C000
  C $D377 cb=-1 S=$FF depth=4 wb=$C000
  C $DC27 cb=-1 S=$FF depth=3 wb=$C000
  C $DBAF cb=-1 S=$FF depth=3 wb=$C000
  C $8021 cb=-1 S=$FF depth=4 wb=$C000
  T $89BF cb=6 S=$FF depth=5 wb=$8000
  C $89BF cb=6 S=$FF depth=5 wb=$8000
  T $89DD cb=-1 S=$FF depth=6 wb=$E000
  C $89DD cb=-1 S=$FF depth=6 wb=$E000
  T $89DD cb=-1 S=$FF depth=6 wb=$E000
  C $89DD cb=-1 S=$FF depth=6 wb=$E000
  T $89DD cb=-1 S=$FF depth=6 wb=$E000
  C $89DD cb=-1 S=$FF depth=6 wb=$E000
  T $89DD cb=-1 S=$FF depth=6 wb=$E000
  C $89DD cb=-1 S=$FF depth=6 wb=$E000
  N $0002 cb=-1 S=$FC depth=3 wb=$E000
  C $DE39 cb=-1 S=$F9 depth=3 wb=$C000
  T $E11E cb=-1 S=$F9 depth=4 wb=$C000
  C $E11E cb=-1 S=$F9 depth=4 wb=$C000
  T $E11E cb=-1 S=$F9 depth=3 wb=$E000
  C $E11E cb=-1 S=$F9 depth=3 wb=$E000
  C $DCCE cb=-1 S=$F9 depth=3 wb=$C000
  C $CB25 cb=-1 S=$F9 depth=3 wb=$C000
  C $CF72 cb=-1 S=$F9 depth=4 wb=$C000
  C $CFF3 cb=-1 S=$F9 depth=4 wb=$C000
  C $CD30 cb=-1 S=$F9 depth=4 wb=$C000
  C $CD7D cb=-1 S=$F9 depth=5 wb=$C000
  T $CDE7 cb=-1 S=$F9 depth=6 wb=$C000
  C $CDE7 cb=-1 S=$F9 depth=6 wb=$C000
  T $CEAC cb=-1 S=$F9 depth=7 wb=$C000
  C $CEAC cb=-1 S=$F9 depth=7 wb=$C000
  D $CDE7 cb=-1 S=$F9 depth=6 wb=$C000
  C $CDE7 cb=-1 S=$F9 depth=6 wb=$C000
  T $CEF0 cb=-1 S=$F9 depth=7 wb=$C000
  C $CEF0 cb=-1 S=$F9 depth=7 wb=$C000
  C $CD5F cb=-1 S=$F9 depth=8 wb=$C000
  C $CD7D cb=-1 S=$F9 depth=5 wb=$C000
  T $CDE7 cb=-1 S=$F9 depth=6 wb=$C000
  C $CDE7 cb=-1 S=$F9 depth=6 wb=$C000
  T $CE4C cb=-1 S=$F9 depth=7 wb=$C000
  C $CE4C cb=-1 S=$F9 depth=7 wb=$C000
  T $CD93 cb=-1 S=$F9 depth=8 wb=$C000
  C $CD93 cb=-1 S=$F9 depth=8 wb=$C000
  D $CDE7 cb=-1 S=$F9 depth=6 wb=$C000
  C $CDE7 cb=-1 S=$F9 depth=6 wb=$C000
  T $CEF0 cb=-1 S=$F9 depth=7 wb=$C000
  C $CEF0 cb=-1 S=$F9 depth=7 wb=$C000
  D $CDE7 cb=-1 S=$F9 depth=6 wb=$C000
  C $CDE7 cb=-1 S=$F9 depth=6 wb=$C000
  T $CEAC cb=-1 S=$F9 depth=7 wb=$C000
  C $CEAC cb=-1 S=$F9 depth=7 wb=$C000
  C $CD5F cb=-1 S=$F9 depth=8 wb=$C000
  T $FF01 cb=-1 S=$FB depth=8 wb=$C000
  C $FF01 cb=-1 S=$FB depth=8 wb=$C000
  C $CD7D cb=-1 S=$FB depth=5 wb=$C000
  T $CDE7 cb=-1 S=$FB depth=6 wb=$C000
  C $CDE7 cb=-1 S=$FB depth=6 wb=$C000
  T $CE78 cb=-1 S=$FB depth=7 wb=$C000
  C $CE78 cb=-1 S=$FB depth=7 wb=$C000
  C $CD5F cb=-1 S=$FB depth=8 wb=$C000
  T $2201 cb=-1 S=$FD depth=8 wb=$C000
  C $2201 cb=-1 S=$FD depth=8 wb=$C000
=== end dispatch fault ===

=== dispatch fault 5 frame=213 cycles=6612883 ===
target gen=$4C01 cpu=$4C01 bank=3 class=ZERO_FILLED call_site=$200A
cpu A=$00 X=$03 Y=$02 P=$00 S=$FB window=$C000 dispatch_depth=9 vblank_depth=2 ops=1610 budget=29780
mapper type=4 current_bank=3 mirroring=3 select=$07 irq_latch=$7F irq_counter=$00 irq_reload=1 irq_enabled=1
mapper_regs 3C 3E 00 00 00 00 06 07
caller func_CF25
caller2 func_CDE7
target_bytes 00 00 00 00 00 00 00 00
stack_bytes 0A 20 00 00 00 00 00 00 00 00 00 00 00 00 00 00
last_dispatches
  C $CD7D cb=-1 S=$F9 depth=5 wb=$C000
  T $CD50 cb=-1 S=$F9 depth=6 wb=$C000
  C $CD50 cb=-1 S=$F9 depth=6 wb=$C000
  C $CD7D cb=-1 S=$F9 depth=5 wb=$C000
  T $CD50 cb=-1 S=$F9 depth=6 wb=$C000
  C $CD50 cb=-1 S=$F9 depth=6 wb=$C000
  C $CD7D cb=-1 S=$F9 depth=5 wb=$C000
  T $CD50 cb=-1 S=$F9 depth=6 wb=$C000
  C $CD50 cb=-1 S=$F9 depth=6 wb=$C000
  C $CD30 cb=-1 S=$F9 depth=4 wb=$C000
  C $CC71 cb=-1 S=$F9 depth=4 wb=$C000
  C $CCDA cb=-1 S=$F9 depth=4 wb=$C000
  C $CC71 cb=-1 S=$F9 depth=4 wb=$C000
  T $CC61 cb=-1 S=$F9 depth=5 wb=$C000
  C $CC61 cb=-1 S=$F9 depth=5 wb=$C000
  C $CCDA cb=-1 S=$F9 depth=4 wb=$C000
  C $CC71 cb=-1 S=$F9 depth=4 wb=$C000
  T $CC61 cb=-1 S=$F9 depth=5 wb=$C000
  C $CC61 cb=-1 S=$F9 depth=5 wb=$C000
  C $CCDA cb=-1 S=$F9 depth=4 wb=$C000
  C $CC71 cb=-1 S=$F9 depth=4 wb=$C000
  T $CC61 cb=-1 S=$F9 depth=5 wb=$C000
  C $CC61 cb=-1 S=$F9 depth=5 wb=$C000
  n $0002 cb=-1 S=$FF depth=3 wb=$E000
  T $E9AE cb=-1 S=$F9 depth=3 wb=$E000
  C $E9AE cb=-1 S=$F9 depth=3 wb=$E000
  T $D9F0 cb=-1 S=$FF depth=3 wb=$E000
  C $D9F0 cb=-1 S=$FF depth=3 wb=$E000
  C $DBAF cb=-1 S=$FF depth=3 wb=$C000
  C $8021 cb=-1 S=$FF depth=4 wb=$C000
  T $89BF cb=6 S=$FF depth=5 wb=$8000
  C $89BF cb=6 S=$FF depth=5 wb=$8000
  T $8749 cb=-1 S=$FF depth=6 wb=$E000
  C $8749 cb=-1 S=$FF depth=6 wb=$E000
  T $8749 cb=-1 S=$FF depth=6 wb=$E000
  C $8749 cb=-1 S=$FF depth=6 wb=$E000
  T $8749 cb=-1 S=$FF depth=6 wb=$E000
  C $8749 cb=-1 S=$FF depth=6 wb=$E000
  T $8749 cb=-1 S=$FF depth=6 wb=$E000
  C $8749 cb=-1 S=$FF depth=6 wb=$E000
  C $DB65 cb=-1 S=$FF depth=3 wb=$C000
  C $DB92 cb=-1 S=$FF depth=3 wb=$C000
  C $D341 cb=-1 S=$FF depth=4 wb=$C000
  T $D377 cb=-1 S=$FF depth=4 wb=$C000
  C $D377 cb=-1 S=$FF depth=4 wb=$C000
  N $0002 cb=-1 S=$FC depth=3 wb=$E000
  C $DE39 cb=-1 S=$F9 depth=3 wb=$C000
  T $E11E cb=-1 S=$F9 depth=4 wb=$C000
  C $E11E cb=-1 S=$F9 depth=4 wb=$C000
  T $E11E cb=-1 S=$F9 depth=3 wb=$E000
  C $E11E cb=-1 S=$F9 depth=3 wb=$E000
  C $DCCE cb=-1 S=$F9 depth=3 wb=$C000
  C $CB25 cb=-1 S=$F9 depth=3 wb=$C000
  C $CD30 cb=-1 S=$F9 depth=4 wb=$C000
  C $CD7D cb=-1 S=$F9 depth=5 wb=$C000
  C $CD5F cb=-1 S=$F9 depth=6 wb=$C000
  C $CD7D cb=-1 S=$F9 depth=5 wb=$C000
  T $CDE7 cb=-1 S=$F9 depth=6 wb=$C000
  C $CDE7 cb=-1 S=$F9 depth=6 wb=$C000
  T $CF25 cb=-1 S=$F9 depth=7 wb=$C000
  C $CF25 cb=-1 S=$F9 depth=7 wb=$C000
  C $CD5F cb=-1 S=$F9 depth=8 wb=$C000
  T $4C01 cb=-1 S=$FB depth=8 wb=$C000
  C $4C01 cb=-1 S=$FB depth=8 wb=$C000
=== end dispatch fault ===

=== dispatch fault 6 frame=561 cycles=23677021 ===
target gen=$4001 cpu=$4001 bank=3 class=ZERO_FILLED call_site=$2300
cpu A=$00 X=$07 Y=$03 P=$00 S=$FC window=$C000 dispatch_depth=9 vblank_depth=2 ops=1522 budget=29781
mapper type=4 current_bank=3 mirroring=3 select=$07 irq_latch=$7F irq_counter=$00 irq_reload=1 irq_enabled=1
mapper_regs 3C 3E 00 00 00 00 06 07
caller func_CE9C
caller2 func_CDE7
target_bytes 00 00 00 00 00 00 00 00
stack_bytes 00 23 00 00 EF 00 00 00 00 00 00 04 00 00 00 00
last_dispatches
  N $0002 cb=-1 S=$FD depth=3 wb=$E000
  C $DE39 cb=-1 S=$FA depth=3 wb=$C000
  T $E11E cb=-1 S=$FA depth=4 wb=$C000
  C $E11E cb=-1 S=$FA depth=4 wb=$C000
  T $E11E cb=-1 S=$FA depth=3 wb=$E000
  C $E11E cb=-1 S=$FA depth=3 wb=$E000
  C $DCCE cb=-1 S=$FA depth=3 wb=$C000
  C $CB25 cb=-1 S=$FA depth=3 wb=$C000
  C $CD30 cb=-1 S=$FA depth=4 wb=$C000
  C $CD30 cb=-1 S=$FA depth=4 wb=$C000
  C $CD7D cb=-1 S=$FA depth=5 wb=$C000
  T $CD50 cb=-1 S=$FA depth=6 wb=$C000
  C $CD50 cb=-1 S=$FA depth=6 wb=$C000
  C $CD7D cb=-1 S=$FA depth=5 wb=$C000
  T $CD50 cb=-1 S=$FA depth=6 wb=$C000
  C $CD50 cb=-1 S=$FA depth=6 wb=$C000
  C $CD7D cb=-1 S=$FA depth=5 wb=$C000
  T $CD50 cb=-1 S=$FA depth=6 wb=$C000
  C $CD50 cb=-1 S=$FA depth=6 wb=$C000
  C $CC71 cb=-1 S=$FA depth=4 wb=$C000
  C $CCDA cb=-1 S=$FA depth=4 wb=$C000
  C $CC71 cb=-1 S=$FA depth=4 wb=$C000
  C $CCDA cb=-1 S=$FA depth=4 wb=$C000
  C $CC71 cb=-1 S=$FA depth=4 wb=$C000
  C $CCDA cb=-1 S=$FA depth=4 wb=$C000
  C $CC71 cb=-1 S=$FA depth=4 wb=$C000
  T $CC66 cb=-1 S=$FA depth=5 wb=$C000
  C $CC66 cb=-1 S=$FA depth=5 wb=$C000
  n $0002 cb=-1 S=$00 depth=3 wb=$E000
  T $E9AE cb=-1 S=$FA depth=3 wb=$E000
  C $E9AE cb=-1 S=$FA depth=3 wb=$E000
  T $D9F0 cb=-1 S=$00 depth=3 wb=$E000
  C $D9F0 cb=-1 S=$00 depth=3 wb=$E000
  C $DBAF cb=-1 S=$00 depth=3 wb=$C000
  C $8021 cb=-1 S=$00 depth=4 wb=$C000
  T $89BF cb=6 S=$00 depth=5 wb=$8000
  C $89BF cb=6 S=$00 depth=5 wb=$8000
  T $8749 cb=-1 S=$00 depth=6 wb=$E000
  C $8749 cb=-1 S=$00 depth=6 wb=$E000
  T $8749 cb=-1 S=$00 depth=6 wb=$E000
  C $8749 cb=-1 S=$00 depth=6 wb=$E000
  T $8749 cb=-1 S=$00 depth=6 wb=$E000
  C $8749 cb=-1 S=$00 depth=6 wb=$E000
  T $8749 cb=-1 S=$00 depth=6 wb=$E000
  C $8749 cb=-1 S=$00 depth=6 wb=$E000
  C $D377 cb=-1 S=$00 depth=3 wb=$C000
  N $0002 cb=-1 S=$FD depth=3 wb=$E000
  C $DE39 cb=-1 S=$FA depth=3 wb=$C000
  T $E11E cb=-1 S=$FA depth=4 wb=$C000
  C $E11E cb=-1 S=$FA depth=4 wb=$C000
  T $E11E cb=-1 S=$FA depth=3 wb=$E000
  C $E11E cb=-1 S=$FA depth=3 wb=$E000
  C $DCCE cb=-1 S=$FA depth=3 wb=$C000
  C $CB25 cb=-1 S=$FA depth=3 wb=$C000
  C $CD30 cb=-1 S=$FA depth=4 wb=$C000
  C $CD30 cb=-1 S=$FA depth=4 wb=$C000
  C $CD7D cb=-1 S=$FA depth=5 wb=$C000
  T $CDE7 cb=-1 S=$FA depth=6 wb=$C000
  C $CDE7 cb=-1 S=$FA depth=6 wb=$C000
  T $CE9C cb=-1 S=$FA depth=7 wb=$C000
  C $CE9C cb=-1 S=$FA depth=7 wb=$C000
  C $CD5F cb=-1 S=$FA depth=8 wb=$C000
  T $4001 cb=-1 S=$FC depth=8 wb=$C000
  C $4001 cb=-1 S=$FC depth=8 wb=$C000
=== end dispatch fault ===

=== dispatch fault 7 frame=1301 cycles=45714601 ===
target gen=$3001 cpu=$3001 bank=3 class=ZERO_FILLED call_site=$2153
cpu A=$00 X=$06 Y=$03 P=$00 S=$00 window=$C000 dispatch_depth=9 vblank_depth=2 ops=1532 budget=29781
mapper type=4 current_bank=3 mirroring=3 select=$07 irq_latch=$7F irq_counter=$00 irq_reload=1 irq_enabled=1
mapper_regs 3C 3E 00 00 00 00 06 07
caller func_CEC6
caller2 func_CDE7
target_bytes 00 00 00 00 00 00 00 00
stack_bytes 53 21 00 00 B2 00 00 04 00 00 00 00 00 00 00 00
last_dispatches
  C $D377 cb=-1 S=$04 depth=4 wb=$C000
  N $0002 cb=-1 S=$01 depth=3 wb=$E000
  C $DE39 cb=-1 S=$FE depth=3 wb=$C000
  T $E11E cb=-1 S=$FE depth=4 wb=$C000
  C $E11E cb=-1 S=$FE depth=4 wb=$C000
  T $E11E cb=-1 S=$FE depth=3 wb=$E000
  C $E11E cb=-1 S=$FE depth=3 wb=$E000
  C $DCCE cb=-1 S=$FE depth=3 wb=$C000
  C $CB25 cb=-1 S=$FE depth=3 wb=$C000
  C $CD30 cb=-1 S=$FE depth=4 wb=$C000
  C $CD30 cb=-1 S=$FE depth=4 wb=$C000
  C $CD7D cb=-1 S=$FE depth=5 wb=$C000
  T $CD50 cb=-1 S=$FE depth=6 wb=$C000
  C $CD50 cb=-1 S=$FE depth=6 wb=$C000
  C $CD7D cb=-1 S=$FE depth=5 wb=$C000
  T $CD50 cb=-1 S=$FE depth=6 wb=$C000
  C $CD50 cb=-1 S=$FE depth=6 wb=$C000
  C $CC71 cb=-1 S=$FE depth=4 wb=$C000
  C $CCDA cb=-1 S=$FE depth=4 wb=$C000
  C $CC71 cb=-1 S=$FE depth=4 wb=$C000
  C $CCDA cb=-1 S=$FE depth=4 wb=$C000
  C $CC71 cb=-1 S=$FE depth=4 wb=$C000
  T $CC61 cb=-1 S=$FE depth=5 wb=$C000
  C $CC61 cb=-1 S=$FE depth=5 wb=$C000
  C $CCDA cb=-1 S=$FE depth=4 wb=$C000
  C $CC71 cb=-1 S=$FE depth=4 wb=$C000
  T $CC66 cb=-1 S=$FE depth=5 wb=$C000
  C $CC66 cb=-1 S=$FE depth=5 wb=$C000
  n $0002 cb=-1 S=$04 depth=3 wb=$E000
  T $E9AE cb=-1 S=$FE depth=3 wb=$E000
  C $E9AE cb=-1 S=$FE depth=3 wb=$E000
  T $D9F0 cb=-1 S=$04 depth=3 wb=$E000
  C $D9F0 cb=-1 S=$04 depth=3 wb=$E000
  C $DBAF cb=-1 S=$04 depth=3 wb=$C000
  C $8021 cb=-1 S=$04 depth=4 wb=$C000
  T $89BF cb=6 S=$04 depth=5 wb=$8000
  C $89BF cb=6 S=$04 depth=5 wb=$8000
  T $8749 cb=-1 S=$04 depth=6 wb=$E000
  C $8749 cb=-1 S=$04 depth=6 wb=$E000
  T $8749 cb=-1 S=$04 depth=6 wb=$E000
  C $8749 cb=-1 S=$04 depth=6 wb=$E000
  T $8749 cb=-1 S=$04 depth=6 wb=$E000
  C $8749 cb=-1 S=$04 depth=6 wb=$E000
  T $8749 cb=-1 S=$04 depth=6 wb=$E000
  C $8749 cb=-1 S=$04 depth=6 wb=$E000
  C $D377 cb=-1 S=$04 depth=3 wb=$C000
  N $0002 cb=-1 S=$01 depth=3 wb=$E000
  C $DE39 cb=-1 S=$FE depth=3 wb=$C000
  T $E11E cb=-1 S=$FE depth=4 wb=$C000
  C $E11E cb=-1 S=$FE depth=4 wb=$C000
  T $E11E cb=-1 S=$FE depth=3 wb=$E000
  C $E11E cb=-1 S=$FE depth=3 wb=$E000
  C $DCCE cb=-1 S=$FE depth=3 wb=$C000
  C $CB25 cb=-1 S=$FE depth=3 wb=$C000
  C $CD30 cb=-1 S=$FE depth=4 wb=$C000
  C $CD30 cb=-1 S=$FE depth=4 wb=$C000
  C $CD7D cb=-1 S=$FE depth=5 wb=$C000
  T $CDE7 cb=-1 S=$FE depth=6 wb=$C000
  C $CDE7 cb=-1 S=$FE depth=6 wb=$C000
  T $CEC6 cb=-1 S=$FE depth=7 wb=$C000
  C $CEC6 cb=-1 S=$FE depth=7 wb=$C000
  C $CD5F cb=-1 S=$FE depth=8 wb=$C000
  T $3001 cb=-1 S=$00 depth=8 wb=$C000
  C $3001 cb=-1 S=$00 depth=8 wb=$C000
=== end dispatch fault ===

=== dispatch fault 1 frame=0 cycles=124656 ===
target gen=$A009 cpu=$8009 bank=6 class=CODE call_site=$0000
cpu A=$0D X=$06 Y=$00 P=$00 S=$FF window=$8000 dispatch_depth=3 vblank_depth=0 ops=5534 budget=29781
mapper type=4 current_bank=6 mirroring=2 select=$06 irq_latch=$00 irq_counter=$00 irq_reload=0 irq_enabled=0
mapper_regs 00 00 00 00 00 00 0D 07
caller (none)
caller2 (none)
target_bytes 4C 15 80 4C 50 80 4C F1
stack_bytes 00 00 00 00 00 00 00 00 00 00 00 00 00 00 00 00
last_dispatches
  T $D269 cb=-1 S=$FD depth=0 wb=$E000
  C $D269 cb=-1 S=$FD depth=0 wb=$E000
  C $D2F6 cb=-1 S=$FF depth=1 wb=$C000
  C $CFBF cb=-1 S=$FF depth=1 wb=$C000
  C $CFF3 cb=-1 S=$FF depth=2 wb=$C000
  T $D406 cb=-1 S=$FF depth=1 wb=$C000
  C $D406 cb=-1 S=$FF depth=1 wb=$C000
  C $8009 cb=-1 S=$FF depth=2 wb=$C000
=== end dispatch fault ===

=== dispatch fault 2 frame=0 cycles=191343 ===
target gen=$A003 cpu=$8003 bank=6 class=CODE call_site=$0000
cpu A=$05 X=$10 Y=$00 P=$00 S=$FF window=$8000 dispatch_depth=4 vblank_depth=0 ops=12659 budget=29780
mapper type=4 current_bank=6 mirroring=3 select=$07 irq_latch=$00 irq_counter=$00 irq_reload=0 irq_enabled=0
mapper_regs 00 00 00 00 00 00 0D 05
caller (none)
caller2 (none)
target_bytes 4C 85 86 4C 95 87 4C 15
stack_bytes 00 00 00 00 00 00 00 00 00 00 00 00 00 00 00 00
last_dispatches
  C $884E cb=6 S=$FF depth=6 wb=$8000
  C $884E cb=6 S=$FF depth=6 wb=$8000
  C $884E cb=6 S=$FF depth=6 wb=$8000
  C $884E cb=6 S=$FF depth=6 wb=$8000
  C $884E cb=6 S=$FF depth=6 wb=$8000
  C $884E cb=6 S=$FF depth=6 wb=$8000
  C $884E cb=6 S=$FF depth=6 wb=$8000
  C $884E cb=6 S=$FF depth=6 wb=$8000
  C $884E cb=6 S=$FF depth=6 wb=$8000
  C $884E cb=6 S=$FF depth=6 wb=$8000
  C $884E cb=6 S=$FF depth=6 wb=$8000
  C $884E cb=6 S=$FF depth=6 wb=$8000
  C $884E cb=6 S=$FF depth=6 wb=$8000
  C $884E cb=6 S=$FF depth=6 wb=$8000
  C $884E cb=6 S=$FF depth=6 wb=$8000
  C $884E cb=6 S=$FF depth=6 wb=$8000
  C $884E cb=6 S=$FF depth=6 wb=$8000
  C $884E cb=6 S=$FF depth=6 wb=$8000
  C $884E cb=6 S=$FF depth=6 wb=$8000
  C $884E cb=6 S=$FF depth=6 wb=$8000
  C $884E cb=6 S=$FF depth=6 wb=$8000
  C $884E cb=6 S=$FF depth=6 wb=$8000
  C $884E cb=6 S=$FF depth=6 wb=$8000
  C $884E cb=6 S=$FF depth=6 wb=$8000
  C $884E cb=6 S=$FF depth=6 wb=$8000
  C $884E cb=6 S=$FF depth=6 wb=$8000
  C $884E cb=6 S=$FF depth=6 wb=$8000
  C $884E cb=6 S=$FF depth=6 wb=$8000
  C $884E cb=6 S=$FF depth=6 wb=$8000
  C $884E cb=6 S=$FF depth=6 wb=$8000
  C $884E cb=6 S=$FF depth=6 wb=$8000
  C $884E cb=6 S=$FF depth=6 wb=$8000
  C $884E cb=6 S=$FF depth=6 wb=$8000
  C $884E cb=6 S=$FF depth=6 wb=$8000
  C $884E cb=6 S=$FF depth=6 wb=$8000
  C $884E cb=6 S=$FF depth=6 wb=$8000
  C $884E cb=6 S=$FF depth=6 wb=$8000
  C $884E cb=6 S=$FF depth=6 wb=$8000
  C $884E cb=6 S=$FF depth=6 wb=$8000
  C $884E cb=6 S=$FF depth=6 wb=$8000
  C $884E cb=6 S=$FF depth=6 wb=$8000
  C $884E cb=6 S=$FF depth=6 wb=$8000
  C $884E cb=6 S=$FF depth=6 wb=$8000
  C $884E cb=6 S=$FF depth=6 wb=$8000
  C $884E cb=6 S=$FF depth=6 wb=$8000
  C $884E cb=6 S=$FF depth=6 wb=$8000
  C $884E cb=6 S=$FF depth=6 wb=$8000
  C $884E cb=6 S=$FF depth=6 wb=$8000
  C $884E cb=6 S=$FF depth=6 wb=$8000
  C $884E cb=6 S=$FF depth=6 wb=$8000
  C $884E cb=6 S=$FF depth=6 wb=$8000
  C $884E cb=6 S=$FF depth=6 wb=$8000
  C $884E cb=6 S=$FF depth=6 wb=$8000
  C $884E cb=6 S=$FF depth=6 wb=$8000
  C $884E cb=6 S=$FF depth=6 wb=$8000
  C $884E cb=6 S=$FF depth=6 wb=$8000
  C $884E cb=6 S=$FF depth=6 wb=$8000
  C $884E cb=6 S=$FF depth=6 wb=$8000
  C $884E cb=6 S=$FF depth=6 wb=$8000
  C $884E cb=6 S=$FF depth=6 wb=$8000
  C $884E cb=6 S=$FF depth=6 wb=$8000
  C $884E cb=6 S=$FF depth=6 wb=$8000
  C $884E cb=6 S=$FF depth=6 wb=$8000
  C $8003 cb=-1 S=$FF depth=3 wb=$C000
=== end dispatch fault ===

=== dispatch fault 3 frame=186 cycles=5809662 ===
target gen=$FF01 cpu=$FF01 bank=7 class=ZERO_FILLED call_site=$2200
cpu A=$00 X=$03 Y=$04 P=$00 S=$FB window=$E000 dispatch_depth=9 vblank_depth=2 ops=2463 budget=29781
mapper type=4 current_bank=3 mirroring=3 select=$07 irq_latch=$7F irq_counter=$00 irq_reload=1 irq_enabled=1
mapper_regs 3C 3E 00 00 00 00 06 07
caller func_CEAC
caller2 func_CDE7
target_bytes 00 00 00 00 00 00 00 00
stack_bytes 00 22 00 00 00 00 00 00 00 00 00 00 00 00 00 00
last_dispatches
  C $884E cb=6 S=$FF depth=6 wb=$8000
  C $884E cb=6 S=$FF depth=6 wb=$8000
  C $884E cb=6 S=$FF depth=6 wb=$8000
  C $884E cb=6 S=$FF depth=6 wb=$8000
  C $884E cb=6 S=$FF depth=6 wb=$8000
  C $884E cb=6 S=$FF depth=6 wb=$8000
  C $884E cb=6 S=$FF depth=6 wb=$8000
  C $884E cb=6 S=$FF depth=6 wb=$8000
  C $DB92 cb=-1 S=$FF depth=3 wb=$C000
  C $D341 cb=-1 S=$FF depth=4 wb=$C000
  T $D377 cb=-1 S=$FF depth=4 wb=$C000
  C $D377 cb=-1 S=$FF depth=4 wb=$C000
  C $DC27 cb=-1 S=$FF depth=3 wb=$C000
  C $DBAF cb=-1 S=$FF depth=3 wb=$C000
  C $8021 cb=-1 S=$FF depth=4 wb=$C000
  T $89BF cb=6 S=$FF depth=5 wb=$8000
  C $89BF cb=6 S=$FF depth=5 wb=$8000
  T $89DD cb=-1 S=$FF depth=6 wb=$E000
  C $89DD cb=-1 S=$FF depth=6 wb=$E000
  T $89DD cb=-1 S=$FF depth=6 wb=$E000
  C $89DD cb=-1 S=$FF depth=6 wb=$E000
  T $89DD cb=-1 S=$FF depth=6 wb=$E000
  C $89DD cb=-1 S=$FF depth=6 wb=$E000
  T $89DD cb=-1 S=$FF depth=6 wb=$E000
  C $89DD cb=-1 S=$FF depth=6 wb=$E000
  N $0002 cb=-1 S=$FC depth=3 wb=$E000
  C $DE39 cb=-1 S=$F9 depth=3 wb=$C000
  T $E11E cb=-1 S=$F9 depth=4 wb=$C000
  C $E11E cb=-1 S=$F9 depth=4 wb=$C000
  T $E11E cb=-1 S=$F9 depth=3 wb=$E000
  C $E11E cb=-1 S=$F9 depth=3 wb=$E000
  C $DCCE cb=-1 S=$F9 depth=3 wb=$C000
  C $CB25 cb=-1 S=$F9 depth=3 wb=$C000
  C $CF72 cb=-1 S=$F9 depth=4 wb=$C000
  C $CFF3 cb=-1 S=$F9 depth=4 wb=$C000
  C $CD30 cb=-1 S=$F9 depth=4 wb=$C000
  C $CD7D cb=-1 S=$F9 depth=5 wb=$C000
  T $CDE7 cb=-1 S=$F9 depth=6 wb=$C000
  C $CDE7 cb=-1 S=$F9 depth=6 wb=$C000
  T $CEAC cb=-1 S=$F9 depth=7 wb=$C000
  C $CEAC cb=-1 S=$F9 depth=7 wb=$C000
  D $CDE7 cb=-1 S=$F9 depth=6 wb=$C000
  C $CDE7 cb=-1 S=$F9 depth=6 wb=$C000
  T $CEF0 cb=-1 S=$F9 depth=7 wb=$C000
  C $CEF0 cb=-1 S=$F9 depth=7 wb=$C000
  C $CD5F cb=-1 S=$F9 depth=8 wb=$C000
  C $CD7D cb=-1 S=$F9 depth=5 wb=$C000
  T $CDE7 cb=-1 S=$F9 depth=6 wb=$C000
  C $CDE7 cb=-1 S=$F9 depth=6 wb=$C000
  T $CE4C cb=-1 S=$F9 depth=7 wb=$C000
  C $CE4C cb=-1 S=$F9 depth=7 wb=$C000
  T $CD93 cb=-1 S=$F9 depth=8 wb=$C000
  C $CD93 cb=-1 S=$F9 depth=8 wb=$C000
  D $CDE7 cb=-1 S=$F9 depth=6 wb=$C000
  C $CDE7 cb=-1 S=$F9 depth=6 wb=$C000
  T $CEF0 cb=-1 S=$F9 depth=7 wb=$C000
  C $CEF0 cb=-1 S=$F9 depth=7 wb=$C000
  D $CDE7 cb=-1 S=$F9 depth=6 wb=$C000
  C $CDE7 cb=-1 S=$F9 depth=6 wb=$C000
  T $CEAC cb=-1 S=$F9 depth=7 wb=$C000
  C $CEAC cb=-1 S=$F9 depth=7 wb=$C000
  C $CD5F cb=-1 S=$F9 depth=8 wb=$C000
  T $FF01 cb=-1 S=$FB depth=8 wb=$C000
  C $FF01 cb=-1 S=$FB depth=8 wb=$C000
=== end dispatch fault ===

=== dispatch fault 4 frame=186 cycles=5809962 ===
target gen=$2201 cpu=$2201 bank=3 class=ZERO_FILLED call_site=$0000
cpu A=$00 X=$02 Y=$04 P=$00 S=$FD window=$C000 dispatch_depth=9 vblank_depth=2 ops=2763 budget=29781
mapper type=4 current_bank=3 mirroring=3 select=$07 irq_latch=$7F irq_counter=$00 irq_reload=1 irq_enabled=1
mapper_regs 3C 3E 00 00 00 00 06 07
caller func_CE78
caller2 func_CDE7
target_bytes 00 00 00 00 00 00 00 00
stack_bytes 00 00 00 00 00 00 00 00 00 00 00 00 00 00 00 00
last_dispatches
  C $DB92 cb=-1 S=$FF depth=3 wb=$C000
  C $D341 cb=-1 S=$FF depth=4 wb=$C000
  T $D377 cb=-1 S=$FF depth=4 wb=$C000
  C $D377 cb=-1 S=$FF depth=4 wb=$C000
  C $DC27 cb=-1 S=$FF depth=3 wb=$C000
  C $DBAF cb=-1 S=$FF depth=3 wb=$C000
  C $8021 cb=-1 S=$FF depth=4 wb=$C000
  T $89BF cb=6 S=$FF depth=5 wb=$8000
  C $89BF cb=6 S=$FF depth=5 wb=$8000
  T $89DD cb=-1 S=$FF depth=6 wb=$E000
  C $89DD cb=-1 S=$FF depth=6 wb=$E000
  T $89DD cb=-1 S=$FF depth=6 wb=$E000
  C $89DD cb=-1 S=$FF depth=6 wb=$E000
  T $89DD cb=-1 S=$FF depth=6 wb=$E000
  C $89DD cb=-1 S=$FF depth=6 wb=$E000
  T $89DD cb=-1 S=$FF depth=6 wb=$E000
  C $89DD cb=-1 S=$FF depth=6 wb=$E000
  N $0002 cb=-1 S=$FC depth=3 wb=$E000
  C $DE39 cb=-1 S=$F9 depth=3 wb=$C000
  T $E11E cb=-1 S=$F9 depth=4 wb=$C000
  C $E11E cb=-1 S=$F9 depth=4 wb=$C000
  T $E11E cb=-1 S=$F9 depth=3 wb=$E000
  C $E11E cb=-1 S=$F9 depth=3 wb=$E000
  C $DCCE cb=-1 S=$F9 depth=3 wb=$C000
  C $CB25 cb=-1 S=$F9 depth=3 wb=$C000
  C $CF72 cb=-1 S=$F9 depth=4 wb=$C000
  C $CFF3 cb=-1 S=$F9 depth=4 wb=$C000
  C $CD30 cb=-1 S=$F9 depth=4 wb=$C000
  C $CD7D cb=-1 S=$F9 depth=5 wb=$C000
  T $CDE7 cb=-1 S=$F9 depth=6 wb=$C000
  C $CDE7 cb=-1 S=$F9 depth=6 wb=$C000
  T $CEAC cb=-1 S=$F9 depth=7 wb=$C000
  C $CEAC cb=-1 S=$F9 depth=7 wb=$C000
  D $CDE7 cb=-1 S=$F9 depth=6 wb=$C000
  C $CDE7 cb=-1 S=$F9 depth=6 wb=$C000
  T $CEF0 cb=-1 S=$F9 depth=7 wb=$C000
  C $CEF0 cb=-1 S=$F9 depth=7 wb=$C000
  C $CD5F cb=-1 S=$F9 depth=8 wb=$C000
  C $CD7D cb=-1 S=$F9 depth=5 wb=$C000
  T $CDE7 cb=-1 S=$F9 depth=6 wb=$C000
  C $CDE7 cb=-1 S=$F9 depth=6 wb=$C000
  T $CE4C cb=-1 S=$F9 depth=7 wb=$C000
  C $CE4C cb=-1 S=$F9 depth=7 wb=$C000
  T $CD93 cb=-1 S=$F9 depth=8 wb=$C000
  C $CD93 cb=-1 S=$F9 depth=8 wb=$C000
  D $CDE7 cb=-1 S=$F9 depth=6 wb=$C000
  C $CDE7 cb=-1 S=$F9 depth=6 wb=$C000
  T $CEF0 cb=-1 S=$F9 depth=7 wb=$C000
  C $CEF0 cb=-1 S=$F9 depth=7 wb=$C000
  D $CDE7 cb=-1 S=$F9 depth=6 wb=$C000
  C $CDE7 cb=-1 S=$F9 depth=6 wb=$C000
  T $CEAC cb=-1 S=$F9 depth=7 wb=$C000
  C $CEAC cb=-1 S=$F9 depth=7 wb=$C000
  C $CD5F cb=-1 S=$F9 depth=8 wb=$C000
  T $FF01 cb=-1 S=$FB depth=8 wb=$C000
  C $FF01 cb=-1 S=$FB depth=8 wb=$C000
  C $CD7D cb=-1 S=$FB depth=5 wb=$C000
  T $CDE7 cb=-1 S=$FB depth=6 wb=$C000
  C $CDE7 cb=-1 S=$FB depth=6 wb=$C000
  T $CE78 cb=-1 S=$FB depth=7 wb=$C000
  C $CE78 cb=-1 S=$FB depth=7 wb=$C000
  C $CD5F cb=-1 S=$FB depth=8 wb=$C000
  T $2201 cb=-1 S=$FD depth=8 wb=$C000
  C $2201 cb=-1 S=$FD depth=8 wb=$C000
=== end dispatch fault ===

=== dispatch fault 5 frame=213 cycles=6612883 ===
target gen=$4C01 cpu=$4C01 bank=3 class=ZERO_FILLED call_site=$200A
cpu A=$00 X=$03 Y=$02 P=$00 S=$FB window=$C000 dispatch_depth=9 vblank_depth=2 ops=1610 budget=29780
mapper type=4 current_bank=3 mirroring=3 select=$07 irq_latch=$7F irq_counter=$00 irq_reload=1 irq_enabled=1
mapper_regs 3C 3E 00 00 00 00 06 07
caller func_CF25
caller2 func_CDE7
target_bytes 00 00 00 00 00 00 00 00
stack_bytes 0A 20 00 00 00 00 00 00 00 00 00 00 00 00 00 00
last_dispatches
  C $CD7D cb=-1 S=$F9 depth=5 wb=$C000
  T $CD50 cb=-1 S=$F9 depth=6 wb=$C000
  C $CD50 cb=-1 S=$F9 depth=6 wb=$C000
  C $CD7D cb=-1 S=$F9 depth=5 wb=$C000
  T $CD50 cb=-1 S=$F9 depth=6 wb=$C000
  C $CD50 cb=-1 S=$F9 depth=6 wb=$C000
  C $CD7D cb=-1 S=$F9 depth=5 wb=$C000
  T $CD50 cb=-1 S=$F9 depth=6 wb=$C000
  C $CD50 cb=-1 S=$F9 depth=6 wb=$C000
  C $CD30 cb=-1 S=$F9 depth=4 wb=$C000
  C $CC71 cb=-1 S=$F9 depth=4 wb=$C000
  C $CCDA cb=-1 S=$F9 depth=4 wb=$C000
  C $CC71 cb=-1 S=$F9 depth=4 wb=$C000
  T $CC61 cb=-1 S=$F9 depth=5 wb=$C000
  C $CC61 cb=-1 S=$F9 depth=5 wb=$C000
  C $CCDA cb=-1 S=$F9 depth=4 wb=$C000
  C $CC71 cb=-1 S=$F9 depth=4 wb=$C000
  T $CC61 cb=-1 S=$F9 depth=5 wb=$C000
  C $CC61 cb=-1 S=$F9 depth=5 wb=$C000
  C $CCDA cb=-1 S=$F9 depth=4 wb=$C000
  C $CC71 cb=-1 S=$F9 depth=4 wb=$C000
  T $CC61 cb=-1 S=$F9 depth=5 wb=$C000
  C $CC61 cb=-1 S=$F9 depth=5 wb=$C000
  n $0002 cb=-1 S=$FF depth=3 wb=$E000
  T $E9AE cb=-1 S=$F9 depth=3 wb=$E000
  C $E9AE cb=-1 S=$F9 depth=3 wb=$E000
  T $D9F0 cb=-1 S=$FF depth=3 wb=$E000
  C $D9F0 cb=-1 S=$FF depth=3 wb=$E000
  C $DBAF cb=-1 S=$FF depth=3 wb=$C000
  C $8021 cb=-1 S=$FF depth=4 wb=$C000
  T $89BF cb=6 S=$FF depth=5 wb=$8000
  C $89BF cb=6 S=$FF depth=5 wb=$8000
  T $8749 cb=-1 S=$FF depth=6 wb=$E000
  C $8749 cb=-1 S=$FF depth=6 wb=$E000
  T $8749 cb=-1 S=$FF depth=6 wb=$E000
  C $8749 cb=-1 S=$FF depth=6 wb=$E000
  T $8749 cb=-1 S=$FF depth=6 wb=$E000
  C $8749 cb=-1 S=$FF depth=6 wb=$E000
  T $8749 cb=-1 S=$FF depth=6 wb=$E000
  C $8749 cb=-1 S=$FF depth=6 wb=$E000
  C $DB65 cb=-1 S=$FF depth=3 wb=$C000
  C $DB92 cb=-1 S=$FF depth=3 wb=$C000
  C $D341 cb=-1 S=$FF depth=4 wb=$C000
  T $D377 cb=-1 S=$FF depth=4 wb=$C000
  C $D377 cb=-1 S=$FF depth=4 wb=$C000
  N $0002 cb=-1 S=$FC depth=3 wb=$E000
  C $DE39 cb=-1 S=$F9 depth=3 wb=$C000
  T $E11E cb=-1 S=$F9 depth=4 wb=$C000
  C $E11E cb=-1 S=$F9 depth=4 wb=$C000
  T $E11E cb=-1 S=$F9 depth=3 wb=$E000
  C $E11E cb=-1 S=$F9 depth=3 wb=$E000
  C $DCCE cb=-1 S=$F9 depth=3 wb=$C000
  C $CB25 cb=-1 S=$F9 depth=3 wb=$C000
  C $CD30 cb=-1 S=$F9 depth=4 wb=$C000
  C $CD7D cb=-1 S=$F9 depth=5 wb=$C000
  C $CD5F cb=-1 S=$F9 depth=6 wb=$C000
  C $CD7D cb=-1 S=$F9 depth=5 wb=$C000
  T $CDE7 cb=-1 S=$F9 depth=6 wb=$C000
  C $CDE7 cb=-1 S=$F9 depth=6 wb=$C000
  T $CF25 cb=-1 S=$F9 depth=7 wb=$C000
  C $CF25 cb=-1 S=$F9 depth=7 wb=$C000
  C $CD5F cb=-1 S=$F9 depth=8 wb=$C000
  T $4C01 cb=-1 S=$FB depth=8 wb=$C000
  C $4C01 cb=-1 S=$FB depth=8 wb=$C000
=== end dispatch fault ===

=== dispatch fault 6 frame=561 cycles=23677021 ===
target gen=$4001 cpu=$4001 bank=3 class=ZERO_FILLED call_site=$2300
cpu A=$00 X=$07 Y=$03 P=$00 S=$FC window=$C000 dispatch_depth=9 vblank_depth=2 ops=1522 budget=29781
mapper type=4 current_bank=3 mirroring=3 select=$07 irq_latch=$7F irq_counter=$00 irq_reload=1 irq_enabled=1
mapper_regs 3C 3E 00 00 00 00 06 07
caller func_CE9C
caller2 func_CDE7
target_bytes 00 00 00 00 00 00 00 00
stack_bytes 00 23 00 00 EF 00 00 00 00 00 00 04 00 00 00 00
last_dispatches
  N $0002 cb=-1 S=$FD depth=3 wb=$E000
  C $DE39 cb=-1 S=$FA depth=3 wb=$C000
  T $E11E cb=-1 S=$FA depth=4 wb=$C000
  C $E11E cb=-1 S=$FA depth=4 wb=$C000
  T $E11E cb=-1 S=$FA depth=3 wb=$E000
  C $E11E cb=-1 S=$FA depth=3 wb=$E000
  C $DCCE cb=-1 S=$FA depth=3 wb=$C000
  C $CB25 cb=-1 S=$FA depth=3 wb=$C000
  C $CD30 cb=-1 S=$FA depth=4 wb=$C000
  C $CD30 cb=-1 S=$FA depth=4 wb=$C000
  C $CD7D cb=-1 S=$FA depth=5 wb=$C000
  T $CD50 cb=-1 S=$FA depth=6 wb=$C000
  C $CD50 cb=-1 S=$FA depth=6 wb=$C000
  C $CD7D cb=-1 S=$FA depth=5 wb=$C000
  T $CD50 cb=-1 S=$FA depth=6 wb=$C000
  C $CD50 cb=-1 S=$FA depth=6 wb=$C000
  C $CD7D cb=-1 S=$FA depth=5 wb=$C000
  T $CD50 cb=-1 S=$FA depth=6 wb=$C000
  C $CD50 cb=-1 S=$FA depth=6 wb=$C000
  C $CC71 cb=-1 S=$FA depth=4 wb=$C000
  C $CCDA cb=-1 S=$FA depth=4 wb=$C000
  C $CC71 cb=-1 S=$FA depth=4 wb=$C000
  C $CCDA cb=-1 S=$FA depth=4 wb=$C000
  C $CC71 cb=-1 S=$FA depth=4 wb=$C000
  C $CCDA cb=-1 S=$FA depth=4 wb=$C000
  C $CC71 cb=-1 S=$FA depth=4 wb=$C000
  T $CC66 cb=-1 S=$FA depth=5 wb=$C000
  C $CC66 cb=-1 S=$FA depth=5 wb=$C000
  n $0002 cb=-1 S=$00 depth=3 wb=$E000
  T $E9AE cb=-1 S=$FA depth=3 wb=$E000
  C $E9AE cb=-1 S=$FA depth=3 wb=$E000
  T $D9F0 cb=-1 S=$00 depth=3 wb=$E000
  C $D9F0 cb=-1 S=$00 depth=3 wb=$E000
  C $DBAF cb=-1 S=$00 depth=3 wb=$C000
  C $8021 cb=-1 S=$00 depth=4 wb=$C000
  T $89BF cb=6 S=$00 depth=5 wb=$8000
  C $89BF cb=6 S=$00 depth=5 wb=$8000
  T $8749 cb=-1 S=$00 depth=6 wb=$E000
  C $8749 cb=-1 S=$00 depth=6 wb=$E000
  T $8749 cb=-1 S=$00 depth=6 wb=$E000
  C $8749 cb=-1 S=$00 depth=6 wb=$E000
  T $8749 cb=-1 S=$00 depth=6 wb=$E000
  C $8749 cb=-1 S=$00 depth=6 wb=$E000
  T $8749 cb=-1 S=$00 depth=6 wb=$E000
  C $8749 cb=-1 S=$00 depth=6 wb=$E000
  C $D377 cb=-1 S=$00 depth=3 wb=$C000
  N $0002 cb=-1 S=$FD depth=3 wb=$E000
  C $DE39 cb=-1 S=$FA depth=3 wb=$C000
  T $E11E cb=-1 S=$FA depth=4 wb=$C000
  C $E11E cb=-1 S=$FA depth=4 wb=$C000
  T $E11E cb=-1 S=$FA depth=3 wb=$E000
  C $E11E cb=-1 S=$FA depth=3 wb=$E000
  C $DCCE cb=-1 S=$FA depth=3 wb=$C000
  C $CB25 cb=-1 S=$FA depth=3 wb=$C000
  C $CD30 cb=-1 S=$FA depth=4 wb=$C000
  C $CD30 cb=-1 S=$FA depth=4 wb=$C000
  C $CD7D cb=-1 S=$FA depth=5 wb=$C000
  T $CDE7 cb=-1 S=$FA depth=6 wb=$C000
  C $CDE7 cb=-1 S=$FA depth=6 wb=$C000
  T $CE9C cb=-1 S=$FA depth=7 wb=$C000
  C $CE9C cb=-1 S=$FA depth=7 wb=$C000
  C $CD5F cb=-1 S=$FA depth=8 wb=$C000
  T $4001 cb=-1 S=$FC depth=8 wb=$C000
  C $4001 cb=-1 S=$FC depth=8 wb=$C000
=== end dispatch fault ===

=== dispatch fault 7 frame=1301 cycles=45714599 ===
target gen=$3001 cpu=$3001 bank=3 class=ZERO_FILLED call_site=$2171
cpu A=$00 X=$06 Y=$03 P=$00 S=$00 window=$C000 dispatch_depth=9 vblank_depth=2 ops=1530 budget=29781
mapper type=4 current_bank=3 mirroring=3 select=$07 irq_latch=$7F irq_counter=$00 irq_reload=1 irq_enabled=1
mapper_regs 3C 3E 00 00 00 00 06 07
caller func_CEC6
caller2 func_CDE7
target_bytes 00 00 00 00 00 00 00 00
stack_bytes 71 21 00 00 B2 00 00 04 00 00 00 00 00 00 00 00
last_dispatches
  C $D377 cb=-1 S=$04 depth=4 wb=$C000
  N $0002 cb=-1 S=$01 depth=3 wb=$E000
  C $DE39 cb=-1 S=$FE depth=3 wb=$C000
  T $E11E cb=-1 S=$FE depth=4 wb=$C000
  C $E11E cb=-1 S=$FE depth=4 wb=$C000
  T $E11E cb=-1 S=$FE depth=3 wb=$E000
  C $E11E cb=-1 S=$FE depth=3 wb=$E000
  C $DCCE cb=-1 S=$FE depth=3 wb=$C000
  C $CB25 cb=-1 S=$FE depth=3 wb=$C000
  C $CD30 cb=-1 S=$FE depth=4 wb=$C000
  C $CD30 cb=-1 S=$FE depth=4 wb=$C000
  C $CD7D cb=-1 S=$FE depth=5 wb=$C000
  T $CD50 cb=-1 S=$FE depth=6 wb=$C000
  C $CD50 cb=-1 S=$FE depth=6 wb=$C000
  C $CD7D cb=-1 S=$FE depth=5 wb=$C000
  T $CD50 cb=-1 S=$FE depth=6 wb=$C000
  C $CD50 cb=-1 S=$FE depth=6 wb=$C000
  C $CC71 cb=-1 S=$FE depth=4 wb=$C000
  C $CCDA cb=-1 S=$FE depth=4 wb=$C000
  C $CC71 cb=-1 S=$FE depth=4 wb=$C000
  C $CCDA cb=-1 S=$FE depth=4 wb=$C000
  C $CC71 cb=-1 S=$FE depth=4 wb=$C000
  T $CC61 cb=-1 S=$FE depth=5 wb=$C000
  C $CC61 cb=-1 S=$FE depth=5 wb=$C000
  C $CCDA cb=-1 S=$FE depth=4 wb=$C000
  C $CC71 cb=-1 S=$FE depth=4 wb=$C000
  T $CC66 cb=-1 S=$FE depth=5 wb=$C000
  C $CC66 cb=-1 S=$FE depth=5 wb=$C000
  n $0002 cb=-1 S=$04 depth=3 wb=$E000
  T $E9AE cb=-1 S=$FE depth=3 wb=$E000
  C $E9AE cb=-1 S=$FE depth=3 wb=$E000
  T $D9F0 cb=-1 S=$04 depth=3 wb=$E000
  C $D9F0 cb=-1 S=$04 depth=3 wb=$E000
  C $DBAF cb=-1 S=$04 depth=3 wb=$C000
  C $8021 cb=-1 S=$04 depth=4 wb=$C000
  T $89BF cb=6 S=$04 depth=5 wb=$8000
  C $89BF cb=6 S=$04 depth=5 wb=$8000
  T $8749 cb=-1 S=$04 depth=6 wb=$E000
  C $8749 cb=-1 S=$04 depth=6 wb=$E000
  T $8749 cb=-1 S=$04 depth=6 wb=$E000
  C $8749 cb=-1 S=$04 depth=6 wb=$E000
  T $8749 cb=-1 S=$04 depth=6 wb=$E000
  C $8749 cb=-1 S=$04 depth=6 wb=$E000
  T $8749 cb=-1 S=$04 depth=6 wb=$E000
  C $8749 cb=-1 S=$04 depth=6 wb=$E000
  C $D377 cb=-1 S=$04 depth=3 wb=$C000
  N $0002 cb=-1 S=$01 depth=3 wb=$E000
  C $DE39 cb=-1 S=$FE depth=3 wb=$C000
  T $E11E cb=-1 S=$FE depth=4 wb=$C000
  C $E11E cb=-1 S=$FE depth=4 wb=$C000
  T $E11E cb=-1 S=$FE depth=3 wb=$E000
  C $E11E cb=-1 S=$FE depth=3 wb=$E000
  C $DCCE cb=-1 S=$FE depth=3 wb=$C000
  C $CB25 cb=-1 S=$FE depth=3 wb=$C000
  C $CD30 cb=-1 S=$FE depth=4 wb=$C000
  C $CD30 cb=-1 S=$FE depth=4 wb=$C000
  C $CD7D cb=-1 S=$FE depth=5 wb=$C000
  T $CDE7 cb=-1 S=$FE depth=6 wb=$C000
  C $CDE7 cb=-1 S=$FE depth=6 wb=$C000
  T $CEC6 cb=-1 S=$FE depth=7 wb=$C000
  C $CEC6 cb=-1 S=$FE depth=7 wb=$C000
  C $CD5F cb=-1 S=$FE depth=8 wb=$C000
  T $3001 cb=-1 S=$00 depth=8 wb=$C000
  C $3001 cb=-1 S=$00 depth=8 wb=$C000
=== end dispatch fault ===

=== dispatch fault 1 frame=0 cycles=124656 ===
target gen=$A009 cpu=$8009 bank=6 class=CODE call_site=$0000
cpu A=$0D X=$06 Y=$00 P=$00 S=$FF window=$8000 dispatch_depth=3 vblank_depth=0 ops=5534 budget=29781
mapper type=4 current_bank=6 mirroring=2 select=$06 irq_latch=$00 irq_counter=$00 irq_reload=0 irq_enabled=0
mapper_regs 00 00 00 00 00 00 0D 07
caller (none)
caller2 (none)
target_bytes 4C 15 80 4C 50 80 4C F1
stack_bytes 00 00 00 00 00 00 00 00 00 00 00 00 00 00 00 00
last_dispatches
  T $D269 cb=-1 S=$FD depth=0 wb=$E000
  C $D269 cb=-1 S=$FD depth=0 wb=$E000
  C $D2F6 cb=-1 S=$FF depth=1 wb=$C000
  C $CFBF cb=-1 S=$FF depth=1 wb=$C000
  C $CFF3 cb=-1 S=$FF depth=2 wb=$C000
  T $D406 cb=-1 S=$FF depth=1 wb=$C000
  C $D406 cb=-1 S=$FF depth=1 wb=$C000
  C $8009 cb=-1 S=$FF depth=2 wb=$C000
=== end dispatch fault ===

=== dispatch fault 2 frame=0 cycles=191343 ===
target gen=$A003 cpu=$8003 bank=6 class=CODE call_site=$0000
cpu A=$05 X=$10 Y=$00 P=$00 S=$FF window=$8000 dispatch_depth=4 vblank_depth=0 ops=12659 budget=29780
mapper type=4 current_bank=6 mirroring=3 select=$07 irq_latch=$00 irq_counter=$00 irq_reload=0 irq_enabled=0
mapper_regs 00 00 00 00 00 00 0D 05
caller (none)
caller2 (none)
target_bytes 4C 85 86 4C 95 87 4C 15
stack_bytes 00 00 00 00 00 00 00 00 00 00 00 00 00 00 00 00
last_dispatches
  C $884E cb=6 S=$FF depth=6 wb=$8000
  C $884E cb=6 S=$FF depth=6 wb=$8000
  C $884E cb=6 S=$FF depth=6 wb=$8000
  C $884E cb=6 S=$FF depth=6 wb=$8000
  C $884E cb=6 S=$FF depth=6 wb=$8000
  C $884E cb=6 S=$FF depth=6 wb=$8000
  C $884E cb=6 S=$FF depth=6 wb=$8000
  C $884E cb=6 S=$FF depth=6 wb=$8000
  C $884E cb=6 S=$FF depth=6 wb=$8000
  C $884E cb=6 S=$FF depth=6 wb=$8000
  C $884E cb=6 S=$FF depth=6 wb=$8000
  C $884E cb=6 S=$FF depth=6 wb=$8000
  C $884E cb=6 S=$FF depth=6 wb=$8000
  C $884E cb=6 S=$FF depth=6 wb=$8000
  C $884E cb=6 S=$FF depth=6 wb=$8000
  C $884E cb=6 S=$FF depth=6 wb=$8000
  C $884E cb=6 S=$FF depth=6 wb=$8000
  C $884E cb=6 S=$FF depth=6 wb=$8000
  C $884E cb=6 S=$FF depth=6 wb=$8000
  C $884E cb=6 S=$FF depth=6 wb=$8000
  C $884E cb=6 S=$FF depth=6 wb=$8000
  C $884E cb=6 S=$FF depth=6 wb=$8000
  C $884E cb=6 S=$FF depth=6 wb=$8000
  C $884E cb=6 S=$FF depth=6 wb=$8000
  C $884E cb=6 S=$FF depth=6 wb=$8000
  C $884E cb=6 S=$FF depth=6 wb=$8000
  C $884E cb=6 S=$FF depth=6 wb=$8000
  C $884E cb=6 S=$FF depth=6 wb=$8000
  C $884E cb=6 S=$FF depth=6 wb=$8000
  C $884E cb=6 S=$FF depth=6 wb=$8000
  C $884E cb=6 S=$FF depth=6 wb=$8000
  C $884E cb=6 S=$FF depth=6 wb=$8000
  C $884E cb=6 S=$FF depth=6 wb=$8000
  C $884E cb=6 S=$FF depth=6 wb=$8000
  C $884E cb=6 S=$FF depth=6 wb=$8000
  C $884E cb=6 S=$FF depth=6 wb=$8000
  C $884E cb=6 S=$FF depth=6 wb=$8000
  C $884E cb=6 S=$FF depth=6 wb=$8000
  C $884E cb=6 S=$FF depth=6 wb=$8000
  C $884E cb=6 S=$FF depth=6 wb=$8000
  C $884E cb=6 S=$FF depth=6 wb=$8000
  C $884E cb=6 S=$FF depth=6 wb=$8000
  C $884E cb=6 S=$FF depth=6 wb=$8000
  C $884E cb=6 S=$FF depth=6 wb=$8000
  C $884E cb=6 S=$FF depth=6 wb=$8000
  C $884E cb=6 S=$FF depth=6 wb=$8000
  C $884E cb=6 S=$FF depth=6 wb=$8000
  C $884E cb=6 S=$FF depth=6 wb=$8000
  C $884E cb=6 S=$FF depth=6 wb=$8000
  C $884E cb=6 S=$FF depth=6 wb=$8000
  C $884E cb=6 S=$FF depth=6 wb=$8000
  C $884E cb=6 S=$FF depth=6 wb=$8000
  C $884E cb=6 S=$FF depth=6 wb=$8000
  C $884E cb=6 S=$FF depth=6 wb=$8000
  C $884E cb=6 S=$FF depth=6 wb=$8000
  C $884E cb=6 S=$FF depth=6 wb=$8000
  C $884E cb=6 S=$FF depth=6 wb=$8000
  C $884E cb=6 S=$FF depth=6 wb=$8000
  C $884E cb=6 S=$FF depth=6 wb=$8000
  C $884E cb=6 S=$FF depth=6 wb=$8000
  C $884E cb=6 S=$FF depth=6 wb=$8000
  C $884E cb=6 S=$FF depth=6 wb=$8000
  C $884E cb=6 S=$FF depth=6 wb=$8000
  C $8003 cb=-1 S=$FF depth=3 wb=$C000
=== end dispatch fault ===

=== dispatch fault 3 frame=186 cycles=5809662 ===
target gen=$FF01 cpu=$FF01 bank=7 class=ZERO_FILLED call_site=$2200
cpu A=$00 X=$03 Y=$04 P=$00 S=$FB window=$E000 dispatch_depth=9 vblank_depth=2 ops=2463 budget=29781
mapper type=4 current_bank=3 mirroring=3 select=$07 irq_latch=$7F irq_counter=$00 irq_reload=1 irq_enabled=1
mapper_regs 3C 3E 00 00 00 00 06 07
caller func_CEAC
caller2 func_CDE7
target_bytes 00 00 00 00 00 00 00 00
stack_bytes 00 22 00 00 00 00 00 00 00 00 00 00 00 00 00 00
last_dispatches
  C $884E cb=6 S=$FF depth=6 wb=$8000
  C $884E cb=6 S=$FF depth=6 wb=$8000
  C $884E cb=6 S=$FF depth=6 wb=$8000
  C $884E cb=6 S=$FF depth=6 wb=$8000
  C $884E cb=6 S=$FF depth=6 wb=$8000
  C $884E cb=6 S=$FF depth=6 wb=$8000
  C $884E cb=6 S=$FF depth=6 wb=$8000
  C $884E cb=6 S=$FF depth=6 wb=$8000
  C $DB92 cb=-1 S=$FF depth=3 wb=$C000
  C $D341 cb=-1 S=$FF depth=4 wb=$C000
  T $D377 cb=-1 S=$FF depth=4 wb=$C000
  C $D377 cb=-1 S=$FF depth=4 wb=$C000
  C $DC27 cb=-1 S=$FF depth=3 wb=$C000
  C $DBAF cb=-1 S=$FF depth=3 wb=$C000
  C $8021 cb=-1 S=$FF depth=4 wb=$C000
  T $89BF cb=6 S=$FF depth=5 wb=$8000
  C $89BF cb=6 S=$FF depth=5 wb=$8000
  T $89DD cb=-1 S=$FF depth=6 wb=$E000
  C $89DD cb=-1 S=$FF depth=6 wb=$E000
  T $89DD cb=-1 S=$FF depth=6 wb=$E000
  C $89DD cb=-1 S=$FF depth=6 wb=$E000
  T $89DD cb=-1 S=$FF depth=6 wb=$E000
  C $89DD cb=-1 S=$FF depth=6 wb=$E000
  T $89DD cb=-1 S=$FF depth=6 wb=$E000
  C $89DD cb=-1 S=$FF depth=6 wb=$E000
  N $0002 cb=-1 S=$FC depth=3 wb=$E000
  C $DE39 cb=-1 S=$F9 depth=3 wb=$C000
  T $E11E cb=-1 S=$F9 depth=4 wb=$C000
  C $E11E cb=-1 S=$F9 depth=4 wb=$C000
  T $E11E cb=-1 S=$F9 depth=3 wb=$E000
  C $E11E cb=-1 S=$F9 depth=3 wb=$E000
  C $DCCE cb=-1 S=$F9 depth=3 wb=$C000
  C $CB25 cb=-1 S=$F9 depth=3 wb=$C000
  C $CF72 cb=-1 S=$F9 depth=4 wb=$C000
  C $CFF3 cb=-1 S=$F9 depth=4 wb=$C000
  C $CD30 cb=-1 S=$F9 depth=4 wb=$C000
  C $CD7D cb=-1 S=$F9 depth=5 wb=$C000
  T $CDE7 cb=-1 S=$F9 depth=6 wb=$C000
  C $CDE7 cb=-1 S=$F9 depth=6 wb=$C000
  T $CEAC cb=-1 S=$F9 depth=7 wb=$C000
  C $CEAC cb=-1 S=$F9 depth=7 wb=$C000
  D $CDE7 cb=-1 S=$F9 depth=6 wb=$C000
  C $CDE7 cb=-1 S=$F9 depth=6 wb=$C000
  T $CEF0 cb=-1 S=$F9 depth=7 wb=$C000
  C $CEF0 cb=-1 S=$F9 depth=7 wb=$C000
  C $CD5F cb=-1 S=$F9 depth=8 wb=$C000
  C $CD7D cb=-1 S=$F9 depth=5 wb=$C000
  T $CDE7 cb=-1 S=$F9 depth=6 wb=$C000
  C $CDE7 cb=-1 S=$F9 depth=6 wb=$C000
  T $CE4C cb=-1 S=$F9 depth=7 wb=$C000
  C $CE4C cb=-1 S=$F9 depth=7 wb=$C000
  T $CD93 cb=-1 S=$F9 depth=8 wb=$C000
  C $CD93 cb=-1 S=$F9 depth=8 wb=$C000
  D $CDE7 cb=-1 S=$F9 depth=6 wb=$C000
  C $CDE7 cb=-1 S=$F9 depth=6 wb=$C000
  T $CEF0 cb=-1 S=$F9 depth=7 wb=$C000
  C $CEF0 cb=-1 S=$F9 depth=7 wb=$C000
  D $CDE7 cb=-1 S=$F9 depth=6 wb=$C000
  C $CDE7 cb=-1 S=$F9 depth=6 wb=$C000
  T $CEAC cb=-1 S=$F9 depth=7 wb=$C000
  C $CEAC cb=-1 S=$F9 depth=7 wb=$C000
  C $CD5F cb=-1 S=$F9 depth=8 wb=$C000
  T $FF01 cb=-1 S=$FB depth=8 wb=$C000
  C $FF01 cb=-1 S=$FB depth=8 wb=$C000
=== end dispatch fault ===

=== dispatch fault 4 frame=186 cycles=5809962 ===
target gen=$2201 cpu=$2201 bank=3 class=ZERO_FILLED call_site=$0000
cpu A=$00 X=$02 Y=$04 P=$00 S=$FD window=$C000 dispatch_depth=9 vblank_depth=2 ops=2763 budget=29781
mapper type=4 current_bank=3 mirroring=3 select=$07 irq_latch=$7F irq_counter=$00 irq_reload=1 irq_enabled=1
mapper_regs 3C 3E 00 00 00 00 06 07
caller func_CE78
caller2 func_CDE7
target_bytes 00 00 00 00 00 00 00 00
stack_bytes 00 00 00 00 00 00 00 00 00 00 00 00 00 00 00 00
last_dispatches
  C $DB92 cb=-1 S=$FF depth=3 wb=$C000
  C $D341 cb=-1 S=$FF depth=4 wb=$C000
  T $D377 cb=-1 S=$FF depth=4 wb=$C000
  C $D377 cb=-1 S=$FF depth=4 wb=$C000
  C $DC27 cb=-1 S=$FF depth=3 wb=$C000
  C $DBAF cb=-1 S=$FF depth=3 wb=$C000
  C $8021 cb=-1 S=$FF depth=4 wb=$C000
  T $89BF cb=6 S=$FF depth=5 wb=$8000
  C $89BF cb=6 S=$FF depth=5 wb=$8000
  T $89DD cb=-1 S=$FF depth=6 wb=$E000
  C $89DD cb=-1 S=$FF depth=6 wb=$E000
  T $89DD cb=-1 S=$FF depth=6 wb=$E000
  C $89DD cb=-1 S=$FF depth=6 wb=$E000
  T $89DD cb=-1 S=$FF depth=6 wb=$E000
  C $89DD cb=-1 S=$FF depth=6 wb=$E000
  T $89DD cb=-1 S=$FF depth=6 wb=$E000
  C $89DD cb=-1 S=$FF depth=6 wb=$E000
  N $0002 cb=-1 S=$FC depth=3 wb=$E000
  C $DE39 cb=-1 S=$F9 depth=3 wb=$C000
  T $E11E cb=-1 S=$F9 depth=4 wb=$C000
  C $E11E cb=-1 S=$F9 depth=4 wb=$C000
  T $E11E cb=-1 S=$F9 depth=3 wb=$E000
  C $E11E cb=-1 S=$F9 depth=3 wb=$E000
  C $DCCE cb=-1 S=$F9 depth=3 wb=$C000
  C $CB25 cb=-1 S=$F9 depth=3 wb=$C000
  C $CF72 cb=-1 S=$F9 depth=4 wb=$C000
  C $CFF3 cb=-1 S=$F9 depth=4 wb=$C000
  C $CD30 cb=-1 S=$F9 depth=4 wb=$C000
  C $CD7D cb=-1 S=$F9 depth=5 wb=$C000
  T $CDE7 cb=-1 S=$F9 depth=6 wb=$C000
  C $CDE7 cb=-1 S=$F9 depth=6 wb=$C000
  T $CEAC cb=-1 S=$F9 depth=7 wb=$C000
  C $CEAC cb=-1 S=$F9 depth=7 wb=$C000
  D $CDE7 cb=-1 S=$F9 depth=6 wb=$C000
  C $CDE7 cb=-1 S=$F9 depth=6 wb=$C000
  T $CEF0 cb=-1 S=$F9 depth=7 wb=$C000
  C $CEF0 cb=-1 S=$F9 depth=7 wb=$C000
  C $CD5F cb=-1 S=$F9 depth=8 wb=$C000
  C $CD7D cb=-1 S=$F9 depth=5 wb=$C000
  T $CDE7 cb=-1 S=$F9 depth=6 wb=$C000
  C $CDE7 cb=-1 S=$F9 depth=6 wb=$C000
  T $CE4C cb=-1 S=$F9 depth=7 wb=$C000
  C $CE4C cb=-1 S=$F9 depth=7 wb=$C000
  T $CD93 cb=-1 S=$F9 depth=8 wb=$C000
  C $CD93 cb=-1 S=$F9 depth=8 wb=$C000
  D $CDE7 cb=-1 S=$F9 depth=6 wb=$C000
  C $CDE7 cb=-1 S=$F9 depth=6 wb=$C000
  T $CEF0 cb=-1 S=$F9 depth=7 wb=$C000
  C $CEF0 cb=-1 S=$F9 depth=7 wb=$C000
  D $CDE7 cb=-1 S=$F9 depth=6 wb=$C000
  C $CDE7 cb=-1 S=$F9 depth=6 wb=$C000
  T $CEAC cb=-1 S=$F9 depth=7 wb=$C000
  C $CEAC cb=-1 S=$F9 depth=7 wb=$C000
  C $CD5F cb=-1 S=$F9 depth=8 wb=$C000
  T $FF01 cb=-1 S=$FB depth=8 wb=$C000
  C $FF01 cb=-1 S=$FB depth=8 wb=$C000
  C $CD7D cb=-1 S=$FB depth=5 wb=$C000
  T $CDE7 cb=-1 S=$FB depth=6 wb=$C000
  C $CDE7 cb=-1 S=$FB depth=6 wb=$C000
  T $CE78 cb=-1 S=$FB depth=7 wb=$C000
  C $CE78 cb=-1 S=$FB depth=7 wb=$C000
  C $CD5F cb=-1 S=$FB depth=8 wb=$C000
  T $2201 cb=-1 S=$FD depth=8 wb=$C000
  C $2201 cb=-1 S=$FD depth=8 wb=$C000
=== end dispatch fault ===

=== dispatch fault 5 frame=213 cycles=6612883 ===
target gen=$4C01 cpu=$4C01 bank=3 class=ZERO_FILLED call_site=$200A
cpu A=$00 X=$03 Y=$02 P=$00 S=$FB window=$C000 dispatch_depth=9 vblank_depth=2 ops=1610 budget=29780
mapper type=4 current_bank=3 mirroring=3 select=$07 irq_latch=$7F irq_counter=$00 irq_reload=1 irq_enabled=1
mapper_regs 3C 3E 00 00 00 00 06 07
caller func_CF25
caller2 func_CDE7
target_bytes 00 00 00 00 00 00 00 00
stack_bytes 0A 20 00 00 00 00 00 00 00 00 00 00 00 00 00 00
last_dispatches
  C $CD7D cb=-1 S=$F9 depth=5 wb=$C000
  T $CD50 cb=-1 S=$F9 depth=6 wb=$C000
  C $CD50 cb=-1 S=$F9 depth=6 wb=$C000
  C $CD7D cb=-1 S=$F9 depth=5 wb=$C000
  T $CD50 cb=-1 S=$F9 depth=6 wb=$C000
  C $CD50 cb=-1 S=$F9 depth=6 wb=$C000
  C $CD7D cb=-1 S=$F9 depth=5 wb=$C000
  T $CD50 cb=-1 S=$F9 depth=6 wb=$C000
  C $CD50 cb=-1 S=$F9 depth=6 wb=$C000
  C $CD30 cb=-1 S=$F9 depth=4 wb=$C000
  C $CC71 cb=-1 S=$F9 depth=4 wb=$C000
  C $CCDA cb=-1 S=$F9 depth=4 wb=$C000
  C $CC71 cb=-1 S=$F9 depth=4 wb=$C000
  T $CC61 cb=-1 S=$F9 depth=5 wb=$C000
  C $CC61 cb=-1 S=$F9 depth=5 wb=$C000
  C $CCDA cb=-1 S=$F9 depth=4 wb=$C000
  C $CC71 cb=-1 S=$F9 depth=4 wb=$C000
  T $CC61 cb=-1 S=$F9 depth=5 wb=$C000
  C $CC61 cb=-1 S=$F9 depth=5 wb=$C000
  C $CCDA cb=-1 S=$F9 depth=4 wb=$C000
  C $CC71 cb=-1 S=$F9 depth=4 wb=$C000
  T $CC61 cb=-1 S=$F9 depth=5 wb=$C000
  C $CC61 cb=-1 S=$F9 depth=5 wb=$C000
  n $0002 cb=-1 S=$FF depth=3 wb=$E000
  T $E9AE cb=-1 S=$F9 depth=3 wb=$E000
  C $E9AE cb=-1 S=$F9 depth=3 wb=$E000
  T $D9F0 cb=-1 S=$FF depth=3 wb=$E000
  C $D9F0 cb=-1 S=$FF depth=3 wb=$E000
  C $DBAF cb=-1 S=$FF depth=3 wb=$C000
  C $8021 cb=-1 S=$FF depth=4 wb=$C000
  T $89BF cb=6 S=$FF depth=5 wb=$8000
  C $89BF cb=6 S=$FF depth=5 wb=$8000
  T $8749 cb=-1 S=$FF depth=6 wb=$E000
  C $8749 cb=-1 S=$FF depth=6 wb=$E000
  T $8749 cb=-1 S=$FF depth=6 wb=$E000
  C $8749 cb=-1 S=$FF depth=6 wb=$E000
  T $8749 cb=-1 S=$FF depth=6 wb=$E000
  C $8749 cb=-1 S=$FF depth=6 wb=$E000
  T $8749 cb=-1 S=$FF depth=6 wb=$E000
  C $8749 cb=-1 S=$FF depth=6 wb=$E000
  C $DB65 cb=-1 S=$FF depth=3 wb=$C000
  C $DB92 cb=-1 S=$FF depth=3 wb=$C000
  C $D341 cb=-1 S=$FF depth=4 wb=$C000
  T $D377 cb=-1 S=$FF depth=4 wb=$C000
  C $D377 cb=-1 S=$FF depth=4 wb=$C000
  N $0002 cb=-1 S=$FC depth=3 wb=$E000
  C $DE39 cb=-1 S=$F9 depth=3 wb=$C000
  T $E11E cb=-1 S=$F9 depth=4 wb=$C000
  C $E11E cb=-1 S=$F9 depth=4 wb=$C000
  T $E11E cb=-1 S=$F9 depth=3 wb=$E000
  C $E11E cb=-1 S=$F9 depth=3 wb=$E000
  C $DCCE cb=-1 S=$F9 depth=3 wb=$C000
  C $CB25 cb=-1 S=$F9 depth=3 wb=$C000
  C $CD30 cb=-1 S=$F9 depth=4 wb=$C000
  C $CD7D cb=-1 S=$F9 depth=5 wb=$C000
  C $CD5F cb=-1 S=$F9 depth=6 wb=$C000
  C $CD7D cb=-1 S=$F9 depth=5 wb=$C000
  T $CDE7 cb=-1 S=$F9 depth=6 wb=$C000
  C $CDE7 cb=-1 S=$F9 depth=6 wb=$C000
  T $CF25 cb=-1 S=$F9 depth=7 wb=$C000
  C $CF25 cb=-1 S=$F9 depth=7 wb=$C000
  C $CD5F cb=-1 S=$F9 depth=8 wb=$C000
  T $4C01 cb=-1 S=$FB depth=8 wb=$C000
  C $4C01 cb=-1 S=$FB depth=8 wb=$C000
=== end dispatch fault ===

=== dispatch fault 6 frame=561 cycles=23677021 ===
target gen=$4001 cpu=$4001 bank=3 class=ZERO_FILLED call_site=$2300
cpu A=$00 X=$07 Y=$03 P=$00 S=$FC window=$C000 dispatch_depth=9 vblank_depth=2 ops=1522 budget=29781
mapper type=4 current_bank=3 mirroring=3 select=$07 irq_latch=$7F irq_counter=$00 irq_reload=1 irq_enabled=1
mapper_regs 3C 3E 00 00 00 00 06 07
caller func_CE9C
caller2 func_CDE7
target_bytes 00 00 00 00 00 00 00 00
stack_bytes 00 23 00 00 EF 00 00 00 00 00 00 04 00 00 00 00
last_dispatches
  N $0002 cb=-1 S=$FD depth=3 wb=$E000
  C $DE39 cb=-1 S=$FA depth=3 wb=$C000
  T $E11E cb=-1 S=$FA depth=4 wb=$C000
  C $E11E cb=-1 S=$FA depth=4 wb=$C000
  T $E11E cb=-1 S=$FA depth=3 wb=$E000
  C $E11E cb=-1 S=$FA depth=3 wb=$E000
  C $DCCE cb=-1 S=$FA depth=3 wb=$C000
  C $CB25 cb=-1 S=$FA depth=3 wb=$C000
  C $CD30 cb=-1 S=$FA depth=4 wb=$C000
  C $CD30 cb=-1 S=$FA depth=4 wb=$C000
  C $CD7D cb=-1 S=$FA depth=5 wb=$C000
  T $CD50 cb=-1 S=$FA depth=6 wb=$C000
  C $CD50 cb=-1 S=$FA depth=6 wb=$C000
  C $CD7D cb=-1 S=$FA depth=5 wb=$C000
  T $CD50 cb=-1 S=$FA depth=6 wb=$C000
  C $CD50 cb=-1 S=$FA depth=6 wb=$C000
  C $CD7D cb=-1 S=$FA depth=5 wb=$C000
  T $CD50 cb=-1 S=$FA depth=6 wb=$C000
  C $CD50 cb=-1 S=$FA depth=6 wb=$C000
  C $CC71 cb=-1 S=$FA depth=4 wb=$C000
  C $CCDA cb=-1 S=$FA depth=4 wb=$C000
  C $CC71 cb=-1 S=$FA depth=4 wb=$C000
  C $CCDA cb=-1 S=$FA depth=4 wb=$C000
  C $CC71 cb=-1 S=$FA depth=4 wb=$C000
  C $CCDA cb=-1 S=$FA depth=4 wb=$C000
  C $CC71 cb=-1 S=$FA depth=4 wb=$C000
  T $CC66 cb=-1 S=$FA depth=5 wb=$C000
  C $CC66 cb=-1 S=$FA depth=5 wb=$C000
  n $0002 cb=-1 S=$00 depth=3 wb=$E000
  T $E9AE cb=-1 S=$FA depth=3 wb=$E000
  C $E9AE cb=-1 S=$FA depth=3 wb=$E000
  T $D9F0 cb=-1 S=$00 depth=3 wb=$E000
  C $D9F0 cb=-1 S=$00 depth=3 wb=$E000
  C $DBAF cb=-1 S=$00 depth=3 wb=$C000
  C $8021 cb=-1 S=$00 depth=4 wb=$C000
  T $89BF cb=6 S=$00 depth=5 wb=$8000
  C $89BF cb=6 S=$00 depth=5 wb=$8000
  T $8749 cb=-1 S=$00 depth=6 wb=$E000
  C $8749 cb=-1 S=$00 depth=6 wb=$E000
  T $8749 cb=-1 S=$00 depth=6 wb=$E000
  C $8749 cb=-1 S=$00 depth=6 wb=$E000
  T $8749 cb=-1 S=$00 depth=6 wb=$E000
  C $8749 cb=-1 S=$00 depth=6 wb=$E000
  T $8749 cb=-1 S=$00 depth=6 wb=$E000
  C $8749 cb=-1 S=$00 depth=6 wb=$E000
  C $D377 cb=-1 S=$00 depth=3 wb=$C000
  N $0002 cb=-1 S=$FD depth=3 wb=$E000
  C $DE39 cb=-1 S=$FA depth=3 wb=$C000
  T $E11E cb=-1 S=$FA depth=4 wb=$C000
  C $E11E cb=-1 S=$FA depth=4 wb=$C000
  T $E11E cb=-1 S=$FA depth=3 wb=$E000
  C $E11E cb=-1 S=$FA depth=3 wb=$E000
  C $DCCE cb=-1 S=$FA depth=3 wb=$C000
  C $CB25 cb=-1 S=$FA depth=3 wb=$C000
  C $CD30 cb=-1 S=$FA depth=4 wb=$C000
  C $CD30 cb=-1 S=$FA depth=4 wb=$C000
  C $CD7D cb=-1 S=$FA depth=5 wb=$C000
  T $CDE7 cb=-1 S=$FA depth=6 wb=$C000
  C $CDE7 cb=-1 S=$FA depth=6 wb=$C000
  T $CE9C cb=-1 S=$FA depth=7 wb=$C000
  C $CE9C cb=-1 S=$FA depth=7 wb=$C000
  C $CD5F cb=-1 S=$FA depth=8 wb=$C000
  T $4001 cb=-1 S=$FC depth=8 wb=$C000
  C $4001 cb=-1 S=$FC depth=8 wb=$C000
=== end dispatch fault ===

=== dispatch fault 7 frame=1301 cycles=45714603 ===
target gen=$3001 cpu=$3001 bank=3 class=ZERO_FILLED call_site=$2035
cpu A=$00 X=$06 Y=$03 P=$00 S=$00 window=$C000 dispatch_depth=9 vblank_depth=2 ops=1534 budget=29781
mapper type=4 current_bank=3 mirroring=3 select=$07 irq_latch=$7F irq_counter=$00 irq_reload=1 irq_enabled=1
mapper_regs 3C 3E 00 00 00 00 06 07
caller func_CEC6
caller2 func_CDE7
target_bytes 00 00 00 00 00 00 00 00
stack_bytes 35 20 00 00 B2 00 00 04 00 00 00 00 00 00 00 00
last_dispatches
  C $D377 cb=-1 S=$04 depth=4 wb=$C000
  N $0002 cb=-1 S=$01 depth=3 wb=$E000
  C $DE39 cb=-1 S=$FE depth=3 wb=$C000
  T $E11E cb=-1 S=$FE depth=4 wb=$C000
  C $E11E cb=-1 S=$FE depth=4 wb=$C000
  T $E11E cb=-1 S=$FE depth=3 wb=$E000
  C $E11E cb=-1 S=$FE depth=3 wb=$E000
  C $DCCE cb=-1 S=$FE depth=3 wb=$C000
  C $CB25 cb=-1 S=$FE depth=3 wb=$C000
  C $CD30 cb=-1 S=$FE depth=4 wb=$C000
  C $CD30 cb=-1 S=$FE depth=4 wb=$C000
  C $CD7D cb=-1 S=$FE depth=5 wb=$C000
  T $CD50 cb=-1 S=$FE depth=6 wb=$C000
  C $CD50 cb=-1 S=$FE depth=6 wb=$C000
  C $CD7D cb=-1 S=$FE depth=5 wb=$C000
  T $CD50 cb=-1 S=$FE depth=6 wb=$C000
  C $CD50 cb=-1 S=$FE depth=6 wb=$C000
  C $CC71 cb=-1 S=$FE depth=4 wb=$C000
  C $CCDA cb=-1 S=$FE depth=4 wb=$C000
  C $CC71 cb=-1 S=$FE depth=4 wb=$C000
  C $CCDA cb=-1 S=$FE depth=4 wb=$C000
  C $CC71 cb=-1 S=$FE depth=4 wb=$C000
  T $CC61 cb=-1 S=$FE depth=5 wb=$C000
  C $CC61 cb=-1 S=$FE depth=5 wb=$C000
  C $CCDA cb=-1 S=$FE depth=4 wb=$C000
  C $CC71 cb=-1 S=$FE depth=4 wb=$C000
  T $CC66 cb=-1 S=$FE depth=5 wb=$C000
  C $CC66 cb=-1 S=$FE depth=5 wb=$C000
  n $0002 cb=-1 S=$04 depth=3 wb=$E000
  T $E9AE cb=-1 S=$FE depth=3 wb=$E000
  C $E9AE cb=-1 S=$FE depth=3 wb=$E000
  T $D9F0 cb=-1 S=$04 depth=3 wb=$E000
  C $D9F0 cb=-1 S=$04 depth=3 wb=$E000
  C $DBAF cb=-1 S=$04 depth=3 wb=$C000
  C $8021 cb=-1 S=$04 depth=4 wb=$C000
  T $89BF cb=6 S=$04 depth=5 wb=$8000
  C $89BF cb=6 S=$04 depth=5 wb=$8000
  T $8749 cb=-1 S=$04 depth=6 wb=$E000
  C $8749 cb=-1 S=$04 depth=6 wb=$E000
  T $8749 cb=-1 S=$04 depth=6 wb=$E000
  C $8749 cb=-1 S=$04 depth=6 wb=$E000
  T $8749 cb=-1 S=$04 depth=6 wb=$E000
  C $8749 cb=-1 S=$04 depth=6 wb=$E000
  T $8749 cb=-1 S=$04 depth=6 wb=$E000
  C $8749 cb=-1 S=$04 depth=6 wb=$E000
  C $D377 cb=-1 S=$04 depth=3 wb=$C000
  N $0002 cb=-1 S=$01 depth=3 wb=$E000
  C $DE39 cb=-1 S=$FE depth=3 wb=$C000
  T $E11E cb=-1 S=$FE depth=4 wb=$C000
  C $E11E cb=-1 S=$FE depth=4 wb=$C000
  T $E11E cb=-1 S=$FE depth=3 wb=$E000
  C $E11E cb=-1 S=$FE depth=3 wb=$E000
  C $DCCE cb=-1 S=$FE depth=3 wb=$C000
  C $CB25 cb=-1 S=$FE depth=3 wb=$C000
  C $CD30 cb=-1 S=$FE depth=4 wb=$C000
  C $CD30 cb=-1 S=$FE depth=4 wb=$C000
  C $CD7D cb=-1 S=$FE depth=5 wb=$C000
  T $CDE7 cb=-1 S=$FE depth=6 wb=$C000
  C $CDE7 cb=-1 S=$FE depth=6 wb=$C000
  T $CEC6 cb=-1 S=$FE depth=7 wb=$C000
  C $CEC6 cb=-1 S=$FE depth=7 wb=$C000
  C $CD5F cb=-1 S=$FE depth=8 wb=$C000
  T $3001 cb=-1 S=$00 depth=8 wb=$C000
  C $3001 cb=-1 S=$00 depth=8 wb=$C000
=== end dispatch fault ===

=== dispatch fault 1 frame=0 cycles=124656 ===
target gen=$A009 cpu=$8009 bank=6 class=CODE call_site=$0000
cpu A=$0D X=$06 Y=$00 P=$00 S=$FF window=$8000 dispatch_depth=3 vblank_depth=0 ops=5534 budget=29781
mapper type=4 current_bank=6 mirroring=2 select=$06 irq_latch=$00 irq_counter=$00 irq_reload=0 irq_enabled=0
mapper_regs 00 00 00 00 00 00 0D 07
caller (none)
caller2 (none)
target_bytes 4C 15 80 4C 50 80 4C F1
stack_bytes 00 00 00 00 00 00 00 00 00 00 00 00 00 00 00 00
last_dispatches
  T $D269 cb=-1 S=$FD depth=0 wb=$E000
  C $D269 cb=-1 S=$FD depth=0 wb=$E000
  C $D2F6 cb=-1 S=$FF depth=1 wb=$C000
  C $CFBF cb=-1 S=$FF depth=1 wb=$C000
  C $CFF3 cb=-1 S=$FF depth=2 wb=$C000
  T $D406 cb=-1 S=$FF depth=1 wb=$C000
  C $D406 cb=-1 S=$FF depth=1 wb=$C000
  C $8009 cb=-1 S=$FF depth=2 wb=$C000
=== end dispatch fault ===

=== dispatch fault 2 frame=0 cycles=191343 ===
target gen=$A003 cpu=$8003 bank=6 class=CODE call_site=$0000
cpu A=$05 X=$10 Y=$00 P=$00 S=$FF window=$8000 dispatch_depth=4 vblank_depth=0 ops=12659 budget=29780
mapper type=4 current_bank=6 mirroring=3 select=$07 irq_latch=$00 irq_counter=$00 irq_reload=0 irq_enabled=0
mapper_regs 00 00 00 00 00 00 0D 05
caller (none)
caller2 (none)
target_bytes 4C 85 86 4C 95 87 4C 15
stack_bytes 00 00 00 00 00 00 00 00 00 00 00 00 00 00 00 00
last_dispatches
  C $884E cb=6 S=$FF depth=6 wb=$8000
  C $884E cb=6 S=$FF depth=6 wb=$8000
  C $884E cb=6 S=$FF depth=6 wb=$8000
  C $884E cb=6 S=$FF depth=6 wb=$8000
  C $884E cb=6 S=$FF depth=6 wb=$8000
  C $884E cb=6 S=$FF depth=6 wb=$8000
  C $884E cb=6 S=$FF depth=6 wb=$8000
  C $884E cb=6 S=$FF depth=6 wb=$8000
  C $884E cb=6 S=$FF depth=6 wb=$8000
  C $884E cb=6 S=$FF depth=6 wb=$8000
  C $884E cb=6 S=$FF depth=6 wb=$8000
  C $884E cb=6 S=$FF depth=6 wb=$8000
  C $884E cb=6 S=$FF depth=6 wb=$8000
  C $884E cb=6 S=$FF depth=6 wb=$8000
  C $884E cb=6 S=$FF depth=6 wb=$8000
  C $884E cb=6 S=$FF depth=6 wb=$8000
  C $884E cb=6 S=$FF depth=6 wb=$8000
  C $884E cb=6 S=$FF depth=6 wb=$8000
  C $884E cb=6 S=$FF depth=6 wb=$8000
  C $884E cb=6 S=$FF depth=6 wb=$8000
  C $884E cb=6 S=$FF depth=6 wb=$8000
  C $884E cb=6 S=$FF depth=6 wb=$8000
  C $884E cb=6 S=$FF depth=6 wb=$8000
  C $884E cb=6 S=$FF depth=6 wb=$8000
  C $884E cb=6 S=$FF depth=6 wb=$8000
  C $884E cb=6 S=$FF depth=6 wb=$8000
  C $884E cb=6 S=$FF depth=6 wb=$8000
  C $884E cb=6 S=$FF depth=6 wb=$8000
  C $884E cb=6 S=$FF depth=6 wb=$8000
  C $884E cb=6 S=$FF depth=6 wb=$8000
  C $884E cb=6 S=$FF depth=6 wb=$8000
  C $884E cb=6 S=$FF depth=6 wb=$8000
  C $884E cb=6 S=$FF depth=6 wb=$8000
  C $884E cb=6 S=$FF depth=6 wb=$8000
  C $884E cb=6 S=$FF depth=6 wb=$8000
  C $884E cb=6 S=$FF depth=6 wb=$8000
  C $884E cb=6 S=$FF depth=6 wb=$8000
  C $884E cb=6 S=$FF depth=6 wb=$8000
  C $884E cb=6 S=$FF depth=6 wb=$8000
  C $884E cb=6 S=$FF depth=6 wb=$8000
  C $884E cb=6 S=$FF depth=6 wb=$8000
  C $884E cb=6 S=$FF depth=6 wb=$8000
  C $884E cb=6 S=$FF depth=6 wb=$8000
  C $884E cb=6 S=$FF depth=6 wb=$8000
  C $884E cb=6 S=$FF depth=6 wb=$8000
  C $884E cb=6 S=$FF depth=6 wb=$8000
  C $884E cb=6 S=$FF depth=6 wb=$8000
  C $884E cb=6 S=$FF depth=6 wb=$8000
  C $884E cb=6 S=$FF depth=6 wb=$8000
  C $884E cb=6 S=$FF depth=6 wb=$8000
  C $884E cb=6 S=$FF depth=6 wb=$8000
  C $884E cb=6 S=$FF depth=6 wb=$8000
  C $884E cb=6 S=$FF depth=6 wb=$8000
  C $884E cb=6 S=$FF depth=6 wb=$8000
  C $884E cb=6 S=$FF depth=6 wb=$8000
  C $884E cb=6 S=$FF depth=6 wb=$8000
  C $884E cb=6 S=$FF depth=6 wb=$8000
  C $884E cb=6 S=$FF depth=6 wb=$8000
  C $884E cb=6 S=$FF depth=6 wb=$8000
  C $884E cb=6 S=$FF depth=6 wb=$8000
  C $884E cb=6 S=$FF depth=6 wb=$8000
  C $884E cb=6 S=$FF depth=6 wb=$8000
  C $884E cb=6 S=$FF depth=6 wb=$8000
  C $8003 cb=-1 S=$FF depth=3 wb=$C000
=== end dispatch fault ===

=== dispatch fault 3 frame=221 cycles=6851978 ===
target gen=$FF01 cpu=$FF01 bank=7 class=ZERO_FILLED call_site=$A0BE
cpu A=$00 X=$03 Y=$04 P=$00 S=$FB window=$E000 dispatch_depth=9 vblank_depth=2 ops=2462 budget=29781
mapper type=4 current_bank=3 mirroring=3 select=$07 irq_latch=$7F irq_counter=$00 irq_reload=1 irq_enabled=1
mapper_regs 3C 3E 00 00 00 00 06 07
caller func_CEAC
caller2 func_CDE7
target_bytes 00 00 00 00 00 00 00 00
stack_bytes BE A0 00 00 00 00 00 00 00 00 00 00 00 00 00 00
last_dispatches
  C $884E cb=6 S=$FF depth=6 wb=$8000
  C $884E cb=6 S=$FF depth=6 wb=$8000
  C $884E cb=6 S=$FF depth=6 wb=$8000
  C $884E cb=6 S=$FF depth=6 wb=$8000
  C $884E cb=6 S=$FF depth=6 wb=$8000
  C $884E cb=6 S=$FF depth=6 wb=$8000
  C $884E cb=6 S=$FF depth=6 wb=$8000
  C $884E cb=6 S=$FF depth=6 wb=$8000
  C $DB92 cb=-1 S=$FF depth=3 wb=$C000
  C $D341 cb=-1 S=$FF depth=4 wb=$C000
  T $D377 cb=-1 S=$FF depth=4 wb=$C000
  C $D377 cb=-1 S=$FF depth=4 wb=$C000
  C $DC27 cb=-1 S=$FF depth=3 wb=$C000
  C $DBAF cb=-1 S=$FF depth=3 wb=$C000
  C $8021 cb=-1 S=$FF depth=4 wb=$C000
  T $89BF cb=6 S=$FF depth=5 wb=$8000
  C $89BF cb=6 S=$FF depth=5 wb=$8000
  T $89DD cb=-1 S=$FF depth=6 wb=$E000
  C $89DD cb=-1 S=$FF depth=6 wb=$E000
  T $89DD cb=-1 S=$FF depth=6 wb=$E000
  C $89DD cb=-1 S=$FF depth=6 wb=$E000
  T $89DD cb=-1 S=$FF depth=6 wb=$E000
  C $89DD cb=-1 S=$FF depth=6 wb=$E000
  T $89DD cb=-1 S=$FF depth=6 wb=$E000
  C $89DD cb=-1 S=$FF depth=6 wb=$E000
  N $0002 cb=-1 S=$FC depth=3 wb=$E000
  C $DE39 cb=-1 S=$F9 depth=3 wb=$C000
  T $E11E cb=-1 S=$F9 depth=4 wb=$C000
  C $E11E cb=-1 S=$F9 depth=4 wb=$C000
  T $E11E cb=-1 S=$F9 depth=3 wb=$E000
  C $E11E cb=-1 S=$F9 depth=3 wb=$E000
  C $DCCE cb=-1 S=$F9 depth=3 wb=$C000
  C $CB25 cb=-1 S=$F9 depth=3 wb=$C000
  C $CF72 cb=-1 S=$F9 depth=4 wb=$C000
  C $CFF3 cb=-1 S=$F9 depth=4 wb=$C000
  C $CD30 cb=-1 S=$F9 depth=4 wb=$C000
  C $CD7D cb=-1 S=$F9 depth=5 wb=$C000
  T $CDE7 cb=-1 S=$F9 depth=6 wb=$C000
  C $CDE7 cb=-1 S=$F9 depth=6 wb=$C000
  T $CEAC cb=-1 S=$F9 depth=7 wb=$C000
  C $CEAC cb=-1 S=$F9 depth=7 wb=$C000
  D $CDE7 cb=-1 S=$F9 depth=6 wb=$C000
  C $CDE7 cb=-1 S=$F9 depth=6 wb=$C000
  T $CEF0 cb=-1 S=$F9 depth=7 wb=$C000
  C $CEF0 cb=-1 S=$F9 depth=7 wb=$C000
  C $CD5F cb=-1 S=$F9 depth=8 wb=$C000
  C $CD7D cb=-1 S=$F9 depth=5 wb=$C000
  T $CDE7 cb=-1 S=$F9 depth=6 wb=$C000
  C $CDE7 cb=-1 S=$F9 depth=6 wb=$C000
  T $CE4C cb=-1 S=$F9 depth=7 wb=$C000
  C $CE4C cb=-1 S=$F9 depth=7 wb=$C000
  T $CD93 cb=-1 S=$F9 depth=8 wb=$C000
  C $CD93 cb=-1 S=$F9 depth=8 wb=$C000
  D $CDE7 cb=-1 S=$F9 depth=6 wb=$C000
  C $CDE7 cb=-1 S=$F9 depth=6 wb=$C000
  T $CEF0 cb=-1 S=$F9 depth=7 wb=$C000
  C $CEF0 cb=-1 S=$F9 depth=7 wb=$C000
  D $CDE7 cb=-1 S=$F9 depth=6 wb=$C000
  C $CDE7 cb=-1 S=$F9 depth=6 wb=$C000
  T $CEAC cb=-1 S=$F9 depth=7 wb=$C000
  C $CEAC cb=-1 S=$F9 depth=7 wb=$C000
  C $CD5F cb=-1 S=$F9 depth=8 wb=$C000
  T $FF01 cb=-1 S=$FB depth=8 wb=$C000
  C $FF01 cb=-1 S=$FB depth=8 wb=$C000
=== end dispatch fault ===

=== dispatch fault 4 frame=222 cycles=6882000 ===
target gen=$4801 cpu=$4801 bank=3 class=ZERO_FILLED call_site=$204C
cpu A=$00 X=$00 Y=$15 P=$00 S=$FB window=$C000 dispatch_depth=9 vblank_depth=2 ops=2703 budget=29780
mapper type=4 current_bank=3 mirroring=3 select=$07 irq_latch=$7F irq_counter=$00 irq_reload=1 irq_enabled=1
mapper_regs 3C 3E 00 00 00 00 06 07
caller func_CEAC
caller2 func_CDE7
target_bytes 00 00 00 00 00 00 00 00
stack_bytes 4C 20 00 00 00 00 00 00 00 00 00 00 00 00 00 00
last_dispatches
  C $CB25 cb=-1 S=$F9 depth=3 wb=$C000
  C $CD30 cb=-1 S=$F9 depth=4 wb=$C000
  C $CD7D cb=-1 S=$F9 depth=5 wb=$C000
  T $CD50 cb=-1 S=$F9 depth=6 wb=$C000
  C $CD50 cb=-1 S=$F9 depth=6 wb=$C000
  C $CD7D cb=-1 S=$F9 depth=5 wb=$C000
  T $CD50 cb=-1 S=$F9 depth=6 wb=$C000
  C $CD50 cb=-1 S=$F9 depth=6 wb=$C000
  C $CD7D cb=-1 S=$F9 depth=5 wb=$C000
  T $CD50 cb=-1 S=$F9 depth=6 wb=$C000
  C $CD50 cb=-1 S=$F9 depth=6 wb=$C000
  C $CD7D cb=-1 S=$F9 depth=5 wb=$C000
  T $CD50 cb=-1 S=$F9 depth=6 wb=$C000
  C $CD50 cb=-1 S=$F9 depth=6 wb=$C000
  C $CD7D cb=-1 S=$F9 depth=5 wb=$C000
  T $CDE7 cb=-1 S=$F9 depth=6 wb=$C000
  C $CDE7 cb=-1 S=$F9 depth=6 wb=$C000
  T $CED7 cb=-1 S=$F9 depth=7 wb=$C000
  C $CED7 cb=-1 S=$F9 depth=7 wb=$C000
  D $CDE7 cb=-1 S=$F9 depth=6 wb=$C000
  C $CDE7 cb=-1 S=$F9 depth=6 wb=$C000
  T $CE4C cb=-1 S=$F9 depth=7 wb=$C000
  C $CE4C cb=-1 S=$F9 depth=7 wb=$C000
  T $CD93 cb=-1 S=$F9 depth=8 wb=$C000
  C $CD93 cb=-1 S=$F9 depth=8 wb=$C000
  D $CDE7 cb=-1 S=$F9 depth=6 wb=$C000
  C $CDE7 cb=-1 S=$F9 depth=6 wb=$C000
  T $CE4C cb=-1 S=$F9 depth=7 wb=$C000
  C $CE4C cb=-1 S=$F9 depth=7 wb=$C000
  T $CD93 cb=-1 S=$F9 depth=8 wb=$C000
  C $CD93 cb=-1 S=$F9 depth=8 wb=$C000
  D $CDE7 cb=-1 S=$F9 depth=6 wb=$C000
  C $CDE7 cb=-1 S=$F9 depth=6 wb=$C000
  T $CE4C cb=-1 S=$F9 depth=7 wb=$C000
  C $CE4C cb=-1 S=$F9 depth=7 wb=$C000
  T $CD93 cb=-1 S=$F9 depth=8 wb=$C000
  C $CD93 cb=-1 S=$F9 depth=8 wb=$C000
  D $CDE7 cb=-1 S=$F9 depth=6 wb=$C000
  C $CDE7 cb=-1 S=$F9 depth=6 wb=$C000
  T $CE78 cb=-1 S=$F9 depth=7 wb=$C000
  C $CE78 cb=-1 S=$F9 depth=7 wb=$C000
  D $CDE7 cb=-1 S=$F9 depth=6 wb=$C000
  C $CDE7 cb=-1 S=$F9 depth=6 wb=$C000
  T $CE78 cb=-1 S=$F9 depth=7 wb=$C000
  C $CE78 cb=-1 S=$F9 depth=7 wb=$C000
  D $CDE7 cb=-1 S=$F9 depth=6 wb=$C000
  C $CDE7 cb=-1 S=$F9 depth=6 wb=$C000
  T $CECE cb=-1 S=$F9 depth=7 wb=$C000
  C $CECE cb=-1 S=$F9 depth=7 wb=$C000
  D $CDE7 cb=-1 S=$F9 depth=6 wb=$C000
  C $CDE7 cb=-1 S=$F9 depth=6 wb=$C000
  T $CE9C cb=-1 S=$F9 depth=7 wb=$C000
  C $CE9C cb=-1 S=$F9 depth=7 wb=$C000
  D $CDE7 cb=-1 S=$F9 depth=6 wb=$C000
  C $CDE7 cb=-1 S=$F9 depth=6 wb=$C000
  T $CEAC cb=-1 S=$F9 depth=7 wb=$C000
  C $CEAC cb=-1 S=$F9 depth=7 wb=$C000
  D $CDE7 cb=-1 S=$F9 depth=6 wb=$C000
  C $CDE7 cb=-1 S=$F9 depth=6 wb=$C000
  T $CEAC cb=-1 S=$F9 depth=7 wb=$C000
  C $CEAC cb=-1 S=$F9 depth=7 wb=$C000
  C $CD5F cb=-1 S=$F9 depth=8 wb=$C000
  T $4801 cb=-1 S=$FB depth=8 wb=$C000
  C $4801 cb=-1 S=$FB depth=8 wb=$C000
=== end dispatch fault ===

=== dispatch fault 5 frame=1908 cycles=63830833 ===
target gen=$8A35 cpu=$8A35 bank=6 class=CODE call_site=$140D
cpu A=$8A X=$02 Y=$03 P=$00 S=$FF window=$8000 dispatch_depth=10 vblank_depth=0 ops=11217 budget=29781
mapper type=4 current_bank=6 mirroring=2 select=$06 irq_latch=$17 irq_counter=$0F irq_reload=0 irq_enabled=0
mapper_regs 02 02 00 00 2B 05 0C 0B
caller func_EDF6
caller2 func_EDF6
target_bytes BD AD 03 10 18 20 0C 8A
stack_bytes 0D 14 1D 25 2C 32 35 39 39 3F 43 47 4B 4F 43 47
last_dispatches
  C $D756 cb=-1 S=$FF depth=5 wb=$C000
  C $D796 cb=-1 S=$FF depth=6 wb=$C000
  T $D7C4 cb=-1 S=$FF depth=7 wb=$E000
  C $D7C4 cb=-1 S=$FF depth=7 wb=$E000
  C $8009 cb=-1 S=$FF depth=8 wb=$C000
  T $90D6 cb=5 S=$FF depth=9 wb=$8000
  C $90D6 cb=5 S=$FF depth=9 wb=$8000
  C $8000 cb=-1 S=$FF depth=8 wb=$C000
  T $8EFF cb=5 S=$FF depth=9 wb=$8000
  C $8EFF cb=5 S=$FF depth=9 wb=$8000
  C $8F19 cb=5 S=$FF depth=10 wb=$8000
  T $F370 cb=-1 S=$FF depth=11 wb=$8000
  C $F370 cb=-1 S=$FF depth=11 wb=$8000
  T $F3F2 cb=-1 S=$FF depth=12 wb=$E000
  C $F3F2 cb=-1 S=$FF depth=12 wb=$E000
  T $F458 cb=-1 S=$FF depth=12 wb=$E000
  C $F458 cb=-1 S=$FF depth=12 wb=$E000
  T $E11E cb=-1 S=$FF depth=12 wb=$E000
  C $E11E cb=-1 S=$FF depth=12 wb=$E000
  C $8F29 cb=5 S=$FF depth=10 wb=$8000
  T $9B6E cb=5 S=$FF depth=11 wb=$8000
  C $9B6E cb=5 S=$FF depth=11 wb=$8000
  C $8F19 cb=5 S=$FF depth=10 wb=$8000
  T $F321 cb=-1 S=$FF depth=11 wb=$8000
  C $F321 cb=-1 S=$FF depth=11 wb=$8000
  C $8F29 cb=5 S=$FF depth=10 wb=$8000
  T $8F18 cb=5 S=$FF depth=11 wb=$8000
  C $8F18 cb=5 S=$FF depth=11 wb=$8000
  C $8003 cb=-1 S=$FF depth=8 wb=$C000
  T $8F55 cb=5 S=$FF depth=9 wb=$8000
  C $8F55 cb=5 S=$FF depth=9 wb=$8000
  T $8006 cb=-1 S=$FF depth=8 wb=$C000
  C $8006 cb=-1 S=$FF depth=8 wb=$C000
  T $9015 cb=5 S=$FF depth=9 wb=$8000
  C $9015 cb=5 S=$FF depth=9 wb=$8000
  C $904E cb=5 S=$FF depth=10 wb=$8000
  T $9014 cb=-1 S=$FF depth=11 wb=$8000
  C $9014 cb=-1 S=$FF depth=11 wb=$8000
  C $9083 cb=5 S=$FF depth=10 wb=$8000
  C $904E cb=5 S=$FF depth=10 wb=$8000
  T $9014 cb=-1 S=$FF depth=11 wb=$8000
  C $9014 cb=-1 S=$FF depth=11 wb=$8000
  C $9083 cb=5 S=$FF depth=10 wb=$8000
  C $9060 cb=5 S=$FF depth=10 wb=$8000
  T $9B6E cb=5 S=$FF depth=11 wb=$8000
  C $9B6E cb=5 S=$FF depth=11 wb=$8000
  C $9060 cb=5 S=$FF depth=10 wb=$8000
  T $9B6E cb=5 S=$FF depth=11 wb=$8000
  C $9B6E cb=5 S=$FF depth=11 wb=$8000
  T $D377 cb=-1 S=$FF depth=7 wb=$C000
  C $D377 cb=-1 S=$FF depth=7 wb=$C000
  C $8000 cb=-1 S=$FF depth=6 wb=$C000
  T $871D cb=6 S=$FF depth=7 wb=$8000
  C $871D cb=6 S=$FF depth=7 wb=$8000
  C $8BBE cb=6 S=$FF depth=8 wb=$8000
  C $874A cb=6 S=$FF depth=8 wb=$8000
  T $8749 cb=-1 S=$FF depth=9 wb=$8000
  C $8749 cb=-1 S=$FF depth=9 wb=$8000
  T $89BF cb=-1 S=$FF depth=8 wb=$8000
  C $89BF cb=-1 S=$FF depth=8 wb=$8000
  T $8749 cb=-1 S=$FF depth=9 wb=$E000
  C $8749 cb=-1 S=$FF depth=9 wb=$E000
  T $8A35 cb=-1 S=$FF depth=9 wb=$E000
  C $8A35 cb=-1 S=$FF depth=9 wb=$E000
=== end dispatch fault ===

=== dispatch fault 1 frame=0 cycles=124656 ===
target gen=$A009 cpu=$8009 bank=6 class=CODE call_site=$0000
cpu A=$0D X=$06 Y=$00 P=$00 S=$FF window=$8000 dispatch_depth=3 vblank_depth=0 ops=5534 budget=29781
mapper type=4 current_bank=6 mirroring=2 select=$06 irq_latch=$00 irq_counter=$00 irq_reload=0 irq_enabled=0
mapper_regs 00 00 00 00 00 00 0D 07
caller (none)
caller2 (none)
target_bytes 4C 15 80 4C 50 80 4C F1
stack_bytes 00 00 00 00 00 00 00 00 00 00 00 00 00 00 00 00
last_dispatches
  T $D269 cb=-1 S=$FD depth=0 wb=$E000
  C $D269 cb=-1 S=$FD depth=0 wb=$E000
  C $D2F6 cb=-1 S=$FF depth=1 wb=$C000
  C $CFBF cb=-1 S=$FF depth=1 wb=$C000
  C $CFF3 cb=-1 S=$FF depth=2 wb=$C000
  T $D406 cb=-1 S=$FF depth=1 wb=$C000
  C $D406 cb=-1 S=$FF depth=1 wb=$C000
  C $8009 cb=-1 S=$FF depth=2 wb=$C000
=== end dispatch fault ===

=== dispatch fault 2 frame=0 cycles=191343 ===
target gen=$A003 cpu=$8003 bank=6 class=CODE call_site=$0000
cpu A=$05 X=$10 Y=$00 P=$00 S=$FF window=$8000 dispatch_depth=4 vblank_depth=0 ops=12659 budget=29780
mapper type=4 current_bank=6 mirroring=3 select=$07 irq_latch=$00 irq_counter=$00 irq_reload=0 irq_enabled=0
mapper_regs 00 00 00 00 00 00 0D 05
caller (none)
caller2 (none)
target_bytes 4C 85 86 4C 95 87 4C 15
stack_bytes 00 00 00 00 00 00 00 00 00 00 00 00 00 00 00 00
last_dispatches
  C $884E cb=6 S=$FF depth=6 wb=$8000
  C $884E cb=6 S=$FF depth=6 wb=$8000
  C $884E cb=6 S=$FF depth=6 wb=$8000
  C $884E cb=6 S=$FF depth=6 wb=$8000
  C $884E cb=6 S=$FF depth=6 wb=$8000
  C $884E cb=6 S=$FF depth=6 wb=$8000
  C $884E cb=6 S=$FF depth=6 wb=$8000
  C $884E cb=6 S=$FF depth=6 wb=$8000
  C $884E cb=6 S=$FF depth=6 wb=$8000
  C $884E cb=6 S=$FF depth=6 wb=$8000
  C $884E cb=6 S=$FF depth=6 wb=$8000
  C $884E cb=6 S=$FF depth=6 wb=$8000
  C $884E cb=6 S=$FF depth=6 wb=$8000
  C $884E cb=6 S=$FF depth=6 wb=$8000
  C $884E cb=6 S=$FF depth=6 wb=$8000
  C $884E cb=6 S=$FF depth=6 wb=$8000
  C $884E cb=6 S=$FF depth=6 wb=$8000
  C $884E cb=6 S=$FF depth=6 wb=$8000
  C $884E cb=6 S=$FF depth=6 wb=$8000
  C $884E cb=6 S=$FF depth=6 wb=$8000
  C $884E cb=6 S=$FF depth=6 wb=$8000
  C $884E cb=6 S=$FF depth=6 wb=$8000
  C $884E cb=6 S=$FF depth=6 wb=$8000
  C $884E cb=6 S=$FF depth=6 wb=$8000
  C $884E cb=6 S=$FF depth=6 wb=$8000
  C $884E cb=6 S=$FF depth=6 wb=$8000
  C $884E cb=6 S=$FF depth=6 wb=$8000
  C $884E cb=6 S=$FF depth=6 wb=$8000
  C $884E cb=6 S=$FF depth=6 wb=$8000
  C $884E cb=6 S=$FF depth=6 wb=$8000
  C $884E cb=6 S=$FF depth=6 wb=$8000
  C $884E cb=6 S=$FF depth=6 wb=$8000
  C $884E cb=6 S=$FF depth=6 wb=$8000
  C $884E cb=6 S=$FF depth=6 wb=$8000
  C $884E cb=6 S=$FF depth=6 wb=$8000
  C $884E cb=6 S=$FF depth=6 wb=$8000
  C $884E cb=6 S=$FF depth=6 wb=$8000
  C $884E cb=6 S=$FF depth=6 wb=$8000
  C $884E cb=6 S=$FF depth=6 wb=$8000
  C $884E cb=6 S=$FF depth=6 wb=$8000
  C $884E cb=6 S=$FF depth=6 wb=$8000
  C $884E cb=6 S=$FF depth=6 wb=$8000
  C $884E cb=6 S=$FF depth=6 wb=$8000
  C $884E cb=6 S=$FF depth=6 wb=$8000
  C $884E cb=6 S=$FF depth=6 wb=$8000
  C $884E cb=6 S=$FF depth=6 wb=$8000
  C $884E cb=6 S=$FF depth=6 wb=$8000
  C $884E cb=6 S=$FF depth=6 wb=$8000
  C $884E cb=6 S=$FF depth=6 wb=$8000
  C $884E cb=6 S=$FF depth=6 wb=$8000
  C $884E cb=6 S=$FF depth=6 wb=$8000
  C $884E cb=6 S=$FF depth=6 wb=$8000
  C $884E cb=6 S=$FF depth=6 wb=$8000
  C $884E cb=6 S=$FF depth=6 wb=$8000
  C $884E cb=6 S=$FF depth=6 wb=$8000
  C $884E cb=6 S=$FF depth=6 wb=$8000
  C $884E cb=6 S=$FF depth=6 wb=$8000
  C $884E cb=6 S=$FF depth=6 wb=$8000
  C $884E cb=6 S=$FF depth=6 wb=$8000
  C $884E cb=6 S=$FF depth=6 wb=$8000
  C $884E cb=6 S=$FF depth=6 wb=$8000
  C $884E cb=6 S=$FF depth=6 wb=$8000
  C $884E cb=6 S=$FF depth=6 wb=$8000
  C $8003 cb=-1 S=$FF depth=3 wb=$C000
=== end dispatch fault ===

=== dispatch fault 3 frame=186 cycles=5809662 ===
target gen=$FF01 cpu=$FF01 bank=7 class=ZERO_FILLED call_site=$2200
cpu A=$00 X=$03 Y=$04 P=$00 S=$FB window=$E000 dispatch_depth=9 vblank_depth=2 ops=2463 budget=29781
mapper type=4 current_bank=3 mirroring=3 select=$07 irq_latch=$7F irq_counter=$00 irq_reload=1 irq_enabled=1
mapper_regs 3C 3E 00 00 00 00 06 07
caller func_CEAC
caller2 func_CDE7
target_bytes 00 00 00 00 00 00 00 00
stack_bytes 00 22 00 00 00 00 00 00 00 00 00 00 00 00 00 00
last_dispatches
  C $884E cb=6 S=$FF depth=6 wb=$8000
  C $884E cb=6 S=$FF depth=6 wb=$8000
  C $884E cb=6 S=$FF depth=6 wb=$8000
  C $884E cb=6 S=$FF depth=6 wb=$8000
  C $884E cb=6 S=$FF depth=6 wb=$8000
  C $884E cb=6 S=$FF depth=6 wb=$8000
  C $884E cb=6 S=$FF depth=6 wb=$8000
  C $884E cb=6 S=$FF depth=6 wb=$8000
  C $DB92 cb=-1 S=$FF depth=3 wb=$C000
  C $D341 cb=-1 S=$FF depth=4 wb=$C000
  T $D377 cb=-1 S=$FF depth=4 wb=$C000
  C $D377 cb=-1 S=$FF depth=4 wb=$C000
  C $DC27 cb=-1 S=$FF depth=3 wb=$C000
  C $DBAF cb=-1 S=$FF depth=3 wb=$C000
  C $8021 cb=-1 S=$FF depth=4 wb=$C000
  T $89BF cb=6 S=$FF depth=5 wb=$8000
  C $89BF cb=6 S=$FF depth=5 wb=$8000
  T $89DD cb=-1 S=$FF depth=6 wb=$E000
  C $89DD cb=-1 S=$FF depth=6 wb=$E000
  T $89DD cb=-1 S=$FF depth=6 wb=$E000
  C $89DD cb=-1 S=$FF depth=6 wb=$E000
  T $89DD cb=-1 S=$FF depth=6 wb=$E000
  C $89DD cb=-1 S=$FF depth=6 wb=$E000
  T $89DD cb=-1 S=$FF depth=6 wb=$E000
  C $89DD cb=-1 S=$FF depth=6 wb=$E000
  N $0002 cb=-1 S=$FC depth=3 wb=$E000
  C $DE39 cb=-1 S=$F9 depth=3 wb=$C000
  T $E11E cb=-1 S=$F9 depth=4 wb=$C000
  C $E11E cb=-1 S=$F9 depth=4 wb=$C000
  T $E11E cb=-1 S=$F9 depth=3 wb=$E000
  C $E11E cb=-1 S=$F9 depth=3 wb=$E000
  C $DCCE cb=-1 S=$F9 depth=3 wb=$C000
  C $CB25 cb=-1 S=$F9 depth=3 wb=$C000
  C $CF72 cb=-1 S=$F9 depth=4 wb=$C000
  C $CFF3 cb=-1 S=$F9 depth=4 wb=$C000
  C $CD30 cb=-1 S=$F9 depth=4 wb=$C000
  C $CD7D cb=-1 S=$F9 depth=5 wb=$C000
  T $CDE7 cb=-1 S=$F9 depth=6 wb=$C000
  C $CDE7 cb=-1 S=$F9 depth=6 wb=$C000
  T $CEAC cb=-1 S=$F9 depth=7 wb=$C000
  C $CEAC cb=-1 S=$F9 depth=7 wb=$C000
  D $CDE7 cb=-1 S=$F9 depth=6 wb=$C000
  C $CDE7 cb=-1 S=$F9 depth=6 wb=$C000
  T $CEF0 cb=-1 S=$F9 depth=7 wb=$C000
  C $CEF0 cb=-1 S=$F9 depth=7 wb=$C000
  C $CD5F cb=-1 S=$F9 depth=8 wb=$C000
  C $CD7D cb=-1 S=$F9 depth=5 wb=$C000
  T $CDE7 cb=-1 S=$F9 depth=6 wb=$C000
  C $CDE7 cb=-1 S=$F9 depth=6 wb=$C000
  T $CE4C cb=-1 S=$F9 depth=7 wb=$C000
  C $CE4C cb=-1 S=$F9 depth=7 wb=$C000
  T $CD93 cb=-1 S=$F9 depth=8 wb=$C000
  C $CD93 cb=-1 S=$F9 depth=8 wb=$C000
  D $CDE7 cb=-1 S=$F9 depth=6 wb=$C000
  C $CDE7 cb=-1 S=$F9 depth=6 wb=$C000
  T $CEF0 cb=-1 S=$F9 depth=7 wb=$C000
  C $CEF0 cb=-1 S=$F9 depth=7 wb=$C000
  D $CDE7 cb=-1 S=$F9 depth=6 wb=$C000
  C $CDE7 cb=-1 S=$F9 depth=6 wb=$C000
  T $CEAC cb=-1 S=$F9 depth=7 wb=$C000
  C $CEAC cb=-1 S=$F9 depth=7 wb=$C000
  C $CD5F cb=-1 S=$F9 depth=8 wb=$C000
  T $FF01 cb=-1 S=$FB depth=8 wb=$C000
  C $FF01 cb=-1 S=$FB depth=8 wb=$C000
=== end dispatch fault ===

=== dispatch fault 4 frame=186 cycles=5809962 ===
target gen=$2201 cpu=$2201 bank=3 class=ZERO_FILLED call_site=$0000
cpu A=$00 X=$02 Y=$04 P=$00 S=$FD window=$C000 dispatch_depth=9 vblank_depth=2 ops=2763 budget=29781
mapper type=4 current_bank=3 mirroring=3 select=$07 irq_latch=$7F irq_counter=$00 irq_reload=1 irq_enabled=1
mapper_regs 3C 3E 00 00 00 00 06 07
caller func_CE78
caller2 func_CDE7
target_bytes 00 00 00 00 00 00 00 00
stack_bytes 00 00 00 00 00 00 00 00 00 00 00 00 00 00 00 00
last_dispatches
  C $DB92 cb=-1 S=$FF depth=3 wb=$C000
  C $D341 cb=-1 S=$FF depth=4 wb=$C000
  T $D377 cb=-1 S=$FF depth=4 wb=$C000
  C $D377 cb=-1 S=$FF depth=4 wb=$C000
  C $DC27 cb=-1 S=$FF depth=3 wb=$C000
  C $DBAF cb=-1 S=$FF depth=3 wb=$C000
  C $8021 cb=-1 S=$FF depth=4 wb=$C000
  T $89BF cb=6 S=$FF depth=5 wb=$8000
  C $89BF cb=6 S=$FF depth=5 wb=$8000
  T $89DD cb=-1 S=$FF depth=6 wb=$E000
  C $89DD cb=-1 S=$FF depth=6 wb=$E000
  T $89DD cb=-1 S=$FF depth=6 wb=$E000
  C $89DD cb=-1 S=$FF depth=6 wb=$E000
  T $89DD cb=-1 S=$FF depth=6 wb=$E000
  C $89DD cb=-1 S=$FF depth=6 wb=$E000
  T $89DD cb=-1 S=$FF depth=6 wb=$E000
  C $89DD cb=-1 S=$FF depth=6 wb=$E000
  N $0002 cb=-1 S=$FC depth=3 wb=$E000
  C $DE39 cb=-1 S=$F9 depth=3 wb=$C000
  T $E11E cb=-1 S=$F9 depth=4 wb=$C000
  C $E11E cb=-1 S=$F9 depth=4 wb=$C000
  T $E11E cb=-1 S=$F9 depth=3 wb=$E000
  C $E11E cb=-1 S=$F9 depth=3 wb=$E000
  C $DCCE cb=-1 S=$F9 depth=3 wb=$C000
  C $CB25 cb=-1 S=$F9 depth=3 wb=$C000
  C $CF72 cb=-1 S=$F9 depth=4 wb=$C000
  C $CFF3 cb=-1 S=$F9 depth=4 wb=$C000
  C $CD30 cb=-1 S=$F9 depth=4 wb=$C000
  C $CD7D cb=-1 S=$F9 depth=5 wb=$C000
  T $CDE7 cb=-1 S=$F9 depth=6 wb=$C000
  C $CDE7 cb=-1 S=$F9 depth=6 wb=$C000
  T $CEAC cb=-1 S=$F9 depth=7 wb=$C000
  C $CEAC cb=-1 S=$F9 depth=7 wb=$C000
  D $CDE7 cb=-1 S=$F9 depth=6 wb=$C000
  C $CDE7 cb=-1 S=$F9 depth=6 wb=$C000
  T $CEF0 cb=-1 S=$F9 depth=7 wb=$C000
  C $CEF0 cb=-1 S=$F9 depth=7 wb=$C000
  C $CD5F cb=-1 S=$F9 depth=8 wb=$C000
  C $CD7D cb=-1 S=$F9 depth=5 wb=$C000
  T $CDE7 cb=-1 S=$F9 depth=6 wb=$C000
  C $CDE7 cb=-1 S=$F9 depth=6 wb=$C000
  T $CE4C cb=-1 S=$F9 depth=7 wb=$C000
  C $CE4C cb=-1 S=$F9 depth=7 wb=$C000
  T $CD93 cb=-1 S=$F9 depth=8 wb=$C000
  C $CD93 cb=-1 S=$F9 depth=8 wb=$C000
  D $CDE7 cb=-1 S=$F9 depth=6 wb=$C000
  C $CDE7 cb=-1 S=$F9 depth=6 wb=$C000
  T $CEF0 cb=-1 S=$F9 depth=7 wb=$C000
  C $CEF0 cb=-1 S=$F9 depth=7 wb=$C000
  D $CDE7 cb=-1 S=$F9 depth=6 wb=$C000
  C $CDE7 cb=-1 S=$F9 depth=6 wb=$C000
  T $CEAC cb=-1 S=$F9 depth=7 wb=$C000
  C $CEAC cb=-1 S=$F9 depth=7 wb=$C000
  C $CD5F cb=-1 S=$F9 depth=8 wb=$C000
  T $FF01 cb=-1 S=$FB depth=8 wb=$C000
  C $FF01 cb=-1 S=$FB depth=8 wb=$C000
  C $CD7D cb=-1 S=$FB depth=5 wb=$C000
  T $CDE7 cb=-1 S=$FB depth=6 wb=$C000
  C $CDE7 cb=-1 S=$FB depth=6 wb=$C000
  T $CE78 cb=-1 S=$FB depth=7 wb=$C000
  C $CE78 cb=-1 S=$FB depth=7 wb=$C000
  C $CD5F cb=-1 S=$FB depth=8 wb=$C000
  T $2201 cb=-1 S=$FD depth=8 wb=$C000
  C $2201 cb=-1 S=$FD depth=8 wb=$C000
=== end dispatch fault ===

=== dispatch fault 5 frame=213 cycles=6612883 ===
target gen=$4C01 cpu=$4C01 bank=3 class=ZERO_FILLED call_site=$200A
cpu A=$00 X=$03 Y=$02 P=$00 S=$FB window=$C000 dispatch_depth=9 vblank_depth=2 ops=1610 budget=29780
mapper type=4 current_bank=3 mirroring=3 select=$07 irq_latch=$7F irq_counter=$00 irq_reload=1 irq_enabled=1
mapper_regs 3C 3E 00 00 00 00 06 07
caller func_CF25
caller2 func_CDE7
target_bytes 00 00 00 00 00 00 00 00
stack_bytes 0A 20 00 00 00 00 00 00 00 00 00 00 00 00 00 00
last_dispatches
  C $CD7D cb=-1 S=$F9 depth=5 wb=$C000
  T $CD50 cb=-1 S=$F9 depth=6 wb=$C000
  C $CD50 cb=-1 S=$F9 depth=6 wb=$C000
  C $CD7D cb=-1 S=$F9 depth=5 wb=$C000
  T $CD50 cb=-1 S=$F9 depth=6 wb=$C000
  C $CD50 cb=-1 S=$F9 depth=6 wb=$C000
  C $CD7D cb=-1 S=$F9 depth=5 wb=$C000
  T $CD50 cb=-1 S=$F9 depth=6 wb=$C000
  C $CD50 cb=-1 S=$F9 depth=6 wb=$C000
  C $CD30 cb=-1 S=$F9 depth=4 wb=$C000
  C $CC71 cb=-1 S=$F9 depth=4 wb=$C000
  C $CCDA cb=-1 S=$F9 depth=4 wb=$C000
  C $CC71 cb=-1 S=$F9 depth=4 wb=$C000
  T $CC61 cb=-1 S=$F9 depth=5 wb=$C000
  C $CC61 cb=-1 S=$F9 depth=5 wb=$C000
  C $CCDA cb=-1 S=$F9 depth=4 wb=$C000
  C $CC71 cb=-1 S=$F9 depth=4 wb=$C000
  T $CC61 cb=-1 S=$F9 depth=5 wb=$C000
  C $CC61 cb=-1 S=$F9 depth=5 wb=$C000
  C $CCDA cb=-1 S=$F9 depth=4 wb=$C000
  C $CC71 cb=-1 S=$F9 depth=4 wb=$C000
  T $CC61 cb=-1 S=$F9 depth=5 wb=$C000
  C $CC61 cb=-1 S=$F9 depth=5 wb=$C000
  n $0002 cb=-1 S=$FF depth=3 wb=$E000
  T $E9AE cb=-1 S=$F9 depth=3 wb=$E000
  C $E9AE cb=-1 S=$F9 depth=3 wb=$E000
  T $D9F0 cb=-1 S=$FF depth=3 wb=$E000
  C $D9F0 cb=-1 S=$FF depth=3 wb=$E000
  C $DBAF cb=-1 S=$FF depth=3 wb=$C000
  C $8021 cb=-1 S=$FF depth=4 wb=$C000
  T $89BF cb=6 S=$FF depth=5 wb=$8000
  C $89BF cb=6 S=$FF depth=5 wb=$8000
  T $8749 cb=-1 S=$FF depth=6 wb=$E000
  C $8749 cb=-1 S=$FF depth=6 wb=$E000
  T $8749 cb=-1 S=$FF depth=6 wb=$E000
  C $8749 cb=-1 S=$FF depth=6 wb=$E000
  T $8749 cb=-1 S=$FF depth=6 wb=$E000
  C $8749 cb=-1 S=$FF depth=6 wb=$E000
  T $8749 cb=-1 S=$FF depth=6 wb=$E000
  C $8749 cb=-1 S=$FF depth=6 wb=$E000
  C $DB65 cb=-1 S=$FF depth=3 wb=$C000
  C $DB92 cb=-1 S=$FF depth=3 wb=$C000
  C $D341 cb=-1 S=$FF depth=4 wb=$C000
  T $D377 cb=-1 S=$FF depth=4 wb=$C000
  C $D377 cb=-1 S=$FF depth=4 wb=$C000
  N $0002 cb=-1 S=$FC depth=3 wb=$E000
  C $DE39 cb=-1 S=$F9 depth=3 wb=$C000
  T $E11E cb=-1 S=$F9 depth=4 wb=$C000
  C $E11E cb=-1 S=$F9 depth=4 wb=$C000
  T $E11E cb=-1 S=$F9 depth=3 wb=$E000
  C $E11E cb=-1 S=$F9 depth=3 wb=$E000
  C $DCCE cb=-1 S=$F9 depth=3 wb=$C000
  C $CB25 cb=-1 S=$F9 depth=3 wb=$C000
  C $CD30 cb=-1 S=$F9 depth=4 wb=$C000
  C $CD7D cb=-1 S=$F9 depth=5 wb=$C000
  C $CD5F cb=-1 S=$F9 depth=6 wb=$C000
  C $CD7D cb=-1 S=$F9 depth=5 wb=$C000
  T $CDE7 cb=-1 S=$F9 depth=6 wb=$C000
  C $CDE7 cb=-1 S=$F9 depth=6 wb=$C000
  T $CF25 cb=-1 S=$F9 depth=7 wb=$C000
  C $CF25 cb=-1 S=$F9 depth=7 wb=$C000
  C $CD5F cb=-1 S=$F9 depth=8 wb=$C000
  T $4C01 cb=-1 S=$FB depth=8 wb=$C000
  C $4C01 cb=-1 S=$FB depth=8 wb=$C000
=== end dispatch fault ===

=== dispatch fault 6 frame=561 cycles=23677021 ===
target gen=$4001 cpu=$4001 bank=3 class=ZERO_FILLED call_site=$2300
cpu A=$00 X=$07 Y=$03 P=$00 S=$FC window=$C000 dispatch_depth=9 vblank_depth=2 ops=1522 budget=29781
mapper type=4 current_bank=3 mirroring=3 select=$07 irq_latch=$7F irq_counter=$00 irq_reload=1 irq_enabled=1
mapper_regs 3C 3E 00 00 00 00 06 07
caller func_CE9C
caller2 func_CDE7
target_bytes 00 00 00 00 00 00 00 00
stack_bytes 00 23 00 00 EF 00 00 00 00 00 00 04 00 00 00 00
last_dispatches
  N $0002 cb=-1 S=$FD depth=3 wb=$E000
  C $DE39 cb=-1 S=$FA depth=3 wb=$C000
  T $E11E cb=-1 S=$FA depth=4 wb=$C000
  C $E11E cb=-1 S=$FA depth=4 wb=$C000
  T $E11E cb=-1 S=$FA depth=3 wb=$E000
  C $E11E cb=-1 S=$FA depth=3 wb=$E000
  C $DCCE cb=-1 S=$FA depth=3 wb=$C000
  C $CB25 cb=-1 S=$FA depth=3 wb=$C000
  C $CD30 cb=-1 S=$FA depth=4 wb=$C000
  C $CD30 cb=-1 S=$FA depth=4 wb=$C000
  C $CD7D cb=-1 S=$FA depth=5 wb=$C000
  T $CD50 cb=-1 S=$FA depth=6 wb=$C000
  C $CD50 cb=-1 S=$FA depth=6 wb=$C000
  C $CD7D cb=-1 S=$FA depth=5 wb=$C000
  T $CD50 cb=-1 S=$FA depth=6 wb=$C000
  C $CD50 cb=-1 S=$FA depth=6 wb=$C000
  C $CD7D cb=-1 S=$FA depth=5 wb=$C000
  T $CD50 cb=-1 S=$FA depth=6 wb=$C000
  C $CD50 cb=-1 S=$FA depth=6 wb=$C000
  C $CC71 cb=-1 S=$FA depth=4 wb=$C000
  C $CCDA cb=-1 S=$FA depth=4 wb=$C000
  C $CC71 cb=-1 S=$FA depth=4 wb=$C000
  C $CCDA cb=-1 S=$FA depth=4 wb=$C000
  C $CC71 cb=-1 S=$FA depth=4 wb=$C000
  C $CCDA cb=-1 S=$FA depth=4 wb=$C000
  C $CC71 cb=-1 S=$FA depth=4 wb=$C000
  T $CC66 cb=-1 S=$FA depth=5 wb=$C000
  C $CC66 cb=-1 S=$FA depth=5 wb=$C000
  n $0002 cb=-1 S=$00 depth=3 wb=$E000
  T $E9AE cb=-1 S=$FA depth=3 wb=$E000
  C $E9AE cb=-1 S=$FA depth=3 wb=$E000
  T $D9F0 cb=-1 S=$00 depth=3 wb=$E000
  C $D9F0 cb=-1 S=$00 depth=3 wb=$E000
  C $DBAF cb=-1 S=$00 depth=3 wb=$C000
  C $8021 cb=-1 S=$00 depth=4 wb=$C000
  T $89BF cb=6 S=$00 depth=5 wb=$8000
  C $89BF cb=6 S=$00 depth=5 wb=$8000
  T $8749 cb=-1 S=$00 depth=6 wb=$E000
  C $8749 cb=-1 S=$00 depth=6 wb=$E000
  T $8749 cb=-1 S=$00 depth=6 wb=$E000
  C $8749 cb=-1 S=$00 depth=6 wb=$E000
  T $8749 cb=-1 S=$00 depth=6 wb=$E000
  C $8749 cb=-1 S=$00 depth=6 wb=$E000
  T $8749 cb=-1 S=$00 depth=6 wb=$E000
  C $8749 cb=-1 S=$00 depth=6 wb=$E000
  C $D377 cb=-1 S=$00 depth=3 wb=$C000
  N $0002 cb=-1 S=$FD depth=3 wb=$E000
  C $DE39 cb=-1 S=$FA depth=3 wb=$C000
  T $E11E cb=-1 S=$FA depth=4 wb=$C000
  C $E11E cb=-1 S=$FA depth=4 wb=$C000
  T $E11E cb=-1 S=$FA depth=3 wb=$E000
  C $E11E cb=-1 S=$FA depth=3 wb=$E000
  C $DCCE cb=-1 S=$FA depth=3 wb=$C000
  C $CB25 cb=-1 S=$FA depth=3 wb=$C000
  C $CD30 cb=-1 S=$FA depth=4 wb=$C000
  C $CD30 cb=-1 S=$FA depth=4 wb=$C000
  C $CD7D cb=-1 S=$FA depth=5 wb=$C000
  T $CDE7 cb=-1 S=$FA depth=6 wb=$C000
  C $CDE7 cb=-1 S=$FA depth=6 wb=$C000
  T $CE9C cb=-1 S=$FA depth=7 wb=$C000
  C $CE9C cb=-1 S=$FA depth=7 wb=$C000
  C $CD5F cb=-1 S=$FA depth=8 wb=$C000
  T $4001 cb=-1 S=$FC depth=8 wb=$C000
  C $4001 cb=-1 S=$FC depth=8 wb=$C000
=== end dispatch fault ===

=== dispatch fault 7 frame=1301 cycles=45714601 ===
target gen=$3001 cpu=$3001 bank=3 class=ZERO_FILLED call_site=$2050
cpu A=$00 X=$06 Y=$03 P=$00 S=$00 window=$C000 dispatch_depth=9 vblank_depth=2 ops=1532 budget=29781
mapper type=4 current_bank=3 mirroring=3 select=$07 irq_latch=$7F irq_counter=$00 irq_reload=1 irq_enabled=1
mapper_regs 3C 3E 00 00 00 00 06 07
caller func_CEC6
caller2 func_CDE7
target_bytes 00 00 00 00 00 00 00 00
stack_bytes 50 20 00 00 B2 00 00 04 00 00 00 00 00 00 00 00
last_dispatches
  C $D377 cb=-1 S=$04 depth=4 wb=$C000
  N $0002 cb=-1 S=$01 depth=3 wb=$E000
  C $DE39 cb=-1 S=$FE depth=3 wb=$C000
  T $E11E cb=-1 S=$FE depth=4 wb=$C000
  C $E11E cb=-1 S=$FE depth=4 wb=$C000
  T $E11E cb=-1 S=$FE depth=3 wb=$E000
  C $E11E cb=-1 S=$FE depth=3 wb=$E000
  C $DCCE cb=-1 S=$FE depth=3 wb=$C000
  C $CB25 cb=-1 S=$FE depth=3 wb=$C000
  C $CD30 cb=-1 S=$FE depth=4 wb=$C000
  C $CD30 cb=-1 S=$FE depth=4 wb=$C000
  C $CD7D cb=-1 S=$FE depth=5 wb=$C000
  T $CD50 cb=-1 S=$FE depth=6 wb=$C000
  C $CD50 cb=-1 S=$FE depth=6 wb=$C000
  C $CD7D cb=-1 S=$FE depth=5 wb=$C000
  T $CD50 cb=-1 S=$FE depth=6 wb=$C000
  C $CD50 cb=-1 S=$FE depth=6 wb=$C000
  C $CC71 cb=-1 S=$FE depth=4 wb=$C000
  C $CCDA cb=-1 S=$FE depth=4 wb=$C000
  C $CC71 cb=-1 S=$FE depth=4 wb=$C000
  C $CCDA cb=-1 S=$FE depth=4 wb=$C000
  C $CC71 cb=-1 S=$FE depth=4 wb=$C000
  T $CC61 cb=-1 S=$FE depth=5 wb=$C000
  C $CC61 cb=-1 S=$FE depth=5 wb=$C000
  C $CCDA cb=-1 S=$FE depth=4 wb=$C000
  C $CC71 cb=-1 S=$FE depth=4 wb=$C000
  T $CC66 cb=-1 S=$FE depth=5 wb=$C000
  C $CC66 cb=-1 S=$FE depth=5 wb=$C000
  n $0002 cb=-1 S=$04 depth=3 wb=$E000
  T $E9AE cb=-1 S=$FE depth=3 wb=$E000
  C $E9AE cb=-1 S=$FE depth=3 wb=$E000
  T $D9F0 cb=-1 S=$04 depth=3 wb=$E000
  C $D9F0 cb=-1 S=$04 depth=3 wb=$E000
  C $DBAF cb=-1 S=$04 depth=3 wb=$C000
  C $8021 cb=-1 S=$04 depth=4 wb=$C000
  T $89BF cb=6 S=$04 depth=5 wb=$8000
  C $89BF cb=6 S=$04 depth=5 wb=$8000
  T $8749 cb=-1 S=$04 depth=6 wb=$E000
  C $8749 cb=-1 S=$04 depth=6 wb=$E000
  T $8749 cb=-1 S=$04 depth=6 wb=$E000
  C $8749 cb=-1 S=$04 depth=6 wb=$E000
  T $8749 cb=-1 S=$04 depth=6 wb=$E000
  C $8749 cb=-1 S=$04 depth=6 wb=$E000
  T $8749 cb=-1 S=$04 depth=6 wb=$E000
  C $8749 cb=-1 S=$04 depth=6 wb=$E000
  C $D377 cb=-1 S=$04 depth=3 wb=$C000
  N $0002 cb=-1 S=$01 depth=3 wb=$E000
  C $DE39 cb=-1 S=$FE depth=3 wb=$C000
  T $E11E cb=-1 S=$FE depth=4 wb=$C000
  C $E11E cb=-1 S=$FE depth=4 wb=$C000
  T $E11E cb=-1 S=$FE depth=3 wb=$E000
  C $E11E cb=-1 S=$FE depth=3 wb=$E000
  C $DCCE cb=-1 S=$FE depth=3 wb=$C000
  C $CB25 cb=-1 S=$FE depth=3 wb=$C000
  C $CD30 cb=-1 S=$FE depth=4 wb=$C000
  C $CD30 cb=-1 S=$FE depth=4 wb=$C000
  C $CD7D cb=-1 S=$FE depth=5 wb=$C000
  T $CDE7 cb=-1 S=$FE depth=6 wb=$C000
  C $CDE7 cb=-1 S=$FE depth=6 wb=$C000
  T $CEC6 cb=-1 S=$FE depth=7 wb=$C000
  C $CEC6 cb=-1 S=$FE depth=7 wb=$C000
  C $CD5F cb=-1 S=$FE depth=8 wb=$C000
  T $3001 cb=-1 S=$00 depth=8 wb=$C000
  C $3001 cb=-1 S=$00 depth=8 wb=$C000
=== end dispatch fault ===

=== dispatch fault 1 frame=0 cycles=124656 ===
target gen=$A009 cpu=$8009 bank=6 class=CODE call_site=$0000
cpu A=$0D X=$06 Y=$00 P=$00 S=$FF window=$8000 dispatch_depth=3 vblank_depth=0 ops=5534 budget=29781
mapper type=4 current_bank=6 mirroring=2 select=$06 irq_latch=$00 irq_counter=$00 irq_reload=0 irq_enabled=0
mapper_regs 00 00 00 00 00 00 0D 07
caller (none)
caller2 (none)
target_bytes 4C 15 80 4C 50 80 4C F1
stack_bytes 00 00 00 00 00 00 00 00 00 00 00 00 00 00 00 00
last_dispatches
  T $D269 cb=-1 S=$FD depth=0 wb=$E000
  C $D269 cb=-1 S=$FD depth=0 wb=$E000
  C $D2F6 cb=-1 S=$FF depth=1 wb=$C000
  C $CFBF cb=-1 S=$FF depth=1 wb=$C000
  C $CFF3 cb=-1 S=$FF depth=2 wb=$C000
  T $D406 cb=-1 S=$FF depth=1 wb=$C000
  C $D406 cb=-1 S=$FF depth=1 wb=$C000
  C $8009 cb=-1 S=$FF depth=2 wb=$C000
=== end dispatch fault ===

=== dispatch fault 2 frame=0 cycles=191343 ===
target gen=$A003 cpu=$8003 bank=6 class=CODE call_site=$0000
cpu A=$05 X=$10 Y=$00 P=$00 S=$FF window=$8000 dispatch_depth=4 vblank_depth=0 ops=12659 budget=29780
mapper type=4 current_bank=6 mirroring=3 select=$07 irq_latch=$00 irq_counter=$00 irq_reload=0 irq_enabled=0
mapper_regs 00 00 00 00 00 00 0D 05
caller (none)
caller2 (none)
target_bytes 4C 85 86 4C 95 87 4C 15
stack_bytes 00 00 00 00 00 00 00 00 00 00 00 00 00 00 00 00
last_dispatches
  C $884E cb=6 S=$FF depth=6 wb=$8000
  C $884E cb=6 S=$FF depth=6 wb=$8000
  C $884E cb=6 S=$FF depth=6 wb=$8000
  C $884E cb=6 S=$FF depth=6 wb=$8000
  C $884E cb=6 S=$FF depth=6 wb=$8000
  C $884E cb=6 S=$FF depth=6 wb=$8000
  C $884E cb=6 S=$FF depth=6 wb=$8000
  C $884E cb=6 S=$FF depth=6 wb=$8000
  C $884E cb=6 S=$FF depth=6 wb=$8000
  C $884E cb=6 S=$FF depth=6 wb=$8000
  C $884E cb=6 S=$FF depth=6 wb=$8000
  C $884E cb=6 S=$FF depth=6 wb=$8000
  C $884E cb=6 S=$FF depth=6 wb=$8000
  C $884E cb=6 S=$FF depth=6 wb=$8000
  C $884E cb=6 S=$FF depth=6 wb=$8000
  C $884E cb=6 S=$FF depth=6 wb=$8000
  C $884E cb=6 S=$FF depth=6 wb=$8000
  C $884E cb=6 S=$FF depth=6 wb=$8000
  C $884E cb=6 S=$FF depth=6 wb=$8000
  C $884E cb=6 S=$FF depth=6 wb=$8000
  C $884E cb=6 S=$FF depth=6 wb=$8000
  C $884E cb=6 S=$FF depth=6 wb=$8000
  C $884E cb=6 S=$FF depth=6 wb=$8000
  C $884E cb=6 S=$FF depth=6 wb=$8000
  C $884E cb=6 S=$FF depth=6 wb=$8000
  C $884E cb=6 S=$FF depth=6 wb=$8000
  C $884E cb=6 S=$FF depth=6 wb=$8000
  C $884E cb=6 S=$FF depth=6 wb=$8000
  C $884E cb=6 S=$FF depth=6 wb=$8000
  C $884E cb=6 S=$FF depth=6 wb=$8000
  C $884E cb=6 S=$FF depth=6 wb=$8000
  C $884E cb=6 S=$FF depth=6 wb=$8000
  C $884E cb=6 S=$FF depth=6 wb=$8000
  C $884E cb=6 S=$FF depth=6 wb=$8000
  C $884E cb=6 S=$FF depth=6 wb=$8000
  C $884E cb=6 S=$FF depth=6 wb=$8000
  C $884E cb=6 S=$FF depth=6 wb=$8000
  C $884E cb=6 S=$FF depth=6 wb=$8000
  C $884E cb=6 S=$FF depth=6 wb=$8000
  C $884E cb=6 S=$FF depth=6 wb=$8000
  C $884E cb=6 S=$FF depth=6 wb=$8000
  C $884E cb=6 S=$FF depth=6 wb=$8000
  C $884E cb=6 S=$FF depth=6 wb=$8000
  C $884E cb=6 S=$FF depth=6 wb=$8000
  C $884E cb=6 S=$FF depth=6 wb=$8000
  C $884E cb=6 S=$FF depth=6 wb=$8000
  C $884E cb=6 S=$FF depth=6 wb=$8000
  C $884E cb=6 S=$FF depth=6 wb=$8000
  C $884E cb=6 S=$FF depth=6 wb=$8000
  C $884E cb=6 S=$FF depth=6 wb=$8000
  C $884E cb=6 S=$FF depth=6 wb=$8000
  C $884E cb=6 S=$FF depth=6 wb=$8000
  C $884E cb=6 S=$FF depth=6 wb=$8000
  C $884E cb=6 S=$FF depth=6 wb=$8000
  C $884E cb=6 S=$FF depth=6 wb=$8000
  C $884E cb=6 S=$FF depth=6 wb=$8000
  C $884E cb=6 S=$FF depth=6 wb=$8000
  C $884E cb=6 S=$FF depth=6 wb=$8000
  C $884E cb=6 S=$FF depth=6 wb=$8000
  C $884E cb=6 S=$FF depth=6 wb=$8000
  C $884E cb=6 S=$FF depth=6 wb=$8000
  C $884E cb=6 S=$FF depth=6 wb=$8000
  C $884E cb=6 S=$FF depth=6 wb=$8000
  C $8003 cb=-1 S=$FF depth=3 wb=$C000
=== end dispatch fault ===

=== dispatch fault 3 frame=186 cycles=5809662 ===
target gen=$FF01 cpu=$FF01 bank=7 class=ZERO_FILLED call_site=$2200
cpu A=$00 X=$03 Y=$04 P=$00 S=$FB window=$E000 dispatch_depth=9 vblank_depth=2 ops=2463 budget=29781
mapper type=4 current_bank=3 mirroring=3 select=$07 irq_latch=$7F irq_counter=$00 irq_reload=1 irq_enabled=1
mapper_regs 3C 3E 00 00 00 00 06 07
caller func_CEAC
caller2 func_CDE7
target_bytes 00 00 00 00 00 00 00 00
stack_bytes 00 22 00 00 00 00 00 00 00 00 00 00 00 00 00 00
last_dispatches
  C $884E cb=6 S=$FF depth=6 wb=$8000
  C $884E cb=6 S=$FF depth=6 wb=$8000
  C $884E cb=6 S=$FF depth=6 wb=$8000
  C $884E cb=6 S=$FF depth=6 wb=$8000
  C $884E cb=6 S=$FF depth=6 wb=$8000
  C $884E cb=6 S=$FF depth=6 wb=$8000
  C $884E cb=6 S=$FF depth=6 wb=$8000
  C $884E cb=6 S=$FF depth=6 wb=$8000
  C $DB92 cb=-1 S=$FF depth=3 wb=$C000
  C $D341 cb=-1 S=$FF depth=4 wb=$C000
  T $D377 cb=-1 S=$FF depth=4 wb=$C000
  C $D377 cb=-1 S=$FF depth=4 wb=$C000
  C $DC27 cb=-1 S=$FF depth=3 wb=$C000
  C $DBAF cb=-1 S=$FF depth=3 wb=$C000
  C $8021 cb=-1 S=$FF depth=4 wb=$C000
  T $89BF cb=6 S=$FF depth=5 wb=$8000
  C $89BF cb=6 S=$FF depth=5 wb=$8000
  T $89DD cb=-1 S=$FF depth=6 wb=$E000
  C $89DD cb=-1 S=$FF depth=6 wb=$E000
  T $89DD cb=-1 S=$FF depth=6 wb=$E000
  C $89DD cb=-1 S=$FF depth=6 wb=$E000
  T $89DD cb=-1 S=$FF depth=6 wb=$E000
  C $89DD cb=-1 S=$FF depth=6 wb=$E000
  T $89DD cb=-1 S=$FF depth=6 wb=$E000
  C $89DD cb=-1 S=$FF depth=6 wb=$E000
  N $0002 cb=-1 S=$FC depth=3 wb=$E000
  C $DE39 cb=-1 S=$F9 depth=3 wb=$C000
  T $E11E cb=-1 S=$F9 depth=4 wb=$C000
  C $E11E cb=-1 S=$F9 depth=4 wb=$C000
  T $E11E cb=-1 S=$F9 depth=3 wb=$E000
  C $E11E cb=-1 S=$F9 depth=3 wb=$E000
  C $DCCE cb=-1 S=$F9 depth=3 wb=$C000
  C $CB25 cb=-1 S=$F9 depth=3 wb=$C000
  C $CF72 cb=-1 S=$F9 depth=4 wb=$C000
  C $CFF3 cb=-1 S=$F9 depth=4 wb=$C000
  C $CD30 cb=-1 S=$F9 depth=4 wb=$C000
  C $CD7D cb=-1 S=$F9 depth=5 wb=$C000
  T $CDE7 cb=-1 S=$F9 depth=6 wb=$C000
  C $CDE7 cb=-1 S=$F9 depth=6 wb=$C000
  T $CEAC cb=-1 S=$F9 depth=7 wb=$C000
  C $CEAC cb=-1 S=$F9 depth=7 wb=$C000
  D $CDE7 cb=-1 S=$F9 depth=6 wb=$C000
  C $CDE7 cb=-1 S=$F9 depth=6 wb=$C000
  T $CEF0 cb=-1 S=$F9 depth=7 wb=$C000
  C $CEF0 cb=-1 S=$F9 depth=7 wb=$C000
  C $CD5F cb=-1 S=$F9 depth=8 wb=$C000
  C $CD7D cb=-1 S=$F9 depth=5 wb=$C000
  T $CDE7 cb=-1 S=$F9 depth=6 wb=$C000
  C $CDE7 cb=-1 S=$F9 depth=6 wb=$C000
  T $CE4C cb=-1 S=$F9 depth=7 wb=$C000
  C $CE4C cb=-1 S=$F9 depth=7 wb=$C000
  T $CD93 cb=-1 S=$F9 depth=8 wb=$C000
  C $CD93 cb=-1 S=$F9 depth=8 wb=$C000
  D $CDE7 cb=-1 S=$F9 depth=6 wb=$C000
  C $CDE7 cb=-1 S=$F9 depth=6 wb=$C000
  T $CEF0 cb=-1 S=$F9 depth=7 wb=$C000
  C $CEF0 cb=-1 S=$F9 depth=7 wb=$C000
  D $CDE7 cb=-1 S=$F9 depth=6 wb=$C000
  C $CDE7 cb=-1 S=$F9 depth=6 wb=$C000
  T $CEAC cb=-1 S=$F9 depth=7 wb=$C000
  C $CEAC cb=-1 S=$F9 depth=7 wb=$C000
  C $CD5F cb=-1 S=$F9 depth=8 wb=$C000
  T $FF01 cb=-1 S=$FB depth=8 wb=$C000
  C $FF01 cb=-1 S=$FB depth=8 wb=$C000
=== end dispatch fault ===

=== dispatch fault 4 frame=186 cycles=5809962 ===
target gen=$2201 cpu=$2201 bank=3 class=ZERO_FILLED call_site=$0000
cpu A=$00 X=$02 Y=$04 P=$00 S=$FD window=$C000 dispatch_depth=9 vblank_depth=2 ops=2763 budget=29781
mapper type=4 current_bank=3 mirroring=3 select=$07 irq_latch=$7F irq_counter=$00 irq_reload=1 irq_enabled=1
mapper_regs 3C 3E 00 00 00 00 06 07
caller func_CE78
caller2 func_CDE7
target_bytes 00 00 00 00 00 00 00 00
stack_bytes 00 00 00 00 00 00 00 00 00 00 00 00 00 00 00 00
last_dispatches
  C $DB92 cb=-1 S=$FF depth=3 wb=$C000
  C $D341 cb=-1 S=$FF depth=4 wb=$C000
  T $D377 cb=-1 S=$FF depth=4 wb=$C000
  C $D377 cb=-1 S=$FF depth=4 wb=$C000
  C $DC27 cb=-1 S=$FF depth=3 wb=$C000
  C $DBAF cb=-1 S=$FF depth=3 wb=$C000
  C $8021 cb=-1 S=$FF depth=4 wb=$C000
  T $89BF cb=6 S=$FF depth=5 wb=$8000
  C $89BF cb=6 S=$FF depth=5 wb=$8000
  T $89DD cb=-1 S=$FF depth=6 wb=$E000
  C $89DD cb=-1 S=$FF depth=6 wb=$E000
  T $89DD cb=-1 S=$FF depth=6 wb=$E000
  C $89DD cb=-1 S=$FF depth=6 wb=$E000
  T $89DD cb=-1 S=$FF depth=6 wb=$E000
  C $89DD cb=-1 S=$FF depth=6 wb=$E000
  T $89DD cb=-1 S=$FF depth=6 wb=$E000
  C $89DD cb=-1 S=$FF depth=6 wb=$E000
  N $0002 cb=-1 S=$FC depth=3 wb=$E000
  C $DE39 cb=-1 S=$F9 depth=3 wb=$C000
  T $E11E cb=-1 S=$F9 depth=4 wb=$C000
  C $E11E cb=-1 S=$F9 depth=4 wb=$C000
  T $E11E cb=-1 S=$F9 depth=3 wb=$E000
  C $E11E cb=-1 S=$F9 depth=3 wb=$E000
  C $DCCE cb=-1 S=$F9 depth=3 wb=$C000
  C $CB25 cb=-1 S=$F9 depth=3 wb=$C000
  C $CF72 cb=-1 S=$F9 depth=4 wb=$C000
  C $CFF3 cb=-1 S=$F9 depth=4 wb=$C000
  C $CD30 cb=-1 S=$F9 depth=4 wb=$C000
  C $CD7D cb=-1 S=$F9 depth=5 wb=$C000
  T $CDE7 cb=-1 S=$F9 depth=6 wb=$C000
  C $CDE7 cb=-1 S=$F9 depth=6 wb=$C000
  T $CEAC cb=-1 S=$F9 depth=7 wb=$C000
  C $CEAC cb=-1 S=$F9 depth=7 wb=$C000
  D $CDE7 cb=-1 S=$F9 depth=6 wb=$C000
  C $CDE7 cb=-1 S=$F9 depth=6 wb=$C000
  T $CEF0 cb=-1 S=$F9 depth=7 wb=$C000
  C $CEF0 cb=-1 S=$F9 depth=7 wb=$C000
  C $CD5F cb=-1 S=$F9 depth=8 wb=$C000
  C $CD7D cb=-1 S=$F9 depth=5 wb=$C000
  T $CDE7 cb=-1 S=$F9 depth=6 wb=$C000
  C $CDE7 cb=-1 S=$F9 depth=6 wb=$C000
  T $CE4C cb=-1 S=$F9 depth=7 wb=$C000
  C $CE4C cb=-1 S=$F9 depth=7 wb=$C000
  T $CD93 cb=-1 S=$F9 depth=8 wb=$C000
  C $CD93 cb=-1 S=$F9 depth=8 wb=$C000
  D $CDE7 cb=-1 S=$F9 depth=6 wb=$C000
  C $CDE7 cb=-1 S=$F9 depth=6 wb=$C000
  T $CEF0 cb=-1 S=$F9 depth=7 wb=$C000
  C $CEF0 cb=-1 S=$F9 depth=7 wb=$C000
  D $CDE7 cb=-1 S=$F9 depth=6 wb=$C000
  C $CDE7 cb=-1 S=$F9 depth=6 wb=$C000
  T $CEAC cb=-1 S=$F9 depth=7 wb=$C000
  C $CEAC cb=-1 S=$F9 depth=7 wb=$C000
  C $CD5F cb=-1 S=$F9 depth=8 wb=$C000
  T $FF01 cb=-1 S=$FB depth=8 wb=$C000
  C $FF01 cb=-1 S=$FB depth=8 wb=$C000
  C $CD7D cb=-1 S=$FB depth=5 wb=$C000
  T $CDE7 cb=-1 S=$FB depth=6 wb=$C000
  C $CDE7 cb=-1 S=$FB depth=6 wb=$C000
  T $CE78 cb=-1 S=$FB depth=7 wb=$C000
  C $CE78 cb=-1 S=$FB depth=7 wb=$C000
  C $CD5F cb=-1 S=$FB depth=8 wb=$C000
  T $2201 cb=-1 S=$FD depth=8 wb=$C000
  C $2201 cb=-1 S=$FD depth=8 wb=$C000
=== end dispatch fault ===

=== dispatch fault 5 frame=213 cycles=6612883 ===
target gen=$4C01 cpu=$4C01 bank=3 class=ZERO_FILLED call_site=$200A
cpu A=$00 X=$03 Y=$02 P=$00 S=$FB window=$C000 dispatch_depth=9 vblank_depth=2 ops=1610 budget=29780
mapper type=4 current_bank=3 mirroring=3 select=$07 irq_latch=$7F irq_counter=$00 irq_reload=1 irq_enabled=1
mapper_regs 3C 3E 00 00 00 00 06 07
caller func_CF25
caller2 func_CDE7
target_bytes 00 00 00 00 00 00 00 00
stack_bytes 0A 20 00 00 00 00 00 00 00 00 00 00 00 00 00 00
last_dispatches
  C $CD7D cb=-1 S=$F9 depth=5 wb=$C000
  T $CD50 cb=-1 S=$F9 depth=6 wb=$C000
  C $CD50 cb=-1 S=$F9 depth=6 wb=$C000
  C $CD7D cb=-1 S=$F9 depth=5 wb=$C000
  T $CD50 cb=-1 S=$F9 depth=6 wb=$C000
  C $CD50 cb=-1 S=$F9 depth=6 wb=$C000
  C $CD7D cb=-1 S=$F9 depth=5 wb=$C000
  T $CD50 cb=-1 S=$F9 depth=6 wb=$C000
  C $CD50 cb=-1 S=$F9 depth=6 wb=$C000
  C $CD30 cb=-1 S=$F9 depth=4 wb=$C000
  C $CC71 cb=-1 S=$F9 depth=4 wb=$C000
  C $CCDA cb=-1 S=$F9 depth=4 wb=$C000
  C $CC71 cb=-1 S=$F9 depth=4 wb=$C000
  T $CC61 cb=-1 S=$F9 depth=5 wb=$C000
  C $CC61 cb=-1 S=$F9 depth=5 wb=$C000
  C $CCDA cb=-1 S=$F9 depth=4 wb=$C000
  C $CC71 cb=-1 S=$F9 depth=4 wb=$C000
  T $CC61 cb=-1 S=$F9 depth=5 wb=$C000
  C $CC61 cb=-1 S=$F9 depth=5 wb=$C000
  C $CCDA cb=-1 S=$F9 depth=4 wb=$C000
  C $CC71 cb=-1 S=$F9 depth=4 wb=$C000
  T $CC61 cb=-1 S=$F9 depth=5 wb=$C000
  C $CC61 cb=-1 S=$F9 depth=5 wb=$C000
  n $0002 cb=-1 S=$FF depth=3 wb=$E000
  T $E9AE cb=-1 S=$F9 depth=3 wb=$E000
  C $E9AE cb=-1 S=$F9 depth=3 wb=$E000
  T $D9F0 cb=-1 S=$FF depth=3 wb=$E000
  C $D9F0 cb=-1 S=$FF depth=3 wb=$E000
  C $DBAF cb=-1 S=$FF depth=3 wb=$C000
  C $8021 cb=-1 S=$FF depth=4 wb=$C000
  T $89BF cb=6 S=$FF depth=5 wb=$8000
  C $89BF cb=6 S=$FF depth=5 wb=$8000
  T $8749 cb=-1 S=$FF depth=6 wb=$E000
  C $8749 cb=-1 S=$FF depth=6 wb=$E000
  T $8749 cb=-1 S=$FF depth=6 wb=$E000
  C $8749 cb=-1 S=$FF depth=6 wb=$E000
  T $8749 cb=-1 S=$FF depth=6 wb=$E000
  C $8749 cb=-1 S=$FF depth=6 wb=$E000
  T $8749 cb=-1 S=$FF depth=6 wb=$E000
  C $8749 cb=-1 S=$FF depth=6 wb=$E000
  C $DB65 cb=-1 S=$FF depth=3 wb=$C000
  C $DB92 cb=-1 S=$FF depth=3 wb=$C000
  C $D341 cb=-1 S=$FF depth=4 wb=$C000
  T $D377 cb=-1 S=$FF depth=4 wb=$C000
  C $D377 cb=-1 S=$FF depth=4 wb=$C000
  N $0002 cb=-1 S=$FC depth=3 wb=$E000
  C $DE39 cb=-1 S=$F9 depth=3 wb=$C000
  T $E11E cb=-1 S=$F9 depth=4 wb=$C000
  C $E11E cb=-1 S=$F9 depth=4 wb=$C000
  T $E11E cb=-1 S=$F9 depth=3 wb=$E000
  C $E11E cb=-1 S=$F9 depth=3 wb=$E000
  C $DCCE cb=-1 S=$F9 depth=3 wb=$C000
  C $CB25 cb=-1 S=$F9 depth=3 wb=$C000
  C $CD30 cb=-1 S=$F9 depth=4 wb=$C000
  C $CD7D cb=-1 S=$F9 depth=5 wb=$C000
  C $CD5F cb=-1 S=$F9 depth=6 wb=$C000
  C $CD7D cb=-1 S=$F9 depth=5 wb=$C000
  T $CDE7 cb=-1 S=$F9 depth=6 wb=$C000
  C $CDE7 cb=-1 S=$F9 depth=6 wb=$C000
  T $CF25 cb=-1 S=$F9 depth=7 wb=$C000
  C $CF25 cb=-1 S=$F9 depth=7 wb=$C000
  C $CD5F cb=-1 S=$F9 depth=8 wb=$C000
  T $4C01 cb=-1 S=$FB depth=8 wb=$C000
  C $4C01 cb=-1 S=$FB depth=8 wb=$C000
=== end dispatch fault ===

=== dispatch fault 6 frame=561 cycles=23677021 ===
target gen=$4001 cpu=$4001 bank=3 class=ZERO_FILLED call_site=$2300
cpu A=$00 X=$07 Y=$03 P=$00 S=$FC window=$C000 dispatch_depth=9 vblank_depth=2 ops=1522 budget=29781
mapper type=4 current_bank=3 mirroring=3 select=$07 irq_latch=$7F irq_counter=$00 irq_reload=1 irq_enabled=1
mapper_regs 3C 3E 00 00 00 00 06 07
caller func_CE9C
caller2 func_CDE7
target_bytes 00 00 00 00 00 00 00 00
stack_bytes 00 23 00 00 EF 00 00 00 00 00 00 04 00 00 00 00
last_dispatches
  N $0002 cb=-1 S=$FD depth=3 wb=$E000
  C $DE39 cb=-1 S=$FA depth=3 wb=$C000
  T $E11E cb=-1 S=$FA depth=4 wb=$C000
  C $E11E cb=-1 S=$FA depth=4 wb=$C000
  T $E11E cb=-1 S=$FA depth=3 wb=$E000
  C $E11E cb=-1 S=$FA depth=3 wb=$E000
  C $DCCE cb=-1 S=$FA depth=3 wb=$C000
  C $CB25 cb=-1 S=$FA depth=3 wb=$C000
  C $CD30 cb=-1 S=$FA depth=4 wb=$C000
  C $CD30 cb=-1 S=$FA depth=4 wb=$C000
  C $CD7D cb=-1 S=$FA depth=5 wb=$C000
  T $CD50 cb=-1 S=$FA depth=6 wb=$C000
  C $CD50 cb=-1 S=$FA depth=6 wb=$C000
  C $CD7D cb=-1 S=$FA depth=5 wb=$C000
  T $CD50 cb=-1 S=$FA depth=6 wb=$C000
  C $CD50 cb=-1 S=$FA depth=6 wb=$C000
  C $CD7D cb=-1 S=$FA depth=5 wb=$C000
  T $CD50 cb=-1 S=$FA depth=6 wb=$C000
  C $CD50 cb=-1 S=$FA depth=6 wb=$C000
  C $CC71 cb=-1 S=$FA depth=4 wb=$C000
  C $CCDA cb=-1 S=$FA depth=4 wb=$C000
  C $CC71 cb=-1 S=$FA depth=4 wb=$C000
  C $CCDA cb=-1 S=$FA depth=4 wb=$C000
  C $CC71 cb=-1 S=$FA depth=4 wb=$C000
  C $CCDA cb=-1 S=$FA depth=4 wb=$C000
  C $CC71 cb=-1 S=$FA depth=4 wb=$C000
  T $CC66 cb=-1 S=$FA depth=5 wb=$C000
  C $CC66 cb=-1 S=$FA depth=5 wb=$C000
  n $0002 cb=-1 S=$00 depth=3 wb=$E000
  T $E9AE cb=-1 S=$FA depth=3 wb=$E000
  C $E9AE cb=-1 S=$FA depth=3 wb=$E000
  T $D9F0 cb=-1 S=$00 depth=3 wb=$E000
  C $D9F0 cb=-1 S=$00 depth=3 wb=$E000
  C $DBAF cb=-1 S=$00 depth=3 wb=$C000
  C $8021 cb=-1 S=$00 depth=4 wb=$C000
  T $89BF cb=6 S=$00 depth=5 wb=$8000
  C $89BF cb=6 S=$00 depth=5 wb=$8000
  T $8749 cb=-1 S=$00 depth=6 wb=$E000
  C $8749 cb=-1 S=$00 depth=6 wb=$E000
  T $8749 cb=-1 S=$00 depth=6 wb=$E000
  C $8749 cb=-1 S=$00 depth=6 wb=$E000
  T $8749 cb=-1 S=$00 depth=6 wb=$E000
  C $8749 cb=-1 S=$00 depth=6 wb=$E000
  T $8749 cb=-1 S=$00 depth=6 wb=$E000
  C $8749 cb=-1 S=$00 depth=6 wb=$E000
  C $D377 cb=-1 S=$00 depth=3 wb=$C000
  N $0002 cb=-1 S=$FD depth=3 wb=$E000
  C $DE39 cb=-1 S=$FA depth=3 wb=$C000
  T $E11E cb=-1 S=$FA depth=4 wb=$C000
  C $E11E cb=-1 S=$FA depth=4 wb=$C000
  T $E11E cb=-1 S=$FA depth=3 wb=$E000
  C $E11E cb=-1 S=$FA depth=3 wb=$E000
  C $DCCE cb=-1 S=$FA depth=3 wb=$C000
  C $CB25 cb=-1 S=$FA depth=3 wb=$C000
  C $CD30 cb=-1 S=$FA depth=4 wb=$C000
  C $CD30 cb=-1 S=$FA depth=4 wb=$C000
  C $CD7D cb=-1 S=$FA depth=5 wb=$C000
  T $CDE7 cb=-1 S=$FA depth=6 wb=$C000
  C $CDE7 cb=-1 S=$FA depth=6 wb=$C000
  T $CE9C cb=-1 S=$FA depth=7 wb=$C000
  C $CE9C cb=-1 S=$FA depth=7 wb=$C000
  C $CD5F cb=-1 S=$FA depth=8 wb=$C000
  T $4001 cb=-1 S=$FC depth=8 wb=$C000
  C $4001 cb=-1 S=$FC depth=8 wb=$C000
=== end dispatch fault ===

=== dispatch fault 1 frame=0 cycles=124656 ===
target gen=$A009 cpu=$8009 bank=6 class=CODE call_site=$0000
cpu A=$0D X=$06 Y=$00 P=$00 S=$FF window=$8000 dispatch_depth=3 vblank_depth=0 ops=5534 budget=29781
mapper type=4 current_bank=6 mirroring=2 select=$06 irq_latch=$00 irq_counter=$00 irq_reload=0 irq_enabled=0
mapper_regs 00 00 00 00 00 00 0D 07
caller (none)
caller2 (none)
target_bytes 4C 15 80 4C 50 80 4C F1
stack_bytes 00 00 00 00 00 00 00 00 00 00 00 00 00 00 00 00
last_dispatches
  T $D269 cb=-1 S=$FD depth=0 wb=$E000
  C $D269 cb=-1 S=$FD depth=0 wb=$E000
  C $D2F6 cb=-1 S=$FF depth=1 wb=$C000
  C $CFBF cb=-1 S=$FF depth=1 wb=$C000
  C $CFF3 cb=-1 S=$FF depth=2 wb=$C000
  T $D406 cb=-1 S=$FF depth=1 wb=$C000
  C $D406 cb=-1 S=$FF depth=1 wb=$C000
  C $8009 cb=-1 S=$FF depth=2 wb=$C000
=== end dispatch fault ===

=== dispatch fault 2 frame=0 cycles=191343 ===
target gen=$A003 cpu=$8003 bank=6 class=CODE call_site=$0000
cpu A=$05 X=$10 Y=$00 P=$00 S=$FF window=$8000 dispatch_depth=4 vblank_depth=0 ops=12659 budget=29780
mapper type=4 current_bank=6 mirroring=3 select=$07 irq_latch=$00 irq_counter=$00 irq_reload=0 irq_enabled=0
mapper_regs 00 00 00 00 00 00 0D 05
caller (none)
caller2 (none)
target_bytes 4C 85 86 4C 95 87 4C 15
stack_bytes 00 00 00 00 00 00 00 00 00 00 00 00 00 00 00 00
last_dispatches
  C $884E cb=6 S=$FF depth=6 wb=$8000
  C $884E cb=6 S=$FF depth=6 wb=$8000
  C $884E cb=6 S=$FF depth=6 wb=$8000
  C $884E cb=6 S=$FF depth=6 wb=$8000
  C $884E cb=6 S=$FF depth=6 wb=$8000
  C $884E cb=6 S=$FF depth=6 wb=$8000
  C $884E cb=6 S=$FF depth=6 wb=$8000
  C $884E cb=6 S=$FF depth=6 wb=$8000
  C $884E cb=6 S=$FF depth=6 wb=$8000
  C $884E cb=6 S=$FF depth=6 wb=$8000
  C $884E cb=6 S=$FF depth=6 wb=$8000
  C $884E cb=6 S=$FF depth=6 wb=$8000
  C $884E cb=6 S=$FF depth=6 wb=$8000
  C $884E cb=6 S=$FF depth=6 wb=$8000
  C $884E cb=6 S=$FF depth=6 wb=$8000
  C $884E cb=6 S=$FF depth=6 wb=$8000
  C $884E cb=6 S=$FF depth=6 wb=$8000
  C $884E cb=6 S=$FF depth=6 wb=$8000
  C $884E cb=6 S=$FF depth=6 wb=$8000
  C $884E cb=6 S=$FF depth=6 wb=$8000
  C $884E cb=6 S=$FF depth=6 wb=$8000
  C $884E cb=6 S=$FF depth=6 wb=$8000
  C $884E cb=6 S=$FF depth=6 wb=$8000
  C $884E cb=6 S=$FF depth=6 wb=$8000
  C $884E cb=6 S=$FF depth=6 wb=$8000
  C $884E cb=6 S=$FF depth=6 wb=$8000
  C $884E cb=6 S=$FF depth=6 wb=$8000
  C $884E cb=6 S=$FF depth=6 wb=$8000
  C $884E cb=6 S=$FF depth=6 wb=$8000
  C $884E cb=6 S=$FF depth=6 wb=$8000
  C $884E cb=6 S=$FF depth=6 wb=$8000
  C $884E cb=6 S=$FF depth=6 wb=$8000
  C $884E cb=6 S=$FF depth=6 wb=$8000
  C $884E cb=6 S=$FF depth=6 wb=$8000
  C $884E cb=6 S=$FF depth=6 wb=$8000
  C $884E cb=6 S=$FF depth=6 wb=$8000
  C $884E cb=6 S=$FF depth=6 wb=$8000
  C $884E cb=6 S=$FF depth=6 wb=$8000
  C $884E cb=6 S=$FF depth=6 wb=$8000
  C $884E cb=6 S=$FF depth=6 wb=$8000
  C $884E cb=6 S=$FF depth=6 wb=$8000
  C $884E cb=6 S=$FF depth=6 wb=$8000
  C $884E cb=6 S=$FF depth=6 wb=$8000
  C $884E cb=6 S=$FF depth=6 wb=$8000
  C $884E cb=6 S=$FF depth=6 wb=$8000
  C $884E cb=6 S=$FF depth=6 wb=$8000
  C $884E cb=6 S=$FF depth=6 wb=$8000
  C $884E cb=6 S=$FF depth=6 wb=$8000
  C $884E cb=6 S=$FF depth=6 wb=$8000
  C $884E cb=6 S=$FF depth=6 wb=$8000
  C $884E cb=6 S=$FF depth=6 wb=$8000
  C $884E cb=6 S=$FF depth=6 wb=$8000
  C $884E cb=6 S=$FF depth=6 wb=$8000
  C $884E cb=6 S=$FF depth=6 wb=$8000
  C $884E cb=6 S=$FF depth=6 wb=$8000
  C $884E cb=6 S=$FF depth=6 wb=$8000
  C $884E cb=6 S=$FF depth=6 wb=$8000
  C $884E cb=6 S=$FF depth=6 wb=$8000
  C $884E cb=6 S=$FF depth=6 wb=$8000
  C $884E cb=6 S=$FF depth=6 wb=$8000
  C $884E cb=6 S=$FF depth=6 wb=$8000
  C $884E cb=6 S=$FF depth=6 wb=$8000
  C $884E cb=6 S=$FF depth=6 wb=$8000
  C $8003 cb=-1 S=$FF depth=3 wb=$C000
=== end dispatch fault ===

=== dispatch fault 3 frame=221 cycles=6851978 ===
target gen=$FF01 cpu=$FF01 bank=7 class=ZERO_FILLED call_site=$A0BE
cpu A=$00 X=$03 Y=$04 P=$00 S=$FB window=$E000 dispatch_depth=9 vblank_depth=2 ops=2462 budget=29781
mapper type=4 current_bank=3 mirroring=3 select=$07 irq_latch=$7F irq_counter=$00 irq_reload=1 irq_enabled=1
mapper_regs 3C 3E 00 00 00 00 06 07
caller func_CEAC
caller2 func_CDE7
target_bytes 00 00 00 00 00 00 00 00
stack_bytes BE A0 00 00 00 00 00 00 00 00 00 00 00 00 00 00
last_dispatches
  C $884E cb=6 S=$FF depth=6 wb=$8000
  C $884E cb=6 S=$FF depth=6 wb=$8000
  C $884E cb=6 S=$FF depth=6 wb=$8000
  C $884E cb=6 S=$FF depth=6 wb=$8000
  C $884E cb=6 S=$FF depth=6 wb=$8000
  C $884E cb=6 S=$FF depth=6 wb=$8000
  C $884E cb=6 S=$FF depth=6 wb=$8000
  C $884E cb=6 S=$FF depth=6 wb=$8000
  C $DB92 cb=-1 S=$FF depth=3 wb=$C000
  C $D341 cb=-1 S=$FF depth=4 wb=$C000
  T $D377 cb=-1 S=$FF depth=4 wb=$C000
  C $D377 cb=-1 S=$FF depth=4 wb=$C000
  C $DC27 cb=-1 S=$FF depth=3 wb=$C000
  C $DBAF cb=-1 S=$FF depth=3 wb=$C000
  C $8021 cb=-1 S=$FF depth=4 wb=$C000
  T $89BF cb=6 S=$FF depth=5 wb=$8000
  C $89BF cb=6 S=$FF depth=5 wb=$8000
  T $89DD cb=-1 S=$FF depth=6 wb=$E000
  C $89DD cb=-1 S=$FF depth=6 wb=$E000
  T $89DD cb=-1 S=$FF depth=6 wb=$E000
  C $89DD cb=-1 S=$FF depth=6 wb=$E000
  T $89DD cb=-1 S=$FF depth=6 wb=$E000
  C $89DD cb=-1 S=$FF depth=6 wb=$E000
  T $89DD cb=-1 S=$FF depth=6 wb=$E000
  C $89DD cb=-1 S=$FF depth=6 wb=$E000
  N $0002 cb=-1 S=$FC depth=3 wb=$E000
  C $DE39 cb=-1 S=$F9 depth=3 wb=$C000
  T $E11E cb=-1 S=$F9 depth=4 wb=$C000
  C $E11E cb=-1 S=$F9 depth=4 wb=$C000
  T $E11E cb=-1 S=$F9 depth=3 wb=$E000
  C $E11E cb=-1 S=$F9 depth=3 wb=$E000
  C $DCCE cb=-1 S=$F9 depth=3 wb=$C000
  C $CB25 cb=-1 S=$F9 depth=3 wb=$C000
  C $CF72 cb=-1 S=$F9 depth=4 wb=$C000
  C $CFF3 cb=-1 S=$F9 depth=4 wb=$C000
  C $CD30 cb=-1 S=$F9 depth=4 wb=$C000
  C $CD7D cb=-1 S=$F9 depth=5 wb=$C000
  T $CDE7 cb=-1 S=$F9 depth=6 wb=$C000
  C $CDE7 cb=-1 S=$F9 depth=6 wb=$C000
  T $CEAC cb=-1 S=$F9 depth=7 wb=$C000
  C $CEAC cb=-1 S=$F9 depth=7 wb=$C000
  D $CDE7 cb=-1 S=$F9 depth=6 wb=$C000
  C $CDE7 cb=-1 S=$F9 depth=6 wb=$C000
  T $CEF0 cb=-1 S=$F9 depth=7 wb=$C000
  C $CEF0 cb=-1 S=$F9 depth=7 wb=$C000
  C $CD5F cb=-1 S=$F9 depth=8 wb=$C000
  C $CD7D cb=-1 S=$F9 depth=5 wb=$C000
  T $CDE7 cb=-1 S=$F9 depth=6 wb=$C000
  C $CDE7 cb=-1 S=$F9 depth=6 wb=$C000
  T $CE4C cb=-1 S=$F9 depth=7 wb=$C000
  C $CE4C cb=-1 S=$F9 depth=7 wb=$C000
  T $CD93 cb=-1 S=$F9 depth=8 wb=$C000
  C $CD93 cb=-1 S=$F9 depth=8 wb=$C000
  D $CDE7 cb=-1 S=$F9 depth=6 wb=$C000
  C $CDE7 cb=-1 S=$F9 depth=6 wb=$C000
  T $CEF0 cb=-1 S=$F9 depth=7 wb=$C000
  C $CEF0 cb=-1 S=$F9 depth=7 wb=$C000
  D $CDE7 cb=-1 S=$F9 depth=6 wb=$C000
  C $CDE7 cb=-1 S=$F9 depth=6 wb=$C000
  T $CEAC cb=-1 S=$F9 depth=7 wb=$C000
  C $CEAC cb=-1 S=$F9 depth=7 wb=$C000
  C $CD5F cb=-1 S=$F9 depth=8 wb=$C000
  T $FF01 cb=-1 S=$FB depth=8 wb=$C000
  C $FF01 cb=-1 S=$FB depth=8 wb=$C000
=== end dispatch fault ===

=== dispatch fault 4 frame=222 cycles=6882000 ===
target gen=$4801 cpu=$4801 bank=3 class=ZERO_FILLED call_site=$204C
cpu A=$00 X=$00 Y=$15 P=$00 S=$FB window=$C000 dispatch_depth=9 vblank_depth=2 ops=2703 budget=29780
mapper type=4 current_bank=3 mirroring=3 select=$07 irq_latch=$7F irq_counter=$00 irq_reload=1 irq_enabled=1
mapper_regs 3C 3E 00 00 00 00 06 07
caller func_CEAC
caller2 func_CDE7
target_bytes 00 00 00 00 00 00 00 00
stack_bytes 4C 20 00 00 00 00 00 00 00 00 00 00 00 00 00 00
last_dispatches
  C $CB25 cb=-1 S=$F9 depth=3 wb=$C000
  C $CD30 cb=-1 S=$F9 depth=4 wb=$C000
  C $CD7D cb=-1 S=$F9 depth=5 wb=$C000
  T $CD50 cb=-1 S=$F9 depth=6 wb=$C000
  C $CD50 cb=-1 S=$F9 depth=6 wb=$C000
  C $CD7D cb=-1 S=$F9 depth=5 wb=$C000
  T $CD50 cb=-1 S=$F9 depth=6 wb=$C000
  C $CD50 cb=-1 S=$F9 depth=6 wb=$C000
  C $CD7D cb=-1 S=$F9 depth=5 wb=$C000
  T $CD50 cb=-1 S=$F9 depth=6 wb=$C000
  C $CD50 cb=-1 S=$F9 depth=6 wb=$C000
  C $CD7D cb=-1 S=$F9 depth=5 wb=$C000
  T $CD50 cb=-1 S=$F9 depth=6 wb=$C000
  C $CD50 cb=-1 S=$F9 depth=6 wb=$C000
  C $CD7D cb=-1 S=$F9 depth=5 wb=$C000
  T $CDE7 cb=-1 S=$F9 depth=6 wb=$C000
  C $CDE7 cb=-1 S=$F9 depth=6 wb=$C000
  T $CED7 cb=-1 S=$F9 depth=7 wb=$C000
  C $CED7 cb=-1 S=$F9 depth=7 wb=$C000
  D $CDE7 cb=-1 S=$F9 depth=6 wb=$C000
  C $CDE7 cb=-1 S=$F9 depth=6 wb=$C000
  T $CE4C cb=-1 S=$F9 depth=7 wb=$C000
  C $CE4C cb=-1 S=$F9 depth=7 wb=$C000
  T $CD93 cb=-1 S=$F9 depth=8 wb=$C000
  C $CD93 cb=-1 S=$F9 depth=8 wb=$C000
  D $CDE7 cb=-1 S=$F9 depth=6 wb=$C000
  C $CDE7 cb=-1 S=$F9 depth=6 wb=$C000
  T $CE4C cb=-1 S=$F9 depth=7 wb=$C000
  C $CE4C cb=-1 S=$F9 depth=7 wb=$C000
  T $CD93 cb=-1 S=$F9 depth=8 wb=$C000
  C $CD93 cb=-1 S=$F9 depth=8 wb=$C000
  D $CDE7 cb=-1 S=$F9 depth=6 wb=$C000
  C $CDE7 cb=-1 S=$F9 depth=6 wb=$C000
  T $CE4C cb=-1 S=$F9 depth=7 wb=$C000
  C $CE4C cb=-1 S=$F9 depth=7 wb=$C000
  T $CD93 cb=-1 S=$F9 depth=8 wb=$C000
  C $CD93 cb=-1 S=$F9 depth=8 wb=$C000
  D $CDE7 cb=-1 S=$F9 depth=6 wb=$C000
  C $CDE7 cb=-1 S=$F9 depth=6 wb=$C000
  T $CE78 cb=-1 S=$F9 depth=7 wb=$C000
  C $CE78 cb=-1 S=$F9 depth=7 wb=$C000
  D $CDE7 cb=-1 S=$F9 depth=6 wb=$C000
  C $CDE7 cb=-1 S=$F9 depth=6 wb=$C000
  T $CE78 cb=-1 S=$F9 depth=7 wb=$C000
  C $CE78 cb=-1 S=$F9 depth=7 wb=$C000
  D $CDE7 cb=-1 S=$F9 depth=6 wb=$C000
  C $CDE7 cb=-1 S=$F9 depth=6 wb=$C000
  T $CECE cb=-1 S=$F9 depth=7 wb=$C000
  C $CECE cb=-1 S=$F9 depth=7 wb=$C000
  D $CDE7 cb=-1 S=$F9 depth=6 wb=$C000
  C $CDE7 cb=-1 S=$F9 depth=6 wb=$C000
  T $CE9C cb=-1 S=$F9 depth=7 wb=$C000
  C $CE9C cb=-1 S=$F9 depth=7 wb=$C000
  D $CDE7 cb=-1 S=$F9 depth=6 wb=$C000
  C $CDE7 cb=-1 S=$F9 depth=6 wb=$C000
  T $CEAC cb=-1 S=$F9 depth=7 wb=$C000
  C $CEAC cb=-1 S=$F9 depth=7 wb=$C000
  D $CDE7 cb=-1 S=$F9 depth=6 wb=$C000
  C $CDE7 cb=-1 S=$F9 depth=6 wb=$C000
  T $CEAC cb=-1 S=$F9 depth=7 wb=$C000
  C $CEAC cb=-1 S=$F9 depth=7 wb=$C000
  C $CD5F cb=-1 S=$F9 depth=8 wb=$C000
  T $4801 cb=-1 S=$FB depth=8 wb=$C000
  C $4801 cb=-1 S=$FB depth=8 wb=$C000
=== end dispatch fault ===

=== dispatch fault 5 frame=1908 cycles=63830833 ===
target gen=$8A35 cpu=$8A35 bank=6 class=CODE call_site=$140D
cpu A=$8A X=$02 Y=$03 P=$00 S=$FF window=$8000 dispatch_depth=10 vblank_depth=0 ops=11217 budget=29781
mapper type=4 current_bank=6 mirroring=2 select=$06 irq_latch=$17 irq_counter=$0F irq_reload=0 irq_enabled=0
mapper_regs 02 02 00 00 2B 05 0C 0B
caller func_EDF6
caller2 func_EDF6
target_bytes BD AD 03 10 18 20 0C 8A
stack_bytes 0D 14 1D 25 2C 32 35 39 39 3F 43 47 4B 4F 43 47
last_dispatches
  C $D756 cb=-1 S=$FF depth=5 wb=$C000
  C $D796 cb=-1 S=$FF depth=6 wb=$C000
  T $D7C4 cb=-1 S=$FF depth=7 wb=$E000
  C $D7C4 cb=-1 S=$FF depth=7 wb=$E000
  C $8009 cb=-1 S=$FF depth=8 wb=$C000
  T $90D6 cb=5 S=$FF depth=9 wb=$8000
  C $90D6 cb=5 S=$FF depth=9 wb=$8000
  C $8000 cb=-1 S=$FF depth=8 wb=$C000
  T $8EFF cb=5 S=$FF depth=9 wb=$8000
  C $8EFF cb=5 S=$FF depth=9 wb=$8000
  C $8F19 cb=5 S=$FF depth=10 wb=$8000
  T $F370 cb=-1 S=$FF depth=11 wb=$8000
  C $F370 cb=-1 S=$FF depth=11 wb=$8000
  T $F3F2 cb=-1 S=$FF depth=12 wb=$E000
  C $F3F2 cb=-1 S=$FF depth=12 wb=$E000
  T $F458 cb=-1 S=$FF depth=12 wb=$E000
  C $F458 cb=-1 S=$FF depth=12 wb=$E000
  T $E11E cb=-1 S=$FF depth=12 wb=$E000
  C $E11E cb=-1 S=$FF depth=12 wb=$E000
  C $8F29 cb=5 S=$FF depth=10 wb=$8000
  T $9B6E cb=5 S=$FF depth=11 wb=$8000
  C $9B6E cb=5 S=$FF depth=11 wb=$8000
  C $8F19 cb=5 S=$FF depth=10 wb=$8000
  T $F321 cb=-1 S=$FF depth=11 wb=$8000
  C $F321 cb=-1 S=$FF depth=11 wb=$8000
  C $8F29 cb=5 S=$FF depth=10 wb=$8000
  T $8F18 cb=5 S=$FF depth=11 wb=$8000
  C $8F18 cb=5 S=$FF depth=11 wb=$8000
  C $8003 cb=-1 S=$FF depth=8 wb=$C000
  T $8F55 cb=5 S=$FF depth=9 wb=$8000
  C $8F55 cb=5 S=$FF depth=9 wb=$8000
  T $8006 cb=-1 S=$FF depth=8 wb=$C000
  C $8006 cb=-1 S=$FF depth=8 wb=$C000
  T $9015 cb=5 S=$FF depth=9 wb=$8000
  C $9015 cb=5 S=$FF depth=9 wb=$8000
  C $904E cb=5 S=$FF depth=10 wb=$8000
  T $9014 cb=-1 S=$FF depth=11 wb=$8000
  C $9014 cb=-1 S=$FF depth=11 wb=$8000
  C $9083 cb=5 S=$FF depth=10 wb=$8000
  C $904E cb=5 S=$FF depth=10 wb=$8000
  T $9014 cb=-1 S=$FF depth=11 wb=$8000
  C $9014 cb=-1 S=$FF depth=11 wb=$8000
  C $9083 cb=5 S=$FF depth=10 wb=$8000
  C $9060 cb=5 S=$FF depth=10 wb=$8000
  T $9B6E cb=5 S=$FF depth=11 wb=$8000
  C $9B6E cb=5 S=$FF depth=11 wb=$8000
  C $9060 cb=5 S=$FF depth=10 wb=$8000
  T $9B6E cb=5 S=$FF depth=11 wb=$8000
  C $9B6E cb=5 S=$FF depth=11 wb=$8000
  T $D377 cb=-1 S=$FF depth=7 wb=$C000
  C $D377 cb=-1 S=$FF depth=7 wb=$C000
  C $8000 cb=-1 S=$FF depth=6 wb=$C000
  T $871D cb=6 S=$FF depth=7 wb=$8000
  C $871D cb=6 S=$FF depth=7 wb=$8000
  C $8BBE cb=6 S=$FF depth=8 wb=$8000
  C $874A cb=6 S=$FF depth=8 wb=$8000
  T $8749 cb=-1 S=$FF depth=9 wb=$8000
  C $8749 cb=-1 S=$FF depth=9 wb=$8000
  T $89BF cb=-1 S=$FF depth=8 wb=$8000
  C $89BF cb=-1 S=$FF depth=8 wb=$8000
  T $8749 cb=-1 S=$FF depth=9 wb=$E000
  C $8749 cb=-1 S=$FF depth=9 wb=$E000
  T $8A35 cb=-1 S=$FF depth=9 wb=$E000
  C $8A35 cb=-1 S=$FF depth=9 wb=$E000
=== end dispatch fault ===

=== dispatch fault 1 frame=0 cycles=124656 ===
target gen=$A009 cpu=$8009 bank=6 class=CODE call_site=$0000
cpu A=$0D X=$06 Y=$00 P=$00 S=$FF window=$8000 dispatch_depth=3 vblank_depth=0 ops=5534 budget=29781
mapper type=4 current_bank=6 mirroring=2 select=$06 irq_latch=$00 irq_counter=$00 irq_reload=0 irq_enabled=0
mapper_regs 00 00 00 00 00 00 0D 07
caller (none)
caller2 (none)
target_bytes 4C 15 80 4C 50 80 4C F1
stack_bytes 00 00 00 00 00 00 00 00 00 00 00 00 00 00 00 00
last_dispatches
  T $D269 cb=-1 S=$FD depth=0 wb=$E000
  C $D269 cb=-1 S=$FD depth=0 wb=$E000
  C $D2F6 cb=-1 S=$FF depth=1 wb=$C000
  C $CFBF cb=-1 S=$FF depth=1 wb=$C000
  C $CFF3 cb=-1 S=$FF depth=2 wb=$C000
  T $D406 cb=-1 S=$FF depth=1 wb=$C000
  C $D406 cb=-1 S=$FF depth=1 wb=$C000
  C $8009 cb=-1 S=$FF depth=2 wb=$C000
=== end dispatch fault ===

=== dispatch fault 2 frame=0 cycles=191343 ===
target gen=$A003 cpu=$8003 bank=6 class=CODE call_site=$0000
cpu A=$05 X=$10 Y=$00 P=$00 S=$FF window=$8000 dispatch_depth=4 vblank_depth=0 ops=12659 budget=29780
mapper type=4 current_bank=6 mirroring=3 select=$07 irq_latch=$00 irq_counter=$00 irq_reload=0 irq_enabled=0
mapper_regs 00 00 00 00 00 00 0D 05
caller (none)
caller2 (none)
target_bytes 4C 85 86 4C 95 87 4C 15
stack_bytes 00 00 00 00 00 00 00 00 00 00 00 00 00 00 00 00
last_dispatches
  C $884E cb=6 S=$FF depth=6 wb=$8000
  C $884E cb=6 S=$FF depth=6 wb=$8000
  C $884E cb=6 S=$FF depth=6 wb=$8000
  C $884E cb=6 S=$FF depth=6 wb=$8000
  C $884E cb=6 S=$FF depth=6 wb=$8000
  C $884E cb=6 S=$FF depth=6 wb=$8000
  C $884E cb=6 S=$FF depth=6 wb=$8000
  C $884E cb=6 S=$FF depth=6 wb=$8000
  C $884E cb=6 S=$FF depth=6 wb=$8000
  C $884E cb=6 S=$FF depth=6 wb=$8000
  C $884E cb=6 S=$FF depth=6 wb=$8000
  C $884E cb=6 S=$FF depth=6 wb=$8000
  C $884E cb=6 S=$FF depth=6 wb=$8000
  C $884E cb=6 S=$FF depth=6 wb=$8000
  C $884E cb=6 S=$FF depth=6 wb=$8000
  C $884E cb=6 S=$FF depth=6 wb=$8000
  C $884E cb=6 S=$FF depth=6 wb=$8000
  C $884E cb=6 S=$FF depth=6 wb=$8000
  C $884E cb=6 S=$FF depth=6 wb=$8000
  C $884E cb=6 S=$FF depth=6 wb=$8000
  C $884E cb=6 S=$FF depth=6 wb=$8000
  C $884E cb=6 S=$FF depth=6 wb=$8000
  C $884E cb=6 S=$FF depth=6 wb=$8000
  C $884E cb=6 S=$FF depth=6 wb=$8000
  C $884E cb=6 S=$FF depth=6 wb=$8000
  C $884E cb=6 S=$FF depth=6 wb=$8000
  C $884E cb=6 S=$FF depth=6 wb=$8000
  C $884E cb=6 S=$FF depth=6 wb=$8000
  C $884E cb=6 S=$FF depth=6 wb=$8000
  C $884E cb=6 S=$FF depth=6 wb=$8000
  C $884E cb=6 S=$FF depth=6 wb=$8000
  C $884E cb=6 S=$FF depth=6 wb=$8000
  C $884E cb=6 S=$FF depth=6 wb=$8000
  C $884E cb=6 S=$FF depth=6 wb=$8000
  C $884E cb=6 S=$FF depth=6 wb=$8000
  C $884E cb=6 S=$FF depth=6 wb=$8000
  C $884E cb=6 S=$FF depth=6 wb=$8000
  C $884E cb=6 S=$FF depth=6 wb=$8000
  C $884E cb=6 S=$FF depth=6 wb=$8000
  C $884E cb=6 S=$FF depth=6 wb=$8000
  C $884E cb=6 S=$FF depth=6 wb=$8000
  C $884E cb=6 S=$FF depth=6 wb=$8000
  C $884E cb=6 S=$FF depth=6 wb=$8000
  C $884E cb=6 S=$FF depth=6 wb=$8000
  C $884E cb=6 S=$FF depth=6 wb=$8000
  C $884E cb=6 S=$FF depth=6 wb=$8000
  C $884E cb=6 S=$FF depth=6 wb=$8000
  C $884E cb=6 S=$FF depth=6 wb=$8000
  C $884E cb=6 S=$FF depth=6 wb=$8000
  C $884E cb=6 S=$FF depth=6 wb=$8000
  C $884E cb=6 S=$FF depth=6 wb=$8000
  C $884E cb=6 S=$FF depth=6 wb=$8000
  C $884E cb=6 S=$FF depth=6 wb=$8000
  C $884E cb=6 S=$FF depth=6 wb=$8000
  C $884E cb=6 S=$FF depth=6 wb=$8000
  C $884E cb=6 S=$FF depth=6 wb=$8000
  C $884E cb=6 S=$FF depth=6 wb=$8000
  C $884E cb=6 S=$FF depth=6 wb=$8000
  C $884E cb=6 S=$FF depth=6 wb=$8000
  C $884E cb=6 S=$FF depth=6 wb=$8000
  C $884E cb=6 S=$FF depth=6 wb=$8000
  C $884E cb=6 S=$FF depth=6 wb=$8000
  C $884E cb=6 S=$FF depth=6 wb=$8000
  C $8003 cb=-1 S=$FF depth=3 wb=$C000
=== end dispatch fault ===

=== dispatch fault 3 frame=221 cycles=6851978 ===
target gen=$FF01 cpu=$FF01 bank=7 class=ZERO_FILLED call_site=$A0BE
cpu A=$00 X=$03 Y=$04 P=$00 S=$FB window=$E000 dispatch_depth=9 vblank_depth=2 ops=2462 budget=29781
mapper type=4 current_bank=3 mirroring=3 select=$07 irq_latch=$7F irq_counter=$00 irq_reload=1 irq_enabled=1
mapper_regs 3C 3E 00 00 00 00 06 07
caller func_CEAC
caller2 func_CDE7
target_bytes 00 00 00 00 00 00 00 00
stack_bytes BE A0 00 00 00 00 00 00 00 00 00 00 00 00 00 00
last_dispatches
  C $884E cb=6 S=$FF depth=6 wb=$8000
  C $884E cb=6 S=$FF depth=6 wb=$8000
  C $884E cb=6 S=$FF depth=6 wb=$8000
  C $884E cb=6 S=$FF depth=6 wb=$8000
  C $884E cb=6 S=$FF depth=6 wb=$8000
  C $884E cb=6 S=$FF depth=6 wb=$8000
  C $884E cb=6 S=$FF depth=6 wb=$8000
  C $884E cb=6 S=$FF depth=6 wb=$8000
  C $DB92 cb=-1 S=$FF depth=3 wb=$C000
  C $D341 cb=-1 S=$FF depth=4 wb=$C000
  T $D377 cb=-1 S=$FF depth=4 wb=$C000
  C $D377 cb=-1 S=$FF depth=4 wb=$C000
  C $DC27 cb=-1 S=$FF depth=3 wb=$C000
  C $DBAF cb=-1 S=$FF depth=3 wb=$C000
  C $8021 cb=-1 S=$FF depth=4 wb=$C000
  T $89BF cb=6 S=$FF depth=5 wb=$8000
  C $89BF cb=6 S=$FF depth=5 wb=$8000
  T $89DD cb=-1 S=$FF depth=6 wb=$E000
  C $89DD cb=-1 S=$FF depth=6 wb=$E000
  T $89DD cb=-1 S=$FF depth=6 wb=$E000
  C $89DD cb=-1 S=$FF depth=6 wb=$E000
  T $89DD cb=-1 S=$FF depth=6 wb=$E000
  C $89DD cb=-1 S=$FF depth=6 wb=$E000
  T $89DD cb=-1 S=$FF depth=6 wb=$E000
  C $89DD cb=-1 S=$FF depth=6 wb=$E000
  N $0002 cb=-1 S=$FC depth=3 wb=$E000
  C $DE39 cb=-1 S=$F9 depth=3 wb=$C000
  T $E11E cb=-1 S=$F9 depth=4 wb=$C000
  C $E11E cb=-1 S=$F9 depth=4 wb=$C000
  T $E11E cb=-1 S=$F9 depth=3 wb=$E000
  C $E11E cb=-1 S=$F9 depth=3 wb=$E000
  C $DCCE cb=-1 S=$F9 depth=3 wb=$C000
  C $CB25 cb=-1 S=$F9 depth=3 wb=$C000
  C $CF72 cb=-1 S=$F9 depth=4 wb=$C000
  C $CFF3 cb=-1 S=$F9 depth=4 wb=$C000
  C $CD30 cb=-1 S=$F9 depth=4 wb=$C000
  C $CD7D cb=-1 S=$F9 depth=5 wb=$C000
  T $CDE7 cb=-1 S=$F9 depth=6 wb=$C000
  C $CDE7 cb=-1 S=$F9 depth=6 wb=$C000
  T $CEAC cb=-1 S=$F9 depth=7 wb=$C000
  C $CEAC cb=-1 S=$F9 depth=7 wb=$C000
  D $CDE7 cb=-1 S=$F9 depth=6 wb=$C000
  C $CDE7 cb=-1 S=$F9 depth=6 wb=$C000
  T $CEF0 cb=-1 S=$F9 depth=7 wb=$C000
  C $CEF0 cb=-1 S=$F9 depth=7 wb=$C000
  C $CD5F cb=-1 S=$F9 depth=8 wb=$C000
  C $CD7D cb=-1 S=$F9 depth=5 wb=$C000
  T $CDE7 cb=-1 S=$F9 depth=6 wb=$C000
  C $CDE7 cb=-1 S=$F9 depth=6 wb=$C000
  T $CE4C cb=-1 S=$F9 depth=7 wb=$C000
  C $CE4C cb=-1 S=$F9 depth=7 wb=$C000
  T $CD93 cb=-1 S=$F9 depth=8 wb=$C000
  C $CD93 cb=-1 S=$F9 depth=8 wb=$C000
  D $CDE7 cb=-1 S=$F9 depth=6 wb=$C000
  C $CDE7 cb=-1 S=$F9 depth=6 wb=$C000
  T $CEF0 cb=-1 S=$F9 depth=7 wb=$C000
  C $CEF0 cb=-1 S=$F9 depth=7 wb=$C000
  D $CDE7 cb=-1 S=$F9 depth=6 wb=$C000
  C $CDE7 cb=-1 S=$F9 depth=6 wb=$C000
  T $CEAC cb=-1 S=$F9 depth=7 wb=$C000
  C $CEAC cb=-1 S=$F9 depth=7 wb=$C000
  C $CD5F cb=-1 S=$F9 depth=8 wb=$C000
  T $FF01 cb=-1 S=$FB depth=8 wb=$C000
  C $FF01 cb=-1 S=$FB depth=8 wb=$C000
=== end dispatch fault ===

=== dispatch fault 4 frame=222 cycles=6882000 ===
target gen=$4801 cpu=$4801 bank=3 class=ZERO_FILLED call_site=$204C
cpu A=$00 X=$00 Y=$15 P=$00 S=$FB window=$C000 dispatch_depth=9 vblank_depth=2 ops=2703 budget=29780
mapper type=4 current_bank=3 mirroring=3 select=$07 irq_latch=$7F irq_counter=$00 irq_reload=1 irq_enabled=1
mapper_regs 3C 3E 00 00 00 00 06 07
caller func_CEAC
caller2 func_CDE7
target_bytes 00 00 00 00 00 00 00 00
stack_bytes 4C 20 00 00 00 00 00 00 00 00 00 00 00 00 00 00
last_dispatches
  C $CB25 cb=-1 S=$F9 depth=3 wb=$C000
  C $CD30 cb=-1 S=$F9 depth=4 wb=$C000
  C $CD7D cb=-1 S=$F9 depth=5 wb=$C000
  T $CD50 cb=-1 S=$F9 depth=6 wb=$C000
  C $CD50 cb=-1 S=$F9 depth=6 wb=$C000
  C $CD7D cb=-1 S=$F9 depth=5 wb=$C000
  T $CD50 cb=-1 S=$F9 depth=6 wb=$C000
  C $CD50 cb=-1 S=$F9 depth=6 wb=$C000
  C $CD7D cb=-1 S=$F9 depth=5 wb=$C000
  T $CD50 cb=-1 S=$F9 depth=6 wb=$C000
  C $CD50 cb=-1 S=$F9 depth=6 wb=$C000
  C $CD7D cb=-1 S=$F9 depth=5 wb=$C000
  T $CD50 cb=-1 S=$F9 depth=6 wb=$C000
  C $CD50 cb=-1 S=$F9 depth=6 wb=$C000
  C $CD7D cb=-1 S=$F9 depth=5 wb=$C000
  T $CDE7 cb=-1 S=$F9 depth=6 wb=$C000
  C $CDE7 cb=-1 S=$F9 depth=6 wb=$C000
  T $CED7 cb=-1 S=$F9 depth=7 wb=$C000
  C $CED7 cb=-1 S=$F9 depth=7 wb=$C000
  D $CDE7 cb=-1 S=$F9 depth=6 wb=$C000
  C $CDE7 cb=-1 S=$F9 depth=6 wb=$C000
  T $CE4C cb=-1 S=$F9 depth=7 wb=$C000
  C $CE4C cb=-1 S=$F9 depth=7 wb=$C000
  T $CD93 cb=-1 S=$F9 depth=8 wb=$C000
  C $CD93 cb=-1 S=$F9 depth=8 wb=$C000
  D $CDE7 cb=-1 S=$F9 depth=6 wb=$C000
  C $CDE7 cb=-1 S=$F9 depth=6 wb=$C000
  T $CE4C cb=-1 S=$F9 depth=7 wb=$C000
  C $CE4C cb=-1 S=$F9 depth=7 wb=$C000
  T $CD93 cb=-1 S=$F9 depth=8 wb=$C000
  C $CD93 cb=-1 S=$F9 depth=8 wb=$C000
  D $CDE7 cb=-1 S=$F9 depth=6 wb=$C000
  C $CDE7 cb=-1 S=$F9 depth=6 wb=$C000
  T $CE4C cb=-1 S=$F9 depth=7 wb=$C000
  C $CE4C cb=-1 S=$F9 depth=7 wb=$C000
  T $CD93 cb=-1 S=$F9 depth=8 wb=$C000
  C $CD93 cb=-1 S=$F9 depth=8 wb=$C000
  D $CDE7 cb=-1 S=$F9 depth=6 wb=$C000
  C $CDE7 cb=-1 S=$F9 depth=6 wb=$C000
  T $CE78 cb=-1 S=$F9 depth=7 wb=$C000
  C $CE78 cb=-1 S=$F9 depth=7 wb=$C000
  D $CDE7 cb=-1 S=$F9 depth=6 wb=$C000
  C $CDE7 cb=-1 S=$F9 depth=6 wb=$C000
  T $CE78 cb=-1 S=$F9 depth=7 wb=$C000
  C $CE78 cb=-1 S=$F9 depth=7 wb=$C000
  D $CDE7 cb=-1 S=$F9 depth=6 wb=$C000
  C $CDE7 cb=-1 S=$F9 depth=6 wb=$C000
  T $CECE cb=-1 S=$F9 depth=7 wb=$C000
  C $CECE cb=-1 S=$F9 depth=7 wb=$C000
  D $CDE7 cb=-1 S=$F9 depth=6 wb=$C000
  C $CDE7 cb=-1 S=$F9 depth=6 wb=$C000
  T $CE9C cb=-1 S=$F9 depth=7 wb=$C000
  C $CE9C cb=-1 S=$F9 depth=7 wb=$C000
  D $CDE7 cb=-1 S=$F9 depth=6 wb=$C000
  C $CDE7 cb=-1 S=$F9 depth=6 wb=$C000
  T $CEAC cb=-1 S=$F9 depth=7 wb=$C000
  C $CEAC cb=-1 S=$F9 depth=7 wb=$C000
  D $CDE7 cb=-1 S=$F9 depth=6 wb=$C000
  C $CDE7 cb=-1 S=$F9 depth=6 wb=$C000
  T $CEAC cb=-1 S=$F9 depth=7 wb=$C000
  C $CEAC cb=-1 S=$F9 depth=7 wb=$C000
  C $CD5F cb=-1 S=$F9 depth=8 wb=$C000
  T $4801 cb=-1 S=$FB depth=8 wb=$C000
  C $4801 cb=-1 S=$FB depth=8 wb=$C000
=== end dispatch fault ===

=== dispatch fault 1 frame=0 cycles=124656 ===
target gen=$A009 cpu=$8009 bank=6 class=CODE call_site=$0000
cpu A=$0D X=$06 Y=$00 P=$00 S=$FF window=$8000 dispatch_depth=3 vblank_depth=0 ops=5534 budget=29781
mapper type=4 current_bank=6 mirroring=2 select=$06 irq_latch=$00 irq_counter=$00 irq_reload=0 irq_enabled=0
mapper_regs 00 00 00 00 00 00 0D 07
caller (none)
caller2 (none)
target_bytes 4C 15 80 4C 50 80 4C F1
stack_bytes 00 00 00 00 00 00 00 00 00 00 00 00 00 00 00 00
last_dispatches
  T $D269 cb=-1 S=$FD depth=0 wb=$E000
  C $D269 cb=-1 S=$FD depth=0 wb=$E000
  C $D2F6 cb=-1 S=$FF depth=1 wb=$C000
  C $CFBF cb=-1 S=$FF depth=1 wb=$C000
  C $CFF3 cb=-1 S=$FF depth=2 wb=$C000
  T $D406 cb=-1 S=$FF depth=1 wb=$C000
  C $D406 cb=-1 S=$FF depth=1 wb=$C000
  C $8009 cb=-1 S=$FF depth=2 wb=$C000
=== end dispatch fault ===

=== dispatch fault 2 frame=0 cycles=191343 ===
target gen=$A003 cpu=$8003 bank=6 class=CODE call_site=$0000
cpu A=$05 X=$10 Y=$00 P=$00 S=$FF window=$8000 dispatch_depth=4 vblank_depth=0 ops=12659 budget=29780
mapper type=4 current_bank=6 mirroring=3 select=$07 irq_latch=$00 irq_counter=$00 irq_reload=0 irq_enabled=0
mapper_regs 00 00 00 00 00 00 0D 05
caller (none)
caller2 (none)
target_bytes 4C 85 86 4C 95 87 4C 15
stack_bytes 00 00 00 00 00 00 00 00 00 00 00 00 00 00 00 00
last_dispatches
  C $884E cb=6 S=$FF depth=6 wb=$8000
  C $884E cb=6 S=$FF depth=6 wb=$8000
  C $884E cb=6 S=$FF depth=6 wb=$8000
  C $884E cb=6 S=$FF depth=6 wb=$8000
  C $884E cb=6 S=$FF depth=6 wb=$8000
  C $884E cb=6 S=$FF depth=6 wb=$8000
  C $884E cb=6 S=$FF depth=6 wb=$8000
  C $884E cb=6 S=$FF depth=6 wb=$8000
  C $884E cb=6 S=$FF depth=6 wb=$8000
  C $884E cb=6 S=$FF depth=6 wb=$8000
  C $884E cb=6 S=$FF depth=6 wb=$8000
  C $884E cb=6 S=$FF depth=6 wb=$8000
  C $884E cb=6 S=$FF depth=6 wb=$8000
  C $884E cb=6 S=$FF depth=6 wb=$8000
  C $884E cb=6 S=$FF depth=6 wb=$8000
  C $884E cb=6 S=$FF depth=6 wb=$8000
  C $884E cb=6 S=$FF depth=6 wb=$8000
  C $884E cb=6 S=$FF depth=6 wb=$8000
  C $884E cb=6 S=$FF depth=6 wb=$8000
  C $884E cb=6 S=$FF depth=6 wb=$8000
  C $884E cb=6 S=$FF depth=6 wb=$8000
  C $884E cb=6 S=$FF depth=6 wb=$8000
  C $884E cb=6 S=$FF depth=6 wb=$8000
  C $884E cb=6 S=$FF depth=6 wb=$8000
  C $884E cb=6 S=$FF depth=6 wb=$8000
  C $884E cb=6 S=$FF depth=6 wb=$8000
  C $884E cb=6 S=$FF depth=6 wb=$8000
  C $884E cb=6 S=$FF depth=6 wb=$8000
  C $884E cb=6 S=$FF depth=6 wb=$8000
  C $884E cb=6 S=$FF depth=6 wb=$8000
  C $884E cb=6 S=$FF depth=6 wb=$8000
  C $884E cb=6 S=$FF depth=6 wb=$8000
  C $884E cb=6 S=$FF depth=6 wb=$8000
  C $884E cb=6 S=$FF depth=6 wb=$8000
  C $884E cb=6 S=$FF depth=6 wb=$8000
  C $884E cb=6 S=$FF depth=6 wb=$8000
  C $884E cb=6 S=$FF depth=6 wb=$8000
  C $884E cb=6 S=$FF depth=6 wb=$8000
  C $884E cb=6 S=$FF depth=6 wb=$8000
  C $884E cb=6 S=$FF depth=6 wb=$8000
  C $884E cb=6 S=$FF depth=6 wb=$8000
  C $884E cb=6 S=$FF depth=6 wb=$8000
  C $884E cb=6 S=$FF depth=6 wb=$8000
  C $884E cb=6 S=$FF depth=6 wb=$8000
  C $884E cb=6 S=$FF depth=6 wb=$8000
  C $884E cb=6 S=$FF depth=6 wb=$8000
  C $884E cb=6 S=$FF depth=6 wb=$8000
  C $884E cb=6 S=$FF depth=6 wb=$8000
  C $884E cb=6 S=$FF depth=6 wb=$8000
  C $884E cb=6 S=$FF depth=6 wb=$8000
  C $884E cb=6 S=$FF depth=6 wb=$8000
  C $884E cb=6 S=$FF depth=6 wb=$8000
  C $884E cb=6 S=$FF depth=6 wb=$8000
  C $884E cb=6 S=$FF depth=6 wb=$8000
  C $884E cb=6 S=$FF depth=6 wb=$8000
  C $884E cb=6 S=$FF depth=6 wb=$8000
  C $884E cb=6 S=$FF depth=6 wb=$8000
  C $884E cb=6 S=$FF depth=6 wb=$8000
  C $884E cb=6 S=$FF depth=6 wb=$8000
  C $884E cb=6 S=$FF depth=6 wb=$8000
  C $884E cb=6 S=$FF depth=6 wb=$8000
  C $884E cb=6 S=$FF depth=6 wb=$8000
  C $884E cb=6 S=$FF depth=6 wb=$8000
  C $8003 cb=-1 S=$FF depth=3 wb=$C000
=== end dispatch fault ===

=== dispatch fault 3 frame=221 cycles=6851978 ===
target gen=$FF01 cpu=$FF01 bank=7 class=ZERO_FILLED call_site=$A0BE
cpu A=$00 X=$03 Y=$04 P=$00 S=$FB window=$E000 dispatch_depth=9 vblank_depth=2 ops=2462 budget=29781
mapper type=4 current_bank=3 mirroring=3 select=$07 irq_latch=$7F irq_counter=$00 irq_reload=1 irq_enabled=1
mapper_regs 3C 3E 00 00 00 00 06 07
caller func_CEAC
caller2 func_CDE7
target_bytes 00 00 00 00 00 00 00 00
stack_bytes BE A0 00 00 00 00 00 00 00 00 00 00 00 00 00 00
last_dispatches
  C $884E cb=6 S=$FF depth=6 wb=$8000
  C $884E cb=6 S=$FF depth=6 wb=$8000
  C $884E cb=6 S=$FF depth=6 wb=$8000
  C $884E cb=6 S=$FF depth=6 wb=$8000
  C $884E cb=6 S=$FF depth=6 wb=$8000
  C $884E cb=6 S=$FF depth=6 wb=$8000
  C $884E cb=6 S=$FF depth=6 wb=$8000
  C $884E cb=6 S=$FF depth=6 wb=$8000
  C $DB92 cb=-1 S=$FF depth=3 wb=$C000
  C $D341 cb=-1 S=$FF depth=4 wb=$C000
  T $D377 cb=-1 S=$FF depth=4 wb=$C000
  C $D377 cb=-1 S=$FF depth=4 wb=$C000
  C $DC27 cb=-1 S=$FF depth=3 wb=$C000
  C $DBAF cb=-1 S=$FF depth=3 wb=$C000
  C $8021 cb=-1 S=$FF depth=4 wb=$C000
  T $89BF cb=6 S=$FF depth=5 wb=$8000
  C $89BF cb=6 S=$FF depth=5 wb=$8000
  T $89DD cb=-1 S=$FF depth=6 wb=$E000
  C $89DD cb=-1 S=$FF depth=6 wb=$E000
  T $89DD cb=-1 S=$FF depth=6 wb=$E000
  C $89DD cb=-1 S=$FF depth=6 wb=$E000
  T $89DD cb=-1 S=$FF depth=6 wb=$E000
  C $89DD cb=-1 S=$FF depth=6 wb=$E000
  T $89DD cb=-1 S=$FF depth=6 wb=$E000
  C $89DD cb=-1 S=$FF depth=6 wb=$E000
  N $0002 cb=-1 S=$FC depth=3 wb=$E000
  C $DE39 cb=-1 S=$F9 depth=3 wb=$C000
  T $E11E cb=-1 S=$F9 depth=4 wb=$C000
  C $E11E cb=-1 S=$F9 depth=4 wb=$C000
  T $E11E cb=-1 S=$F9 depth=3 wb=$E000
  C $E11E cb=-1 S=$F9 depth=3 wb=$E000
  C $DCCE cb=-1 S=$F9 depth=3 wb=$C000
  C $CB25 cb=-1 S=$F9 depth=3 wb=$C000
  C $CF72 cb=-1 S=$F9 depth=4 wb=$C000
  C $CFF3 cb=-1 S=$F9 depth=4 wb=$C000
  C $CD30 cb=-1 S=$F9 depth=4 wb=$C000
  C $CD7D cb=-1 S=$F9 depth=5 wb=$C000
  T $CDE7 cb=-1 S=$F9 depth=6 wb=$C000
  C $CDE7 cb=-1 S=$F9 depth=6 wb=$C000
  T $CEAC cb=-1 S=$F9 depth=7 wb=$C000
  C $CEAC cb=-1 S=$F9 depth=7 wb=$C000
  D $CDE7 cb=-1 S=$F9 depth=6 wb=$C000
  C $CDE7 cb=-1 S=$F9 depth=6 wb=$C000
  T $CEF0 cb=-1 S=$F9 depth=7 wb=$C000
  C $CEF0 cb=-1 S=$F9 depth=7 wb=$C000
  C $CD5F cb=-1 S=$F9 depth=8 wb=$C000
  C $CD7D cb=-1 S=$F9 depth=5 wb=$C000
  T $CDE7 cb=-1 S=$F9 depth=6 wb=$C000
  C $CDE7 cb=-1 S=$F9 depth=6 wb=$C000
  T $CE4C cb=-1 S=$F9 depth=7 wb=$C000
  C $CE4C cb=-1 S=$F9 depth=7 wb=$C000
  T $CD93 cb=-1 S=$F9 depth=8 wb=$C000
  C $CD93 cb=-1 S=$F9 depth=8 wb=$C000
  D $CDE7 cb=-1 S=$F9 depth=6 wb=$C000
  C $CDE7 cb=-1 S=$F9 depth=6 wb=$C000
  T $CEF0 cb=-1 S=$F9 depth=7 wb=$C000
  C $CEF0 cb=-1 S=$F9 depth=7 wb=$C000
  D $CDE7 cb=-1 S=$F9 depth=6 wb=$C000
  C $CDE7 cb=-1 S=$F9 depth=6 wb=$C000
  T $CEAC cb=-1 S=$F9 depth=7 wb=$C000
  C $CEAC cb=-1 S=$F9 depth=7 wb=$C000
  C $CD5F cb=-1 S=$F9 depth=8 wb=$C000
  T $FF01 cb=-1 S=$FB depth=8 wb=$C000
  C $FF01 cb=-1 S=$FB depth=8 wb=$C000
=== end dispatch fault ===

=== dispatch fault 4 frame=222 cycles=6882000 ===
target gen=$4801 cpu=$4801 bank=3 class=ZERO_FILLED call_site=$204C
cpu A=$00 X=$00 Y=$15 P=$00 S=$FB window=$C000 dispatch_depth=9 vblank_depth=2 ops=2703 budget=29780
mapper type=4 current_bank=3 mirroring=3 select=$07 irq_latch=$7F irq_counter=$00 irq_reload=1 irq_enabled=1
mapper_regs 3C 3E 00 00 00 00 06 07
caller func_CEAC
caller2 func_CDE7
target_bytes 00 00 00 00 00 00 00 00
stack_bytes 4C 20 00 00 00 00 00 00 00 00 00 00 00 00 00 00
last_dispatches
  C $CB25 cb=-1 S=$F9 depth=3 wb=$C000
  C $CD30 cb=-1 S=$F9 depth=4 wb=$C000
  C $CD7D cb=-1 S=$F9 depth=5 wb=$C000
  T $CD50 cb=-1 S=$F9 depth=6 wb=$C000
  C $CD50 cb=-1 S=$F9 depth=6 wb=$C000
  C $CD7D cb=-1 S=$F9 depth=5 wb=$C000
  T $CD50 cb=-1 S=$F9 depth=6 wb=$C000
  C $CD50 cb=-1 S=$F9 depth=6 wb=$C000
  C $CD7D cb=-1 S=$F9 depth=5 wb=$C000
  T $CD50 cb=-1 S=$F9 depth=6 wb=$C000
  C $CD50 cb=-1 S=$F9 depth=6 wb=$C000
  C $CD7D cb=-1 S=$F9 depth=5 wb=$C000
  T $CD50 cb=-1 S=$F9 depth=6 wb=$C000
  C $CD50 cb=-1 S=$F9 depth=6 wb=$C000
  C $CD7D cb=-1 S=$F9 depth=5 wb=$C000
  T $CDE7 cb=-1 S=$F9 depth=6 wb=$C000
  C $CDE7 cb=-1 S=$F9 depth=6 wb=$C000
  T $CED7 cb=-1 S=$F9 depth=7 wb=$C000
  C $CED7 cb=-1 S=$F9 depth=7 wb=$C000
  D $CDE7 cb=-1 S=$F9 depth=6 wb=$C000
  C $CDE7 cb=-1 S=$F9 depth=6 wb=$C000
  T $CE4C cb=-1 S=$F9 depth=7 wb=$C000
  C $CE4C cb=-1 S=$F9 depth=7 wb=$C000
  T $CD93 cb=-1 S=$F9 depth=8 wb=$C000
  C $CD93 cb=-1 S=$F9 depth=8 wb=$C000
  D $CDE7 cb=-1 S=$F9 depth=6 wb=$C000
  C $CDE7 cb=-1 S=$F9 depth=6 wb=$C000
  T $CE4C cb=-1 S=$F9 depth=7 wb=$C000
  C $CE4C cb=-1 S=$F9 depth=7 wb=$C000
  T $CD93 cb=-1 S=$F9 depth=8 wb=$C000
  C $CD93 cb=-1 S=$F9 depth=8 wb=$C000
  D $CDE7 cb=-1 S=$F9 depth=6 wb=$C000
  C $CDE7 cb=-1 S=$F9 depth=6 wb=$C000
  T $CE4C cb=-1 S=$F9 depth=7 wb=$C000
  C $CE4C cb=-1 S=$F9 depth=7 wb=$C000
  T $CD93 cb=-1 S=$F9 depth=8 wb=$C000
  C $CD93 cb=-1 S=$F9 depth=8 wb=$C000
  D $CDE7 cb=-1 S=$F9 depth=6 wb=$C000
  C $CDE7 cb=-1 S=$F9 depth=6 wb=$C000
  T $CE78 cb=-1 S=$F9 depth=7 wb=$C000
  C $CE78 cb=-1 S=$F9 depth=7 wb=$C000
  D $CDE7 cb=-1 S=$F9 depth=6 wb=$C000
  C $CDE7 cb=-1 S=$F9 depth=6 wb=$C000
  T $CE78 cb=-1 S=$F9 depth=7 wb=$C000
  C $CE78 cb=-1 S=$F9 depth=7 wb=$C000
  D $CDE7 cb=-1 S=$F9 depth=6 wb=$C000
  C $CDE7 cb=-1 S=$F9 depth=6 wb=$C000
  T $CECE cb=-1 S=$F9 depth=7 wb=$C000
  C $CECE cb=-1 S=$F9 depth=7 wb=$C000
  D $CDE7 cb=-1 S=$F9 depth=6 wb=$C000
  C $CDE7 cb=-1 S=$F9 depth=6 wb=$C000
  T $CE9C cb=-1 S=$F9 depth=7 wb=$C000
  C $CE9C cb=-1 S=$F9 depth=7 wb=$C000
  D $CDE7 cb=-1 S=$F9 depth=6 wb=$C000
  C $CDE7 cb=-1 S=$F9 depth=6 wb=$C000
  T $CEAC cb=-1 S=$F9 depth=7 wb=$C000
  C $CEAC cb=-1 S=$F9 depth=7 wb=$C000
  D $CDE7 cb=-1 S=$F9 depth=6 wb=$C000
  C $CDE7 cb=-1 S=$F9 depth=6 wb=$C000
  T $CEAC cb=-1 S=$F9 depth=7 wb=$C000
  C $CEAC cb=-1 S=$F9 depth=7 wb=$C000
  C $CD5F cb=-1 S=$F9 depth=8 wb=$C000
  T $4801 cb=-1 S=$FB depth=8 wb=$C000
  C $4801 cb=-1 S=$FB depth=8 wb=$C000
=== end dispatch fault ===

=== dispatch fault 1 frame=0 cycles=124656 ===
target gen=$A009 cpu=$8009 bank=6 class=CODE call_site=$0000
cpu A=$0D X=$06 Y=$00 P=$00 S=$FF window=$8000 dispatch_depth=3 vblank_depth=0 ops=5534 budget=29781
mapper type=4 current_bank=6 mirroring=2 select=$06 irq_latch=$00 irq_counter=$00 irq_reload=0 irq_enabled=0
mapper_regs 00 00 00 00 00 00 0D 07
caller (none)
caller2 (none)
target_bytes 4C 15 80 4C 50 80 4C F1
stack_bytes 00 00 00 00 00 00 00 00 00 00 00 00 00 00 00 00
last_dispatches
  T $D269 cb=-1 S=$FD depth=0 wb=$E000
  C $D269 cb=-1 S=$FD depth=0 wb=$E000
  C $D2F6 cb=-1 S=$FF depth=1 wb=$C000
  C $CFBF cb=-1 S=$FF depth=1 wb=$C000
  C $CFF3 cb=-1 S=$FF depth=2 wb=$C000
  T $D406 cb=-1 S=$FF depth=1 wb=$C000
  C $D406 cb=-1 S=$FF depth=1 wb=$C000
  C $8009 cb=-1 S=$FF depth=2 wb=$C000
=== end dispatch fault ===

=== dispatch fault 2 frame=0 cycles=191343 ===
target gen=$A003 cpu=$8003 bank=6 class=CODE call_site=$0000
cpu A=$05 X=$10 Y=$00 P=$00 S=$FF window=$8000 dispatch_depth=4 vblank_depth=0 ops=12659 budget=29780
mapper type=4 current_bank=6 mirroring=3 select=$07 irq_latch=$00 irq_counter=$00 irq_reload=0 irq_enabled=0
mapper_regs 00 00 00 00 00 00 0D 05
caller (none)
caller2 (none)
target_bytes 4C 85 86 4C 95 87 4C 15
stack_bytes 00 00 00 00 00 00 00 00 00 00 00 00 00 00 00 00
last_dispatches
  C $884E cb=6 S=$FF depth=6 wb=$8000
  C $884E cb=6 S=$FF depth=6 wb=$8000
  C $884E cb=6 S=$FF depth=6 wb=$8000
  C $884E cb=6 S=$FF depth=6 wb=$8000
  C $884E cb=6 S=$FF depth=6 wb=$8000
  C $884E cb=6 S=$FF depth=6 wb=$8000
  C $884E cb=6 S=$FF depth=6 wb=$8000
  C $884E cb=6 S=$FF depth=6 wb=$8000
  C $884E cb=6 S=$FF depth=6 wb=$8000
  C $884E cb=6 S=$FF depth=6 wb=$8000
  C $884E cb=6 S=$FF depth=6 wb=$8000
  C $884E cb=6 S=$FF depth=6 wb=$8000
  C $884E cb=6 S=$FF depth=6 wb=$8000
  C $884E cb=6 S=$FF depth=6 wb=$8000
  C $884E cb=6 S=$FF depth=6 wb=$8000
  C $884E cb=6 S=$FF depth=6 wb=$8000
  C $884E cb=6 S=$FF depth=6 wb=$8000
  C $884E cb=6 S=$FF depth=6 wb=$8000
  C $884E cb=6 S=$FF depth=6 wb=$8000
  C $884E cb=6 S=$FF depth=6 wb=$8000
  C $884E cb=6 S=$FF depth=6 wb=$8000
  C $884E cb=6 S=$FF depth=6 wb=$8000
  C $884E cb=6 S=$FF depth=6 wb=$8000
  C $884E cb=6 S=$FF depth=6 wb=$8000
  C $884E cb=6 S=$FF depth=6 wb=$8000
  C $884E cb=6 S=$FF depth=6 wb=$8000
  C $884E cb=6 S=$FF depth=6 wb=$8000
  C $884E cb=6 S=$FF depth=6 wb=$8000
  C $884E cb=6 S=$FF depth=6 wb=$8000
  C $884E cb=6 S=$FF depth=6 wb=$8000
  C $884E cb=6 S=$FF depth=6 wb=$8000
  C $884E cb=6 S=$FF depth=6 wb=$8000
  C $884E cb=6 S=$FF depth=6 wb=$8000
  C $884E cb=6 S=$FF depth=6 wb=$8000
  C $884E cb=6 S=$FF depth=6 wb=$8000
  C $884E cb=6 S=$FF depth=6 wb=$8000
  C $884E cb=6 S=$FF depth=6 wb=$8000
  C $884E cb=6 S=$FF depth=6 wb=$8000
  C $884E cb=6 S=$FF depth=6 wb=$8000
  C $884E cb=6 S=$FF depth=6 wb=$8000
  C $884E cb=6 S=$FF depth=6 wb=$8000
  C $884E cb=6 S=$FF depth=6 wb=$8000
  C $884E cb=6 S=$FF depth=6 wb=$8000
  C $884E cb=6 S=$FF depth=6 wb=$8000
  C $884E cb=6 S=$FF depth=6 wb=$8000
  C $884E cb=6 S=$FF depth=6 wb=$8000
  C $884E cb=6 S=$FF depth=6 wb=$8000
  C $884E cb=6 S=$FF depth=6 wb=$8000
  C $884E cb=6 S=$FF depth=6 wb=$8000
  C $884E cb=6 S=$FF depth=6 wb=$8000
  C $884E cb=6 S=$FF depth=6 wb=$8000
  C $884E cb=6 S=$FF depth=6 wb=$8000
  C $884E cb=6 S=$FF depth=6 wb=$8000
  C $884E cb=6 S=$FF depth=6 wb=$8000
  C $884E cb=6 S=$FF depth=6 wb=$8000
  C $884E cb=6 S=$FF depth=6 wb=$8000
  C $884E cb=6 S=$FF depth=6 wb=$8000
  C $884E cb=6 S=$FF depth=6 wb=$8000
  C $884E cb=6 S=$FF depth=6 wb=$8000
  C $884E cb=6 S=$FF depth=6 wb=$8000
  C $884E cb=6 S=$FF depth=6 wb=$8000
  C $884E cb=6 S=$FF depth=6 wb=$8000
  C $884E cb=6 S=$FF depth=6 wb=$8000
  C $8003 cb=-1 S=$FF depth=3 wb=$C000
=== end dispatch fault ===

=== dispatch fault 3 frame=221 cycles=6851978 ===
target gen=$FF01 cpu=$FF01 bank=7 class=ZERO_FILLED call_site=$A0BE
cpu A=$00 X=$03 Y=$04 P=$00 S=$FB window=$E000 dispatch_depth=9 vblank_depth=2 ops=2462 budget=29781
mapper type=4 current_bank=3 mirroring=3 select=$07 irq_latch=$7F irq_counter=$00 irq_reload=1 irq_enabled=1
mapper_regs 3C 3E 00 00 00 00 06 07
caller func_CEAC
caller2 func_CDE7
target_bytes 00 00 00 00 00 00 00 00
stack_bytes BE A0 00 00 00 00 00 00 00 00 00 00 00 00 00 00
last_dispatches
  C $884E cb=6 S=$FF depth=6 wb=$8000
  C $884E cb=6 S=$FF depth=6 wb=$8000
  C $884E cb=6 S=$FF depth=6 wb=$8000
  C $884E cb=6 S=$FF depth=6 wb=$8000
  C $884E cb=6 S=$FF depth=6 wb=$8000
  C $884E cb=6 S=$FF depth=6 wb=$8000
  C $884E cb=6 S=$FF depth=6 wb=$8000
  C $884E cb=6 S=$FF depth=6 wb=$8000
  C $DB92 cb=-1 S=$FF depth=3 wb=$C000
  C $D341 cb=-1 S=$FF depth=4 wb=$C000
  T $D377 cb=-1 S=$FF depth=4 wb=$C000
  C $D377 cb=-1 S=$FF depth=4 wb=$C000
  C $DC27 cb=-1 S=$FF depth=3 wb=$C000
  C $DBAF cb=-1 S=$FF depth=3 wb=$C000
  C $8021 cb=-1 S=$FF depth=4 wb=$C000
  T $89BF cb=6 S=$FF depth=5 wb=$8000
  C $89BF cb=6 S=$FF depth=5 wb=$8000
  T $89DD cb=-1 S=$FF depth=6 wb=$E000
  C $89DD cb=-1 S=$FF depth=6 wb=$E000
  T $89DD cb=-1 S=$FF depth=6 wb=$E000
  C $89DD cb=-1 S=$FF depth=6 wb=$E000
  T $89DD cb=-1 S=$FF depth=6 wb=$E000
  C $89DD cb=-1 S=$FF depth=6 wb=$E000
  T $89DD cb=-1 S=$FF depth=6 wb=$E000
  C $89DD cb=-1 S=$FF depth=6 wb=$E000
  N $0002 cb=-1 S=$FC depth=3 wb=$E000
  C $DE39 cb=-1 S=$F9 depth=3 wb=$C000
  T $E11E cb=-1 S=$F9 depth=4 wb=$C000
  C $E11E cb=-1 S=$F9 depth=4 wb=$C000
  T $E11E cb=-1 S=$F9 depth=3 wb=$E000
  C $E11E cb=-1 S=$F9 depth=3 wb=$E000
  C $DCCE cb=-1 S=$F9 depth=3 wb=$C000
  C $CB25 cb=-1 S=$F9 depth=3 wb=$C000
  C $CF72 cb=-1 S=$F9 depth=4 wb=$C000
  C $CFF3 cb=-1 S=$F9 depth=4 wb=$C000
  C $CD30 cb=-1 S=$F9 depth=4 wb=$C000
  C $CD7D cb=-1 S=$F9 depth=5 wb=$C000
  T $CDE7 cb=-1 S=$F9 depth=6 wb=$C000
  C $CDE7 cb=-1 S=$F9 depth=6 wb=$C000
  T $CEAC cb=-1 S=$F9 depth=7 wb=$C000
  C $CEAC cb=-1 S=$F9 depth=7 wb=$C000
  D $CDE7 cb=-1 S=$F9 depth=6 wb=$C000
  C $CDE7 cb=-1 S=$F9 depth=6 wb=$C000
  T $CEF0 cb=-1 S=$F9 depth=7 wb=$C000
  C $CEF0 cb=-1 S=$F9 depth=7 wb=$C000
  C $CD5F cb=-1 S=$F9 depth=8 wb=$C000
  C $CD7D cb=-1 S=$F9 depth=5 wb=$C000
  T $CDE7 cb=-1 S=$F9 depth=6 wb=$C000
  C $CDE7 cb=-1 S=$F9 depth=6 wb=$C000
  T $CE4C cb=-1 S=$F9 depth=7 wb=$C000
  C $CE4C cb=-1 S=$F9 depth=7 wb=$C000
  T $CD93 cb=-1 S=$F9 depth=8 wb=$C000
  C $CD93 cb=-1 S=$F9 depth=8 wb=$C000
  D $CDE7 cb=-1 S=$F9 depth=6 wb=$C000
  C $CDE7 cb=-1 S=$F9 depth=6 wb=$C000
  T $CEF0 cb=-1 S=$F9 depth=7 wb=$C000
  C $CEF0 cb=-1 S=$F9 depth=7 wb=$C000
  D $CDE7 cb=-1 S=$F9 depth=6 wb=$C000
  C $CDE7 cb=-1 S=$F9 depth=6 wb=$C000
  T $CEAC cb=-1 S=$F9 depth=7 wb=$C000
  C $CEAC cb=-1 S=$F9 depth=7 wb=$C000
  C $CD5F cb=-1 S=$F9 depth=8 wb=$C000
  T $FF01 cb=-1 S=$FB depth=8 wb=$C000
  C $FF01 cb=-1 S=$FB depth=8 wb=$C000
=== end dispatch fault ===

=== dispatch fault 4 frame=222 cycles=6882000 ===
target gen=$4801 cpu=$4801 bank=3 class=ZERO_FILLED call_site=$204C
cpu A=$00 X=$00 Y=$15 P=$00 S=$FB window=$C000 dispatch_depth=9 vblank_depth=2 ops=2703 budget=29780
mapper type=4 current_bank=3 mirroring=3 select=$07 irq_latch=$7F irq_counter=$00 irq_reload=1 irq_enabled=1
mapper_regs 3C 3E 00 00 00 00 06 07
caller func_CEAC
caller2 func_CDE7
target_bytes 00 00 00 00 00 00 00 00
stack_bytes 4C 20 00 00 00 00 00 00 00 00 00 00 00 00 00 00
last_dispatches
  C $CB25 cb=-1 S=$F9 depth=3 wb=$C000
  C $CD30 cb=-1 S=$F9 depth=4 wb=$C000
  C $CD7D cb=-1 S=$F9 depth=5 wb=$C000
  T $CD50 cb=-1 S=$F9 depth=6 wb=$C000
  C $CD50 cb=-1 S=$F9 depth=6 wb=$C000
  C $CD7D cb=-1 S=$F9 depth=5 wb=$C000
  T $CD50 cb=-1 S=$F9 depth=6 wb=$C000
  C $CD50 cb=-1 S=$F9 depth=6 wb=$C000
  C $CD7D cb=-1 S=$F9 depth=5 wb=$C000
  T $CD50 cb=-1 S=$F9 depth=6 wb=$C000
  C $CD50 cb=-1 S=$F9 depth=6 wb=$C000
  C $CD7D cb=-1 S=$F9 depth=5 wb=$C000
  T $CD50 cb=-1 S=$F9 depth=6 wb=$C000
  C $CD50 cb=-1 S=$F9 depth=6 wb=$C000
  C $CD7D cb=-1 S=$F9 depth=5 wb=$C000
  T $CDE7 cb=-1 S=$F9 depth=6 wb=$C000
  C $CDE7 cb=-1 S=$F9 depth=6 wb=$C000
  T $CED7 cb=-1 S=$F9 depth=7 wb=$C000
  C $CED7 cb=-1 S=$F9 depth=7 wb=$C000
  D $CDE7 cb=-1 S=$F9 depth=6 wb=$C000
  C $CDE7 cb=-1 S=$F9 depth=6 wb=$C000
  T $CE4C cb=-1 S=$F9 depth=7 wb=$C000
  C $CE4C cb=-1 S=$F9 depth=7 wb=$C000
  T $CD93 cb=-1 S=$F9 depth=8 wb=$C000
  C $CD93 cb=-1 S=$F9 depth=8 wb=$C000
  D $CDE7 cb=-1 S=$F9 depth=6 wb=$C000
  C $CDE7 cb=-1 S=$F9 depth=6 wb=$C000
  T $CE4C cb=-1 S=$F9 depth=7 wb=$C000
  C $CE4C cb=-1 S=$F9 depth=7 wb=$C000
  T $CD93 cb=-1 S=$F9 depth=8 wb=$C000
  C $CD93 cb=-1 S=$F9 depth=8 wb=$C000
  D $CDE7 cb=-1 S=$F9 depth=6 wb=$C000
  C $CDE7 cb=-1 S=$F9 depth=6 wb=$C000
  T $CE4C cb=-1 S=$F9 depth=7 wb=$C000
  C $CE4C cb=-1 S=$F9 depth=7 wb=$C000
  T $CD93 cb=-1 S=$F9 depth=8 wb=$C000
  C $CD93 cb=-1 S=$F9 depth=8 wb=$C000
  D $CDE7 cb=-1 S=$F9 depth=6 wb=$C000
  C $CDE7 cb=-1 S=$F9 depth=6 wb=$C000
  T $CE78 cb=-1 S=$F9 depth=7 wb=$C000
  C $CE78 cb=-1 S=$F9 depth=7 wb=$C000
  D $CDE7 cb=-1 S=$F9 depth=6 wb=$C000
  C $CDE7 cb=-1 S=$F9 depth=6 wb=$C000
  T $CE78 cb=-1 S=$F9 depth=7 wb=$C000
  C $CE78 cb=-1 S=$F9 depth=7 wb=$C000
  D $CDE7 cb=-1 S=$F9 depth=6 wb=$C000
  C $CDE7 cb=-1 S=$F9 depth=6 wb=$C000
  T $CECE cb=-1 S=$F9 depth=7 wb=$C000
  C $CECE cb=-1 S=$F9 depth=7 wb=$C000
  D $CDE7 cb=-1 S=$F9 depth=6 wb=$C000
  C $CDE7 cb=-1 S=$F9 depth=6 wb=$C000
  T $CE9C cb=-1 S=$F9 depth=7 wb=$C000
  C $CE9C cb=-1 S=$F9 depth=7 wb=$C000
  D $CDE7 cb=-1 S=$F9 depth=6 wb=$C000
  C $CDE7 cb=-1 S=$F9 depth=6 wb=$C000
  T $CEAC cb=-1 S=$F9 depth=7 wb=$C000
  C $CEAC cb=-1 S=$F9 depth=7 wb=$C000
  D $CDE7 cb=-1 S=$F9 depth=6 wb=$C000
  C $CDE7 cb=-1 S=$F9 depth=6 wb=$C000
  T $CEAC cb=-1 S=$F9 depth=7 wb=$C000
  C $CEAC cb=-1 S=$F9 depth=7 wb=$C000
  C $CD5F cb=-1 S=$F9 depth=8 wb=$C000
  T $4801 cb=-1 S=$FB depth=8 wb=$C000
  C $4801 cb=-1 S=$FB depth=8 wb=$C000
=== end dispatch fault ===

=== dispatch fault 1 frame=614 cycles=18853831 ===
target gen=$2050 cpu=$2050 bank=3 class=ZERO_FILLED call_site=$0000
cpu A=$00 X=$02 Y=$04 P=$00 S=$FD window=$C000 dispatch_depth=9 vblank_depth=2 ops=2770 budget=29780
mapper type=4 current_bank=3 mirroring=3 select=$07 irq_latch=$7F irq_counter=$00 irq_reload=1 irq_enabled=1
mapper_regs 3C 3E 00 00 00 00 06 07
caller func_CE78
caller2 func_CDE7
target_bytes 00 00 00 00 00 00 00 00
stack_bytes 00 00 00 00 00 00 00 00 00 00 00 00 00 00 00 00
last_dispatches
  C $DB92 cb=-1 S=$FF depth=3 wb=$C000
  C $D341 cb=-1 S=$FF depth=4 wb=$C000
  T $D377 cb=-1 S=$FF depth=4 wb=$C000
  C $D377 cb=-1 S=$FF depth=4 wb=$C000
  C $DC27 cb=-1 S=$FF depth=3 wb=$C000
  C $DBAF cb=-1 S=$FF depth=3 wb=$C000
  C $8021 cb=-1 S=$FF depth=4 wb=$C000
  T $89BF cb=6 S=$FF depth=5 wb=$8000
  C $89BF cb=6 S=$FF depth=5 wb=$8000
  T $89DD cb=-1 S=$FF depth=6 wb=$E000
  C $89DD cb=-1 S=$FF depth=6 wb=$E000
  T $89DD cb=-1 S=$FF depth=6 wb=$E000
  C $89DD cb=-1 S=$FF depth=6 wb=$E000
  T $89DD cb=-1 S=$FF depth=6 wb=$E000
  C $89DD cb=-1 S=$FF depth=6 wb=$E000
  T $89DD cb=-1 S=$FF depth=6 wb=$E000
  C $89DD cb=-1 S=$FF depth=6 wb=$E000
  N $0002 cb=-1 S=$FC depth=3 wb=$E000
  C $DE39 cb=-1 S=$F9 depth=3 wb=$C000
  T $E11E cb=-1 S=$F9 depth=4 wb=$C000
  C $E11E cb=-1 S=$F9 depth=4 wb=$C000
  T $E11E cb=-1 S=$F9 depth=3 wb=$E000
  C $E11E cb=-1 S=$F9 depth=3 wb=$E000
  C $DCCE cb=-1 S=$F9 depth=3 wb=$C000
  C $CB25 cb=-1 S=$F9 depth=3 wb=$C000
  C $CF72 cb=-1 S=$F9 depth=4 wb=$C000
  C $CFF3 cb=-1 S=$F9 depth=4 wb=$C000
  C $CD30 cb=-1 S=$F9 depth=4 wb=$C000
  C $CD7D cb=-1 S=$F9 depth=5 wb=$C000
  T $CDE7 cb=-1 S=$F9 depth=6 wb=$C000
  C $CDE7 cb=-1 S=$F9 depth=6 wb=$C000
  T $CEAC cb=-1 S=$F9 depth=7 wb=$C000
  C $CEAC cb=-1 S=$F9 depth=7 wb=$C000
  D $CDE7 cb=-1 S=$F9 depth=6 wb=$C000
  C $CDE7 cb=-1 S=$F9 depth=6 wb=$C000
  T $CEF0 cb=-1 S=$F9 depth=7 wb=$C000
  C $CEF0 cb=-1 S=$F9 depth=7 wb=$C000
  C $CD5F cb=-1 S=$F9 depth=8 wb=$C000
  C $CD7D cb=-1 S=$F9 depth=5 wb=$C000
  T $CDE7 cb=-1 S=$F9 depth=6 wb=$C000
  C $CDE7 cb=-1 S=$F9 depth=6 wb=$C000
  T $CE4C cb=-1 S=$F9 depth=7 wb=$C000
  C $CE4C cb=-1 S=$F9 depth=7 wb=$C000
  T $CD93 cb=-1 S=$F9 depth=8 wb=$C000
  C $CD93 cb=-1 S=$F9 depth=8 wb=$C000
  D $CDE7 cb=-1 S=$F9 depth=6 wb=$C000
  C $CDE7 cb=-1 S=$F9 depth=6 wb=$C000
  T $CEF0 cb=-1 S=$F9 depth=7 wb=$C000
  C $CEF0 cb=-1 S=$F9 depth=7 wb=$C000
  D $CDE7 cb=-1 S=$F9 depth=6 wb=$C000
  C $CDE7 cb=-1 S=$F9 depth=6 wb=$C000
  T $CEAC cb=-1 S=$F9 depth=7 wb=$C000
  C $CEAC cb=-1 S=$F9 depth=7 wb=$C000
  C $CD5F cb=-1 S=$F9 depth=8 wb=$C000
  T $FF01 cb=-1 S=$FB depth=8 wb=$C000
  C $FF01 cb=-1 S=$FB depth=8 wb=$C000
  C $CD7D cb=-1 S=$FB depth=5 wb=$C000
  T $CDE7 cb=-1 S=$FB depth=6 wb=$C000
  C $CDE7 cb=-1 S=$FB depth=6 wb=$C000
  T $CE78 cb=-1 S=$FB depth=7 wb=$C000
  C $CE78 cb=-1 S=$FB depth=7 wb=$C000
  C $CD5F cb=-1 S=$FB depth=8 wb=$C000
  T $2050 cb=-1 S=$FD depth=8 wb=$C000
  C $2050 cb=-1 S=$FD depth=8 wb=$C000
=== end dispatch fault ===

=== dispatch fault 2 frame=634 cycles=19448549 ===
target gen=$5801 cpu=$5801 bank=3 class=ZERO_FILLED call_site=$205A
cpu A=$00 X=$01 Y=$02 P=$00 S=$FB window=$C000 dispatch_depth=9 vblank_depth=2 ops=1878 budget=29780
mapper type=4 current_bank=3 mirroring=3 select=$07 irq_latch=$7F irq_counter=$00 irq_reload=1 irq_enabled=1
mapper_regs 3C 3E 00 00 00 00 06 07
caller func_CF25
caller2 func_CDE7
target_bytes 00 00 00 00 00 00 00 00
stack_bytes 5A 20 00 00 00 00 00 00 00 00 00 00 00 00 00 00
last_dispatches
  T $CD50 cb=-1 S=$F9 depth=6 wb=$C000
  C $CD50 cb=-1 S=$F9 depth=6 wb=$C000
  C $CD7D cb=-1 S=$F9 depth=5 wb=$C000
  T $CD50 cb=-1 S=$F9 depth=6 wb=$C000
  C $CD50 cb=-1 S=$F9 depth=6 wb=$C000
  C $CD30 cb=-1 S=$F9 depth=4 wb=$C000
  C $CC71 cb=-1 S=$F9 depth=4 wb=$C000
  C $CCDA cb=-1 S=$F9 depth=4 wb=$C000
  C $CC71 cb=-1 S=$F9 depth=4 wb=$C000
  T $CC61 cb=-1 S=$F9 depth=5 wb=$C000
  C $CC61 cb=-1 S=$F9 depth=5 wb=$C000
  C $CCDA cb=-1 S=$F9 depth=4 wb=$C000
  C $CC71 cb=-1 S=$F9 depth=4 wb=$C000
  C $CCDA cb=-1 S=$F9 depth=4 wb=$C000
  C $CC71 cb=-1 S=$F9 depth=4 wb=$C000
  T $CC61 cb=-1 S=$F9 depth=5 wb=$C000
  C $CC61 cb=-1 S=$F9 depth=5 wb=$C000
  n $0002 cb=-1 S=$FF depth=3 wb=$E000
  T $E9AE cb=-1 S=$F9 depth=3 wb=$E000
  C $E9AE cb=-1 S=$F9 depth=3 wb=$E000
  T $D9F0 cb=-1 S=$FF depth=3 wb=$E000
  C $D9F0 cb=-1 S=$FF depth=3 wb=$E000
  C $DBAF cb=-1 S=$FF depth=3 wb=$C000
  C $8021 cb=-1 S=$FF depth=4 wb=$C000
  T $89BF cb=6 S=$FF depth=5 wb=$8000
  C $89BF cb=6 S=$FF depth=5 wb=$8000
  T $8749 cb=-1 S=$FF depth=6 wb=$E000
  C $8749 cb=-1 S=$FF depth=6 wb=$E000
  T $8749 cb=-1 S=$FF depth=6 wb=$E000
  C $8749 cb=-1 S=$FF depth=6 wb=$E000
  T $8749 cb=-1 S=$FF depth=6 wb=$E000
  C $8749 cb=-1 S=$FF depth=6 wb=$E000
  T $8749 cb=-1 S=$FF depth=6 wb=$E000
  C $8749 cb=-1 S=$FF depth=6 wb=$E000
  C $DB65 cb=-1 S=$FF depth=3 wb=$C000
  C $DB92 cb=-1 S=$FF depth=3 wb=$C000
  C $D341 cb=-1 S=$FF depth=4 wb=$C000
  T $D377 cb=-1 S=$FF depth=4 wb=$C000
  C $D377 cb=-1 S=$FF depth=4 wb=$C000
  N $0002 cb=-1 S=$FC depth=3 wb=$E000
  C $DE39 cb=-1 S=$F9 depth=3 wb=$C000
  T $E11E cb=-1 S=$F9 depth=4 wb=$C000
  C $E11E cb=-1 S=$F9 depth=4 wb=$C000
  T $E11E cb=-1 S=$F9 depth=3 wb=$E000
  C $E11E cb=-1 S=$F9 depth=3 wb=$E000
  C $DCCE cb=-1 S=$F9 depth=3 wb=$C000
  C $CB25 cb=-1 S=$F9 depth=3 wb=$C000
  C $CD30 cb=-1 S=$F9 depth=4 wb=$C000
  C $CD7D cb=-1 S=$F9 depth=5 wb=$C000
  T $CD50 cb=-1 S=$F9 depth=6 wb=$C000
  C $CD50 cb=-1 S=$F9 depth=6 wb=$C000
  C $CD7D cb=-1 S=$F9 depth=5 wb=$C000
  T $CD50 cb=-1 S=$F9 depth=6 wb=$C000
  C $CD50 cb=-1 S=$F9 depth=6 wb=$C000
  C $CD7D cb=-1 S=$F9 depth=5 wb=$C000
  C $CD5F cb=-1 S=$F9 depth=6 wb=$C000
  C $CD7D cb=-1 S=$F9 depth=5 wb=$C000
  T $CDE7 cb=-1 S=$F9 depth=6 wb=$C000
  C $CDE7 cb=-1 S=$F9 depth=6 wb=$C000
  T $CF25 cb=-1 S=$F9 depth=7 wb=$C000
  C $CF25 cb=-1 S=$F9 depth=7 wb=$C000
  C $CD5F cb=-1 S=$F9 depth=8 wb=$C000
  T $5801 cb=-1 S=$FB depth=8 wb=$C000
  C $5801 cb=-1 S=$FB depth=8 wb=$C000
=== end dispatch fault ===

=== dispatch fault 1 frame=614 cycles=18853831 ===
target gen=$2050 cpu=$2050 bank=3 class=ZERO_FILLED call_site=$0000
cpu A=$00 X=$02 Y=$04 P=$00 S=$FD window=$C000 dispatch_depth=9 vblank_depth=2 ops=2770 budget=29780
mapper type=4 current_bank=3 mirroring=3 select=$07 irq_latch=$7F irq_counter=$00 irq_reload=1 irq_enabled=1
mapper_regs 3C 3E 00 00 00 00 06 07
caller func_CE78
caller2 func_CDE7
target_bytes 00 00 00 00 00 00 00 00
stack_bytes 00 00 00 00 00 00 00 00 00 00 00 00 00 00 00 00
last_dispatches
  C $DB92 cb=-1 S=$FF depth=3 wb=$C000
  C $D341 cb=-1 S=$FF depth=4 wb=$C000
  T $D377 cb=-1 S=$FF depth=4 wb=$C000
  C $D377 cb=-1 S=$FF depth=4 wb=$C000
  C $DC27 cb=-1 S=$FF depth=3 wb=$C000
  C $DBAF cb=-1 S=$FF depth=3 wb=$C000
  C $8021 cb=-1 S=$FF depth=4 wb=$C000
  T $89BF cb=6 S=$FF depth=5 wb=$8000
  C $89BF cb=6 S=$FF depth=5 wb=$8000
  T $89DD cb=-1 S=$FF depth=6 wb=$E000
  C $89DD cb=-1 S=$FF depth=6 wb=$E000
  T $89DD cb=-1 S=$FF depth=6 wb=$E000
  C $89DD cb=-1 S=$FF depth=6 wb=$E000
  T $89DD cb=-1 S=$FF depth=6 wb=$E000
  C $89DD cb=-1 S=$FF depth=6 wb=$E000
  T $89DD cb=-1 S=$FF depth=6 wb=$E000
  C $89DD cb=-1 S=$FF depth=6 wb=$E000
  N $0002 cb=-1 S=$FC depth=3 wb=$E000
  C $DE39 cb=-1 S=$F9 depth=3 wb=$C000
  T $E11E cb=-1 S=$F9 depth=4 wb=$C000
  C $E11E cb=-1 S=$F9 depth=4 wb=$C000
  T $E11E cb=-1 S=$F9 depth=3 wb=$E000
  C $E11E cb=-1 S=$F9 depth=3 wb=$E000
  C $DCCE cb=-1 S=$F9 depth=3 wb=$C000
  C $CB25 cb=-1 S=$F9 depth=3 wb=$C000
  C $CF72 cb=-1 S=$F9 depth=4 wb=$C000
  C $CFF3 cb=-1 S=$F9 depth=4 wb=$C000
  C $CD30 cb=-1 S=$F9 depth=4 wb=$C000
  C $CD7D cb=-1 S=$F9 depth=5 wb=$C000
  T $CDE7 cb=-1 S=$F9 depth=6 wb=$C000
  C $CDE7 cb=-1 S=$F9 depth=6 wb=$C000
  T $CEAC cb=-1 S=$F9 depth=7 wb=$C000
  C $CEAC cb=-1 S=$F9 depth=7 wb=$C000
  D $CDE7 cb=-1 S=$F9 depth=6 wb=$C000
  C $CDE7 cb=-1 S=$F9 depth=6 wb=$C000
  T $CEF0 cb=-1 S=$F9 depth=7 wb=$C000
  C $CEF0 cb=-1 S=$F9 depth=7 wb=$C000
  C $CD5F cb=-1 S=$F9 depth=8 wb=$C000
  C $CD7D cb=-1 S=$F9 depth=5 wb=$C000
  T $CDE7 cb=-1 S=$F9 depth=6 wb=$C000
  C $CDE7 cb=-1 S=$F9 depth=6 wb=$C000
  T $CE4C cb=-1 S=$F9 depth=7 wb=$C000
  C $CE4C cb=-1 S=$F9 depth=7 wb=$C000
  T $CD93 cb=-1 S=$F9 depth=8 wb=$C000
  C $CD93 cb=-1 S=$F9 depth=8 wb=$C000
  D $CDE7 cb=-1 S=$F9 depth=6 wb=$C000
  C $CDE7 cb=-1 S=$F9 depth=6 wb=$C000
  T $CEF0 cb=-1 S=$F9 depth=7 wb=$C000
  C $CEF0 cb=-1 S=$F9 depth=7 wb=$C000
  D $CDE7 cb=-1 S=$F9 depth=6 wb=$C000
  C $CDE7 cb=-1 S=$F9 depth=6 wb=$C000
  T $CEAC cb=-1 S=$F9 depth=7 wb=$C000
  C $CEAC cb=-1 S=$F9 depth=7 wb=$C000
  C $CD5F cb=-1 S=$F9 depth=8 wb=$C000
  T $FF01 cb=-1 S=$FB depth=8 wb=$C000
  C $FF01 cb=-1 S=$FB depth=8 wb=$C000
  C $CD7D cb=-1 S=$FB depth=5 wb=$C000
  T $CDE7 cb=-1 S=$FB depth=6 wb=$C000
  C $CDE7 cb=-1 S=$FB depth=6 wb=$C000
  T $CE78 cb=-1 S=$FB depth=7 wb=$C000
  C $CE78 cb=-1 S=$FB depth=7 wb=$C000
  C $CD5F cb=-1 S=$FB depth=8 wb=$C000
  T $2050 cb=-1 S=$FD depth=8 wb=$C000
  C $2050 cb=-1 S=$FD depth=8 wb=$C000
=== end dispatch fault ===

=== dispatch fault 2 frame=634 cycles=19448549 ===
target gen=$5801 cpu=$5801 bank=3 class=ZERO_FILLED call_site=$205A
cpu A=$00 X=$01 Y=$02 P=$00 S=$FB window=$C000 dispatch_depth=9 vblank_depth=2 ops=1878 budget=29780
mapper type=4 current_bank=3 mirroring=3 select=$07 irq_latch=$7F irq_counter=$00 irq_reload=1 irq_enabled=1
mapper_regs 3C 3E 00 00 00 00 06 07
caller func_CF25
caller2 func_CDE7
target_bytes 00 00 00 00 00 00 00 00
stack_bytes 5A 20 00 00 00 00 00 00 00 00 00 00 00 00 00 00
last_dispatches
  T $CD50 cb=-1 S=$F9 depth=6 wb=$C000
  C $CD50 cb=-1 S=$F9 depth=6 wb=$C000
  C $CD7D cb=-1 S=$F9 depth=5 wb=$C000
  T $CD50 cb=-1 S=$F9 depth=6 wb=$C000
  C $CD50 cb=-1 S=$F9 depth=6 wb=$C000
  C $CD30 cb=-1 S=$F9 depth=4 wb=$C000
  C $CC71 cb=-1 S=$F9 depth=4 wb=$C000
  C $CCDA cb=-1 S=$F9 depth=4 wb=$C000
  C $CC71 cb=-1 S=$F9 depth=4 wb=$C000
  T $CC61 cb=-1 S=$F9 depth=5 wb=$C000
  C $CC61 cb=-1 S=$F9 depth=5 wb=$C000
  C $CCDA cb=-1 S=$F9 depth=4 wb=$C000
  C $CC71 cb=-1 S=$F9 depth=4 wb=$C000
  C $CCDA cb=-1 S=$F9 depth=4 wb=$C000
  C $CC71 cb=-1 S=$F9 depth=4 wb=$C000
  T $CC61 cb=-1 S=$F9 depth=5 wb=$C000
  C $CC61 cb=-1 S=$F9 depth=5 wb=$C000
  n $0002 cb=-1 S=$FF depth=3 wb=$E000
  T $E9AE cb=-1 S=$F9 depth=3 wb=$E000
  C $E9AE cb=-1 S=$F9 depth=3 wb=$E000
  T $D9F0 cb=-1 S=$FF depth=3 wb=$E000
  C $D9F0 cb=-1 S=$FF depth=3 wb=$E000
  C $DBAF cb=-1 S=$FF depth=3 wb=$C000
  C $8021 cb=-1 S=$FF depth=4 wb=$C000
  T $89BF cb=6 S=$FF depth=5 wb=$8000
  C $89BF cb=6 S=$FF depth=5 wb=$8000
  T $8749 cb=-1 S=$FF depth=6 wb=$E000
  C $8749 cb=-1 S=$FF depth=6 wb=$E000
  T $8749 cb=-1 S=$FF depth=6 wb=$E000
  C $8749 cb=-1 S=$FF depth=6 wb=$E000
  T $8749 cb=-1 S=$FF depth=6 wb=$E000
  C $8749 cb=-1 S=$FF depth=6 wb=$E000
  T $8749 cb=-1 S=$FF depth=6 wb=$E000
  C $8749 cb=-1 S=$FF depth=6 wb=$E000
  C $DB65 cb=-1 S=$FF depth=3 wb=$C000
  C $DB92 cb=-1 S=$FF depth=3 wb=$C000
  C $D341 cb=-1 S=$FF depth=4 wb=$C000
  T $D377 cb=-1 S=$FF depth=4 wb=$C000
  C $D377 cb=-1 S=$FF depth=4 wb=$C000
  N $0002 cb=-1 S=$FC depth=3 wb=$E000
  C $DE39 cb=-1 S=$F9 depth=3 wb=$C000
  T $E11E cb=-1 S=$F9 depth=4 wb=$C000
  C $E11E cb=-1 S=$F9 depth=4 wb=$C000
  T $E11E cb=-1 S=$F9 depth=3 wb=$E000
  C $E11E cb=-1 S=$F9 depth=3 wb=$E000
  C $DCCE cb=-1 S=$F9 depth=3 wb=$C000
  C $CB25 cb=-1 S=$F9 depth=3 wb=$C000
  C $CD30 cb=-1 S=$F9 depth=4 wb=$C000
  C $CD7D cb=-1 S=$F9 depth=5 wb=$C000
  T $CD50 cb=-1 S=$F9 depth=6 wb=$C000
  C $CD50 cb=-1 S=$F9 depth=6 wb=$C000
  C $CD7D cb=-1 S=$F9 depth=5 wb=$C000
  T $CD50 cb=-1 S=$F9 depth=6 wb=$C000
  C $CD50 cb=-1 S=$F9 depth=6 wb=$C000
  C $CD7D cb=-1 S=$F9 depth=5 wb=$C000
  C $CD5F cb=-1 S=$F9 depth=6 wb=$C000
  C $CD7D cb=-1 S=$F9 depth=5 wb=$C000
  T $CDE7 cb=-1 S=$F9 depth=6 wb=$C000
  C $CDE7 cb=-1 S=$F9 depth=6 wb=$C000
  T $CF25 cb=-1 S=$F9 depth=7 wb=$C000
  C $CF25 cb=-1 S=$F9 depth=7 wb=$C000
  C $CD5F cb=-1 S=$F9 depth=8 wb=$C000
  T $5801 cb=-1 S=$FB depth=8 wb=$C000
  C $5801 cb=-1 S=$FB depth=8 wb=$C000
=== end dispatch fault ===

=== dispatch fault 3 frame=689 cycles=21087019 ===
target gen=$5C01 cpu=$5C01 bank=3 class=ZERO_FILLED call_site=$E09A
cpu A=$00 X=$07 Y=$06 P=$00 S=$FB window=$C000 dispatch_depth=9 vblank_depth=2 ops=2421 budget=29781
mapper type=4 current_bank=3 mirroring=3 select=$07 irq_latch=$7F irq_counter=$00 irq_reload=1 irq_enabled=1
mapper_regs 3C 3E 00 00 00 00 06 07
caller func_CE78
caller2 func_CDE7
target_bytes 00 00 00 00 00 00 00 00
stack_bytes 9A E0 00 00 00 00 00 00 00 00 00 00 00 00 00 00
last_dispatches
  C $CC66 cb=-1 S=$F9 depth=5 wb=$C000
  C $CCDA cb=-1 S=$F9 depth=4 wb=$C000
  C $CC71 cb=-1 S=$F9 depth=4 wb=$C000
  T $CC66 cb=-1 S=$F9 depth=5 wb=$C000
  C $CC66 cb=-1 S=$F9 depth=5 wb=$C000
  C $CCDA cb=-1 S=$F9 depth=4 wb=$C000
  C $CC71 cb=-1 S=$F9 depth=4 wb=$C000
  C $CCDA cb=-1 S=$F9 depth=4 wb=$C000
  C $CC71 cb=-1 S=$F9 depth=4 wb=$C000
  n $0002 cb=-1 S=$FF depth=3 wb=$E000
  T $E9AE cb=-1 S=$F9 depth=3 wb=$E000
  C $E9AE cb=-1 S=$F9 depth=3 wb=$E000
  T $D9F0 cb=-1 S=$FF depth=3 wb=$E000
  C $D9F0 cb=-1 S=$FF depth=3 wb=$E000
  C $DBAF cb=-1 S=$FF depth=3 wb=$C000
  C $8021 cb=-1 S=$FF depth=4 wb=$C000
  T $89BF cb=6 S=$FF depth=5 wb=$8000
  C $89BF cb=6 S=$FF depth=5 wb=$8000
  T $8749 cb=-1 S=$FF depth=6 wb=$E000
  C $8749 cb=-1 S=$FF depth=6 wb=$E000
  T $8749 cb=-1 S=$FF depth=6 wb=$E000
  C $8749 cb=-1 S=$FF depth=6 wb=$E000
  T $8749 cb=-1 S=$FF depth=6 wb=$E000
  C $8749 cb=-1 S=$FF depth=6 wb=$E000
  T $8749 cb=-1 S=$FF depth=6 wb=$E000
  C $8749 cb=-1 S=$FF depth=6 wb=$E000
  C $DB65 cb=-1 S=$FF depth=3 wb=$C000
  C $DB92 cb=-1 S=$FF depth=3 wb=$C000
  C $D341 cb=-1 S=$FF depth=4 wb=$C000
  T $D377 cb=-1 S=$FF depth=4 wb=$C000
  C $D377 cb=-1 S=$FF depth=4 wb=$C000
  N $0002 cb=-1 S=$FC depth=3 wb=$E000
  C $DE39 cb=-1 S=$F9 depth=3 wb=$C000
  T $E11E cb=-1 S=$F9 depth=4 wb=$C000
  C $E11E cb=-1 S=$F9 depth=4 wb=$C000
  T $E11E cb=-1 S=$F9 depth=3 wb=$E000
  C $E11E cb=-1 S=$F9 depth=3 wb=$E000
  C $DCCE cb=-1 S=$F9 depth=3 wb=$C000
  C $CB25 cb=-1 S=$F9 depth=3 wb=$C000
  C $CF72 cb=-1 S=$F9 depth=4 wb=$C000
  C $CFE4 cb=-1 S=$F9 depth=4 wb=$C000
  C $CD30 cb=-1 S=$F9 depth=4 wb=$C000
  C $CD7D cb=-1 S=$F9 depth=5 wb=$C000
  T $CD50 cb=-1 S=$F9 depth=6 wb=$C000
  C $CD50 cb=-1 S=$F9 depth=6 wb=$C000
  C $CD7D cb=-1 S=$F9 depth=5 wb=$C000
  T $CD50 cb=-1 S=$F9 depth=6 wb=$C000
  C $CD50 cb=-1 S=$F9 depth=6 wb=$C000
  C $CD7D cb=-1 S=$F9 depth=5 wb=$C000
  T $CD50 cb=-1 S=$F9 depth=6 wb=$C000
  C $CD50 cb=-1 S=$F9 depth=6 wb=$C000
  C $CD30 cb=-1 S=$F9 depth=4 wb=$C000
  C $CD7D cb=-1 S=$F9 depth=5 wb=$C000
  T $CDE7 cb=-1 S=$F9 depth=6 wb=$C000
  C $CDE7 cb=-1 S=$F9 depth=6 wb=$C000
  T $CED7 cb=-1 S=$F9 depth=7 wb=$C000
  C $CED7 cb=-1 S=$F9 depth=7 wb=$C000
  D $CDE7 cb=-1 S=$F9 depth=6 wb=$C000
  C $CDE7 cb=-1 S=$F9 depth=6 wb=$C000
  T $CE78 cb=-1 S=$F9 depth=7 wb=$C000
  C $CE78 cb=-1 S=$F9 depth=7 wb=$C000
  C $CD5F cb=-1 S=$F9 depth=8 wb=$C000
  T $5C01 cb=-1 S=$FB depth=8 wb=$C000
  C $5C01 cb=-1 S=$FB depth=8 wb=$C000
=== end dispatch fault ===

=== dispatch fault 4 frame=689 cycles=21087630 ===
target gen=$E09B cpu=$E09B bank=7 class=CODE call_site=$0000
cpu A=$00 X=$06 Y=$0A P=$00 S=$FD window=$E000 dispatch_depth=9 vblank_depth=2 ops=3032 budget=29781
mapper type=4 current_bank=3 mirroring=3 select=$07 irq_latch=$7F irq_counter=$00 irq_reload=1 irq_enabled=1
mapper_regs 3C 3E 00 00 00 00 06 07
caller func_CE78
caller2 func_CDE7
target_bytes 29 0E AA BD 1F E1 85 40
stack_bytes 00 00 00 00 00 00 00 00 00 00 00 00 00 00 00 00
last_dispatches
  C $DB65 cb=-1 S=$FF depth=3 wb=$C000
  C $DB92 cb=-1 S=$FF depth=3 wb=$C000
  C $D341 cb=-1 S=$FF depth=4 wb=$C000
  T $D377 cb=-1 S=$FF depth=4 wb=$C000
  C $D377 cb=-1 S=$FF depth=4 wb=$C000
  N $0002 cb=-1 S=$FC depth=3 wb=$E000
  C $DE39 cb=-1 S=$F9 depth=3 wb=$C000
  T $E11E cb=-1 S=$F9 depth=4 wb=$C000
  C $E11E cb=-1 S=$F9 depth=4 wb=$C000
  T $E11E cb=-1 S=$F9 depth=3 wb=$E000
  C $E11E cb=-1 S=$F9 depth=3 wb=$E000
  C $DCCE cb=-1 S=$F9 depth=3 wb=$C000
  C $CB25 cb=-1 S=$F9 depth=3 wb=$C000
  C $CF72 cb=-1 S=$F9 depth=4 wb=$C000
  C $CFE4 cb=-1 S=$F9 depth=4 wb=$C000
  C $CD30 cb=-1 S=$F9 depth=4 wb=$C000
  C $CD7D cb=-1 S=$F9 depth=5 wb=$C000
  T $CD50 cb=-1 S=$F9 depth=6 wb=$C000
  C $CD50 cb=-1 S=$F9 depth=6 wb=$C000
  C $CD7D cb=-1 S=$F9 depth=5 wb=$C000
  T $CD50 cb=-1 S=$F9 depth=6 wb=$C000
  C $CD50 cb=-1 S=$F9 depth=6 wb=$C000
  C $CD7D cb=-1 S=$F9 depth=5 wb=$C000
  T $CD50 cb=-1 S=$F9 depth=6 wb=$C000
  C $CD50 cb=-1 S=$F9 depth=6 wb=$C000
  C $CD30 cb=-1 S=$F9 depth=4 wb=$C000
  C $CD7D cb=-1 S=$F9 depth=5 wb=$C000
  T $CDE7 cb=-1 S=$F9 depth=6 wb=$C000
  C $CDE7 cb=-1 S=$F9 depth=6 wb=$C000
  T $CED7 cb=-1 S=$F9 depth=7 wb=$C000
  C $CED7 cb=-1 S=$F9 depth=7 wb=$C000
  D $CDE7 cb=-1 S=$F9 depth=6 wb=$C000
  C $CDE7 cb=-1 S=$F9 depth=6 wb=$C000
  T $CE78 cb=-1 S=$F9 depth=7 wb=$C000
  C $CE78 cb=-1 S=$F9 depth=7 wb=$C000
  C $CD5F cb=-1 S=$F9 depth=8 wb=$C000
  T $5C01 cb=-1 S=$FB depth=8 wb=$C000
  C $5C01 cb=-1 S=$FB depth=8 wb=$C000
  C $CD7D cb=-1 S=$FB depth=5 wb=$C000
  T $CDE7 cb=-1 S=$FB depth=6 wb=$C000
  C $CDE7 cb=-1 S=$FB depth=6 wb=$C000
  T $CE4C cb=-1 S=$FB depth=7 wb=$C000
  C $CE4C cb=-1 S=$FB depth=7 wb=$C000
  T $CD93 cb=-1 S=$FB depth=8 wb=$C000
  C $CD93 cb=-1 S=$FB depth=8 wb=$C000
  D $CDE7 cb=-1 S=$FB depth=6 wb=$C000
  C $CDE7 cb=-1 S=$FB depth=6 wb=$C000
  T $CE4C cb=-1 S=$FB depth=7 wb=$C000
  C $CE4C cb=-1 S=$FB depth=7 wb=$C000
  T $CD93 cb=-1 S=$FB depth=8 wb=$C000
  C $CD93 cb=-1 S=$FB depth=8 wb=$C000
  D $CDE7 cb=-1 S=$FB depth=6 wb=$C000
  C $CDE7 cb=-1 S=$FB depth=6 wb=$C000
  T $CE4C cb=-1 S=$FB depth=7 wb=$C000
  C $CE4C cb=-1 S=$FB depth=7 wb=$C000
  T $CD93 cb=-1 S=$FB depth=8 wb=$C000
  C $CD93 cb=-1 S=$FB depth=8 wb=$C000
  D $CDE7 cb=-1 S=$FB depth=6 wb=$C000
  C $CDE7 cb=-1 S=$FB depth=6 wb=$C000
  T $CE78 cb=-1 S=$FB depth=7 wb=$C000
  C $CE78 cb=-1 S=$FB depth=7 wb=$C000
  C $CD5F cb=-1 S=$FB depth=8 wb=$C000
  T $E09B cb=-1 S=$FD depth=8 wb=$C000
  C $E09B cb=-1 S=$FD depth=8 wb=$C000
=== end dispatch fault ===

=== dispatch fault 5 frame=711 cycles=21742308 ===
target gen=$8441 cpu=$C441 bank=3 class=CODE call_site=$0034
cpu A=$00 X=$4F Y=$06 P=$00 S=$FA window=$C000 dispatch_depth=11 vblank_depth=2 ops=2539 budget=29781
mapper type=4 current_bank=3 mirroring=3 select=$49 irq_latch=$7F irq_counter=$00 irq_reload=1 irq_enabled=1
mapper_regs 3C 85 00 00 00 00 06 07
caller func_C400
caller2 func_C401
target_bytes 84 F8 F0 F4 10 FC E7 83
stack_bytes 34 00 23 00 00 00 00 00 00 00 00 00 00 00 00 00
last_dispatches
  C $CC61 cb=-1 S=$F9 depth=5 wb=$C000
  C $CCDA cb=-1 S=$F9 depth=4 wb=$C000
  C $CC71 cb=-1 S=$F9 depth=4 wb=$C000
  C $CCDA cb=-1 S=$F9 depth=4 wb=$C000
  C $CC71 cb=-1 S=$F9 depth=4 wb=$C000
  n $0002 cb=-1 S=$FF depth=3 wb=$E000
  T $E9AE cb=-1 S=$F9 depth=3 wb=$E000
  C $E9AE cb=-1 S=$F9 depth=3 wb=$E000
  T $D9F0 cb=-1 S=$FF depth=3 wb=$E000
  C $D9F0 cb=-1 S=$FF depth=3 wb=$E000
  C $DBAF cb=-1 S=$FF depth=3 wb=$C000
  C $8021 cb=-1 S=$FF depth=4 wb=$C000
  T $89BF cb=6 S=$FF depth=5 wb=$8000
  C $89BF cb=6 S=$FF depth=5 wb=$8000
  T $8749 cb=-1 S=$FF depth=6 wb=$E000
  C $8749 cb=-1 S=$FF depth=6 wb=$E000
  T $8749 cb=-1 S=$FF depth=6 wb=$E000
  C $8749 cb=-1 S=$FF depth=6 wb=$E000
  T $8749 cb=-1 S=$FF depth=6 wb=$E000
  C $8749 cb=-1 S=$FF depth=6 wb=$E000
  T $8749 cb=-1 S=$FF depth=6 wb=$E000
  C $8749 cb=-1 S=$FF depth=6 wb=$E000
  C $DB65 cb=-1 S=$FF depth=3 wb=$C000
  C $DB92 cb=-1 S=$FF depth=3 wb=$C000
  C $D341 cb=-1 S=$FF depth=4 wb=$C000
  T $D377 cb=-1 S=$FF depth=4 wb=$C000
  C $D377 cb=-1 S=$FF depth=4 wb=$C000
  N $0002 cb=-1 S=$FC depth=3 wb=$E000
  C $DE39 cb=-1 S=$F9 depth=3 wb=$C000
  T $E11E cb=-1 S=$F9 depth=4 wb=$C000
  C $E11E cb=-1 S=$F9 depth=4 wb=$C000
  T $E11E cb=-1 S=$F9 depth=3 wb=$E000
  C $E11E cb=-1 S=$F9 depth=3 wb=$E000
  C $DCCE cb=-1 S=$F9 depth=3 wb=$C000
  C $CB25 cb=-1 S=$F9 depth=3 wb=$C000
  C $CF72 cb=-1 S=$F9 depth=4 wb=$C000
  C $CFE4 cb=-1 S=$F9 depth=4 wb=$C000
  C $CD30 cb=-1 S=$F9 depth=4 wb=$C000
  C $CD7D cb=-1 S=$F9 depth=5 wb=$C000
  T $CD50 cb=-1 S=$F9 depth=6 wb=$C000
  C $CD50 cb=-1 S=$F9 depth=6 wb=$C000
  C $CD7D cb=-1 S=$F9 depth=5 wb=$C000
  T $CD50 cb=-1 S=$F9 depth=6 wb=$C000
  C $CD50 cb=-1 S=$F9 depth=6 wb=$C000
  C $CD7D cb=-1 S=$F9 depth=5 wb=$C000
  T $CD50 cb=-1 S=$F9 depth=6 wb=$C000
  C $CD50 cb=-1 S=$F9 depth=6 wb=$C000
  C $CD30 cb=-1 S=$F9 depth=4 wb=$C000
  C $CD7D cb=-1 S=$F9 depth=5 wb=$C000
  T $CDE7 cb=-1 S=$F9 depth=6 wb=$C000
  C $CDE7 cb=-1 S=$F9 depth=6 wb=$C000
  T $CED7 cb=-1 S=$F9 depth=7 wb=$C000
  C $CED7 cb=-1 S=$F9 depth=7 wb=$C000
  D $CDE7 cb=-1 S=$F9 depth=6 wb=$C000
  C $CDE7 cb=-1 S=$F9 depth=6 wb=$C000
  T $CE78 cb=-1 S=$F9 depth=7 wb=$C000
  C $CE78 cb=-1 S=$F9 depth=7 wb=$C000
  C $CD5F cb=-1 S=$F9 depth=8 wb=$C000
  T $C401 cb=-1 S=$FB depth=8 wb=$C000
  C $C401 cb=-1 S=$FB depth=8 wb=$C000
  T $C400 cb=-1 S=$FB depth=9 wb=$C000
  C $C400 cb=-1 S=$FB depth=9 wb=$C000
  T $C441 cb=-1 S=$FA depth=10 wb=$C000
  C $C441 cb=-1 S=$FA depth=10 wb=$C000
=== end dispatch fault ===

=== dispatch fault 6 frame=711 cycles=21742418 ===
target gen=$2004 cpu=$2004 bank=3 class=ZERO_FILLED call_site=$0034
cpu A=$1C X=$00 Y=$04 P=$00 S=$FA window=$C000 dispatch_depth=6 vblank_depth=2 ops=2649 budget=29781
mapper type=4 current_bank=3 mirroring=3 select=$49 irq_latch=$7F irq_counter=$00 irq_reload=1 irq_enabled=1
mapper_regs 3C 85 00 00 00 00 06 07
caller func_8C71_b3
caller2 func_CD7D
target_bytes 00 00 00 00 00 00 00 00
stack_bytes 34 00 23 00 00 00 00 00 00 00 00 00 00 00 00 00
last_dispatches
  C $CC71 cb=-1 S=$F9 depth=4 wb=$C000
  C $CCDA cb=-1 S=$F9 depth=4 wb=$C000
  C $CC71 cb=-1 S=$F9 depth=4 wb=$C000
  n $0002 cb=-1 S=$FF depth=3 wb=$E000
  T $E9AE cb=-1 S=$F9 depth=3 wb=$E000
  C $E9AE cb=-1 S=$F9 depth=3 wb=$E000
  T $D9F0 cb=-1 S=$FF depth=3 wb=$E000
  C $D9F0 cb=-1 S=$FF depth=3 wb=$E000
  C $DBAF cb=-1 S=$FF depth=3 wb=$C000
  C $8021 cb=-1 S=$FF depth=4 wb=$C000
  T $89BF cb=6 S=$FF depth=5 wb=$8000
  C $89BF cb=6 S=$FF depth=5 wb=$8000
  T $8749 cb=-1 S=$FF depth=6 wb=$E000
  C $8749 cb=-1 S=$FF depth=6 wb=$E000
  T $8749 cb=-1 S=$FF depth=6 wb=$E000
  C $8749 cb=-1 S=$FF depth=6 wb=$E000
  T $8749 cb=-1 S=$FF depth=6 wb=$E000
  C $8749 cb=-1 S=$FF depth=6 wb=$E000
  T $8749 cb=-1 S=$FF depth=6 wb=$E000
  C $8749 cb=-1 S=$FF depth=6 wb=$E000
  C $DB65 cb=-1 S=$FF depth=3 wb=$C000
  C $DB92 cb=-1 S=$FF depth=3 wb=$C000
  C $D341 cb=-1 S=$FF depth=4 wb=$C000
  T $D377 cb=-1 S=$FF depth=4 wb=$C000
  C $D377 cb=-1 S=$FF depth=4 wb=$C000
  N $0002 cb=-1 S=$FC depth=3 wb=$E000
  C $DE39 cb=-1 S=$F9 depth=3 wb=$C000
  T $E11E cb=-1 S=$F9 depth=4 wb=$C000
  C $E11E cb=-1 S=$F9 depth=4 wb=$C000
  T $E11E cb=-1 S=$F9 depth=3 wb=$E000
  C $E11E cb=-1 S=$F9 depth=3 wb=$E000
  C $DCCE cb=-1 S=$F9 depth=3 wb=$C000
  C $CB25 cb=-1 S=$F9 depth=3 wb=$C000
  C $CF72 cb=-1 S=$F9 depth=4 wb=$C000
  C $CFE4 cb=-1 S=$F9 depth=4 wb=$C000
  C $CD30 cb=-1 S=$F9 depth=4 wb=$C000
  C $CD7D cb=-1 S=$F9 depth=5 wb=$C000
  T $CD50 cb=-1 S=$F9 depth=6 wb=$C000
  C $CD50 cb=-1 S=$F9 depth=6 wb=$C000
  C $CD7D cb=-1 S=$F9 depth=5 wb=$C000
  T $CD50 cb=-1 S=$F9 depth=6 wb=$C000
  C $CD50 cb=-1 S=$F9 depth=6 wb=$C000
  C $CD7D cb=-1 S=$F9 depth=5 wb=$C000
  T $CD50 cb=-1 S=$F9 depth=6 wb=$C000
  C $CD50 cb=-1 S=$F9 depth=6 wb=$C000
  C $CD30 cb=-1 S=$F9 depth=4 wb=$C000
  C $CD7D cb=-1 S=$F9 depth=5 wb=$C000
  T $CDE7 cb=-1 S=$F9 depth=6 wb=$C000
  C $CDE7 cb=-1 S=$F9 depth=6 wb=$C000
  T $CED7 cb=-1 S=$F9 depth=7 wb=$C000
  C $CED7 cb=-1 S=$F9 depth=7 wb=$C000
  D $CDE7 cb=-1 S=$F9 depth=6 wb=$C000
  C $CDE7 cb=-1 S=$F9 depth=6 wb=$C000
  T $CE78 cb=-1 S=$F9 depth=7 wb=$C000
  C $CE78 cb=-1 S=$F9 depth=7 wb=$C000
  C $CD5F cb=-1 S=$F9 depth=8 wb=$C000
  T $C401 cb=-1 S=$FB depth=8 wb=$C000
  C $C401 cb=-1 S=$FB depth=8 wb=$C000
  T $C400 cb=-1 S=$FB depth=9 wb=$C000
  C $C400 cb=-1 S=$FB depth=9 wb=$C000
  T $C441 cb=-1 S=$FA depth=10 wb=$C000
  C $C441 cb=-1 S=$FA depth=10 wb=$C000
  C $CC71 cb=-1 S=$FA depth=4 wb=$C000
  C $2004 cb=-1 S=$FA depth=5 wb=$C000
=== end dispatch fault ===

=== dispatch fault 7 frame=711 cycles=21743573 ===
target gen=$55E1 cpu=$55E1 bank=6 class=ZERO_FILLED call_site=$0000
cpu A=$55 X=$06 Y=$01 P=$00 S=$FF window=$E000 dispatch_depth=4 vblank_depth=2 ops=3804 budget=29781
mapper type=4 current_bank=6 mirroring=3 select=$07 irq_latch=$7F irq_counter=$00 irq_reload=1 irq_enabled=1
mapper_regs 3C 85 00 00 00 00 0C 05
caller func_EE11
caller2 func_8C71_b3
target_bytes 00 00 00 00 00 00 00 00
stack_bytes 00 00 00 00 00 00 00 00 00 00 00 00 00 00 00 00
last_dispatches
  C $DE39 cb=-1 S=$F9 depth=3 wb=$C000
  T $E11E cb=-1 S=$F9 depth=4 wb=$C000
  C $E11E cb=-1 S=$F9 depth=4 wb=$C000
  T $E11E cb=-1 S=$F9 depth=3 wb=$E000
  C $E11E cb=-1 S=$F9 depth=3 wb=$E000
  C $DCCE cb=-1 S=$F9 depth=3 wb=$C000
  C $CB25 cb=-1 S=$F9 depth=3 wb=$C000
  C $CF72 cb=-1 S=$F9 depth=4 wb=$C000
  C $CFE4 cb=-1 S=$F9 depth=4 wb=$C000
  C $CD30 cb=-1 S=$F9 depth=4 wb=$C000
  C $CD7D cb=-1 S=$F9 depth=5 wb=$C000
  T $CD50 cb=-1 S=$F9 depth=6 wb=$C000
  C $CD50 cb=-1 S=$F9 depth=6 wb=$C000
  C $CD7D cb=-1 S=$F9 depth=5 wb=$C000
  T $CD50 cb=-1 S=$F9 depth=6 wb=$C000
  C $CD50 cb=-1 S=$F9 depth=6 wb=$C000
  C $CD7D cb=-1 S=$F9 depth=5 wb=$C000
  T $CD50 cb=-1 S=$F9 depth=6 wb=$C000
  C $CD50 cb=-1 S=$F9 depth=6 wb=$C000
  C $CD30 cb=-1 S=$F9 depth=4 wb=$C000
  C $CD7D cb=-1 S=$F9 depth=5 wb=$C000
  T $CDE7 cb=-1 S=$F9 depth=6 wb=$C000
  C $CDE7 cb=-1 S=$F9 depth=6 wb=$C000
  T $CED7 cb=-1 S=$F9 depth=7 wb=$C000
  C $CED7 cb=-1 S=$F9 depth=7 wb=$C000
  D $CDE7 cb=-1 S=$F9 depth=6 wb=$C000
  C $CDE7 cb=-1 S=$F9 depth=6 wb=$C000
  T $CE78 cb=-1 S=$F9 depth=7 wb=$C000
  C $CE78 cb=-1 S=$F9 depth=7 wb=$C000
  C $CD5F cb=-1 S=$F9 depth=8 wb=$C000
  T $C401 cb=-1 S=$FB depth=8 wb=$C000
  C $C401 cb=-1 S=$FB depth=8 wb=$C000
  T $C400 cb=-1 S=$FB depth=9 wb=$C000
  C $C400 cb=-1 S=$FB depth=9 wb=$C000
  T $C441 cb=-1 S=$FA depth=10 wb=$C000
  C $C441 cb=-1 S=$FA depth=10 wb=$C000
  C $CC71 cb=-1 S=$FA depth=4 wb=$C000
  C $2004 cb=-1 S=$FA depth=5 wb=$C000
  T $0000 cb=-1 S=$FA depth=5 wb=$C000
  C $0000 cb=-1 S=$FA depth=5 wb=$C000
  I $0000 cb=-1 S=$FA depth=6 wb=$C000
  C $CCDA cb=-1 S=$FA depth=4 wb=$C000
  I $CCDA cb=-1 S=$FA depth=5 wb=$C000
  C $CC71 cb=-1 S=$FC depth=4 wb=$C000
  C $2004 cb=-1 S=$FC depth=5 wb=$C000
  T $0000 cb=-1 S=$FC depth=5 wb=$C000
  C $0000 cb=-1 S=$FC depth=5 wb=$C000
  I $0000 cb=-1 S=$FC depth=6 wb=$C000
  C $CCDA cb=-1 S=$FC depth=4 wb=$C000
  I $CCDA cb=-1 S=$FC depth=5 wb=$C000
  C $CC71 cb=-1 S=$FE depth=4 wb=$C000
  C $2004 cb=-1 S=$FE depth=5 wb=$C000
  T $0000 cb=-1 S=$FE depth=5 wb=$C000
  C $0000 cb=-1 S=$FE depth=5 wb=$C000
  I $0000 cb=-1 S=$FE depth=6 wb=$C000
  C $CCDA cb=-1 S=$FD depth=4 wb=$C000
  I $CCDA cb=-1 S=$FD depth=5 wb=$C000
  C $CC71 cb=-1 S=$FF depth=4 wb=$C000
  C $2004 cb=-1 S=$FF depth=5 wb=$C000
  T $0000 cb=-1 S=$FF depth=5 wb=$C000
  C $0000 cb=-1 S=$FF depth=5 wb=$C000
  I $0000 cb=-1 S=$FF depth=6 wb=$C000
  T $55E1 cb=-1 S=$FF depth=3 wb=$E000
  C $55E1 cb=-1 S=$FF depth=3 wb=$E000
=== end dispatch fault ===

=== dispatch fault 8 frame=713 cycles=21832354 ===
target gen=$A0A1 cpu=$A0A1 bank=3 class=CODE call_site=$0000
cpu A=$00 X=$06 Y=$0A P=$00 S=$FD window=$A000 dispatch_depth=9 vblank_depth=2 ops=3243 budget=29780
mapper type=4 current_bank=3 mirroring=3 select=$07 irq_latch=$7F irq_counter=$00 irq_reload=1 irq_enabled=1
mapper_regs 3C 3E 00 00 00 00 06 07
caller func_CE78
caller2 func_CDE7
target_bytes 14 02 54 01 14 02 54 01
stack_bytes 00 00 00 00 00 00 00 00 00 00 00 00 00 00 00 00
last_dispatches
  C $D341 cb=-1 S=$FF depth=4 wb=$C000
  T $D377 cb=-1 S=$FF depth=4 wb=$C000
  C $D377 cb=-1 S=$FF depth=4 wb=$C000
  N $0002 cb=-1 S=$FC depth=3 wb=$E000
  C $DE39 cb=-1 S=$F9 depth=3 wb=$C000
  T $E11E cb=-1 S=$F9 depth=4 wb=$C000
  C $E11E cb=-1 S=$F9 depth=4 wb=$C000
  T $E11E cb=-1 S=$F9 depth=3 wb=$E000
  C $E11E cb=-1 S=$F9 depth=3 wb=$E000
  C $DCCE cb=-1 S=$F9 depth=3 wb=$C000
  C $CB25 cb=-1 S=$F9 depth=3 wb=$C000
  C $CF72 cb=-1 S=$F9 depth=4 wb=$C000
  C $CFE4 cb=-1 S=$F9 depth=4 wb=$C000
  C $CD30 cb=-1 S=$F9 depth=4 wb=$C000
  C $CD7D cb=-1 S=$F9 depth=5 wb=$C000
  T $CD50 cb=-1 S=$F9 depth=6 wb=$C000
  C $CD50 cb=-1 S=$F9 depth=6 wb=$C000
  C $CD7D cb=-1 S=$F9 depth=5 wb=$C000
  T $CD50 cb=-1 S=$F9 depth=6 wb=$C000
  C $CD50 cb=-1 S=$F9 depth=6 wb=$C000
  C $CD7D cb=-1 S=$F9 depth=5 wb=$C000
  T $CD50 cb=-1 S=$F9 depth=6 wb=$C000
  C $CD50 cb=-1 S=$F9 depth=6 wb=$C000
  C $CD30 cb=-1 S=$F9 depth=4 wb=$C000
  C $CD7D cb=-1 S=$F9 depth=5 wb=$C000
  T $CDE7 cb=-1 S=$F9 depth=6 wb=$C000
  C $CDE7 cb=-1 S=$F9 depth=6 wb=$C000
  T $CED7 cb=-1 S=$F9 depth=7 wb=$C000
  C $CED7 cb=-1 S=$F9 depth=7 wb=$C000
  D $CDE7 cb=-1 S=$F9 depth=6 wb=$C000
  C $CDE7 cb=-1 S=$F9 depth=6 wb=$C000
  T $CE78 cb=-1 S=$F9 depth=7 wb=$C000
  C $CE78 cb=-1 S=$F9 depth=7 wb=$C000
  C $CD5F cb=-1 S=$F9 depth=8 wb=$C000
  T $FC01 cb=-1 S=$FB depth=8 wb=$C000
  C $FC01 cb=-1 S=$FB depth=8 wb=$C000
  C $CD7D cb=-1 S=$FB depth=5 wb=$C000
  C $CD5F cb=-1 S=$FB depth=6 wb=$C000
  C $CD7D cb=-1 S=$FB depth=5 wb=$C000
  T $CDE7 cb=-1 S=$FB depth=6 wb=$C000
  C $CDE7 cb=-1 S=$FB depth=6 wb=$C000
  T $CE4C cb=-1 S=$FB depth=7 wb=$C000
  C $CE4C cb=-1 S=$FB depth=7 wb=$C000
  T $CD93 cb=-1 S=$FB depth=8 wb=$C000
  C $CD93 cb=-1 S=$FB depth=8 wb=$C000
  D $CDE7 cb=-1 S=$FB depth=6 wb=$C000
  C $CDE7 cb=-1 S=$FB depth=6 wb=$C000
  T $CE4C cb=-1 S=$FB depth=7 wb=$C000
  C $CE4C cb=-1 S=$FB depth=7 wb=$C000
  T $CD93 cb=-1 S=$FB depth=8 wb=$C000
  C $CD93 cb=-1 S=$FB depth=8 wb=$C000
  D $CDE7 cb=-1 S=$FB depth=6 wb=$C000
  C $CDE7 cb=-1 S=$FB depth=6 wb=$C000
  T $CE4C cb=-1 S=$FB depth=7 wb=$C000
  C $CE4C cb=-1 S=$FB depth=7 wb=$C000
  T $CD93 cb=-1 S=$FB depth=8 wb=$C000
  C $CD93 cb=-1 S=$FB depth=8 wb=$C000
  D $CDE7 cb=-1 S=$FB depth=6 wb=$C000
  C $CDE7 cb=-1 S=$FB depth=6 wb=$C000
  T $CE78 cb=-1 S=$FB depth=7 wb=$C000
  C $CE78 cb=-1 S=$FB depth=7 wb=$C000
  C $CD5F cb=-1 S=$FB depth=8 wb=$C000
  T $A0A1 cb=-1 S=$FD depth=8 wb=$C000
  C $A0A1 cb=-1 S=$FD depth=8 wb=$C000
=== end dispatch fault ===

=== dispatch fault 9 frame=765 cycles=23379996 ===
target gen=$AC01 cpu=$AC01 bank=3 class=CODE call_site=$2075
cpu A=$00 X=$07 Y=$06 P=$00 S=$FB window=$A000 dispatch_depth=9 vblank_depth=2 ops=2299 budget=29780
mapper type=4 current_bank=3 mirroring=2 select=$07 irq_latch=$7F irq_counter=$00 irq_reload=1 irq_enabled=1
mapper_regs 3C 3E 00 00 00 00 06 07
caller func_CE78
caller2 func_CDE7
target_bytes 09 26 09 28 13 23 13 25
stack_bytes 75 20 00 00 00 00 00 00 00 00 00 00 00 00 00 00
last_dispatches
  C $CCDA cb=-1 S=$F9 depth=4 wb=$C000
  C $CC71 cb=-1 S=$F9 depth=4 wb=$C000
  T $CC61 cb=-1 S=$F9 depth=5 wb=$C000
  C $CC61 cb=-1 S=$F9 depth=5 wb=$C000
  C $CCDA cb=-1 S=$F9 depth=4 wb=$C000
  C $CC71 cb=-1 S=$F9 depth=4 wb=$C000
  C $CCDA cb=-1 S=$F9 depth=4 wb=$C000
  C $CC71 cb=-1 S=$F9 depth=4 wb=$C000
  T $CC66 cb=-1 S=$F9 depth=5 wb=$C000
  C $CC66 cb=-1 S=$F9 depth=5 wb=$C000
  T $55E1 cb=-1 S=$F9 depth=3 wb=$E000
  C $55E1 cb=-1 S=$F9 depth=3 wb=$E000
  n $0002 cb=-1 S=$FF depth=3 wb=$E000
  T $E9AE cb=-1 S=$F9 depth=3 wb=$E000
  C $E9AE cb=-1 S=$F9 depth=3 wb=$E000
  T $D9F0 cb=-1 S=$FF depth=3 wb=$E000
  C $D9F0 cb=-1 S=$FF depth=3 wb=$E000
  C $DBAF cb=-1 S=$FF depth=3 wb=$C000
  C $8021 cb=-1 S=$FF depth=4 wb=$C000
  T $89BF cb=6 S=$FF depth=5 wb=$8000
  C $89BF cb=6 S=$FF depth=5 wb=$8000
  T $8749 cb=-1 S=$FF depth=6 wb=$E000
  C $8749 cb=-1 S=$FF depth=6 wb=$E000
  T $8749 cb=-1 S=$FF depth=6 wb=$E000
  C $8749 cb=-1 S=$FF depth=6 wb=$E000
  T $8749 cb=-1 S=$FF depth=6 wb=$E000
  C $8749 cb=-1 S=$FF depth=6 wb=$E000
  T $8749 cb=-1 S=$FF depth=6 wb=$E000
  C $8749 cb=-1 S=$FF depth=6 wb=$E000
  C $DB65 cb=-1 S=$FF depth=3 wb=$C000
  C $DB92 cb=-1 S=$FF depth=3 wb=$C000
  C $D341 cb=-1 S=$FF depth=4 wb=$C000
  T $D377 cb=-1 S=$FF depth=4 wb=$C000
  C $D377 cb=-1 S=$FF depth=4 wb=$C000
  N $0002 cb=-1 S=$FC depth=3 wb=$E000
  C $DE39 cb=-1 S=$F9 depth=3 wb=$C000
  T $E11E cb=-1 S=$F9 depth=4 wb=$C000
  C $E11E cb=-1 S=$F9 depth=4 wb=$C000
  T $E11E cb=-1 S=$F9 depth=3 wb=$E000
  C $E11E cb=-1 S=$F9 depth=3 wb=$E000
  C $DCCE cb=-1 S=$F9 depth=3 wb=$C000
  C $CB25 cb=-1 S=$F9 depth=3 wb=$C000
  C $CF72 cb=-1 S=$F9 depth=4 wb=$C000
  C $CFE4 cb=-1 S=$F9 depth=4 wb=$C000
  C $CD30 cb=-1 S=$F9 depth=4 wb=$C000
  C $CD7D cb=-1 S=$F9 depth=5 wb=$C000
  T $CD50 cb=-1 S=$F9 depth=6 wb=$C000
  C $CD50 cb=-1 S=$F9 depth=6 wb=$C000
  C $CD7D cb=-1 S=$F9 depth=5 wb=$C000
  T $CD50 cb=-1 S=$F9 depth=6 wb=$C000
  C $CD50 cb=-1 S=$F9 depth=6 wb=$C000
  C $CD30 cb=-1 S=$F9 depth=4 wb=$C000
  C $CD7D cb=-1 S=$F9 depth=5 wb=$C000
  T $CDE7 cb=-1 S=$F9 depth=6 wb=$C000
  C $CDE7 cb=-1 S=$F9 depth=6 wb=$C000
  T $CED7 cb=-1 S=$F9 depth=7 wb=$C000
  C $CED7 cb=-1 S=$F9 depth=7 wb=$C000
  D $CDE7 cb=-1 S=$F9 depth=6 wb=$C000
  C $CDE7 cb=-1 S=$F9 depth=6 wb=$C000
  T $CE78 cb=-1 S=$F9 depth=7 wb=$C000
  C $CE78 cb=-1 S=$F9 depth=7 wb=$C000
  C $CD5F cb=-1 S=$F9 depth=8 wb=$C000
  T $AC01 cb=-1 S=$FB depth=8 wb=$C000
  C $AC01 cb=-1 S=$FB depth=8 wb=$C000
=== end dispatch fault ===

=== dispatch fault 10 frame=765 cycles=23380603 ===
target gen=$2076 cpu=$2076 bank=3 class=ZERO_FILLED call_site=$0000
cpu A=$00 X=$06 Y=$0A P=$00 S=$FD window=$C000 dispatch_depth=9 vblank_depth=2 ops=2906 budget=29780
mapper type=4 current_bank=3 mirroring=2 select=$07 irq_latch=$7F irq_counter=$00 irq_reload=1 irq_enabled=1
mapper_regs 3C 3E 00 00 00 00 06 07
caller func_CE78
caller2 func_CDE7
target_bytes 00 00 00 00 00 00 00 00
stack_bytes 00 00 00 00 00 00 00 00 00 00 00 00 00 00 00 00
last_dispatches
  C $8749 cb=-1 S=$FF depth=6 wb=$E000
  T $8749 cb=-1 S=$FF depth=6 wb=$E000
  C $8749 cb=-1 S=$FF depth=6 wb=$E000
  C $DB65 cb=-1 S=$FF depth=3 wb=$C000
  C $DB92 cb=-1 S=$FF depth=3 wb=$C000
  C $D341 cb=-1 S=$FF depth=4 wb=$C000
  T $D377 cb=-1 S=$FF depth=4 wb=$C000
  C $D377 cb=-1 S=$FF depth=4 wb=$C000
  N $0002 cb=-1 S=$FC depth=3 wb=$E000
  C $DE39 cb=-1 S=$F9 depth=3 wb=$C000
  T $E11E cb=-1 S=$F9 depth=4 wb=$C000
  C $E11E cb=-1 S=$F9 depth=4 wb=$C000
  T $E11E cb=-1 S=$F9 depth=3 wb=$E000
  C $E11E cb=-1 S=$F9 depth=3 wb=$E000
  C $DCCE cb=-1 S=$F9 depth=3 wb=$C000
  C $CB25 cb=-1 S=$F9 depth=3 wb=$C000
  C $CF72 cb=-1 S=$F9 depth=4 wb=$C000
  C $CFE4 cb=-1 S=$F9 depth=4 wb=$C000
  C $CD30 cb=-1 S=$F9 depth=4 wb=$C000
  C $CD7D cb=-1 S=$F9 depth=5 wb=$C000
  T $CD50 cb=-1 S=$F9 depth=6 wb=$C000
  C $CD50 cb=-1 S=$F9 depth=6 wb=$C000
  C $CD7D cb=-1 S=$F9 depth=5 wb=$C000
  T $CD50 cb=-1 S=$F9 depth=6 wb=$C000
  C $CD50 cb=-1 S=$F9 depth=6 wb=$C000
  C $CD30 cb=-1 S=$F9 depth=4 wb=$C000
  C $CD7D cb=-1 S=$F9 depth=5 wb=$C000
  T $CDE7 cb=-1 S=$F9 depth=6 wb=$C000
  C $CDE7 cb=-1 S=$F9 depth=6 wb=$C000
  T $CED7 cb=-1 S=$F9 depth=7 wb=$C000
  C $CED7 cb=-1 S=$F9 depth=7 wb=$C000
  D $CDE7 cb=-1 S=$F9 depth=6 wb=$C000
  C $CDE7 cb=-1 S=$F9 depth=6 wb=$C000
  T $CE78 cb=-1 S=$F9 depth=7 wb=$C000
  C $CE78 cb=-1 S=$F9 depth=7 wb=$C000
  C $CD5F cb=-1 S=$F9 depth=8 wb=$C000
  T $AC01 cb=-1 S=$FB depth=8 wb=$C000
  C $AC01 cb=-1 S=$FB depth=8 wb=$C000
  C $CD7D cb=-1 S=$FB depth=5 wb=$C000
  T $CDE7 cb=-1 S=$FB depth=6 wb=$C000
  C $CDE7 cb=-1 S=$FB depth=6 wb=$C000
  T $CE4C cb=-1 S=$FB depth=7 wb=$C000
  C $CE4C cb=-1 S=$FB depth=7 wb=$C000
  T $CD93 cb=-1 S=$FB depth=8 wb=$C000
  C $CD93 cb=-1 S=$FB depth=8 wb=$C000
  D $CDE7 cb=-1 S=$FB depth=6 wb=$C000
  C $CDE7 cb=-1 S=$FB depth=6 wb=$C000
  T $CE4C cb=-1 S=$FB depth=7 wb=$C000
  C $CE4C cb=-1 S=$FB depth=7 wb=$C000
  T $CD93 cb=-1 S=$FB depth=8 wb=$C000
  C $CD93 cb=-1 S=$FB depth=8 wb=$C000
  D $CDE7 cb=-1 S=$FB depth=6 wb=$C000
  C $CDE7 cb=-1 S=$FB depth=6 wb=$C000
  T $CE4C cb=-1 S=$FB depth=7 wb=$C000
  C $CE4C cb=-1 S=$FB depth=7 wb=$C000
  T $CD93 cb=-1 S=$FB depth=8 wb=$C000
  C $CD93 cb=-1 S=$FB depth=8 wb=$C000
  D $CDE7 cb=-1 S=$FB depth=6 wb=$C000
  C $CDE7 cb=-1 S=$FB depth=6 wb=$C000
  T $CE78 cb=-1 S=$FB depth=7 wb=$C000
  C $CE78 cb=-1 S=$FB depth=7 wb=$C000
  C $CD5F cb=-1 S=$FB depth=8 wb=$C000
  T $2076 cb=-1 S=$FD depth=8 wb=$C000
  C $2076 cb=-1 S=$FD depth=8 wb=$C000
=== end dispatch fault ===

=== dispatch fault 11 frame=777 cycles=23767975 ===
target gen=$2301 cpu=$2301 bank=3 class=ZERO_FILLED call_site=$0000
cpu A=$00 X=$06 Y=$0A P=$00 S=$FD window=$C000 dispatch_depth=9 vblank_depth=2 ops=3132 budget=29781
mapper type=4 current_bank=3 mirroring=2 select=$07 irq_latch=$7F irq_counter=$00 irq_reload=1 irq_enabled=1
mapper_regs 3C 3E 00 00 00 00 06 07
caller func_CE78
caller2 func_CDE7
target_bytes 00 00 00 00 00 00 00 00
stack_bytes 00 00 00 00 00 00 00 00 00 00 00 00 00 00 00 00
last_dispatches
  C $8749 cb=-1 S=$FF depth=6 wb=$E000
  C $DB65 cb=-1 S=$FF depth=3 wb=$C000
  C $DB92 cb=-1 S=$FF depth=3 wb=$C000
  C $D341 cb=-1 S=$FF depth=4 wb=$C000
  T $D377 cb=-1 S=$FF depth=4 wb=$C000
  C $D377 cb=-1 S=$FF depth=4 wb=$C000
  N $0002 cb=-1 S=$FC depth=3 wb=$E000
  C $DE39 cb=-1 S=$F9 depth=3 wb=$C000
  T $E11E cb=-1 S=$F9 depth=4 wb=$C000
  C $E11E cb=-1 S=$F9 depth=4 wb=$C000
  T $E11E cb=-1 S=$F9 depth=3 wb=$E000
  C $E11E cb=-1 S=$F9 depth=3 wb=$E000
  C $DCCE cb=-1 S=$F9 depth=3 wb=$C000
  C $CB25 cb=-1 S=$F9 depth=3 wb=$C000
  C $CF72 cb=-1 S=$F9 depth=4 wb=$C000
  C $CFE4 cb=-1 S=$F9 depth=4 wb=$C000
  C $CD30 cb=-1 S=$F9 depth=4 wb=$C000
  C $CD7D cb=-1 S=$F9 depth=5 wb=$C000
  T $CD50 cb=-1 S=$F9 depth=6 wb=$C000
  C $CD50 cb=-1 S=$F9 depth=6 wb=$C000
  C $CD7D cb=-1 S=$F9 depth=5 wb=$C000
  T $CD50 cb=-1 S=$F9 depth=6 wb=$C000
  C $CD50 cb=-1 S=$F9 depth=6 wb=$C000
  C $CD30 cb=-1 S=$F9 depth=4 wb=$C000
  C $CD7D cb=-1 S=$F9 depth=5 wb=$C000
  T $CDE7 cb=-1 S=$F9 depth=6 wb=$C000
  C $CDE7 cb=-1 S=$F9 depth=6 wb=$C000
  T $CED7 cb=-1 S=$F9 depth=7 wb=$C000
  C $CED7 cb=-1 S=$F9 depth=7 wb=$C000
  D $CDE7 cb=-1 S=$F9 depth=6 wb=$C000
  C $CDE7 cb=-1 S=$F9 depth=6 wb=$C000
  T $CE78 cb=-1 S=$F9 depth=7 wb=$C000
  C $CE78 cb=-1 S=$F9 depth=7 wb=$C000
  C $CD5F cb=-1 S=$F9 depth=8 wb=$C000
  T $FC01 cb=-1 S=$FB depth=8 wb=$C000
  C $FC01 cb=-1 S=$FB depth=8 wb=$C000
  C $CD7D cb=-1 S=$FB depth=5 wb=$C000
  C $CD5F cb=-1 S=$FB depth=6 wb=$C000
  C $CD7D cb=-1 S=$FB depth=5 wb=$C000
  T $CDE7 cb=-1 S=$FB depth=6 wb=$C000
  C $CDE7 cb=-1 S=$FB depth=6 wb=$C000
  T $CE4C cb=-1 S=$FB depth=7 wb=$C000
  C $CE4C cb=-1 S=$FB depth=7 wb=$C000
  T $CD93 cb=-1 S=$FB depth=8 wb=$C000
  C $CD93 cb=-1 S=$FB depth=8 wb=$C000
  D $CDE7 cb=-1 S=$FB depth=6 wb=$C000
  C $CDE7 cb=-1 S=$FB depth=6 wb=$C000
  T $CE4C cb=-1 S=$FB depth=7 wb=$C000
  C $CE4C cb=-1 S=$FB depth=7 wb=$C000
  T $CD93 cb=-1 S=$FB depth=8 wb=$C000
  C $CD93 cb=-1 S=$FB depth=8 wb=$C000
  D $CDE7 cb=-1 S=$FB depth=6 wb=$C000
  C $CDE7 cb=-1 S=$FB depth=6 wb=$C000
  T $CE4C cb=-1 S=$FB depth=7 wb=$C000
  C $CE4C cb=-1 S=$FB depth=7 wb=$C000
  T $CD93 cb=-1 S=$FB depth=8 wb=$C000
  C $CD93 cb=-1 S=$FB depth=8 wb=$C000
  D $CDE7 cb=-1 S=$FB depth=6 wb=$C000
  C $CDE7 cb=-1 S=$FB depth=6 wb=$C000
  T $CE78 cb=-1 S=$FB depth=7 wb=$C000
  C $CE78 cb=-1 S=$FB depth=7 wb=$C000
  C $CD5F cb=-1 S=$FB depth=8 wb=$C000
  T $2301 cb=-1 S=$FD depth=8 wb=$C000
  C $2301 cb=-1 S=$FD depth=8 wb=$C000
=== end dispatch fault ===

